{"Planet": {"m": 2.3485059574038207e+25, "Rp": 10684073.61, "Rstar": 716571000.0, "RpRstar": 0.01491, "rhostar": 1290.1482477393945, "impact": 0.1052814835906849, "q1": 0.37871715999999994, "q2": 0.34367890802729933, "a": 152370593253.69135, "Pp": 375.4563742361695, "rhoplan": 4597.189883559446, "aRp": null, "e": null, "inc": null, "pomega": null, "f": null, "P": 32439430.734005045, "RHill": 2405965112.006677}, "I": {"m": 1.432798400384544e+23, "r": 2660538.519047737, "msmp": 0.006100893190700889, "rsrp": 0.2490191116389863, "a": 878740126.25295, "aRp": 82.24766679166954, "e": 0.0, "inc": 0.06009769591575634, "pomega": 1.0990390141271225, "f": 2.269713504303697, "P": 4121460.0401829774, "RHill": 111331445.33611074, "spacing": "linear", "period_ratio": NaN}}