{"Planet": {"m": 6.553739804825253e+27, "Rp": 89486499.6, "Rstar": 751356000.0, "RpRstar": 0.1191, "rhostar": 1107.9373905023137, "impact": 0.2278387845859653, "q1": 0.25, "q2": 0.2, "a": 128512917114.77538, "Pp": 291.8039354146459, "rhoplan": 2183.3734494570153, "aRp": null, "e": null, "inc": null, "pomega": null, "f": null, "P": 25211860.019825403, "RHill": 13305230220.879921}, "I": {"m": 2.5515965670300093e+23, "r": 2649187.00062934, "msmp": 3.893344324032169e-05, "rsrp": 0.029604320344086183, "a": 377873112.0902096, "aRp": 4.222682905011178, "e": 0.0, "inc": 0.14950240067338164, "pomega": 3.9079037329082755, "f": 0.1809738342301951, "P": 69781.92415356585, "RHill": 8880004.315458456, "spacing": "logarithmic", "period_ratio": NaN}, "II": {"m": 3.6514226735084604e+23, "r": 2547963.062079752, "msmp": 5.571509980942585e-05, "rsrp": 0.028473155989663407, "a": 433119957.65065634, "aRp": 4.840059222191951, "e": 0.0, "inc": 0.14950240067338164, "pomega": 0.2727175140830024, "f": 5.968366241383309, "P": 85631.31333160422, "RHill": 11469876.683386654, "spacing": "logarithmic", "period_ratio": 1.2271274312121196}, "III": {"m": 3.123506142398803e+23, "r": 2955810.7383300345, "msmp": 4.765990465625584e-05, "rsrp": 0.03303080075254206, "a": 735343133.2624828, "aRp": 8.217363921367227, "e": 0.0, "inc": 0.14950240067338164, "pomega": 4.197587543950359, "f": 0.0798044338445652, "P": 189433.64764134976, "RHill": 18485619.640650544, "spacing": "logarithmic", "period_ratio": 2.2122006573433564}, "IV": {"m": 2.4196174342525936e+23, "r": 2538893.966590003, "msmp": 3.6919644452029166e-05, "rsrp": 0.028371810026526095, "a": 1718163742.3915243, "aRp": 19.20025646406583, "e": 0.0, "inc": 0.14950240067338164, "pomega": 2.3388354548777297, "f": 5.918724113243777, "P": 676583.2116352664, "RHill": 39668273.76879937, "spacing": "logarithmic", "period_ratio": 3.571610535189743}, "V": {"m": 1.5397565490698323e+23, "r": 2117936.2202799423, "msmp": 2.3494319196745837e-05, "rsrp": 0.023667661935007037, "a": 2841205665.3445945, "aRp": 31.75010396031397, "e": 0.0, "inc": 0.14950240067338164, "pomega": 5.592594182808113, "f": 1.2121476605209944, "P": 1438736.6779066555, "RHill": 56422181.72122539, "spacing": "logarithmic", "period_ratio": 2.1264741027630643}}