{"Planet": {"m": 9.51992088625466e+27, "Rp": 115401602.88, "Rstar": 4118544000.0, "RpRstar": 0.02802, "rhostar": 11.075766088734962, "impact": 0.08260355140343933, "q1": 0.37112463999999995, "q2": 0.2852921864740644, "a": 205913158311.93085, "Pp": 461.3237113306568, "rhoplan": 1478.7991997142167, "aRp": null, "e": null, "inc": null, "pomega": null, "f": null, "P": 39858368.65896875, "RHill": 20446718748.183807}, "I": {"m": 8.926089304695877e+24, "r": 9216756.226801056, "msmp": 0.0009376222146534656, "rsrp": 0.0798667955798246, "a": 2149738336.680305, "aRp": 18.628323030449618, "e": 0.0, "inc": -0.11413849363727294, "pomega": 0.8633960008065559, "f": 4.37290594586086, "P": 785299.3396891473, "RHill": 145888529.20755923, "spacing": "linear", "period_ratio": NaN}, "II": {"m": 6.491701312506092e+24, "r": 7264221.09034641, "msmp": 0.0006819070652025204, "rsrp": 0.0629473153670152, "a": 4553239630.821642, "aRp": 39.45560128446668, "e": 0.0, "inc": -0.11413849363727294, "pomega": 2.888040771256864, "f": 5.928149833776599, "P": 2420990.43707701, "RHill": 277878632.1397571, "spacing": "linear", "period_ratio": 3.0828886702430367}}