{"Planet": {"m": 7.656422668631491e+27, "Rp": 86475509.99999999, "Rstar": 786140999.9999999, "RpRstar": 0.11, "rhostar": 1064.982468253246, "impact": 0.2921345928916055, "q1": 0.37234403999999993, "q2": 0.25901343821697803, "a": 34335107539.24027, "Pp": 38.40068194696114, "rhoplan": 2826.557958727981, "aRp": null, "e": null, "inc": null, "pomega": null, "f": null, "P": 3317818.920217443, "RHill": 3625733042.2557507}, "I": {"m": 1.969651716837732e+24, "r": 4323049.266434258, "msmp": 0.0002572548306283341, "rsrp": 0.04999160185854074, "a": 188438475.42331702, "aRp": 2.179096433467892, "e": 0.0, "inc": -0.0316808940130984, "pomega": 2.8811285761994605, "f": 0.399022169222826, "P": 22733.30476418681, "RHill": 8309668.075057977, "spacing": "logarithmic", "period_ratio": NaN}, "II": {"m": 3.0896497519023274e+24, "r": 5654072.838257856, "msmp": 0.0004035369892209166, "rsrp": 0.06538351538207589, "a": 356319549.044454, "aRp": 4.120467737564705, "e": 0.0, "inc": -0.0316808940130984, "pomega": 4.217695747753714, "f": 6.14871169424465, "P": 59106.592386885706, "RHill": 18256899.08266683, "spacing": "logarithmic", "period_ratio": 2.6}, "III": {"m": 3.4372353489913356e+24, "r": 4759646.66555929, "msmp": 0.00044893490050826925, "rsrp": 0.055040400057302825, "a": 897882582.0999248, "aRp": 10.383085131269246, "e": 0.0, "inc": -0.0316808940130984, "pomega": 2.9735006374211226, "f": 1.9347862347040652, "P": 236426.36954754282, "RHill": 47669462.12296415, "spacing": "logarithmic", "period_ratio": 4.0}, "IV": {"m": 3.012408508104765e+24, "r": 5938433.127796769, "msmp": 0.00039344856449039314, "rsrp": 0.06867184857073141, "a": 1653883280.5564163, "aRp": 19.12545275022277, "e": 0.0, "inc": -0.0316808940130984, "pomega": 0.9463423414953953, "f": 2.6743911058462166, "P": 591065.9238688571, "RHill": 84028593.38697773, "spacing": "logarithmic", "period_ratio": 2.5}, "V": {"m": 1.0427567912670343e+24, "r": 4153462.8673204742, "msmp": 0.0001361937338620592, "rsrp": 0.04803051022561734, "a": 2003365157.8241904, "aRp": 23.166849872573064, "e": 0.0, "inc": -0.0316808940130984, "pomega": 5.737121897644727, "f": 5.9601972835881964, "P": 788087.8984918094, "RHill": 71466976.14337192, "spacing": "logarithmic", "period_ratio": 1.3333333333333333}}