{"Planet": {"m": 2.71548696392384e+25, "Rp": 11762895.6, "Rstar": 834840000.0, "RpRstar": 0.01409, "rhostar": 987.1722149375613, "impact": 0.2258278270842552, "q1": 0.29822521, "q2": 0.23274125618018676, "a": 57505593657.97998, "Pp": 79.13713250511006, "rhoplan": 3983.055751968558, "aRp": null, "e": null, "inc": null, "pomega": null, "f": null, "P": 6837448.248441509, "RHill": 894379466.9684772}, "I": {"m": 1.2325613906635317e+23, "r": 2036827.599460417, "msmp": 0.004539006841272028, "rsrp": 0.17315699031286286, "a": 381044438.64270914, "aRp": 32.393761842340005, "e": 0.0, "inc": -0.06564839800730746, "pomega": 0.596962300412102, "f": 0.70567227722399, "P": 1095300.242809479, "RHill": 43744368.865054525, "spacing": "linear", "period_ratio": NaN}}