{"Planet": {"m": 5.972443177934841e+25, "Rp": 20186987.759999998, "Rstar": 577431000.0, "RpRstar": 0.03496, "rhostar": 2095.7329401707225, "impact": 0.0042337756861828835, "q1": 0.39904488999999993, "q2": 0.24908975779642237, "a": 98359738541.51532, "Pp": 211.21230752146218, "rhoplan": 1733.2007095449417, "aRp": null, "e": null, "inc": null, "pomega": null, "f": null, "P": 18248743.36985433, "RHill": 2237961842.829871}, "I": {"m": 5.836425583407038e+23, "r": 3266564.8672702992, "msmp": 0.009772258034985885, "rsrp": 0.16181536869720178, "a": 341144656.0277004, "aRp": 16.899235293720732, "e": 0.0, "inc": -0.006790009791237062, "pomega": 4.485386210885878, "f": 2.7215197085103298, "P": 624018.0249157547, "RHill": 50570408.62975243, "spacing": "linear", "period_ratio": NaN}}