{"Planet": {"m": 2.6597432428946497e+25, "Rp": 11648800.799999999, "Rstar": 633087000.0, "RpRstar": 0.0184, "rhostar": 1739.843009624838, "impact": 0.419601637757376, "q1": 0.37871715999999994, "q2": 0.34367890802729933, "a": 25513519933.69241, "Pp": 26.67603512855104, "rhoplan": 4017.051955939065, "aRp": null, "e": null, "inc": null, "pomega": null, "f": null, "P": 2304809.4351068097, "RHill": 430209747.66820484}, "I": {"m": 6.542325452786032e+21, "r": 938390.5007842625, "msmp": 0.00024597582756393784, "rsrp": 0.08055683300758844, "a": 41227639.27411945, "aRp": 3.5392174681293764, "e": 0.0, "inc": -0.06735899173363454, "pomega": 1.999509515696114, "f": 3.064615935905075, "P": 39471.755702541996, "RHill": 1791068.4868217583, "spacing": "linear", "period_ratio": NaN}, "II": {"m": 6.124730211118841e+21, "r": 927519.9950663721, "msmp": 0.00023027524282581425, "rsrp": 0.07962364632987562, "a": 59710901.11516162, "aRp": 5.1259268778260525, "e": 0.0, "inc": -0.06735899173363454, "pomega": 5.539810147824306, "f": 4.87623942231359, "P": 68799.86554285591, "RHill": 2537633.837675249, "spacing": "linear", "period_ratio": 1.743015083021128}, "III": {"m": 3.340761933337549e+21, "r": 879523.8529997952, "msmp": 0.00012560467790498955, "rsrp": 0.07550338168713429, "a": 93188775.02162674, "aRp": 7.999859953105795, "e": 0.0, "inc": -0.06735899173363454, "pomega": 0.13573037567264634, "f": 4.991233212814027, "P": 134145.24431819294, "RHill": 3235875.39251087, "spacing": "linear", "period_ratio": 1.949789338390973}, "IV": {"m": 4.036754002782873e+21, "r": 915488.3139696484, "msmp": 0.00015177231913519578, "rsrp": 0.07859077768499986, "a": 117152286.14062458, "aRp": 10.057025452836706, "e": 0.0, "inc": -0.06735899173363454, "pomega": 2.0491516438356467, "f": 4.018498853826729, "P": 189082.0694561306, "RHill": 4332858.834263177, "spacing": "linear", "period_ratio": 1.4095324095696402}, "V": {"m": 8.212706419454809e+21, "r": 988713.8199524187, "msmp": 0.0003087781665164327, "rsrp": 0.08487687590575149, "a": 208176797.45433497, "aRp": 17.871092572407537, "e": 0.0, "inc": -0.06735899173363454, "pomega": 3.3813201458079165, "f": 0.06660842509861348, "P": 447856.20343407866, "RHill": 9756051.846623959, "spacing": "linear", "period_ratio": 2.368581033211015}}