{"Planet": {"m": 1.2343329055797821e+26, "Rp": 30429918.0, "Rstar": 563517000.0, "RpRstar": 0.054, "rhostar": 2148.7270603681236, "impact": 0.0783040238505267, "q1": 0.39904488999999993, "q2": 0.24908975779642237, "a": 87562710655.81909, "Pp": 181.73139261291976, "rhoplan": 1045.7824547877676, "aRp": null, "e": null, "inc": null, "pomega": null, "f": null, "P": 15701592.321756268, "RHill": 2578848949.7602153}, "I": {"m": 5.7792674090967736e+23, "r": 3584710.540084077, "msmp": 0.004682097822209623, "rsrp": 0.11780217548019936, "a": 874305819.672372, "aRp": 28.73178362401016, "e": 0.0, "inc": -0.03918656036330903, "pomega": 4.218324129122569, "f": 2.9087773564290735, "P": 1785424.8498086308, "RHill": 101415214.13639504, "spacing": "logarithmic", "period_ratio": NaN}}