{"Planet": {"m": 1.8305620683984736e+26, "Rp": 38814494.400000006, "Rstar": 765270000.0000001, "RpRstar": 0.05072, "rhostar": 1133.3316393756963, "impact": 0.022855918464292913, "q1": 0.37234403999999993, "q2": 0.25901343821697803, "a": 69275507767.5605, "Pp": 111.26775210882415, "rhoplan": 747.3328101563931, "aRp": null, "e": null, "inc": null, "pomega": null, "f": null, "P": 9613533.782202408, "RHill": 2120496482.7950017}, "I": {"m": 5.371564689763558e+23, "r": 3759962.3704940514, "msmp": 0.0029343799822439485, "rsrp": 0.09687005920381256, "a": 116851457.05091637, "aRp": 3.0105108634602322, "e": 0.0, "inc": -0.08938724971960157, "pomega": 4.347142309737812, "f": 1.1028093023402514, "P": 71696.79062650309, "RHill": 11599319.139715059, "spacing": "logarithmic", "period_ratio": NaN}, "II": {"m": 1.1018594235412429e+23, "r": 2498765.140838326, "msmp": 0.0006019240989218357, "rsrp": 0.06437711425756265, "a": 242872255.94300887, "aRp": 6.2572567206494085, "e": 0.0, "inc": -0.08938724971960157, "pomega": 1.0833294799057513, "f": 4.86052988809222, "P": 215090.37187950927, "RHill": 14218421.97232836, "spacing": "logarithmic", "period_ratio": 3.0}, "III": {"m": 2.2037188470824858e+23, "r": 2973803.8564684875, "msmp": 0.0012038481978436713, "rsrp": 0.07661580815203115, "a": 505295932.3176841, "aRp": 13.018227858654885, "e": 0.0, "inc": -0.08938724971960157, "pomega": 3.6904837792844996, "f": 6.264962247482796, "P": 645271.1156385278, "RHill": 37270277.488386765, "spacing": "logarithmic", "period_ratio": 3.0}, "IV": {"m": 3.374444484595057e+23, "r": 3036125.9110690253, "msmp": 0.001843392552948122, "rsrp": 0.07822144685901215, "a": 1273537015.7116494, "aRp": 32.81086190605253, "e": 0.0, "inc": -0.08938724971960157, "pomega": 1.5571290320223037, "f": 4.340230114680408, "P": 2581084.462554111, "RHill": 108270571.7925036, "spacing": "logarithmic", "period_ratio": 4.0}}