{"Planet": {"m": 5.612133618327917e+25, "Rp": 19122010.2, "Rstar": 626130000.0, "RpRstar": 0.030539999999999998, "rhostar": 1721.1303753548666, "impact": 0.37993338096017626, "q1": 0.37871715999999994, "q2": 0.34367890802729933, "a": 51944324323.2877, "Pp": 79.21648565659449, "rhoplan": 1916.1908263147748, "aRp": null, "e": null, "inc": null, "pomega": null, "f": null, "P": 6844304.360729763, "RHill": 1140009258.385949}, "I": {"m": 3.109738824312011e+21, "r": 699532.8224411339, "msmp": 5.541099046815868e-05, "rsrp": 0.036582598540875894, "a": 71335464.39363863, "aRp": 3.730542115997754, "e": 0.0, "inc": -0.05416298298768281, "pomega": 3.8475791214982107, "f": 3.862031892981872, "P": 61852.778371410765, "RHill": 1885661.4056781253, "spacing": "logarithmic", "period_ratio": NaN}, "II": {"m": 3.109738824312011e+21, "r": 709316.2253794624, "msmp": 5.541099046815868e-05, "rsrp": 0.037094229004200736, "a": 113237991.22110188, "aRp": 5.921866479346501, "e": 0.0, "inc": -0.05416298298768281, "pomega": 5.1634097078802546, "f": 4.0159853283513085, "P": 123705.55674282153, "RHill": 2993300.899029287, "spacing": "logarithmic", "period_ratio": 2.0}, "III": {"m": 3.806749250450908e+21, "r": 836851.0709117928, "msmp": 6.783069522826319e-05, "rsrp": 0.04376376030339074, "a": 285343038.79142064, "aRp": 14.922230236621287, "e": 0.0, "inc": -0.05416298298768281, "pomega": 0.6667126323549897, "f": 5.407221678995934, "P": 494822.2269712861, "RHill": 8068676.184875836, "spacing": "logarithmic", "period_ratio": 4.0}, "IV": {"m": 4.182062556833391e+21, "r": 812201.8862850411, "msmp": 7.451822856062714e-05, "rsrp": 0.042474712532317396, "a": 489955452.89583987, "aRp": 25.622591336963094, "e": 0.0, "inc": -0.05416298298768281, "pomega": 1.6708660597850307, "f": 2.142152086426164, "P": 1113350.0106853938, "RHill": 14295642.687678525, "spacing": "logarithmic", "period_ratio": 2.25}, "V": {"m": 4.771840609720153e+21, "r": 899777.7907759967, "msmp": 8.502720951148485e-05, "rsrp": 0.04705456075826153, "a": 1019151981.3766006, "aRp": 53.29732442965649, "e": 0.0, "inc": -0.05416298298768281, "pomega": 3.737612381948613, "f": 2.532376916485022, "P": 3340050.0320561817, "RHill": 31073094.822857313, "spacing": "logarithmic", "period_ratio": 3.0}}