{"Planet": {"m": 3.139812964064963e+25, "Rp": 13337125.559999999, "Rstar": 306108000.0, "RpRstar": 0.04357, "rhostar": 7447.418775103149, "impact": 0.35101236987611195, "q1": 0.11607649, "q2": 0.15600234810683886, "a": 182450592529.48923, "Pp": 733.3551557419352, "rhoplan": 3159.573405466756, "aRp": null, "e": null, "inc": null, "pomega": null, "f": null, "P": 63361885.4561032, "RHill": 4141585625.178729}, "I": {"m": 7.5221749540599145e+22, "r": 1599163.2891842334, "msmp": 0.002395739822769991, "rsrp": 0.11990314419625465, "a": 104637338.50399998, "aRp": 7.845568974608947, "e": 0.0, "inc": 0.08690863432022969, "pomega": 6.136772448236408, "f": 1.814137011883935, "P": 146735.6155483313, "RHill": 9707919.141604776, "spacing": "logarithmic", "period_ratio": NaN}, "II": {"m": 7.092336385256492e+22, "r": 1732297.2810517228, "msmp": 0.0022588404043259918, "rsrp": 0.1298853544760152, "a": 154438390.90863335, "aRp": 11.57958588706826, "e": 0.0, "inc": 0.08690863432022969, "pomega": 4.8448203538708485, "f": 0.4788266030673912, "P": 263128.6100809383, "RHill": 14050012.123185534, "spacing": "logarithmic", "period_ratio": 1.7932157036153904}, "III": {"m": 1.0531044935683884e+23, "r": 2051154.2402444556, "msmp": 0.0033540357518779883, "rsrp": 0.15379282672393585, "a": 2025245802.9390526, "aRp": 151.8502464288904, "e": 0.0, "inc": 0.08690863432022969, "pomega": 4.677042528386605, "f": 4.1360061698025845, "P": 12488625.074449938, "RHill": 210197018.60494384, "spacing": "logarithmic", "period_ratio": 47.46205694093257}}