{"Planet": {"m": 7.273634222099207e+25, "Rp": 22197839.040000003, "Rstar": 820926000.0, "RpRstar": 0.027040000000000005, "rhostar": 840.8748142588672, "impact": 0.2378773816848685, "q1": 0.37234403999999993, "q2": 0.25901343821697803, "a": 195944312530.04086, "Pp": 553.080260937366, "rhoplan": 1587.5622165029718, "aRp": null, "e": null, "inc": null, "pomega": null, "f": null, "P": 47786134.54498842, "RHill": 4540448294.376571}, "I": {"m": 4.8553583242817325e+22, "r": 1879592.8960231792, "msmp": 0.0006675285250844594, "rsrp": 0.08467458893796803, "a": 60085732.376249954, "aRp": 2.7068280055539113, "e": 0.0, "inc": -0.1662592371761775, "pomega": 2.555627027132651, "f": 5.854000832251728, "P": 41986.86153223385, "RHill": 3641001.7176229157, "spacing": "logarithmic", "period_ratio": NaN}, "II": {"m": 1.4869534868112806e+23, "r": 2284341.2955685565, "msmp": 0.002044306108071157, "rsrp": 0.10290827370413062, "a": 157044155.89348376, "aRp": 7.074749736246567, "e": 0.0, "inc": -0.1662592371761775, "pomega": 3.1551028530201726, "f": 5.003172458822269, "P": 177292.54933720248, "RHill": 13819638.097609147, "spacing": "logarithmic", "period_ratio": 4.222572082485677}, "III": {"m": 2.6704470783549532e+23, "r": 2257950.083540999, "msmp": 0.003671406887964527, "rsrp": 0.10171936464050504, "a": 300197987.47196823, "aRp": 13.5237482770741, "e": 0.0, "inc": -0.1662592371761775, "pomega": 0.26203503081247, "f": 0.560516181018521, "P": 468184.64543111325, "RHill": 32110337.05541158, "spacing": "logarithmic", "period_ratio": 2.6407463098781836}}