{"Planet": {"m": 2.95039222072329e+25, "Rp": 12523434.84, "Rstar": 584388000.0, "RpRstar": 0.02143, "rhostar": 2093.129530744896, "impact": 0.298788045976063, "q1": 0.37871715999999994, "q2": 0.34367890802729933, "a": 170041882330.7485, "Pp": 471.84479350241105, "rhoplan": 3586.0865216089323, "aRp": null, "e": null, "inc": null, "pomega": null, "f": null, "P": 40767390.15860832, "RHill": 3023285837.0331235}, "I": {"m": 3.237734397765078e+21, "r": 774862.3118607703, "msmp": 0.00010973911790518978, "rsrp": 0.06187298626618401, "a": 46363750.654571, "aRp": 3.7021592915135892, "e": 0.0, "inc": -0.010525387928318641, "pomega": 4.645623459943863, "f": 4.657562705952105, "P": 44697.284936887496, "RHill": 1539070.916906985, "spacing": "logarithmic", "period_ratio": NaN}, "II": {"m": 3.237734397765078e+21, "r": 748374.0239368731, "msmp": 0.00010973911790518978, "rsrp": 0.05975788859032168, "a": 95032983.3929145, "aRp": 7.588412013721509, "e": 0.0, "inc": -0.010525387928318641, "pomega": 2.9364261366586866, "f": 5.029564476314173, "P": 131167.07870428436, "RHill": 3154673.6150976, "spacing": "logarithmic", "period_ratio": 2.934564792682421}, "III": {"m": 6.285013830955742e+21, "r": 831265.2845496956, "msmp": 0.0002130229935806626, "rsrp": 0.06637678042565641, "a": 137238323.6168003, "aRp": 10.958520994452694, "e": 0.0, "inc": -0.010525387928318641, "pomega": 1.6023724905798526, "f": 2.027786677294582, "P": 227616.62716007163, "RHill": 5682993.343714334, "spacing": "logarithmic", "period_ratio": 1.7353182628488082}, "IV": {"m": 4.761374114360411e+21, "r": 893544.8555815093, "msmp": 0.00016138105574292622, "rsrp": 0.07134982271217769, "a": 406059767.07825255, "aRp": 32.423993278688435, "e": 0.0, "inc": -0.010525387928318641, "pomega": 6.189556483220215, "f": 1.398776927070883, "P": 1158475.972058685, "RHill": 15328525.958735181, "spacing": "logarithmic", "period_ratio": 5.08959291117158}, "V": {"m": 5.427966490370866e+21, "r": 803903.5332791354, "msmp": 0.0001839744035469358, "rsrp": 0.064191936441547, "a": 1049997815.5127139, "aRp": 83.84263813622509, "e": 0.0, "inc": -0.010525387928318641, "pomega": 1.0142075293317185, "f": 2.7076953183955235, "P": 4817034.72245625, "RHill": 41406365.54203789, "spacing": "logarithmic", "period_ratio": 4.158079095845273}}