{"Planet": {"m": 7.990932680824218e+22, "Rp": 1922219.0999999999, "Rstar": 208710000.0, "RpRstar": 0.00921, "rhostar": 15664.220270083619, "impact": 0.18706011425687163, "q1": 0.11235904, "q2": 0.15244630071599044, "a": 131923979282.02287, "Pp": 552.2494174247753, "rhoplan": 2685.9640639994223, "aRp": null, "e": null, "inc": null, "pomega": null, "f": null, "P": 47714349.66550058, "RHill": 468029714.5714794}, "I": {"m": 6.030240574938473e+20, "r": 677207.4592010092, "msmp": 0.0075463538685655515, "rsrp": 0.35230503078499703, "a": 83158706.99379325, "aRp": 43.261825352683914, "e": 0.0, "inc": 0.06376325390074294, "pomega": 0.8552270430114429, "f": 0.6126718346334731, "P": 2055452.0252509888, "RHill": 11309577.091656229, "spacing": "linear", "period_ratio": NaN}}