{"Planet": {"m": 4.8536890110289e+25, "Rp": 17653109.220000003, "Rstar": 883539000.0, "RpRstar": 0.01998, "rhostar": 770.8291873269934, "impact": 0.25578229930460394, "q1": 0.25, "q2": 0.2, "a": 206028616466.59543, "Pp": 557.8120402483117, "rhoplan": 2106.29750130916, "aRp": null, "e": null, "inc": null, "pomega": null, "f": null, "P": 48194960.27745414, "RHill": 3990277803.740151}, "I": {"m": 1.2294290771613126e+23, "r": 2160263.0997422943, "msmp": 0.0025329786773889214, "rsrp": 0.12237295270879732, "a": 837479747.5575459, "aRp": 47.44092030024532, "e": 0.0, "inc": -0.014016395533067771, "pomega": 4.214553840909439, "f": 4.218952510491423, "P": 2672102.84599497, "RHill": 79154888.20648636, "spacing": "logarithmic", "period_ratio": NaN}}