{"Planet": {"m": 1.583983397205359e+24, "Rp": 4398771.96, "Rstar": 459162000.0, "RpRstar": 0.00958, "rhostar": 3432.5551556030964, "impact": 0.42820289249007715, "q1": 0.3701505600000001, "q2": 0.22016765285996057, "a": 186444422401.8731, "Pp": 607.4144724024183, "rhoplan": 4442.911596715873, "aRp": null, "e": null, "inc": null, "pomega": null, "f": null, "P": 52480610.41556894, "RHill": 1349660493.7389004}, "I": {"m": 1.3128643908956864e+21, "r": 672396.2789337592, "msmp": 0.0008288372171147683, "rsrp": 0.15285999934712668, "a": 160199524.58807814, "aRp": 36.41914744497874, "e": 0.0, "inc": 0.16035943432415148, "pomega": 2.8365134990107665, "f": 3.506996419578885, "P": 1238550.2268011644, "RHill": 10433833.11273423, "spacing": "linear", "period_ratio": NaN}, "II": {"m": 4.774052330529769e+21, "r": 882754.4500341992, "msmp": 0.003013953516780976, "rsrp": 0.20068202172367197, "a": 347640271.68065643, "aRp": 79.03121026547974, "e": 0.0, "inc": 0.16035943432415148, "pomega": 2.423666939673134, "f": 5.910555155448664, "P": 3954971.220192913, "RHill": 34817841.64690538, "spacing": "linear", "period_ratio": 3.193226350139646}, "III": {"m": 8.23524027016385e+21, "r": 943643.4584701073, "msmp": 0.005199069816447182, "rsrp": 0.21452429611061433, "a": 602744590.3622204, "aRp": 137.02565075963165, "e": 0.0, "inc": 0.16035943432415148, "pomega": 0.33115698138650285, "f": 1.6878323567441114, "P": 9019358.236423604, "RHill": 72399369.8473289, "spacing": "linear", "period_ratio": 2.2805117241747372}}