{"Planet": {"m": 4.8536890110289e+25, "Rp": 17609558.4, "Rstar": 786140999.9999999, "RpRstar": 0.0224, "rhostar": 1074.7529496133675, "impact": 0.16595448464091145, "q1": 0.37234403999999993, "q2": 0.25901343821697803, "a": 77829896812.08504, "Pp": 130.6859290585908, "rhoplan": 2121.963657962607, "aRp": null, "e": null, "inc": null, "pomega": null, "f": null, "P": 11291264.270662244, "RHill": 1516458349.8397818}, "I": {"m": 3.4670337555932413e+21, "r": 848105.0125357226, "msmp": 7.143090024340658e-05, "rsrp": 0.04816162866047354, "a": 59620183.093335986, "aRp": 3.3856716755223113, "e": 0.0, "inc": 0.15152718508413618, "pomega": 0.6541450049778927, "f": 0.4725427893788428, "P": 50817.755683888834, "RHill": 1715200.6332972383, "spacing": "logarithmic", "period_ratio": NaN}, "II": {"m": 2.018124126390095e+21, "r": 806529.8615334878, "msmp": 4.157918073869934e-05, "rsrp": 0.0458006863780007, "a": 124013744.43558758, "aRp": 7.042410810005752, "e": 0.0, "inc": 0.15152718508413618, "pomega": 4.619859823820814, "f": 1.281897992463882, "P": 152453.2670516665, "RHill": 2978891.681766698, "spacing": "logarithmic", "period_ratio": 3.0}, "III": {"m": 2.0698708988616368e+21, "r": 662616.504045725, "msmp": 4.2645313578153186e-05, "rsrp": 0.037628229453256765, "a": 352883051.19957983, "aRp": 20.039290207276284, "e": 0.0, "inc": 0.15152718508413618, "pomega": 0.39839378785397117, "f": 4.244716146614472, "P": 731775.6818479992, "RHill": 8548320.940495407, "spacing": "logarithmic", "period_ratio": 4.8}, "IV": {"m": 2.6908321685201276e+21, "r": 797337.9692869831, "msmp": 5.543890765159914e-05, "rsrp": 0.045278703257373175, "a": 560169315.4333303, "aRp": 31.81052600577027, "e": 0.0, "inc": 0.15152718508413618, "pomega": 0.5177862479363916, "f": 3.189663828307189, "P": 1463551.3636959984, "RHill": 14809842.921130976, "spacing": "logarithmic", "period_ratio": 2.0}, "V": {"m": 1.190175766845441e+21, "r": 625812.3910554004, "msmp": 2.4521055307438077e-05, "rsrp": 0.0355382217339079, "a": 1315779676.051064, "aRp": 74.71962931512604, "e": 0.0, "inc": 0.15152718508413618, "pomega": 4.383588429131393, "f": 4.0970465249335835, "P": 5268784.909305595, "RHill": 26504674.46930777, "spacing": "logarithmic", "period_ratio": 3.6}}