{"Planet": {"m": 7.503089287612524e+25, "Rp": 22599953.639999997, "Rstar": 960065999.9999999, "RpRstar": 0.02354, "rhostar": 649.0817555272863, "impact": 0.47602965563276, "q1": 0.31292836, "q2": 0.2426707186271005, "a": 152687340570.03558, "Pp": 342.3855269968879, "rhoplan": 1551.7753919041406, "aRp": null, "e": null, "inc": null, "pomega": null, "f": null, "P": 29582109.532531116, "RHill": 3332311234.215327}, "I": {"m": 2.414263802563794e+22, "r": 1246325.8609703993, "msmp": 0.0003217693019526908, "rsrp": 0.05514727511495902, "a": 50699680.08278802, "aRp": 2.243353278081681, "e": 0.0, "inc": 0.17324125238567575, "pomega": 0.4053059829113745, "f": 1.0066669529054604, "P": 32047.556178917974, "RHill": 2408868.005989936, "spacing": "logarithmic", "period_ratio": NaN}, "II": {"m": 7.376917174500484e+21, "r": 889317.7047328958, "msmp": 9.831839781887776e-05, "rsrp": 0.03935042163798421, "a": 212004489.88732237, "aRp": 9.380748884019498, "e": 0.0, "inc": 0.17324125238567575, "pomega": 3.7394975260551777, "f": 5.062868688863479, "P": 274064.75513205177, "RHill": 6784474.867066875, "spacing": "logarithmic", "period_ratio": 8.551814484760662}, "III": {"m": 9.053489259614228e+21, "r": 1070479.556001558, "msmp": 0.00012066348823225904, "rsrp": 0.04736644919956385, "a": 951035973.1528945, "aRp": 42.08132407270259, "e": 0.0, "inc": 0.17324125238567575, "pomega": 2.0221312449748883, "f": 1.629392889440611, "P": 2603911.177527104, "RHill": 32584806.89834533, "spacing": "logarithmic", "period_ratio": 9.501080050488323}}