{"Planet": {"m": 8.501790225329677e+23, "Rp": 3731734.8, "Rstar": 1036593000.0, "RpRstar": 0.0036, "rhostar": 745.814005154907, "impact": 0.17838918554743888, "q1": 0.26368225000000006, "q2": 0.21509250243427458, "a": 150768524260.98117, "Pp": 279.3555200189586, "rhoplan": 3905.6152513760903, "aRp": null, "e": null, "inc": null, "pomega": null, "f": null, "P": 24136316.929638024, "RHill": 653520287.8026927}, "I": {"m": 4.172070471529936e+21, "r": 880708.3677362998, "msmp": 0.004907284655295238, "rsrp": 0.23600507938996623, "a": 69717777.09836788, "aRp": 18.682403984969106, "e": 0.0, "inc": 0.0033339122625354323, "pomega": 1.7305622898262407, "f": 3.064615935905075, "P": 484366.51723982487, "RHill": 8214545.323209025, "spacing": "linear", "period_ratio": NaN}, "II": {"m": 1.0550063261340066e+21, "r": 589885.9862796398, "msmp": 0.0012409225565114391, "rsrp": 0.15807285830698362, "a": 137323282.75057286, "aRp": 36.79877861378919, "e": 0.0, "inc": 0.0033339122625354323, "pomega": 1.5093720479893356, "f": 5.439897510176386, "P": 1341432.3742384233, "RHill": 10231798.643519761, "spacing": "linear", "period_ratio": 2.7694572735593086}, "III": {"m": 1.6784191552131917e+21, "r": 663924.3112780489, "msmp": 0.0019741949762681977, "rsrp": 0.17791304764691449, "a": 222868177.01336312, "aRp": 59.722404982627154, "e": 0.0, "inc": 0.0033339122625354323, "pomega": 4.705319689985073, "f": 2.611552968960732, "P": 2772462.219709454, "RHill": 19385231.41882085, "spacing": "linear", "period_ratio": 2.066792387714271}}