{"Planet": {"m": 3.8635261704263866e+25, "Rp": 14781885.75, "Rstar": 521775000.0, "RpRstar": 0.02833, "rhostar": 2706.777262670449, "impact": 0.4243711662576036, "q1": 0.40411449000000005, "q2": 0.2892873997168476, "a": 190070193858.42267, "Pp": 581.2107215245405, "rhoplan": 2855.6549169836685, "aRp": null, "e": null, "inc": null, "pomega": null, "f": null, "P": 50216606.3397203, "RHill": 3800766963.1466737}, "I": {"m": 1.9026447040920123e+23, "r": 2546470.8796361517, "msmp": 0.004924632628752279, "rsrp": 0.17226969026168745, "a": 834705883.3833381, "aRp": 56.46815957722702, "e": 0.0, "inc": -0.0997555423057065, "pomega": 5.17849086073277, "f": 3.241819481922141, "P": 2976586.7444328493, "RHill": 98465555.599826, "spacing": "logarithmic", "period_ratio": NaN}}