{"Planet": {"m": 5.7282887206017874e+26, "Rp": 55158435.360000014, "Rstar": 779184000.0000001, "RpRstar": 0.07079, "rhostar": 1184.0750505953895, "impact": 0.03620349978915438, "q1": 0.37234403999999993, "q2": 0.25901343821697803, "a": 15415145699.646132, "Pp": 11.120843995721403, "rhoplan": 814.8927895720913, "aRp": null, "e": null, "inc": null, "pomega": null, "f": null, "P": 960840.9212303292, "RHill": 668014992.4658557}, "I": {"m": 3.7489932670003065e+24, "r": 6052777.878853499, "msmp": 0.006544700258415841, "rsrp": 0.10973440126336277, "a": 301929933.54606104, "aRp": 5.473866899513536, "e": 0.0, "inc": -0.1150810656905552, "pomega": 6.125461583597021, "f": 0.22558891141888904, "P": 168037.9136399689, "RHill": 39158766.84015956, "spacing": "logarithmic", "period_ratio": NaN}}