{"Planet": {"m": 4.0271691785245295e+25, "Rp": 15528858.840000002, "Rstar": 619173000.0, "RpRstar": 0.02508, "rhostar": 1599.8205019596896, "impact": 0.1306689146428468, "q1": 0.39050001, "q2": 0.361577852456393, "a": 184354597448.1356, "Pp": 558.6512525684383, "rhoplan": 2567.3946898033155, "aRp": null, "e": null, "inc": null, "pomega": null, "f": null, "P": 48267468.22191307, "RHill": 3753313837.83214}, "I": {"m": 5.318042951248583e+22, "r": 1773760.9428251472, "msmp": 0.0013205412326871757, "rsrp": 0.11422352158010517, "a": 52800656.620075226, "aRp": 3.4001633451692332, "e": 0.0, "inc": -0.07116419002281109, "pomega": 1.9888270324255817, "f": 2.866047423346944, "P": 46467.51969506092, "RHill": 4016516.5475349994, "spacing": "logarithmic", "period_ratio": NaN}, "II": {"m": 1.9752730961780454e+22, "r": 1228489.5005551693, "msmp": 0.0004904867435695225, "rsrp": 0.0791100951597786, "a": 143877962.35436273, "aRp": 9.265198675369163, "e": 0.0, "inc": -0.07116419002281109, "pomega": 4.603521908230588, "f": 4.204499739007762, "P": 209103.83862777412, "RHill": 7867370.778952611, "spacing": "logarithmic", "period_ratio": 4.5}, "III": {"m": 5.773875204212748e+22, "r": 1920598.213533315, "msmp": 0.0014337304812032197, "rsrp": 0.12367928856344185, "a": 362663646.0283995, "aRp": 23.35417236804501, "e": 0.0, "inc": -0.07116419002281109, "pomega": 2.6599383343625553, "f": 0.2651769376567442, "P": 836415.3545110965, "RHill": 28354333.59685098, "spacing": "logarithmic", "period_ratio": 4.0}, "IV": {"m": 4.558322529641642e+22, "r": 1432399.00548643, "msmp": 0.0011318924851604361, "rsrp": 0.09224109899156181, "a": 951450803.5243806, "aRp": 61.26984689136246, "e": 0.0, "inc": -0.07116419002281109, "pomega": 2.971615493314558, "f": 5.193572013585287, "P": 3554765.2566721602, "RHill": 68751310.02145395, "spacing": "logarithmic", "period_ratio": 4.25}, "V": {"m": 7.597204216069408e+21, "r": 1024125.6346613108, "msmp": 0.00018864874752673948, "rsrp": 0.06594983219393542, "a": 2396752595.4959583, "aRp": 154.34183671773, "e": 0.0, "inc": -0.07116419002281109, "pomega": 3.8771130458343883, "f": 3.5585236918249823, "P": 14219061.026688641, "RHill": 95309040.3731995, "spacing": "logarithmic", "period_ratio": 4.0}}