{"Planet": {"m": 2.031120128815296e+25, "Rp": 9854033.940000001, "Rstar": 848754000.0, "RpRstar": 0.011610000000000002, "rhostar": 799.6667226754394, "impact": 0.11166172466382263, "q1": 0.25, "q2": 0.2, "a": 37425764264.74675, "Pp": 45.03452222629904, "rhoplan": 5067.629312049106, "aRp": null, "e": null, "inc": null, "pomega": null, "f": null, "P": 3890982.720352237, "RHill": 557520812.6372797}, "I": {"m": 1.6617170958218531e+22, "r": 1259302.3180881976, "msmp": 0.0008181284170479335, "rsrp": 0.1277956140354229, "a": 35418786.95280885, "aRp": 3.594343917269768, "e": 0.0, "inc": 0.03677776511603212, "pomega": 2.080570712278389, "f": 4.470933439402216, "P": 35956.89189740916, "RHill": 2296855.9430524525, "spacing": "logarithmic", "period_ratio": NaN}, "II": {"m": 7.270012294220606e+21, "r": 942063.0228361823, "msmp": 0.0003579311824584709, "rsrp": 0.09560176355919697, "a": 68099865.90003903, "aRp": 6.910861715586807, "e": 0.0, "inc": 0.03677776511603212, "pomega": 0.9337747141182984, "f": 2.947108619929219, "P": 95885.04505975774, "RHill": 3352527.509579953, "spacing": "logarithmic", "period_ratio": 2.6666666666666665}, "III": {"m": 4.310078717287931e+22, "r": 1666178.2795541908, "msmp": 0.0021220205817180774, "rsrp": 0.16908590833960438, "a": 141736647.146834, "aRp": 14.383616700515846, "e": 0.0, "inc": 0.03677776511603212, "pomega": 5.749061143652969, "f": 1.8581237077037742, "P": 287655.1351792732, "RHill": 12628688.977470748, "spacing": "logarithmic", "period_ratio": 3.0}, "IV": {"m": 4.517793354265662e+22, "r": 1780792.7640221869, "msmp": 0.002224286633849069, "rsrp": 0.1807171331928847, "a": 316288031.0608718, "aRp": 32.09731496630828, "e": 0.0, "inc": 0.03677776511603212, "pomega": 1.6626971019899175, "f": 3.180238107774366, "P": 958850.4505975774, "RHill": 28626785.915340103, "spacing": "logarithmic", "period_ratio": 3.3333333333333335}, "V": {"m": 6.75072570177628e+21, "r": 949836.5423485573, "msmp": 0.00033236466942572306, "rsrp": 0.09639063028725038, "a": 432403511.3135373, "aRp": 43.8808627965348, "e": 0.0, "inc": 0.03677776511603212, "pomega": 5.196085539060706, "f": 0.3342988882307771, "P": 1534160.720956124, "RHill": 20767636.691682085, "spacing": "logarithmic", "period_ratio": 1.6}}