{"Planet": {"m": 1.7929841523108332e+26, "Rp": 38585261.25, "Rstar": 1008765000.0, "RpRstar": 0.03825, "rhostar": 596.5364626205939, "impact": 0.11132735460967469, "q1": 0.31292836, "q2": 0.2426707186271005, "a": 249166175450.9009, "Pp": 691.2480269109903, "rhoplan": 745.1153433120985, "aRp": null, "e": null, "inc": null, "pomega": null, "f": null, "P": 59723829.52510957, "RHill": 7116650061.168332}, "I": {"m": 3.2702551565378695e+22, "r": 1256813.408517894, "msmp": 0.00018239174910291876, "rsrp": 0.03257237006573058, "a": 55944423.876489244, "aRp": 1.4498910222226173, "e": 0.0, "inc": 0.17379981360243565, "pomega": 2.1685441039180673, "f": 0.8407742715277815, "P": 24031.694113763817, "RHill": 2199808.0328767593, "spacing": "logarithmic", "period_ratio": NaN}, "II": {"m": 1.4171105678330778e+22, "r": 1137894.7902518134, "msmp": 7.903642461126484e-05, "rsrp": 0.029490400048848012, "a": 72331848.56909372, "aRp": 1.8745978704263333, "e": 0.0, "inc": 0.17379981360243565, "pomega": 2.479592881501215, "f": 0.44489400914922966, "P": 35331.81646588954, "RHill": 2152277.3802637975, "spacing": "logarithmic", "period_ratio": 1.4702174677587019}, "III": {"m": 5.668442271332311e+22, "r": 1908590.5873390858, "msmp": 0.0003161456984450594, "rsrp": 0.04946423907753341, "a": 235167502.33626515, "aRp": 6.094749516209772, "e": 0.0, "inc": 0.17379981360243565, "pomega": 5.079206604453705, "f": 1.5093720479893356, "P": 207102.86254591207, "RHill": 11107917.548606876, "spacing": "logarithmic", "period_ratio": 5.861653412183202}, "IV": {"m": 7.957620880908816e+22, "r": 1951562.2330034038, "msmp": 0.0004438199228171023, "rsrp": 0.05057791938634091, "a": 809033215.4943571, "aRp": 20.967415777037328, "e": 0.0, "inc": 0.17379981360243565, "pomega": 0.5592594182808113, "f": 4.152972466761665, "P": 1321423.2888424292, "RHill": 42788611.972886994, "spacing": "logarithmic", "period_ratio": 6.380516776051255}, "V": {"m": 3.379263661755801e+22, "r": 2057699.8270615644, "msmp": 0.00018847147407301617, "rsrp": 0.05332864830768936, "a": 1198489114.7478423, "aRp": 31.06080083228262, "e": 0.0, "inc": 0.17379981360243565, "pomega": 0.16840620685309823, "f": 2.5732217054605866, "P": 2382862.5935339434, "RHill": 47644073.36991976, "spacing": "logarithmic", "period_ratio": 1.8032545768293053}}