{"Planet": {"m": 4.657652051392517e+24, "Rp": 5918876.46, "Rstar": 410463000.0, "RpRstar": 0.01442, "rhostar": 4461.78472872052, "impact": 0.32118563538479583, "q1": 0.37039396, "q2": 0.32024318107131117, "a": 39874027653.75745, "Pp": 62.343044433300946, "rhoplan": 5362.417282951014, "aRp": null, "e": null, "inc": null, "pomega": null, "f": null, "P": 5386439.039037202, "RHill": 423869608.77917683}, "I": {"m": 1.7824260612581936e+21, "r": 741142.423419294, "msmp": 0.00038268768074362585, "rsrp": 0.12521674145895148, "a": 29345256.736847628, "aRp": 4.9579099910538815, "e": 0.0, "inc": -0.042817208272248136, "pomega": 4.632427451197911, "f": 0.5372660703708917, "P": 56639.221087300364, "RHill": 1477221.622216461, "spacing": "linear", "period_ratio": NaN}, "II": {"m": 3.907626365066038e+21, "r": 787262.2337509925, "msmp": 0.000838969146245641, "rsrp": 0.13300872878008885, "a": 50395559.59927643, "aRp": 8.514379365721114, "e": 0.0, "inc": -0.042817208272248136, "pomega": 4.000904175498793, "f": 1.6928594076949501, "P": 127438.24744642581, "RHill": 3295595.114125942, "spacing": "linear", "period_ratio": 2.25}, "III": {"m": 1.8509809097681234e+21, "r": 784013.4573693969, "msmp": 0.0003974064376953036, "rsrp": 0.1324598448147703, "a": 98904682.08879508, "aRp": 16.710043326161106, "e": 0.0, "inc": -0.042817208272248136, "pomega": 2.2464633936560676, "f": 0.3160758285339866, "P": 350455.180477671, "RHill": 5041828.464085788, "spacing": "linear", "period_ratio": 2.75}, "IV": {"m": 4.3189554561256223e+21, "r": 983911.3374320226, "msmp": 0.0009272816879557086, "rsrp": 0.16623278828023091, "a": 187043407.8300935, "aRp": 31.601167737515762, "e": 0.0, "inc": -0.042817208272248136, "pomega": 4.645623459943863, "f": 2.083712619122663, "P": 911183.4692419446, "RHill": 12646564.093395716, "spacing": "linear", "period_ratio": 2.6}}