{"Planet": {"m": 1.3135794053718304e+26, "Rp": 31860277.2, "Rstar": 1488798000.0, "RpRstar": 0.0214, "rhostar": 182.68954404769437, "impact": 0.358065432596824, "q1": 0.26163225000000007, "q2": 0.21691104594330396, "a": 15638956764.513046, "Pp": 10.954910197494266, "rhoplan": 969.6590862151673, "aRp": null, "e": null, "inc": null, "pomega": null, "f": null, "P": 946504.2410635046, "RHill": 404777403.84471214}, "I": {"m": 8.190505505179281e+22, "r": 1895087.5639830627, "msmp": 0.0006235257245724573, "rsrp": 0.05948120137457758, "a": 100531254.79905026, "aRp": 3.155379162835729, "e": 0.0, "inc": 0.07933314781792408, "pomega": 4.148573797179681, "f": 2.705810174288959, "P": 67618.43910943471, "RHill": 5954959.474535405, "spacing": "logarithmic", "period_ratio": NaN}, "II": {"m": 3.04218775906659e+23, "r": 2433695.963456697, "msmp": 0.0023159526912691266, "rsrp": 0.07638652822068658, "a": 227439046.37168255, "aRp": 7.13863991025422, "e": 0.0, "inc": 0.07933314781792408, "pomega": 3.4868882157755303, "f": 2.4048154986074883, "P": 229902.692972078, "RHill": 20864172.692542963, "spacing": "logarithmic", "period_ratio": 3.4}}