{"Planet": {"m": 2.052404550561626e+25, "Rp": 9899532.72, "Rstar": 535689000.0, "RpRstar": 0.01848, "rhostar": 2501.2905040579667, "impact": 0.12480298210455076, "q1": 0.39050001, "q2": 0.361577852456393, "a": 170627569711.62943, "Pp": 494.3548962809024, "rhoplan": 5050.452296140525, "aRp": null, "e": null, "inc": null, "pomega": null, "f": null, "P": 42712263.038669966, "RHill": 2763330305.9807696}, "I": {"m": 9.412269089243158e+21, "r": 1088968.3498681057, "msmp": 0.0004585971652941208, "rsrp": 0.11000199511114961, "a": 53689881.62105851, "aRp": 5.423476353847387, "e": 0.0, "inc": 0.12562390865689757, "pomega": 2.0497800252045018, "f": 0.2306159623697278, "P": 66770.50046365807, "RHill": 2870752.930318638, "spacing": "logarithmic", "period_ratio": NaN}, "II": {"m": 2.9413340903884875e+21, "r": 849633.6562389904, "msmp": 0.0001433116141544128, "rsrp": 0.08582563240813151, "a": 234653148.17741838, "aRp": 23.703457002909765, "e": 0.0, "inc": 0.12562390865689757, "pomega": 3.44667180816882, "f": 0.44049533956724574, "P": 610174.3994949575, "RHill": 8514250.61733256, "spacing": "logarithmic", "period_ratio": 9.138382897505224}}