{"Planet": {"m": 1.616353734337341e+26, "Rp": 35779851.0, "Rstar": 1287045000.0, "RpRstar": 0.0278, "rhostar": 534.376495502823, "impact": 0.21451843885243338, "q1": 0.3673572100000001, "q2": 0.22776769509981848, "a": 67402680440.086235, "Pp": 71.30386723197185, "rhoplan": 842.4268854432172, "aRp": null, "e": null, "inc": null, "pomega": null, "f": null, "P": 6160654.128842368, "RHill": 1512086034.9064546}, "I": {"m": 8.513827594774555e+22, "r": 2229946.5950301345, "msmp": 0.0005267304683318582, "rsrp": 0.06232408835436835, "a": 171476471.4871083, "aRp": 4.792542917160508, "e": 0.0, "inc": -0.035311541922037476, "pomega": 4.834137870600316, "f": 1.1153769297173484, "P": 135800.4661249047, "RHill": 9601968.280028254, "spacing": "logarithmic", "period_ratio": NaN}, "II": {"m": 8.63721640049592e+22, "r": 2039599.0451019418, "msmp": 0.0005343642432352182, "rsrp": 0.05700412349682345, "a": 222663658.03972763, "aRp": 6.223157777815442, "e": 0.0, "inc": -0.035311541922037476, "pomega": 2.5311201537473123, "f": 2.265314834721713, "P": 200940.18869848526, "RHill": 12528181.926385827, "spacing": "logarithmic", "period_ratio": 1.479672304759744}}