{"Planet": {"m": 1.3135794053718304e+26, "Rp": 32341701.6, "Rstar": 1085292000.0, "RpRstar": 0.0298, "rhostar": 434.47356518353223, "impact": 0.053976795588973725, "q1": 0.26163225000000007, "q2": 0.21691104594330396, "a": 15776302567.674248, "Pp": 11.564129802746688, "rhoplan": 926.9986980405896, "aRp": null, "e": null, "inc": null, "pomega": null, "f": null, "P": 999140.8149573138, "RHill": 419649131.0612667}, "I": {"m": 4.807524200374516e+23, "r": 2880188.6009881995, "msmp": 0.0036598656927128563, "rsrp": 0.08905494944607983, "a": 71856950.91288145, "aRp": 2.221804894547708, "e": 0.0, "inc": -0.166294147252225, "pomega": 3.4567259100704977, "f": 0.7722807023226035, "P": 40799.86626639048, "RHill": 7678034.916856405, "spacing": "logarithmic", "period_ratio": NaN}, "II": {"m": 2.7076860438890947e+23, "r": 3464809.3758935006, "msmp": 0.002061303666010689, "rsrp": 0.10713132595019369, "a": 160259528.1184023, "aRp": 4.955197784596537, "e": 0.0, "inc": -0.166294147252225, "pomega": 4.750563148542621, "f": 0.947599104233105, "P": 135999.55422130163, "RHill": 14141563.672436072, "spacing": "logarithmic", "period_ratio": 3.3333333333333335}}