{"Planet": {"m": 1.3135794053718304e+26, "Rp": 31602172.499999996, "Rstar": 800054999.9999999, "RpRstar": 0.0395, "rhostar": 991.8398369419269, "impact": 0.06756013137143657, "q1": 0.37234403999999993, "q2": 0.25901343821697803, "a": 213274982624.94604, "Pp": 601.0559305463509, "rhoplan": 993.6121730362028, "aRp": null, "e": null, "inc": null, "pomega": null, "f": null, "P": 51931232.399204716, "RHill": 5844603376.259945}, "I": {"m": 2.102977171763554e+22, "r": 1296639.0772038088, "msmp": 0.00016009516921196488, "rsrp": 0.04103006137327454, "a": 87206396.6259842, "aRp": 2.7595063796953903, "e": 0.0, "inc": 0.007872222148709307, "pomega": 6.263705484745087, "f": 5.088632324986528, "P": 54643.25886985237, "RHill": 3283225.151341964, "spacing": "logarithmic", "period_ratio": NaN}, "II": {"m": 4.700772501589119e+22, "r": 1830205.9393720075, "msmp": 0.0003578597900032155, "rsrp": 0.05791392789125519, "a": 1752996012.6975727, "aRp": 55.47074375021442, "e": 0.0, "inc": 0.007872222148709307, "pomega": 4.628028781615927, "f": 5.226876226134594, "P": 4924277.7289945, "RHill": 86293511.97482774, "spacing": "logarithmic", "period_ratio": 90.11683839580273}}