{"Planet": {"m": 1.1363480889337105e+25, "Rp": 7913587.5, "Rstar": 633087000.0, "RpRstar": 0.0125, "rhostar": 1739.843009624838, "impact": 0.01993552930530962, "q1": 0.37871715999999994, "q2": 0.34367890802729933, "a": 158687085107.74017, "Pp": 413.78988891657747, "rhoplan": 5473.9717344228475, "aRp": null, "e": null, "inc": null, "pomega": null, "f": null, "P": 35751446.40239229, "RHill": 2015310681.9554634}, "I": {"m": 1.0537071993262899e+21, "r": 848454.4688345061, "msmp": 9.272750221413525e-05, "rsrp": 0.10721489701535569, "a": 68338107.47146809, "aRp": 8.635540767252285, "e": 0.0, "inc": -0.16402499230913806, "pomega": 0.3833126350014549, "f": 5.365748508651514, "P": 128882.98919595945, "RHill": 2144661.3061894616, "spacing": "logarithmic", "period_ratio": NaN}, "II": {"m": 5.3495903965796244e+20, "r": 761607.432718097, "msmp": 4.707703958563788e-05, "rsrp": 0.09624047661292644, "a": 131070772.42585646, "aRp": 16.562750133976085, "e": 0.0, "inc": -0.16402499230913806, "pomega": 0.6522598608713283, "f": 2.073030135852131, "P": 342349.64305760834, "RHill": 3281470.382425553, "spacing": "logarithmic", "period_ratio": 2.656282611020797}, "III": {"m": 7.781222395024908e+20, "r": 769111.118933741, "msmp": 6.847569394274601e-05, "rsrp": 0.09718867946222128, "a": 198766527.32578093, "aRp": 25.11712005784746, "e": 0.0, "inc": -0.16402499230913806, "pomega": 4.730454944739266, "f": 4.543825678189378, "P": 639324.4593456407, "RHill": 5638301.723649524, "spacing": "logarithmic", "period_ratio": 1.8674605693631743}, "IV": {"m": 6.970678395543139e+20, "r": 676578.4701133011, "msmp": 6.134280915704323e-05, "rsrp": 0.08549579695849716, "a": 326146381.9998599, "aRp": 41.21346759606309, "e": 0.0, "inc": -0.16402499230913806, "pomega": 3.527733004751095, "f": 1.5477033114894811, "P": 1343775.8795130022, "RHill": 8918531.838586032, "spacing": "logarithmic", "period_ratio": 2.101868401669442}, "V": {"m": 8.429657594610318e+20, "r": 554136.6095907248, "msmp": 7.418200177130819e-05, "rsrp": 0.07002343874895234, "a": 486759124.7401103, "aRp": 61.50928700037881, "e": 0.0, "inc": -0.16402499230913806, "pomega": 3.233022142758173, "f": 4.538798627238539, "P": 2450057.9578232495, "RHill": 14180989.411281928, "spacing": "logarithmic", "period_ratio": 1.823263830804267}}