{"Planet": {"m": 3.7842154140521408e+25, "Rp": 15270058.44, "Rstar": 542646000.0, "RpRstar": 0.02814, "rhostar": 2525.1455070495895, "impact": 0.036117468676815645, "q1": 0.39904488999999993, "q2": 0.24908975779642237, "a": 105226013595.7889, "Pp": 233.7118110933331, "rhoplan": 2537.2609977226793, "aRp": null, "e": null, "inc": null, "pomega": null, "f": null, "P": 20192700.47846398, "RHill": 2056362636.822193}, "I": {"m": 1.1685434824794095e+23, "r": 2200941.2488808683, "msmp": 0.0030879412364850875, "rsrp": 0.14413443521050914, "a": 132453574.72451875, "aRp": 8.67407123849349, "e": 0.0, "inc": -0.016948841921057056, "pomega": 4.86052988809222, "f": 5.085490418142253, "P": 190289.62147481588, "RHill": 13373536.721851757, "spacing": "logarithmic", "period_ratio": NaN}, "II": {"m": 1.183335172131048e+23, "r": 2150018.77280641, "msmp": 0.0031270291002380647, "rsrp": 0.14079964272922654, "a": 233016771.99229848, "aRp": 15.259717106380537, "e": 0.0, "inc": -0.016948841921057056, "pomega": 1.31017515406235, "f": 6.232286416302344, "P": 444009.11677457043, "RHill": 23626029.269854642, "spacing": "logarithmic", "period_ratio": 2.3333333333333335}}