{"Planet": {"m": 5.729754449449248e+25, "Rp": 19527742.439999998, "Rstar": 640044000.0, "RpRstar": 0.030509999999999995, "rhostar": 1774.2462036417346, "impact": 0.2774675101917319, "q1": 0.37871715999999994, "q2": 0.34367890802729933, "a": 82206212816.30418, "Pp": 150.29614718993975, "rhoplan": 1836.9244136714656, "aRp": null, "e": null, "inc": null, "pomega": null, "f": null, "P": 12985587.117210794, "RHill": 1759268922.4576604}, "I": {"m": 5.287510383764375e+23, "r": 3590769.6917165737, "msmp": 0.00922816227189739, "rsrp": 0.18388043076404761, "a": 263126384.32144225, "aRp": 13.474490721593227, "e": 0.0, "inc": -0.007174020627759459, "pomega": 2.4613698218044244, "f": 0.8263215000441201, "P": 431678.9959520734, "RHill": 38267408.64018021, "spacing": "linear", "period_ratio": NaN}}