{"Planet": {"m": 1.2343329055797821e+26, "Rp": 30150246.599999998, "Rstar": 1078335000.0, "RpRstar": 0.02796, "rhostar": 499.72390804899027, "impact": 0.0448366952882614, "q1": 0.22127616000000003, "q2": 0.19313350340136054, "a": 222109341499.42142, "Pp": 575.1264860182773, "rhoplan": 1075.15503163228, "aRp": null, "e": null, "inc": null, "pomega": null, "f": null, "P": 49690928.39197916, "RHill": 5558751095.570004}, "I": {"m": 2.4200606994627382e+23, "r": 2662245.858372577, "msmp": 0.001960622364131178, "rsrp": 0.08829930626081768, "a": 98691889.92591813, "aRp": 3.2733360769897697, "e": 0.0, "inc": 0.05587357671400989, "pomega": 5.675540523496952, "f": 1.955522819876275, "P": 67804.37618645559, "RHill": 8564572.659872605, "spacing": "logarithmic", "period_ratio": NaN}, "II": {"m": 2.340714447021337e+23, "r": 2495400.6763351173, "msmp": 0.0018963396636678606, "rsrp": 0.0827655146387797, "a": 181788127.75239637, "aRp": 6.029407658390309, "e": 0.0, "inc": 0.05587357671400989, "pomega": 1.5049733784073518, "f": 0.027648780229613142, "P": 169510.94046613897, "RHill": 15601408.49414556, "spacing": "logarithmic", "period_ratio": 2.5}, "III": {"m": 1.7456175537108285e+23, "r": 2416512.5347548276, "msmp": 0.0014142194101929813, "rsrp": 0.08014901393061336, "a": 319752313.18816686, "aRp": 10.605296780165204, "e": 0.0, "inc": 0.05587357671400989, "pomega": 1.3805538673740927, "f": 0.42352904260816493, "P": 395525.5277543243, "RHill": 24885452.45584777, "spacing": "logarithmic", "period_ratio": 2.3333333333333335}, "IV": {"m": 2.6580994567869427e+23, "r": 2564400.6990474286, "msmp": 0.00215347046552113, "rsrp": 0.0850540538878189, "a": 805923555.5572277, "aRp": 26.730247558148587, "e": 0.0, "inc": 0.05587357671400989, "pomega": 3.0960350043478173, "f": 0.8206660677244264, "P": 1582102.1110172973, "RHill": 72160533.91921186, "spacing": "logarithmic", "period_ratio": 4.0}, "V": {"m": 8.33135650634714e+22, "r": 1912597.0349970872, "msmp": 0.0006749683548648323, "rsrp": 0.06343553538288763, "a": 1675563738.7733989, "aRp": 55.57379881507831, "e": 0.0, "inc": 0.05587357671400989, "pomega": 1.1926678380864941, "f": 0.7257804810273449, "P": 4746306.333051892, "RHill": 101909578.54286127, "spacing": "logarithmic", "period_ratio": 3.0}}