{"Planet": {"m": 1.9285857116515844e+25, "Rp": 9677673.99, "Rstar": 619173000.0, "RpRstar": 0.01563, "rhostar": 1859.7913335281391, "impact": 0.4444643615905469, "q1": 0.37871715999999994, "q2": 0.34367890802729933, "a": 14569963817.024279, "Pp": 11.512092746414679, "rhoplan": 5079.691897758348, "aRp": null, "e": null, "inc": null, "pomega": null, "f": null, "P": 994644.8132902283, "RHill": 220716474.38647795}, "I": {"m": 1.7805556834594123e+23, "r": 2365547.5258914353, "msmp": 0.009232442575417592, "rsrp": 0.2444334794017416, "a": 42692520.48619279, "aRp": 4.411444374992094, "e": 0.0, "inc": -0.07270023336890072, "pomega": 5.512789748963548, "f": 3.325394203979835, "P": 48628.36030990557, "RHill": 6209885.3526797285, "spacing": "linear", "period_ratio": NaN}}