{"Planet": {"m": 5.849840414306613e+25, "Rp": 19833363.45, "Rstar": 1287045000.0, "RpRstar": 0.01541, "rhostar": 293.90707252655267, "impact": 0.09895901860710887, "q1": 0.379456, "q2": 0.25681818181818183, "a": 72700355620.12567, "Pp": 107.70188552270716, "rhoplan": 1790.054681717885, "aRp": null, "e": null, "inc": null, "pomega": null, "f": null, "P": 9305442.9091619, "RHill": 1418570233.6963158}, "I": {"m": 1.4642381592925573e+23, "r": 2379164.89159425, "msmp": 0.0025030394943963865, "rsrp": 0.11995771153955484, "a": 65387295.48476633, "aRp": 3.2968334216033504, "e": 0.0, "inc": 0.04515618336743005, "pomega": 3.292718372799383, "f": 4.3886154800822315, "P": 53100.94014213054, "RHill": 6155672.752492797, "spacing": "logarithmic", "period_ratio": NaN}, "II": {"m": 1.2744295090138925e+23, "r": 2283503.7488662377, "msmp": 0.002178571411789448, "rsrp": 0.11513446796974004, "a": 164747882.13032854, "aRp": 8.306603292258457, "e": 0.0, "inc": 0.04515618336743005, "pomega": 1.4993179460876582, "f": 1.3283982137591406, "P": 212403.76056852215, "RHill": 14808236.967299493, "spacing": "logarithmic", "period_ratio": 4.0}, "III": {"m": 1.9252020242550285e+23, "r": 2412242.2758611105, "msmp": 0.003291033409298952, "rsrp": 0.12162547628103446, "a": 449216247.52114195, "aRp": 22.649524305527812, "e": 0.0, "inc": 0.04515618336743005, "pomega": 2.8396554058550407, "f": 5.251383099519932, "P": 955816.9225583497, "RHill": 46329662.286950804, "spacing": "logarithmic", "period_ratio": 4.5}, "IV": {"m": 2.711552146838071e+22, "r": 1261175.6080302252, "msmp": 0.00046352583229562744, "rsrp": 0.06358858956069931, "a": 1223268825.153093, "aRp": 61.677326099375904, "e": 0.0, "inc": 0.04515618336743005, "pomega": 1.096525488651703, "f": 3.2920899914305286, "P": 4301176.1515125735, "RHill": 65640639.55083282, "spacing": "logarithmic", "period_ratio": 4.5}}