{"Planet": {"m": 2.4479789679266294e+25, "Rp": 11172942.000000002, "Rstar": 765270000.0000001, "RpRstar": 0.0146, "rhostar": 1143.9235238558429, "impact": 0.39204515812665053, "q1": 0.37234403999999993, "q2": 0.25901343821697803, "a": 24341177202.964928, "Pp": 23.067913957706526, "rhoplan": 4190.023319185855, "aRp": null, "e": null, "inc": null, "pomega": null, "f": null, "P": 1993067.765945844, "RHill": 379833995.49248457}, "I": {"m": 4.543543208373928e+22, "r": 1603251.4862778273, "msmp": 0.0018560384986567853, "rsrp": 0.14349412055283442, "a": 106500435.08615926, "aRp": 9.531995698729954, "e": 0.0, "inc": 0.13302484477896573, "pomega": 2.1943077400411157, "f": 5.928778215145455, "P": 170685.87323584367, "RHill": 9074860.48876271, "spacing": "linear", "period_ratio": NaN}}