{"Planet": {"m": 2.6597432428946497e+25, "Rp": 11674402.559999999, "Rstar": 1057464000.0, "RpRstar": 0.01104, "rhostar": 513.8430617828859, "impact": 0.2399103625903123, "q1": 0.31292836, "q2": 0.2426707186271005, "a": 185401128576.99435, "Pp": 445.4219501523205, "rhoplan": 3990.681896261178, "aRp": null, "e": null, "inc": null, "pomega": null, "f": null, "P": 38484456.49316049, "RHill": 2810476122.7431912}, "I": {"m": 1.0061197439263974e+21, "r": 688309.8108516574, "msmp": 3.78277018510786e-05, "rsrp": 0.05895888952896083, "a": 98279458.72705618, "aRp": 8.418371580211826, "e": 0.0, "inc": -0.015342978422872439, "pomega": 5.72455427026763, "f": 2.5260931027964735, "P": 145292.4574149797, "RHill": 2287488.872733567, "spacing": "linear", "period_ratio": NaN}, "II": {"m": 3.28923762437476e+21, "r": 703447.2842575095, "msmp": 0.00012366748682083386, "rsrp": 0.060255527479215996, "a": 187741743.4055094, "aRp": 16.08148617803954, "e": 0.0, "inc": -0.015342978422872439, "pomega": 2.350774700885972, "f": 5.154612368716286, "P": 383593.7891092104, "RHill": 6485432.44584809, "spacing": "linear", "period_ratio": 2.640149364489046}, "III": {"m": 2.128330227536609e+21, "r": 696515.3885796514, "msmp": 8.002013853112777e-05, "rsrp": 0.05966175870670434, "a": 543658436.6065875, "aRp": 46.56841614056759, "e": 0.0, "inc": -0.015342978422872439, "pomega": 1.0607077506269769, "f": 4.156114373605939, "P": 1890292.3284293122, "RHill": 16243719.446105838, "spacing": "linear", "period_ratio": 4.92784915214344}, "IV": {"m": 1.702664182029288e+21, "r": 677899.0918093, "msmp": 6.401611082490225e-05, "rsrp": 0.058067133485013224, "a": 689118753.1714846, "aRp": 59.0281814962088, "e": 0.0, "inc": -0.015342978422872439, "pomega": 0.5536039859611177, "f": 2.86290551650267, "P": 2697642.2317569978, "RHill": 19113933.86664104, "spacing": "linear", "period_ratio": 1.427103200486737}, "V": {"m": 5.417567851911368e+20, "r": 612782.1330453854, "msmp": 2.0368762535196158e-05, "rsrp": 0.052489378355425276, "a": 1151459034.8896399, "aRp": 98.63108874066785, "e": 0.0, "inc": -0.015342978422872439, "pomega": 3.0231427655606553, "f": 5.503364028430725, "P": 5826737.64754901, "RHill": 21803671.08452477, "spacing": "linear", "period_ratio": 2.1599371402760124}}