{"Planet": {"m": 6.905705962264784e+25, "Rp": 21309708.419999998, "Rstar": 542646000.0, "RpRstar": 0.03927, "rhostar": 2495.437912849006, "impact": 0.4531436771648555, "q1": 0.39904488999999993, "q2": 0.24908975779642237, "a": 122631957422.96649, "Pp": 295.7788926741838, "rhoplan": 1703.6757877148696, "aRp": null, "e": null, "inc": null, "pomega": null, "f": null, "P": 25555296.32704948, "RHill": 2940159364.097417}, "I": {"m": 2.2503987469419552e+23, "r": 2381120.6868684166, "msmp": 0.0032587526304174094, "rsrp": 0.1117387737053052, "a": 130167968.58562315, "aRp": 6.108388065200151, "e": 0.0, "inc": -0.02211553317608575, "pomega": 0.9670789266676051, "f": 5.438640747438676, "P": 137221.66274649047, "RHill": 13380761.830720719, "spacing": "logarithmic", "period_ratio": NaN}, "II": {"m": 6.860971789457181e+22, "r": 1926766.5623701105, "msmp": 0.000993522143419942, "rsrp": 0.09041731235335743, "a": 1018702297.2615501, "aRp": 47.80460986061442, "e": 0.0, "inc": -0.02211553317608575, "pomega": 4.4181494044184095, "f": 5.66360127748871, "P": 3007656.675983889, "RHill": 70480025.2453684, "spacing": "logarithmic", "period_ratio": 21.918235180842913}}