{"Planet": {"m": 3.272802470448566e+25, "Rp": 13395633.93, "Rstar": 368721000.0, "RpRstar": 0.03633, "rhostar": 5208.184631401353, "impact": 0.3404987184059689, "q1": 0.15888196000000002, "q2": 0.16821374811841444, "a": 146456860648.34225, "Pp": 477.07542605136996, "rhoplan": 3250.4341528638893, "aRp": null, "e": null, "inc": null, "pomega": null, "f": null, "P": 41219316.810838364, "RHill": 3152727008.3930516}, "I": {"m": 5.5762545296584175e+22, "r": 1671635.1106196279, "msmp": 0.0017038164020006202, "rsrp": 0.12478954854655601, "a": 76036127.78224385, "aRp": 5.676187344292697, "e": 0.0, "inc": 0.16877276265159688, "pomega": 0.6817937852075059, "f": 1.3434793666116567, "P": 89058.92179347479, "RHill": 6296808.783588971, "spacing": "logarithmic", "period_ratio": NaN}, "II": {"m": 6.195838366287129e+22, "r": 1485560.729067068, "msmp": 0.0018931293355562442, "rsrp": 0.1108988747251522, "a": 146226640.83807808, "aRp": 10.915992598946609, "e": 0.0, "inc": 0.16877276265159688, "pomega": 2.0491516438356467, "f": 0.41473170344419713, "P": 237490.45811593276, "RHill": 12542367.263199331, "spacing": "logarithmic", "period_ratio": 2.6666666666666665}, "III": {"m": 4.750142747486799e+22, "r": 1731308.9612509944, "msmp": 0.0014513991572597874, "rsrp": 0.12924427244713416, "a": 416028888.0547303, "aRp": 31.05705114283683, "e": 0.0, "inc": 0.16877276265159688, "pomega": 0.1922846988695823, "f": 5.469431434512563, "P": 1139954.1989564772, "RHill": 32659687.530357856, "spacing": "logarithmic", "period_ratio": 4.8}, "IV": {"m": 1.4456956188003299e+23, "r": 2049658.4845329316, "msmp": 0.004417301782964569, "rsrp": 0.15300944287098264, "a": 746493020.7265701, "aRp": 55.72659156165595, "e": 0.0, "inc": 0.16877276265159688, "pomega": 1.7029135095966277, "f": 6.210293068392424, "P": 2735890.077495545, "RHill": 84925417.44631156, "spacing": "logarithmic", "period_ratio": 2.4}}