{"Planet": {"m": 3.944499146148222e+25, "Rp": 15177043.349999998, "Rstar": 800054999.9999999, "RpRstar": 0.01897, "rhostar": 1019.6484305010464, "impact": 0.472774023370755, "q1": 0.37234403999999993, "q2": 0.25901343821697803, "a": 116600774915.03413, "Pp": 239.6415971203286, "rhoplan": 2693.6535252950353, "aRp": null, "e": null, "inc": null, "pomega": null, "f": null, "P": 20705033.99119639, "RHill": 2120111859.583524}, "I": {"m": 4.242380084337671e+22, "r": 1568388.997343254, "msmp": 0.0010755180638029364, "rsrp": 0.10333956101820413, "a": 57364599.44140519, "aRp": 3.77969530154931, "e": 0.0, "inc": -0.07266532329285322, "pomega": 2.879871813461751, "f": 1.1455392354223808, "P": 53175.74720382221, "RHill": 4075142.346814292, "spacing": "logarithmic", "period_ratio": NaN}, "II": {"m": 3.868052429837292e+22, "r": 1522582.8495366701, "msmp": 0.000980619411114443, "rsrp": 0.10032144037703301, "a": 98495998.4365952, "aRp": 6.489801482750276, "e": 0.0, "inc": -0.07266532329285322, "pomega": 3.7325853309977743, "f": 4.795178225731315, "P": 119645.43120859997, "RHill": 6784924.154752418, "spacing": "logarithmic", "period_ratio": 2.25}, "III": {"m": 4.741483623671517e+22, "r": 1961707.2521450527, "msmp": 0.0012020496007209296, "rsrp": 0.12925490208506607, "a": 204895039.25566566, "aRp": 13.500326416058217, "e": 0.0, "inc": -0.07266532329285322, "pomega": 1.1423973285781066, "f": 4.2170673663848595, "P": 358936.29362579994, "RHill": 15105385.793781398, "spacing": "logarithmic", "period_ratio": 3.0}, "IV": {"m": 4.928647450921708e+22, "r": 1771783.986785725, "msmp": 0.0012494989270651765, "rsrp": 0.11674105067280613, "a": 457218857.9522003, "aRp": 30.125687026663226, "e": 0.0, "inc": -0.07266532329285322, "pomega": 1.5376492095878036, "f": 5.855885976358293, "P": 1196454.3120859999, "RHill": 34145148.99505678, "spacing": "logarithmic", "period_ratio": 3.3333333333333335}}