{"Planet": {"m": 1.002605319534494e+28, "Rp": 81107349.66000001, "Rstar": 6838731000.0, "RpRstar": 0.011860000000000002, "rhostar": 1.2021973224509757, "impact": 0.16376750941067109, "q1": 0.38775529000000003, "q2": 0.2586317648948129, "a": 17301445549.984257, "Pp": 15.91269849547749, "rhoplan": 4486.0154457890885, "aRp": null, "e": null, "inc": null, "pomega": null, "f": null, "P": 1374857.1500092552, "RHill": 2206759460.7673187}, "I": {"m": 4.169316863744006e+23, "r": 2974470.7438470013, "msmp": 4.15848268756424e-05, "rsrp": 0.03667325780358881, "a": 235494184.16578797, "aRp": 2.903487601961767, "e": 0.0, "inc": 0.013806935076782823, "pomega": 5.049044298748672, "f": 0.46186030610831047, "P": 27757.04654250188, "RHill": 5656981.1789033525, "spacing": "logarithmic", "period_ratio": NaN}, "II": {"m": 5.993392991632008e+23, "r": 3423658.0221218313, "msmp": 5.9778188633735947e-05, "rsrp": 0.042211439980146315, "a": 445278492.2186347, "aRp": 5.489989428642794, "e": 0.0, "inc": 0.013806935076782823, "pomega": 1.9096509799498713, "f": 5.037105052740431, "P": 72168.3210105049, "RHill": 12071805.158354199, "spacing": "logarithmic", "period_ratio": 2.6}, "III": {"m": 1.7980178974896026e+24, "r": 4803871.212630714, "msmp": 0.00017933456590120785, "rsrp": 0.059228556139097416, "a": 1026504962.9986382, "aRp": 12.656127555661989, "e": 0.0, "inc": 0.013806935076782823, "pomega": 3.8777414272032433, "f": 4.381074903655973, "P": 252589.12353676712, "RHill": 40136728.479187444, "spacing": "logarithmic", "period_ratio": 3.5}, "IV": {"m": 2.605823039840004e+23, "r": 3127721.4159050733, "msmp": 2.5990516797276502e-05, "rsrp": 0.038562737273704586, "a": 1629391778.6914403, "aRp": 20.089323415471103, "e": 0.0, "inc": 0.013806935076782823, "pomega": 5.470688197250273, "f": 3.1821232518809306, "P": 505178.24707353424, "RHill": 33464941.808973078, "spacing": "logarithmic", "period_ratio": 2.0}}