{"Planet": {"m": 1.3411098085858813e+26, "Rp": 31556952.0, "Rstar": 1460970000.0, "RpRstar": 0.0216, "rhostar": 261.8314758459069, "impact": 0.13472736658958318, "q1": 0.20052483999999998, "q2": 0.18646717284502012, "a": 200599208293.4571, "Pp": 432.4455103003566, "rhoplan": 1018.8038602296555, "aRp": null, "e": null, "inc": null, "pomega": null, "f": null, "P": 37363292.08995081, "RHill": 4725329783.9886675}, "I": {"m": 9.308477716693207e+22, "r": 2015483.4839207935, "msmp": 0.0006940876621063886, "rsrp": 0.0638681290867633, "a": 67420765.05882911, "aRp": 2.136478993878405, "e": 0.0, "inc": -0.16004524363972406, "pomega": 1.3673578586281407, "f": 5.905528104497825, "P": 36752.313694675286, "RHill": 4138961.3061301443, "spacing": "logarithmic", "period_ratio": NaN}, "II": {"m": 1.0809845090353397e+23, "r": 2062512.6867545138, "msmp": 0.0008060372850267736, "rsrp": 0.06535842519754487, "a": 179208223.9077233, "aRp": 5.678882545681956, "e": 0.0, "inc": -0.16004524363972406, "pomega": 4.913942304444881, "f": 5.028307713576463, "P": 159260.02601025955, "RHill": 11563852.973041182, "spacing": "logarithmic", "period_ratio": 4.333333333333333}, "III": {"m": 2.4021877978563105e+22, "r": 1391698.9361193536, "msmp": 0.00017911939667261635, "rsrp": 0.04410118366689386, "a": 315199181.8530811, "aRp": 9.98826445130319, "e": 0.0, "inc": -0.16004524363972406, "pomega": 3.787254510088146, "f": 0.9413152905445565, "P": 371606.7273572723, "RHill": 12319475.05623073, "spacing": "logarithmic", "period_ratio": 2.3333333333333335}, "IV": {"m": 6.756153181470874e+22, "r": 2017960.8010446737, "msmp": 0.0005037733031417335, "rsrp": 0.06394663214130039, "a": 655711650.9379184, "aRp": 20.77867504244131, "e": 0.0, "inc": -0.16004524363972406, "pomega": 1.225972050635801, "f": 5.245099285831384, "P": 1114820.1820718169, "RHill": 36175749.008543506, "spacing": "logarithmic", "period_ratio": 3.0}, "V": {"m": 2.4021877978563105e+22, "r": 1269392.9338806055, "msmp": 0.00017911939667261635, "rsrp": 0.04022546074413668, "a": 1582535386.2854574, "aRp": 50.14855003377568, "e": 0.0, "inc": -0.16004524363972406, "pomega": 1.0500252673564445, "f": 3.249988439717254, "P": 4180575.6827693135, "RHill": 61852968.97767179, "spacing": "logarithmic", "period_ratio": 3.75}}