{"Planet": {"m": 7.984801766460537e+25, "Rp": 23843030.4, "Rstar": 1419228000.0, "RpRstar": 0.0168, "rhostar": 217.53647374535183, "impact": 0.19111425872673882, "q1": 0.379456, "q2": 0.25681818181818183, "a": 45823364521.57504, "Pp": 54.10014947354093, "rhoplan": 1406.3427279254113, "aRp": null, "e": null, "inc": null, "pomega": null, "f": null, "P": 4674252.914513936, "RHill": 994356688.8764472}, "I": {"m": 9.876577834733393e+22, "r": 1884157.1238152944, "msmp": 0.0012369221082255413, "rsrp": 0.07902339141484693, "a": 46295825.21871351, "aRp": 1.941692160855254, "e": 0.0, "inc": 0.0397102115040214, "pomega": 2.6769046313216363, "f": 6.097184421998553, "P": 27095.0061295139, "RHill": 3445737.5489241937, "spacing": "logarithmic", "period_ratio": NaN}, "II": {"m": 5.963216805876764e+22, "r": 1872667.8363205942, "msmp": 0.0007468208955324021, "rsrp": 0.07854151946728191, "a": 69554910.81152606, "aRp": 2.917200944873436, "e": 0.0, "inc": 0.0397102115040214, "pomega": 5.830750721604099, "f": 4.33268953825415, "P": 49908.50084906239, "RHill": 4375485.007328689, "spacing": "logarithmic", "period_ratio": 1.8419815301203541}, "III": {"m": 5.404165230325819e+22, "r": 1832460.2338136204, "msmp": 0.0006768064365762395, "rsrp": 0.07685517331780194, "a": 129738811.42238276, "aRp": 5.441372562372893, "e": 0.0, "inc": 0.0397102115040214, "pomega": 2.6574248088871357, "f": 5.518445181283242, "P": 127146.05584552528, "RHill": 7898009.590483894, "spacing": "logarithmic", "period_ratio": 2.547583150815357}, "IV": {"m": 3.16795892812203e+22, "r": 1517119.7661164354, "msmp": 0.0003967486007515885, "rsrp": 0.0636294858776188, "a": 199238957.34165186, "aRp": 8.356276614135922, "e": 0.0, "inc": 0.0397102115040214, "pomega": 4.804603946264138, "f": 5.297254939446336, "P": 242002.68913705074, "RHill": 10150925.568490606, "spacing": "logarithmic", "period_ratio": 1.9033440520645744}, "V": {"m": 1.1553732561386237e+23, "r": 1868155.4676941498, "msmp": 0.0014469654850940298, "rsrp": 0.0783522663165396, "a": 408875180.7465748, "aRp": 17.148624729622238, "e": 0.0, "inc": 0.0397102115040214, "pomega": 1.2058638468324459, "f": 3.579888658366047, "P": 711077.7399570732, "RHill": 32065379.79003209, "spacing": "logarithmic", "period_ratio": 2.9383051175698975}}