{"Planet": {"m": 2.499284467823272e+25, "Rp": 11442873.6, "Rstar": 445248000.0, "RpRstar": 0.0257, "rhostar": 3710.7394362342548, "impact": 0.18908290922920967, "q1": 0.39050001, "q2": 0.361577852456393, "a": 51306585276.32352, "Pp": 88.31642372257063, "rhoplan": 3982.1881794673473, "aRp": null, "e": null, "inc": null, "pomega": null, "f": null, "P": 7630539.009630103, "RHill": 936022429.8330314}, "I": {"m": 5.4030990746464215e+22, "r": 1996309.2856519667, "msmp": 0.0021618583815519806, "rsrp": 0.17445873785165003, "a": 77313617.89953145, "aRp": 6.75648622908248, "e": 0.0, "inc": 0.06100535789299111, "pomega": 2.1226722639916633, "f": 2.2408079613363743, "P": 104468.22637125396, "RHill": 6931458.999398051, "spacing": "linear", "period_ratio": NaN}}