{"Planet": {"m": 1.518841261662891e+26, "Rp": 34186698.0, "Rstar": 584388000.0, "RpRstar": 0.0585, "rhostar": 2093.129530744896, "impact": 0.32216452883425795, "q1": 0.37871715999999994, "q2": 0.34367890802729933, "a": 160657570081.99774, "Pp": 433.31319700553684, "rhoplan": 907.5118635309148, "aRp": null, "e": null, "inc": null, "pomega": null, "f": null, "P": 37438260.221278384, "RHill": 4932139791.260976}, "I": {"m": 2.8216046793654022e+23, "r": 2918508.538923336, "msmp": 0.0018577350711924902, "rsrp": 0.08536971131061959, "a": 356809477.44897276, "aRp": 10.437085133199256, "e": 0.0, "inc": -0.023197745533557995, "pomega": 3.6062806758579504, "f": 3.4567259100704977, "P": 420215.78035492846, "RHill": 30412857.229478944, "spacing": "linear", "period_ratio": NaN}, "II": {"m": 4.759333194110317e+22, "r": 1627984.3655999862, "msmp": 0.0003133529035746369, "rsrp": 0.04762040386585409, "a": 782471675.5186553, "aRp": 22.88819105953594, "e": 0.0, "inc": -0.023197745533557995, "pomega": 2.325639446131778, "f": 0.7289223878716192, "P": 1365701.2861535174, "RHill": 36850165.9892429, "spacing": "linear", "period_ratio": 3.25}, "III": {"m": 2.379666597055159e+23, "r": 2512978.3325217334, "msmp": 0.0015667645178731849, "rsrp": 0.07350748915621313, "a": 1377107241.3598235, "aRp": 40.28196116980422, "e": 0.0, "inc": -0.023197745533557995, "pomega": 0.29408248062406706, "f": 2.5700797986163124, "P": 3186636.3343582074, "RHill": 110899244.18175347, "spacing": "linear", "period_ratio": 2.3333333333333335}, "IV": {"m": 2.515647545458311e+23, "r": 2921899.8750324515, "msmp": 0.0016562939188945096, "rsrp": 0.08546891176891233, "a": 3174627188.793453, "aRp": 92.86147462365196, "e": 0.0, "inc": -0.023197745533557995, "pomega": 4.413750734836425, "f": 3.0124602822901227, "P": 11153227.170253726, "RHill": 260434260.43902782, "spacing": "linear", "period_ratio": 3.5}}