{"Planet": {"m": 1.1598672418023715e+26, "Rp": 29663534.88, "Rstar": 1307916000.0, "RpRstar": 0.02268, "rhostar": 377.65717965723445, "impact": 0.07701294916707879, "q1": 0.3127046399999999, "q2": 0.12312231759656653, "a": 206736433765.32187, "Pp": 444.7528321891833, "rhoplan": 1060.8426334748062, "aRp": null, "e": null, "inc": null, "pomega": null, "f": null, "P": 38426644.70114544, "RHill": 4587091383.278445}, "I": {"m": 3.8396745804801815e+23, "r": 3083573.3861924973, "msmp": 0.003310443162886067, "rsrp": 0.1039516496825714, "a": 79504420.48325387, "aRp": 2.680207224286611, "e": 0.0, "inc": -0.02309301530541552, "pomega": 5.960825664957052, "f": 5.820696619702422, "P": 50540.800143475106, "RHill": 8215731.483594591, "spacing": "logarithmic", "period_ratio": NaN}, "II": {"m": 2.7142527206842652e+23, "r": 2867368.3950084043, "msmp": 0.0023401408565229087, "rsrp": 0.09666307156608182, "a": 209850959.3211791, "aRp": 7.074374654608901, "e": 0.0, "inc": -0.02309301530541552, "pomega": 2.1220438826228087, "f": 3.801707281571807, "P": 216836.17714805985, "RHill": 19317512.72520049, "spacing": "logarithmic", "period_ratio": 4.290319435634296}, "III": {"m": 1.3240257174069596e+23, "r": 2133269.970548417, "msmp": 0.001141532125133127, "rsrp": 0.07191556836291714, "a": 360705446.1020083, "aRp": 12.159894212243943, "e": 0.0, "inc": -0.02309301530541552, "pomega": 0.7634833631586356, "f": 2.217557850688745, "P": 488938.43182955956, "RHill": 26138158.909262042, "spacing": "logarithmic", "period_ratio": 2.254874801153237}, "IV": {"m": 2.6480514348139192e+23, "r": 2730844.5357941585, "msmp": 0.002283064250266254, "rsrp": 0.09206065786971908, "a": 528269879.9219272, "aRp": 17.808729878585773, "e": 0.0, "inc": -0.02309301530541552, "pomega": 0.165264300008824, "f": 1.1832421175536716, "P": 866086.8472596362, "RHill": 48230467.96476452, "spacing": "logarithmic", "period_ratio": 1.7713617725217965}}