{"Planet": {"m": 3.139812964064963e+25, "Rp": 13367875.5, "Rstar": 438291000.0, "RpRstar": 0.0305, "rhostar": 3551.9773855064896, "impact": 0.45461713087229183, "q1": 0.28601104000000005, "q2": 0.22690725504861628, "a": 99854223097.85245, "Pp": 250.9482937236709, "rhoplan": 3137.819752284554, "aRp": null, "e": null, "inc": null, "pomega": null, "f": null, "P": 21681932.577725165, "RHill": 2026182025.2564769}, "I": {"m": 1.0687795808621252e+22, "r": 1116704.229337718, "msmp": 0.0003403959385779554, "rsrp": 0.08353640257479343, "a": 304880431.97771424, "aRp": 22.806947295231335, "e": 0.0, "inc": 0.10534115447330514, "pomega": 6.001042072563761, "f": 5.089889087724238, "P": 730542.590971045, "RHill": 14759917.253132634, "spacing": "linear", "period_ratio": NaN}, "II": {"m": 1.8050499587893665e+22, "r": 1375345.6968203755, "msmp": 0.0005748909184872134, "rsrp": 0.10288438853431688, "a": 460109069.33906597, "aRp": 34.419012156349446, "e": 0.0, "inc": 0.10534115447330514, "pomega": 0.6214691737974408, "f": 0.8960718319870078, "P": 1354227.1238616758, "RHill": 26526636.83397207, "spacing": "linear", "period_ratio": 1.8537278190195903}, "III": {"m": 6.41267748517275e+21, "r": 857814.2204068216, "msmp": 0.0002042375631467732, "rsrp": 0.06416982417339401, "a": 825641036.3490505, "aRp": 61.76307045566444, "e": 0.0, "inc": 0.10534115447330514, "pomega": 1.955522819876275, "f": 2.1383817982130346, "P": 3255874.6603447334, "RHill": 33712895.83906548, "spacing": "linear", "period_ratio": 2.404230873075687}}