{"Planet": {"m": 4.754052117246043e+25, "Rp": 17346722.94, "Rstar": 1210518000.0, "RpRstar": 0.01433, "rhostar": 380.00725708855657, "impact": 0.2194793195832907, "q1": 0.22127616000000003, "q2": 0.19313350340136054, "a": 70637991649.3385, "Pp": 99.45348250169454, "rhoplan": 2174.317709032569, "aRp": null, "e": null, "inc": null, "pomega": null, "f": null, "P": 8592780.888146408, "RHill": 1255320109.5952544}, "I": {"m": 1.8102354087816787e+23, "r": 2198709.4031446185, "msmp": 0.0038077735879562115, "rsrp": 0.12675070736701455, "a": 37052110.974065095, "aRp": 2.135971797222069, "e": 0.0, "inc": 0.12981311778259655, "pomega": 2.753567158321927, "f": 2.455086008115876, "P": 25109.56529922531, "RHill": 4011710.4238884184, "spacing": "logarithmic", "period_ratio": NaN}, "II": {"m": 8.00681046191896e+22, "r": 1960964.9953704472, "msmp": 0.0016842075485190926, "rsrp": 0.11304527098018244, "a": 65554761.82690476, "aRp": 3.779086231655969, "e": 0.0, "inc": 0.12981311778259655, "pomega": 3.6735174823254186, "f": 2.934540992552122, "P": 59154.25507411413, "RHill": 5407904.688423415, "spacing": "logarithmic", "period_ratio": 2.355845446513532}, "III": {"m": 1.322864337186611e+23, "r": 2237647.257844408, "msmp": 0.002782603775814154, "rsrp": 0.12899538809630678, "a": 138826412.09754014, "aRp": 8.003033920454149, "e": 0.0, "inc": 0.12981311778259655, "pomega": 1.6834336871621274, "f": 2.37905186248444, "P": 182200.59512799897, "RHill": 13538861.269938799, "spacing": "logarithmic", "period_ratio": 3.080092799744001}, "IV": {"m": 4.177466327957718e+22, "r": 1704800.9676170377, "msmp": 0.0008787169818360483, "rsrp": 0.09827798446506102, "a": 339476820.39587986, "aRp": 19.57008373109347, "e": 0.0, "inc": 0.12981311778259655, "pomega": 4.587812374009217, "f": 0.6095299277891988, "P": 697380.0171640828, "RHill": 22545128.454432957, "spacing": "logarithmic", "period_ratio": 3.8275397326455587}}