{"Planet": {"m": 5.726823366702515e+27, "Rp": 102284944.64999999, "Rstar": 827883000.0, "RpRstar": 0.12355, "rhostar": 1029.0003399668853, "impact": 0.43079831320153694, "q1": 0.37234403999999993, "q2": 0.25901343821697803, "a": 141993919577.11118, "Pp": 304.19670706548953, "rhoplan": 1277.58568068938, "aRp": null, "e": null, "inc": null, "pomega": null, "f": null, "P": 26282595.490458295, "RHill": 13073651927.576128}, "I": {"m": 2.2914857060083492e+24, "r": 5093082.602324599, "msmp": 0.0004001320731021216, "rsrp": 0.049793081667611774, "a": 302574960.94210315, "aRp": 2.95815735128428, "e": 0.0, "inc": 0.05437244344396777, "pomega": 0.9237206122166209, "f": 1.7965423335559993, "P": 53478.93143605016, "RHill": 15459437.543860812, "spacing": "logarithmic", "period_ratio": NaN}, "II": {"m": 1.2295776959069198e+24, "r": 4924641.723821538, "msmp": 0.00021470501483528492, "rsrp": 0.04814630091136817, "a": 636997309.4547051, "aRp": 6.227674186405352, "e": 0.0, "inc": 0.05437244344396777, "pomega": 4.940962703305639, "f": 1.0770456662172028, "P": 163372.85242852385, "RHill": 26447090.975931246, "spacing": "logarithmic", "period_ratio": 3.05490121140293}, "III": {"m": 1.3972473817124084e+24, "r": 4119358.256819662, "msmp": 0.00024398297140373277, "rsrp": 0.04027335861514456, "a": 1073784194.8945045, "aRp": 10.497969164169701, "e": 0.0, "inc": 0.05437244344396777, "pomega": 2.4481738130584727, "f": 0.2639201749190345, "P": 357554.83037460496, "RHill": 46522505.340395175, "spacing": "logarithmic", "period_ratio": 2.188581671064575}, "IV": {"m": 7.824585337589487e+23, "r": 4244557.475404664, "msmp": 0.00013663046398609035, "rsrp": 0.04149738253199186, "a": 2383972072.819207, "aRp": 23.307164910502863, "e": 0.0, "inc": 0.05437244344396777, "pomega": 1.2756141787753337, "f": 4.9164558299203005, "P": 1182884.0907451464, "RHill": 85135350.10737275, "spacing": "logarithmic", "period_ratio": 3.308259294122404}, "V": {"m": 4.750641097822187e+23, "r": 3110070.740479178, "msmp": 8.295421027726911e-05, "rsrp": 0.030405948315475557, "a": 4116868367.9309173, "aRp": 40.24901594284548, "e": 0.0, "inc": 0.05437244344396777, "pomega": 2.947108619929219, "f": 3.1576163784955917, "P": 2684433.0159568554, "RHill": 124491406.60727005, "spacing": "logarithmic", "period_ratio": 2.2693965004346475}}