{"Planet": {"m": 3.0122274528713695e+25, "Rp": 12768877.799999997, "Rstar": 960065999.9999999, "RpRstar": 0.0133, "rhostar": 573.9813871191707, "impact": 0.33152376024138563, "q1": 0.26163225000000007, "q2": 0.21691104594330396, "a": 167563732616.23996, "Pp": 418.5866611165583, "rhoplan": 3454.148150645146, "aRp": null, "e": null, "inc": null, "pomega": null, "f": null, "P": 36165887.520470634, "RHill": 2810642652.581024}, "I": {"m": 8.129771465838617e+21, "r": 1189837.2639358693, "msmp": 0.0002698923501971609, "rsrp": 0.09318260246298775, "a": 75006116.2027715, "aRp": 5.874135329478329, "e": 0.0, "inc": 0.029097548385584038, "pomega": 2.5179241450013605, "f": 1.7550691632115798, "P": 91016.37710935288, "RHill": 3360880.8685594737, "spacing": "linear", "period_ratio": NaN}, "II": {"m": 4.293250099937247e+21, "r": 921034.6780794978, "msmp": 0.00014252742089063554, "rsrp": 0.07213121564053954, "a": 90859582.1656133, "aRp": 7.115706140254026, "e": 0.0, "inc": 0.029097548385584038, "pomega": 2.044752974253663, "f": 1.6061427787929816, "P": 121355.16947913717, "RHill": 3290761.8904605797, "spacing": "linear", "period_ratio": 1.3333333333333333}, "III": {"m": 6.576893770116636e+21, "r": 841867.0986006283, "msmp": 0.00021833987881118643, "rsrp": 0.06593117357585085, "a": 219315446.38768932, "aRp": 17.175780818239907, "e": 0.0, "inc": 0.029097548385584038, "pomega": 3.5176789028494175, "f": 2.9936088412244777, "P": 455081.88554676436, "RHill": 9156717.665106181, "spacing": "linear", "period_ratio": 3.75}, "IV": {"m": 6.302856529695106e+21, "r": 797698.3518430883, "msmp": 0.0002092423838607202, "rsrp": 0.06247207971894668, "a": 552638619.4218682, "aRp": 43.28012438351226, "e": 0.0, "inc": 0.029097548385584038, "pomega": 2.6492558510920228, "f": 3.4611245796524814, "P": 1820327.5421870574, "RHill": 22748391.77575046, "spacing": "linear", "period_ratio": 4.0}, "V": {"m": 5.572090555237703e+21, "r": 985738.3799462101, "msmp": 0.00018498239732614395, "rsrp": 0.07719851308673424, "a": 1149525358.2243176, "aRp": 90.02555872406562, "e": 0.0, "inc": 0.029097548385584038, "pomega": 6.020521894998262, "f": 3.1293392168971237, "P": 5460982.626561172, "RHill": 45413844.89947661, "spacing": "linear", "period_ratio": 3.0}}