{"Planet": {"m": 1.6167673196874661e+25, "Rp": 9037143.0, "Rstar": 695700000.0, "RpRstar": 0.01299, "rhostar": 1480.2688155229018, "impact": 0.2733820295813598, "q1": 0.29822521, "q2": 0.23274125618018676, "a": 205039232350.5879, "Pp": 571.964966565901, "rhoplan": 5229.563604267582, "aRp": null, "e": null, "inc": null, "pomega": null, "f": null, "P": 49417773.111293845, "RHill": 2812638949.0147543}, "I": {"m": 3.568831698640727e+22, "r": 1545953.0430926601, "msmp": 0.002207387330992446, "rsrp": 0.17106656861495498, "a": 40547899.26480794, "aRp": 4.4868050959034225, "e": 0.0, "inc": -0.11654728888454984, "pomega": 5.489539638315918, "f": 4.696522350821105, "P": 49331.80248724124, "RHill": 3660615.5693730987, "spacing": "logarithmic", "period_ratio": NaN}, "II": {"m": 8.868006039046653e+22, "r": 2181829.9015182336, "msmp": 0.00548502306489032, "rsrp": 0.24142916644322587, "a": 80639231.81056091, "aRp": 8.923089057079313, "e": 0.0, "inc": -0.11654728888454984, "pomega": 4.73736713979667, "f": 3.359326797897997, "P": 138129.04696427548, "RHill": 9860496.495269557, "spacing": "logarithmic", "period_ratio": 2.8}, "III": {"m": 3.028099623089102e+22, "r": 1367093.3466065223, "msmp": 0.0018729347050845, "rsrp": 0.15127494901945474, "a": 176718073.6180208, "aRp": 19.554639515831585, "e": 0.0, "inc": -0.11654728888454984, "pomega": 4.603521908230588, "f": 3.7030514066615967, "P": 448919.4026338953, "RHill": 15103633.18235344, "spacing": "logarithmic", "period_ratio": 3.25}}