{"Planet": {"m": 2.1615218706291727e+25, "Rp": 10178091.000000002, "Rstar": 765270000.0000001, "RpRstar": 0.013300000000000001, "rhostar": 942.6777187330557, "impact": 0.20410918441936587, "q1": 0.25, "q2": 0.2, "a": 20140387002.71649, "Pp": 19.125569253436776, "rhoplan": 4894.090956104956, "aRp": null, "e": null, "inc": null, "pomega": null, "f": null, "P": 1652449.1834969374, "RHill": 321599451.1169873}, "I": {"m": 1.1327069692357271e+23, "r": 2068176.6856918957, "msmp": 0.005240321574474842, "rsrp": 0.20319887940596082, "a": 31451320.944388174, "aRp": 3.0901001911250514, "e": 0.0, "inc": 0.13330412538734568, "pomega": 4.303783995286827, "f": 0.9061259338886852, "P": 29101.848453180326, "RHill": 3787777.4274852606, "spacing": "logarithmic", "period_ratio": NaN}, "II": {"m": 3.41363744153233e+22, "r": 1595000.2888183284, "msmp": 0.0015792749950472133, "rsrp": 0.1567091794343682, "a": 87723352.50768256, "aRp": 8.618841441649769, "e": 0.0, "inc": 0.13330412538734568, "pomega": 0.12567627377096882, "f": 1.805968054088822, "P": 135808.62611484152, "RHill": 7083165.491915741, "spacing": "logarithmic", "period_ratio": 4.666666666666667}, "III": {"m": 4.189464132789677e+22, "r": 1810441.485789042, "msmp": 0.001938201130285216, "rsrp": 0.177876331208774, "a": 228384494.9472326, "aRp": 22.438834055151656, "e": 0.0, "inc": 0.13330412538734568, "pomega": 1.9925973206387109, "f": 6.24862433189257, "P": 570396.2296823345, "RHill": 19743575.834555287, "spacing": "logarithmic", "period_ratio": 4.2}}