{"Planet": {"m": 4.46724647110081e+25, "Rp": 16707652.92, "Rstar": 876582000.0, "RpRstar": 0.01906, "rhostar": 810.4710304231077, "impact": 0.42596371246578035, "q1": 0.37234403999999993, "q2": 0.25901343821697803, "a": 115838018845.85368, "Pp": 232.07792266954493, "rhoplan": 2286.677775370721, "aRp": null, "e": null, "inc": null, "pomega": null, "f": null, "P": 20051532.518648684, "RHill": 2163163888.422252}, "I": {"m": 5.793843200659545e+22, "r": 1745510.7984218164, "msmp": 0.0012969607202424713, "rsrp": 0.10447372870263194, "a": 57952068.74820486, "aRp": 3.46859424394871, "e": 0.0, "inc": 0.12482097690780528, "pomega": 4.0172420910890185, "f": 5.639094404103371, "P": 50731.65333202996, "RHill": 4381984.1263895845, "spacing": "logarithmic", "period_ratio": NaN}, "II": {"m": 4.6350745605276325e+22, "r": 1526947.5528841913, "msmp": 0.0010375685761939762, "rsrp": 0.09139210397747426, "a": 139634994.79018065, "aRp": 8.357547015058573, "e": 0.0, "inc": 0.12482097690780528, "pomega": 1.2762425601441885, "f": 5.744662474070985, "P": 189768.12679934732, "RHill": 9801505.583714694, "spacing": "logarithmic", "period_ratio": 3.740625710684955}, "III": {"m": 2.0278451202308394e+22, "r": 1497368.7197827084, "msmp": 0.00045393625208486465, "rsrp": 0.08962172765692744, "a": 895872283.6592662, "aRp": 53.62047487752494, "e": 0.0, "inc": 0.12482097690780528, "pomega": 3.08346737697072, "f": 0.12441951103325914, "P": 3084804.542081084, "RHill": 47738705.49456439, "spacing": "logarithmic", "period_ratio": 16.255651537008763}}