{"Planet": {"m": 5.274910430774577e+24, "Rp": 6160353.93, "Rstar": 507861000.0, "RpRstar": 0.01213, "rhostar": 2899.1634284517654, "impact": 0.292217949415141, "q1": 0.39050001, "q2": 0.361577852456393, "a": 200411483367.56894, "Pp": 633.2110705298705, "rhoplan": 5386.535014559969, "aRp": null, "e": null, "inc": null, "pomega": null, "f": null, "P": 54709436.493780814, "RHill": 2072153458.55517}, "I": {"m": 5.02504379965555e+20, "r": 668122.3875112474, "msmp": 9.526311139500551e-05, "rsrp": 0.10845519512403201, "a": 55010559.22661464, "aRp": 8.929772518218712, "e": 0.0, "inc": 0.09734674705842958, "pomega": 2.588302858313103, "f": 0.14955476578745291, "P": 136621.12792104625, "RHill": 1741996.303063701, "spacing": "logarithmic", "period_ratio": NaN}, "II": {"m": 2.79169099980864e+20, "r": 601754.9508681131, "msmp": 5.2923950775003075e-05, "rsrp": 0.09768187959747844, "a": 105197115.59565201, "aRp": 17.076472681765544, "e": 0.0, "inc": 0.09734674705842958, "pomega": 4.156114373605939, "f": 6.260563577900812, "P": 361296.46952553745, "RHill": 2738508.9591283016, "spacing": "logarithmic", "period_ratio": 2.6445138831991764}, "III": {"m": 1.116676399923456e+21, "r": 629668.3412059197, "msmp": 0.0002116958031000123, "rsrp": 0.10221301379122542, "a": 252702772.8074971, "aRp": 41.02082050462596, "e": 0.0, "inc": 0.09734674705842958, "pomega": 0.5360093076331821, "f": 0.5705702829201985, "P": 1345050.2463632775, "RHill": 10442560.620865325, "spacing": "logarithmic", "period_ratio": 3.7228435919388514}, "IV": {"m": 5.862551099598143e+20, "r": 616479.8973203861, "msmp": 0.00011114029662750644, "rsrp": 0.10007215564648347, "a": 522798938.416112, "aRp": 84.86508151263186, "e": 0.0, "inc": 0.09734674705842958, "pomega": 2.733458954518572, "f": 4.542568915451668, "P": 4002647.7757117907, "RHill": 17428156.962660264, "spacing": "logarithmic", "period_ratio": 2.9758351307202666}}