{"Planet": {"m": 6.096055656777516e+26, "Rp": 55450072.800000004, "Rstar": 751356000.0, "RpRstar": 0.0738, "rhostar": 1186.2763979115682, "impact": 0.04608318602524808, "q1": 0.37234403999999993, "q2": 0.25901343821697803, "a": 21004092266.752125, "Pp": 18.661667911647246, "rhoplan": 853.5991071221235, "aRp": null, "e": null, "inc": null, "pomega": null, "f": null, "P": 1612368.107566322, "RHill": 963109976.8862329}, "I": {"m": 2.378292033317196e+24, "r": 5358352.897165902, "msmp": 0.003901362072823337, "rsrp": 0.09663382979662925, "a": 177067340.6620479, "aRp": 3.1932751702725968, "e": 0.0, "inc": 0.10708665827567967, "pomega": 2.6580531902559907, "f": 1.7443866799410472, "P": 73251.19603912182, "RHill": 19327253.029154982, "spacing": "logarithmic", "period_ratio": NaN}}