{"Planet": {"m": 2.7127094343643494e+29, "Rp": 127243530.0, "Rstar": 820926000.0, "RpRstar": 0.155, "rhostar": 840.8748142588672, "impact": 0.4377401437302758, "q1": 0.37234403999999993, "q2": 0.25901343821697803, "a": 70567076845.27568, "Pp": 111.99496950630106, "rhoplan": 31434.571307949278, "aRp": null, "e": null, "inc": null, "pomega": null, "f": null, "P": 9676365.36534441, "RHill": 25358222415.732388}, "I": {"m": 5.562309958786948e+26, "r": 82888039.80930138, "msmp": 0.0020504628650323273, "rsrp": 0.6514126086355934, "a": 2016955302.3954558, "aRp": 15.851142312661837, "e": 0.0, "inc": 0.13777261512142455, "pomega": 1.9643201590402428, "f": 4.321378673614763, "P": 133621.08136096812, "RHill": 177666886.56789452, "spacing": "linear", "period_ratio": NaN}, "II": {"m": 2.781154979393474e+26, "r": 59627886.61055864, "msmp": 0.0010252314325161637, "rsrp": 0.4686123263835783, "a": 3080215113.079318, "aRp": 24.207243488759847, "e": 0.0, "inc": 0.13777261512142455, "pomega": 4.477217253090765, "f": 4.677042528386605, "P": 252304.16891939554, "RHill": 215351516.00380877, "spacing": "linear", "period_ratio": 1.888206309585336}, "III": {"m": 4.867021213938577e+26, "r": 77058555.92540435, "msmp": 0.0017941550069032854, "rsrp": 0.6055990110098671, "a": 5683813939.102599, "aRp": 44.66878543138971, "e": 0.0, "inc": 0.13777261512142455, "pomega": 3.0149738077655424, "f": 0.8520851361671686, "P": 632187.493586975, "RHill": 478871975.0754323, "spacing": "linear", "period_ratio": 2.505656154214963}, "IV": {"m": 5.6318388332717815e+26, "r": 118331230.14691995, "msmp": 0.0020760936508452303, "rsrp": 0.9299587188984773, "a": 10509688194.368122, "aRp": 82.59506942606923, "e": 0.0, "inc": 0.13777261512142455, "pomega": 3.0941498602412527, "f": 3.0627307917985105, "P": 1589314.2012942177, "RHill": 929604876.4693561, "spacing": "linear", "period_ratio": 2.5139918416870155}}