{"Planet": {"m": 1.8689275540670704e+26, "Rp": 40275464.4, "Rstar": 1140948000.0, "RpRstar": 0.0353, "rhostar": 386.72755478466877, "impact": 0.15450093365957918, "q1": 0.29822521, "q2": 0.23274125618018676, "a": 171113595330.59375, "Pp": 406.1884138979997, "rhoplan": 682.9394293046178, "aRp": null, "e": null, "inc": null, "pomega": null, "f": null, "P": 35094678.96078717, "RHill": 5062260544.909156}, "I": {"m": 7.66999664790837e+22, "r": 2287421.797136316, "msmp": 0.0004103956106386944, "rsrp": 0.05679442388096501, "a": 565295422.3332071, "aRp": 14.035726980548663, "e": 0.0, "inc": 0.06299523222769812, "pomega": 3.132481123741398, "f": 0.2180483349926309, "P": 755970.5513414819, "RHill": 29127460.329880763, "spacing": "linear", "period_ratio": NaN}, "II": {"m": 2.1914276136881045e+23, "r": 2642952.2464985596, "msmp": 0.0011725588875391264, "rsrp": 0.06562189377259073, "a": 1121558716.730116, "aRp": 27.847195145690634, "e": 0.0, "inc": 0.06299523222769812, "pomega": 1.1863840243979458, "f": 5.128848732593238, "P": 2111831.807913218, "RHill": 82002385.11172354, "spacing": "linear", "period_ratio": 2.7935371347015288}, "III": {"m": 8.765710454752418e+22, "r": 1604386.5945922341, "msmp": 0.00046902355501565057, "rsrp": 0.03983533445221389, "a": 1817199338.8898273, "aRp": 45.11926469281946, "e": 0.0, "inc": 0.06299523222769812, "pomega": 5.274633210167562, "f": 0.25700797986163126, "P": 4356952.296582666, "RHill": 97894968.26810347, "spacing": "linear", "period_ratio": 2.0631151970799877}}