{"Planet": {"m": 1.6485418418189082e+30, "Rp": 596631276.4499999, "Rstar": 22505895000.0, "RpRstar": 0.026509999999999995, "rhostar": 0.04747153635297332, "impact": 0.158655521513978, "q1": 0.39955040999999997, "q2": 0.3393450403417181, "a": 202139755705.84592, "Pp": 408.8431568548919, "rhoplan": 1853.0763650304232, "aRp": null, "e": null, "inc": null, "pomega": null, "f": null, "P": 35324048.75226266, "RHill": 126039804981.41277}, "I": {"m": 2.8795276772576836e+26, "r": 37181336.45280444, "msmp": 0.00017467119148644567, "rsrp": 0.06231878535439196, "a": 6132427912.67848, "aRp": 10.278421790367542, "e": 0.0, "inc": -0.11773423147016454, "pomega": 4.016613709720164, "f": 1.5690682780305458, "P": 287632.3773413619, "RHill": 237683551.28065807, "spacing": "linear", "period_ratio": NaN}, "II": {"m": 1.2340832902532922e+26, "r": 45795263.81393381, "msmp": 7.485908206561953e-05, "rsrp": 0.07675639146244395, "a": 9734298687.758677, "aRp": 16.31543479530351, "e": 0.0, "inc": -0.11773423147016454, "pomega": 4.078823465236793, "f": 4.012843421507035, "P": 575264.7546827238, "RHill": 284454242.59606975, "spacing": "linear", "period_ratio": 2.0}, "III": {"m": 5.142013709388717e+26, "r": 46980787.933440655, "msmp": 0.0003119128419400813, "rsrp": 0.07874342125169805, "a": 17932148122.5631, "aRp": 30.05566223289651, "e": 0.0, "inc": -0.11773423147016454, "pomega": 4.277391977794924, "f": 3.242447863290996, "P": 1438161.8867068095, "RHill": 843211105.7105031, "spacing": "linear", "period_ratio": 2.5}, "IV": {"m": 1.7825647525880892e+26, "r": 33230063.765866574, "msmp": 0.0001081297852058949, "rsrp": 0.05569614781777433, "a": 45183113134.84597, "aRp": 75.73037974758685, "e": 0.0, "inc": -0.11773423147016454, "pomega": 6.193955152802198, "f": 5.919980875981486, "P": 5752647.546827238, "RHill": 1492510903.4912395, "spacing": "linear", "period_ratio": 4.0}, "V": {"m": 3.290888774008779e+26, "r": 35621654.31726695, "msmp": 0.00019962421884165207, "rsrp": 0.05970463789497999, "a": 65616756594.85441, "aRp": 109.9787409491486, "e": 0.0, "inc": -0.11773423147016454, "pomega": 1.5703250407682554, "f": 2.470795542337247, "P": 10067133.206947666, "RHill": 2658961717.474376, "spacing": "linear", "period_ratio": 1.75}}