{"Planet": {"m": 1.94908466799272e+24, "Rp": 4700914.47, "Rstar": 340893000.0, "RpRstar": 0.013789999999999998, "rhostar": 5991.46539412798, "impact": 0.41500599303525687, "q1": 0.15374241, "q2": 0.16284111196123438, "a": 19679186706.94586, "Pp": 24.645384618524034, "rhoplan": 4479.144231377456, "aRp": null, "e": null, "inc": null, "pomega": null, "f": null, "P": 2129361.2310404764, "RHill": 170772652.7540054}, "I": {"m": 6.56271446660896e+21, "r": 878021.5337418729, "msmp": 0.0033670751067821094, "rsrp": 0.18677675149062495, "a": 17486679.20687609, "aRp": 3.7198462806484742, "e": 0.0, "inc": -0.1436724179734506, "pomega": 3.0149738077655424, "f": 1.6746363479981596, "P": 40215.432663343454, "RHill": 1817263.314172751, "spacing": "logarithmic", "period_ratio": NaN}, "II": {"m": 1.0988731199903377e+22, "r": 1041847.6980324008, "msmp": 0.005637893202053765, "rsrp": 0.2216266015221504, "a": 27779298.086105026, "aRp": 5.909339185680829, "e": 0.0, "inc": -0.1436724179734506, "pomega": 2.1936793586722607, "f": 5.275261591536417, "P": 80430.86532668691, "RHill": 3428097.231476027, "spacing": "logarithmic", "period_ratio": 2.0}}