{"Planet": {"m": 6.094496224395082e+27, "Rp": 57301678.35, "Rstar": 702657000.0, "RpRstar": 0.08155, "rhostar": 1286.2193037268469, "impact": 0.4272768300054961, "q1": 0.37871715999999994, "q2": 0.34367890802729933, "a": 231692991742.46945, "Pp": 724.9513102529465, "rhoplan": 7732.985137471368, "aRp": null, "e": null, "inc": null, "pomega": null, "f": null, "P": 62635793.20585458, "RHill": 23821759109.285667}, "I": {"m": 1.2838257605821607e+25, "r": 6240962.317194391, "msmp": 0.002106533031300038, "rsrp": 0.10891412776907591, "a": 292807206.70009464, "aRp": 5.109923742750104, "e": 0.0, "inc": 0.09839404933985432, "pomega": 3.2594141602500764, "f": 1.3780403418986733, "P": 49308.72762081304, "RHill": 26025401.276573107, "spacing": "logarithmic", "period_ratio": NaN}, "II": {"m": 7.336147203326638e+24, "r": 6286429.829603565, "msmp": 0.0012037331607428797, "rsrp": 0.10970760387166853, "a": 539193468.7639445, "aRp": 9.409732564385603, "e": 0.0, "inc": 0.09839404933985432, "pomega": 6.202124110597311, "f": 2.575735230936006, "P": 123271.8190520326, "RHill": 39769269.42941529, "spacing": "logarithmic", "period_ratio": 2.5}, "III": {"m": 4.501726692950436e+24, "r": 6335050.063517726, "msmp": 0.000738654439546767, "rsrp": 0.11055609968041584, "a": 1121393921.608302, "aRp": 19.570001331528225, "e": 0.0, "inc": 0.09839404933985432, "pomega": 1.1643906764880263, "f": 4.971125009010672, "P": 369815.4571560978, "RHill": 70285361.61873128, "spacing": "logarithmic", "period_ratio": 3.0}}