{"Planet": {"m": 5.729754449449248e+25, "Rp": 19752314.400000002, "Rstar": 779184000.0000001, "RpRstar": 0.025349999999999998, "rhostar": 1123.867844632912, "impact": 0.17965383449986383, "q1": 0.37234403999999993, "q2": 0.25901343821697803, "a": 18149036153.198704, "Pp": 14.58397997793594, "rhoplan": 1774.979870161862, "aRp": null, "e": null, "inc": null, "pomega": null, "f": null, "P": 1260055.870093665, "RHill": 371492890.40642536}, "I": {"m": 5.3846690262676405e+23, "r": 2960983.320529553, "msmp": 0.009397730869226382, "rsrp": 0.14990563943886762, "a": 47545553.050505355, "aRp": 2.4070877005939795, "e": 0.0, "inc": 0.07797165485207189, "pomega": 0.9909574186840893, "f": 2.737229242731701, "P": 33154.516161037915, "RHill": 6956815.512050993, "spacing": "linear", "period_ratio": NaN}}