{"Planet": {"m": 1.3692172025003258e+26, "Rp": 32884347.6, "Rstar": 542646000.0, "RpRstar": 0.0606, "rhostar": 861.5202318169187, "impact": 0.24743169094668982, "q1": 0.40538689000000006, "q2": 0.4132244385110727, "a": 55577304631.43358, "Pp": 153.5698556003313, "rhoplan": 919.2127654281676, "aRp": null, "e": null, "inc": null, "pomega": null, "f": null, "P": 13268435.523868624, "RHill": 2386234984.843034}, "I": {"m": 9.190453036931364e+22, "r": 2469174.2992773256, "msmp": 0.0006712195128828858, "rsrp": 0.07508661352543682, "a": 181138597.0738601, "aRp": 5.508353070500328, "e": 0.0, "inc": 0.16692252862107984, "pomega": 5.12005139342927, "f": 4.592211043591201, "P": 160181.23147882277, "RHill": 10996608.728391549, "spacing": "linear", "period_ratio": NaN}, "II": {"m": 3.1017778999643346e+23, "r": 2491219.656932544, "msmp": 0.0022653658559797394, "rsrp": 0.07575700412960432, "a": 403514683.01238716, "aRp": 12.270721861983576, "e": 0.0, "inc": 0.16692252862107984, "pomega": 4.839164921551155, "f": 0.10996673954959772, "P": 532155.4141819772, "RHill": 36745010.36992275, "spacing": "linear", "period_ratio": 3.3222082841355376}, "III": {"m": 3.4081263345287134e+23, "r": 2291458.207078481, "msmp": 0.002489105693607368, "rsrp": 0.06968233747408999, "a": 827039808.2965348, "aRp": 25.14995335642708, "e": 0.0, "inc": 0.16692252862107984, "pomega": 4.259168918098133, "f": 3.7231596104649514, "P": 1561315.3283918935, "RHill": 77714210.97070688, "spacing": "linear", "period_ratio": 2.933946149532141}}