{"Planet": {"m": 9.428428540498918e+24, "Rp": 7357027.5, "Rstar": 626130000.0, "RpRstar": 0.01175, "rhostar": 1759.8074624414928, "impact": 0.038182406629611365, "q1": 0.37871715999999994, "q2": 0.34367890802729933, "a": 83007416780.48244, "Pp": 158.2573281374711, "rhoplan": 5652.538985044125, "aRp": null, "e": null, "inc": null, "pomega": null, "f": null, "P": 13673433.151077501, "RHill": 997793071.9707274}, "I": {"m": 7.396328886900156e+21, "r": 951802.7254039035, "msmp": 0.0007844710128660284, "rsrp": 0.1293732727523315, "a": 37566951.479521275, "aRp": 5.106267644034397, "e": 0.0, "inc": 0.05681614876729216, "pomega": 3.982681115802002, "f": 1.1467959981600906, "P": 57649.56061137128, "RHill": 2402284.8506162255, "spacing": "logarithmic", "period_ratio": NaN}, "II": {"m": 1.327546210469259e+21, "r": 624619.6971454062, "msmp": 0.00014080248948877434, "rsrp": 0.0849010958767527, "a": 62466635.120153286, "aRp": 8.490743730420103, "e": 0.0, "inc": 0.05681614876729216, "pomega": 1.7977990962937092, "f": 4.82031348048551, "P": 123651.37374340286, "RHill": 2253259.1264079725, "spacing": "logarithmic", "period_ratio": 2.144879725570932}, "III": {"m": 2.37061823298082e+21, "r": 699484.9682965206, "msmp": 0.00025143301694424, "rsrp": 0.09507711753103011, "a": 111838682.9559323, "aRp": 15.20161273774392, "e": 0.0, "inc": 0.05681614876729216, "pomega": 0.842659415634346, "f": 2.7724185993875725, "P": 296203.9355797776, "RHill": 4894320.379830926, "spacing": "logarithmic", "period_ratio": 2.3954763025475962}, "IV": {"m": 6.637731052346297e+21, "r": 1129895.7623435473, "msmp": 0.000704012447443872, "rsrp": 0.1535804728667315, "a": 190068807.38914776, "aRp": 25.83500026187856, "e": 0.0, "inc": 0.05681614876729216, "pomega": 2.3369503107711656, "f": 3.4397596131114168, "P": 656101.1569377773, "RHill": 11723677.884079166, "spacing": "logarithmic", "period_ratio": 2.2150318686804464}, "V": {"m": 5.499834300515505e+21, "r": 936019.4467916908, "msmp": 0.0005833245993106369, "rsrp": 0.12722793910878963, "a": 365069111.05573165, "aRp": 49.62182227207003, "e": 0.0, "inc": 0.05681614876729216, "pomega": 1.693487789063805, "f": 1.6161968806946592, "P": 1746599.58120988, "RHill": 21149727.064317904, "spacing": "logarithmic", "period_ratio": 2.6620888604461377}}