{"Planet": {"m": 2.772398979089121e+25, "Rp": 11956578.48, "Rstar": 647001000.0, "RpRstar": 0.01848, "rhostar": 1507.3041558716739, "impact": 0.03310430662691011, "q1": 0.39904488999999993, "q2": 0.24908975779642237, "a": 133824977288.83383, "Pp": 333.24476082759077, "rhoplan": 3872.098214924354, "aRp": null, "e": null, "inc": null, "pomega": null, "f": null, "P": 28792347.335503843, "RHill": 2348445844.0654073}, "I": {"m": 1.2117219140416433e+22, "r": 1080684.5615154668, "msmp": 0.000437066209871336, "rsrp": 0.09038409803633612, "a": 57410526.0858429, "aRp": 4.801584849869434, "e": 0.0, "inc": -0.053360051238590514, "pomega": 4.8969760074858, "f": 2.1038208229260182, "P": 63524.54225316723, "RHill": 3020880.313548414, "spacing": "logarithmic", "period_ratio": NaN}, "II": {"m": 3.7283751201281325e+21, "r": 999355.1932727061, "msmp": 0.0001344819107296418, "rsrp": 0.0835820376995264, "a": 118972300.85263345, "aRp": 9.950363396321173, "e": 0.0, "inc": -0.053360051238590514, "pomega": 5.8250952892844055, "f": 0.20233880077125982, "P": 189534.69991048393, "RHill": 4226297.511413832, "spacing": "logarithmic", "period_ratio": 2.983645268235428}, "III": {"m": 4.893492345168178e+21, "r": 894742.1552363301, "msmp": 0.000176507507832655, "rsrp": 0.0748326251304236, "a": 167788242.6751055, "aRp": 14.033131882650888, "e": 0.0, "inc": -0.053360051238590514, "pomega": 5.074807934871721, "f": 2.9621897727817355, "P": 317433.7538381802, "RHill": 6525926.352073311, "spacing": "logarithmic", "period_ratio": 1.6748054788284268}, "IV": {"m": 1.817582871062464e+22, "r": 1379848.0023703952, "msmp": 0.0006555993148070036, "rsrp": 0.11540492162356426, "a": 400561280.99495035, "aRp": 33.50132997202979, "e": 0.0, "inc": -0.053360051238590514, "pomega": 2.6241205963378293, "f": 4.190675348892956, "P": 1170604.7374271962, "RHill": 24127262.319404457, "spacing": "logarithmic", "period_ratio": 3.68771349383324}, "V": {"m": 1.7243734930592612e+22, "r": 1281380.4463317995, "msmp": 0.0006219788371245933, "rsrp": 0.10716949238238926, "a": 814801341.7013335, "aRp": 68.1466979089601, "e": 0.0, "inc": -0.053360051238590514, "pomega": 2.554998645763796, "f": 4.9541587120515915, "P": 3396188.019361334, "RHill": 48224735.37859654, "spacing": "logarithmic", "period_ratio": 2.9012252477515315}}