{"Planet": {"m": 5.846847901021657e+27, "Rp": 99451010.7, "Rstar": 1133991000.0, "RpRstar": 0.0877, "rhostar": 371.10202921356955, "impact": 0.17335163761269312, "q1": 0.26163225000000007, "q2": 0.21691104594330396, "a": 30239640486.512592, "Pp": 31.050131230118417, "rhoplan": 1419.0757663237491, "aRp": null, "e": null, "inc": null, "pomega": null, "f": null, "P": 2682731.3382822312, "RHill": 2875454833.392837}, "I": {"m": 2.0808891560143975e+25, "r": 687455.8520134103, "msmp": 0.0035589931382528192, "rsrp": 0.006912507446376412, "a": 123575916.6600477, "aRp": 1.2425808022486764, "e": 0.0, "inc": 0.0352417217699425, "pomega": 1.1134917856107838, "f": 0.8885312555607496, "P": 13792.576955949227, "RHill": 13081849.223354207, "spacing": "linear", "period_ratio": NaN}, "II": {"m": 5.675152243675628e+24, "r": 7216810.663292733, "msmp": 0.0009706344922507685, "rsrp": 0.07256648889233192, "a": 227432917.74772978, "aRp": 2.2868839255318876, "e": 0.0, "inc": 0.0352417217699425, "pomega": 3.273866931733738, "f": 4.258540536729279, "P": 34481.44238987307, "RHill": 15613423.683590809, "spacing": "linear", "period_ratio": 2.5}, "III": {"m": 1.4897274639648522e+25, "r": -198243.99524004798, "msmp": 0.0025479155421582675, "rsrp": -0.0019933834140515977, "a": 430259190.20313257, "aRp": 4.326343062525885, "e": 0.0, "inc": 0.0352417217699425, "pomega": 3.0068048499704294, "f": 4.401183107459328, "P": 89651.75021366998, "RHill": 40745978.02082956, "spacing": "linear", "period_ratio": 2.6}, "IV": {"m": 1.2769092548270161e+25, "r": 8872086.117126424, "msmp": 0.002183927607564229, "rsrp": 0.08921061791809848, "a": 1047610843.3413476, "aRp": 10.533938629357213, "e": 0.0, "inc": 0.0352417217699425, "pomega": 5.818811475595857, "f": 0.14138580799233993, "P": 340676.6508119459, "RHill": 94240803.3348594, "spacing": "linear", "period_ratio": 3.8}}