{"Planet": {"m": 3.3764098696018695e+25, "Rp": 13882832.64, "Rstar": 445248000.0, "RpRstar": 0.031180000000000003, "rhostar": 3495.6241065974873, "impact": 0.062069989142260695, "q1": 0.09235521000000001, "q2": 0.04886475814412636, "a": 179182609983.7787, "Pp": 593.8704900072285, "rhoplan": 3012.536289544604, "aRp": null, "e": null, "inc": null, "pomega": null, "f": null, "P": 51310410.33662454, "RHill": 3686385405.6670847}, "I": {"m": 9.55326714921306e+20, "r": 724300.9425205408, "msmp": 2.829415716149277e-05, "rsrp": 0.05217241764001707, "a": 192253251.0530879, "aRp": 13.848272613987795, "e": 0.0, "inc": 0.06515965694264259, "pomega": 0.25386607301735703, "f": 5.408478441733643, "P": 352820.50799108855, "RHill": 4061927.7550987676, "spacing": "linear", "period_ratio": NaN}, "II": {"m": 2.5620125536525924e+21, "r": 794662.7993936578, "msmp": 7.58797851149124e-05, "rsrp": 0.05724068135086715, "a": 446084320.52045774, "aRp": 32.13208226937595, "e": 0.0, "inc": 0.06515965694264259, "pomega": 2.1302128404179217, "f": 3.6508957530466444, "P": 1246976.8392440104, "RHill": 13094388.973118305, "spacing": "linear", "period_ratio": 3.5343094037932348}, "III": {"m": 7.38207006984645e+20, "r": 617475.6491002329, "msmp": 2.1863666897517123e-05, "rsrp": 0.04447764120710691, "a": 563371364.5276508, "aRp": 40.58043334070263, "e": 0.0, "inc": 0.06515965694264259, "pomega": 0.282143234615825, "f": 0.879105535027927, "P": 1769851.5121272532, "RHill": 10922666.769796835, "spacing": "linear", "period_ratio": 1.4193138608735025}, "IV": {"m": 3.864730801272555e+21, "r": 857313.2553417643, "msmp": 0.00011446272669876616, "rsrp": 0.06175348198548652, "a": 1111067815.317573, "aRp": 80.03178055437346, "e": 0.0, "inc": 0.06515965694264259, "pomega": 4.665103282378363, "f": 0.3273866931733738, "P": 4901572.415639079, "RHill": 37404298.28101034, "spacing": "linear", "period_ratio": 2.7694822882331462}, "V": {"m": 3.12652379428791e+21, "r": 697461.6190694097, "msmp": 9.259905980124905e-05, "rsrp": 0.05023914334743501, "a": 1496022554.1953745, "aRp": 107.76061290870496, "e": 0.0, "inc": 0.06515965694264259, "pomega": 4.433230557270925, "f": 0.9620518757167664, "P": 7658373.283514776, "RHill": 46928129.97810733, "spacing": "linear", "period_ratio": 1.5624319369596131}}