{"Planet": {"m": 5.613569625928343e+24, "Rp": 6291910.800000001, "Rstar": 473076000.00000006, "RpRstar": 0.0133, "rhostar": 3407.5178940874944, "impact": 0.3186643995545291, "q1": 0.39050001, "q2": 0.361577852456393, "a": 19803051318.362144, "Pp": 20.179057389848868, "rhoplan": 5380.254671330407, "aRp": null, "e": null, "inc": null, "pomega": null, "f": null, "P": 1743470.5584829422, "RHill": 212649760.70763108}, "I": {"m": 5.266395485733837e+21, "r": 933966.1198289676, "msmp": 0.000938154478642083, "rsrp": 0.14843918636433426, "a": 30001482.897414513, "aRp": 4.768262591614381, "e": 0.0, "inc": 0.08757192576513204, "pomega": 1.9812864559993235, "f": 1.523824819472997, "P": 53317.270660810376, "RHill": 2036387.4966257752, "spacing": "logarithmic", "period_ratio": NaN}, "II": {"m": 3.9217838723549836e+21, "r": 915639.0591656883, "msmp": 0.0006986256755845295, "rsrp": 0.14552638908448737, "a": 46028956.51840302, "aRp": 7.315576774928694, "e": 0.0, "inc": 0.08757192576513204, "pomega": 1.7758057483837895, "f": 1.560270938866578, "P": 101333.37146035567, "RHill": 2831862.910356838, "spacing": "logarithmic", "period_ratio": 1.9005731201998384}, "III": {"m": 3.361529033447129e+21, "r": 723896.4919214715, "msmp": 0.0005988220076438825, "rsrp": 0.11505193174726372, "a": 98006436.28295836, "aRp": 15.576577513298242, "e": 0.0, "inc": 0.08757192576513204, "pomega": 1.8763467674005647, "f": 4.658819468689814, "P": 314854.09965204145, "RHill": 5727697.813559444, "spacing": "logarithmic", "period_ratio": 3.1071116564519006}}