{"Planet": {"m": 1.6848158012601173e+26, "Rp": 35850116.7, "Rstar": 1342701000.0, "RpRstar": 0.0267, "rhostar": 256.89204715484357, "impact": 0.06589499577116342, "q1": 0.37234403999999993, "q2": 0.25901343821697803, "a": 217296854852.57886, "Pp": 558.6512525684383, "rhoplan": 872.9554816877662, "aRp": null, "e": null, "inc": null, "pomega": null, "f": null, "P": 48267468.22191307, "RHill": 6047902239.738058}, "I": {"m": 8.99303093589877e+22, "r": 2295781.2125582076, "msmp": 0.000533769384710937, "rsrp": 0.0640383190874859, "a": 73107270.723646, "aRp": 2.0392477752700313, "e": 0.0, "inc": 0.054407353520015245, "pomega": 2.943966713084945, "f": 1.7670084092198217, "P": 37027.617929364475, "RHill": 4111857.3493709937, "spacing": "linear", "period_ratio": NaN}, "II": {"m": 3.6501125563353846e+23, "r": 3417113.8556092735, "msmp": 0.002166475737944392, "rsrp": 0.09531667314235753, "a": 152151923.552328, "aRp": 4.24411236441883, "e": 0.0, "inc": 0.054407353520015245, "pomega": 4.558906831041894, "f": 5.118794630691561, "P": 111082.85378809343, "RHill": 13650701.569188543, "spacing": "linear", "period_ratio": 3.0}, "III": {"m": 8.464029116140022e+22, "r": 2336336.7862415924, "msmp": 0.0005023711856102938, "rsrp": 0.06516957269044517, "a": 370304732.2965427, "aRp": 10.329247611529885, "e": 0.0, "inc": 0.054407353520015245, "pomega": 2.43874809252565, "f": 1.2825263738327368, "P": 422114.844394755, "RHill": 20410818.35759415, "spacing": "linear", "period_ratio": 3.8}, "IV": {"m": 1.904406551131505e+23, "r": 2187107.2619899902, "msmp": 0.0011303351676231611, "rsrp": 0.061006977474915444, "a": 933304634.9986808, "aRp": 26.033517346923468, "e": 0.0, "inc": 0.054407353520015245, "pomega": 6.24862433189257, "f": 0.1225343669266946, "P": 1688459.37757902, "RHill": 67409134.49339348, "spacing": "linear", "period_ratio": 4.0}, "V": {"m": 2.645009098793756e+23, "r": 2851106.580742392, "msmp": 0.0015699099550321675, "rsrp": 0.07952851603248455, "a": 2352124466.2091403, "aRp": 65.60995284595936, "e": 0.0, "inc": 0.054407353520015245, "pomega": 2.342605743090859, "f": 0.3361840323373416, "P": 6753837.51031608, "RHill": 189544620.10841456, "spacing": "linear", "period_ratio": 4.0}}