{"Planet": {"m": 1.3411098085858813e+26, "Rp": 32405358.150000002, "Rstar": 1147905000.0, "RpRstar": 0.02823, "rhostar": 442.505396059462, "impact": 0.018731210958284006, "q1": 0.22127616000000003, "q2": 0.19313350340136054, "a": 208784586150.786, "Pp": 507.1518514224145, "rhoplan": 940.8605355362321, "aRp": null, "e": null, "inc": null, "pomega": null, "f": null, "P": 43817919.962896615, "RHill": 5254980636.509853}, "I": {"m": 8.042251409899987e+23, "r": 3774886.4436105853, "msmp": 0.005996713586324487, "rsrp": 0.1164895763884833, "a": 768347934.7968267, "aRp": 23.710521304540084, "e": 0.0, "inc": 0.11033329534809636, "pomega": 0.21741995362377609, "f": 2.000137897064969, "P": 1410208.8913091924, "RHill": 96788095.78480142, "spacing": "logarithmic", "period_ratio": NaN}}