{"Planet": {"m": 1.0033751429483271e+25, "Rp": 7616384.46, "Rstar": 466119000.0, "RpRstar": 0.01634, "rhostar": 3140.5208828414475, "impact": 0.052108439195654666, "q1": 0.40411449000000005, "q2": 0.2892873997168476, "a": 137628622408.7809, "Pp": 393.7625567796093, "rhoplan": 5421.608503383759, "aRp": null, "e": null, "inc": null, "pomega": null, "f": null, "P": 34021084.90575825, "RHill": 1870520847.3307312}, "I": {"m": 1.1302544511127114e+22, "r": 1046841.2512810135, "msmp": 0.0011264525128573157, "rsrp": 0.13744595703891416, "a": 25828335.627541266, "aRp": 3.3911543939499698, "e": 0.0, "inc": -0.15079407348713883, "pomega": 2.8616487537649604, "f": 5.130105495330947, "P": 31852.644975731648, "RHill": 1863346.5446970938, "spacing": "logarithmic", "period_ratio": NaN}, "II": {"m": 2.32699445817323e+22, "r": 1239909.1912200833, "msmp": 0.0023191669382356507, "rsrp": 0.1627949846455208, "a": 73524082.26610889, "aRp": 9.653410046754505, "e": 0.0, "inc": -0.15079407348713883, "pomega": 5.5649454025785, "f": 2.164773815704938, "P": 152892.69588351191, "RHill": 6747867.264643299, "spacing": "logarithmic", "period_ratio": 4.8}, "III": {"m": 5.651272255563557e+21, "r": 838033.3464261505, "msmp": 0.0005632262564286578, "rsrp": 0.11003033668105437, "a": 169390016.05679545, "aRp": 22.240213443321302, "e": 0.0, "inc": -0.15079407348713883, "pomega": 3.9581742424166633, "f": 3.9581742424166633, "P": 535124.4355922916, "RHill": 9699328.947616765, "spacing": "logarithmic", "period_ratio": 3.5}, "IV": {"m": 2.0610522343820054e+22, "r": 1179408.43271126, "msmp": 0.0020541192881515778, "rsrp": 0.15485148352283412, "a": 402980758.1976196, "aRp": 52.90971855662071, "e": 0.0, "inc": -0.15079407348713883, "pomega": 2.8082363374122985, "f": 2.3752815742713107, "P": 1962122.9305050692, "RHill": 35518322.39470753, "spacing": "logarithmic", "period_ratio": 3.6666666666666665}, "V": {"m": 1.0637688951649054e+22, "r": 995846.8761298677, "msmp": 0.0010601906003362977, "rsrp": 0.13075060500948868, "a": 722129037.2016958, "aRp": 94.81257688529234, "e": 0.0, "inc": -0.15079407348713883, "pomega": 2.9766425442653968, "f": 2.228240333959277, "P": 4709095.033212166, "RHill": 51054697.43798971, "spacing": "logarithmic", "period_ratio": 2.4}}