{"Planet": {"m": 7.503089287612524e+25, "Rp": 22966448.4, "Rstar": 973979999.9999999, "RpRstar": 0.02358, "rhostar": 472.66670494275655, "impact": 0.19945853629369725, "q1": 0.3848961600000001, "q2": 0.36355577047066406, "a": 43954891510.75368, "Pp": 60.64825472838487, "rhoplan": 1478.6656561003547, "aRp": null, "e": null, "inc": null, "pomega": null, "f": null, "P": 5240009.208532453, "RHill": 1051031147.312551}, "I": {"m": 9.505573632744353e+22, "r": 1901274.8045414835, "msmp": 0.001266887980186761, "rsrp": 0.0827848856482957, "a": 63092201.41991563, "aRp": 2.7471466341271835, "e": 0.0, "inc": 0.039535661123783955, "pomega": 1.181356973447107, "f": 3.309684669758464, "P": 44467.78976937671, "RHill": 4733488.5921059875, "spacing": "logarithmic", "period_ratio": NaN}, "II": {"m": 3.872641109636589e+22, "r": 1822756.8883432688, "msmp": 0.0005161395474834952, "rsrp": 0.07936607596424308, "a": 120939250.56313497, "aRp": 5.2659100117166995, "e": 0.0, "inc": 0.039535661123783955, "pomega": 3.83186958727684, "f": 5.5347830968734675, "P": 118058.10541023345, "RHill": 6726398.095408408, "spacing": "logarithmic", "period_ratio": 2.6549128261718917}, "III": {"m": 1.4434389590463641e+23, "r": 2119554.9707662906, "msmp": 0.0019237928588021174, "rsrp": 0.0922891922098974, "a": 246844970.69968706, "aRp": 10.748068939544309, "e": 0.0, "inc": 0.039535661123783955, "pomega": 4.218324129122569, "f": 3.960059386523228, "P": 344013.9303002448, "RHill": 21286453.041498393, "spacing": "logarithmic", "period_ratio": 2.913937413317368}, "IV": {"m": 2.4292021505902236e+23, "r": 2699090.359764614, "msmp": 0.0032376026160328333, "rsrp": 0.11752319351931727, "a": 443335308.72887933, "aRp": 19.303607636994467, "e": 0.0, "inc": 0.039535661123783955, "pomega": 2.510383568575102, "f": 6.163792847097167, "P": 827472.4255913615, "RHill": 45474341.32492236, "spacing": "logarithmic", "period_ratio": 2.4053456930339094}}