{"Planet": {"m": 1.1130210497311204e+25, "Rp": 7775143.2, "Rstar": 556560000.0, "RpRstar": 0.01397, "rhostar": 2065.107164512977, "impact": 0.07873837891931834, "q1": 0.39904488999999993, "q2": 0.24908975779642237, "a": 23090933274.12805, "Pp": 25.576451268112447, "rhoplan": 5653.137895291804, "aRp": null, "e": null, "inc": null, "pomega": null, "f": null, "P": 2209805.3895649156, "RHill": 312881440.7474308}, "I": {"m": 6.856694403632559e+22, "r": 1804337.0773696457, "msmp": 0.006160435514933859, "rsrp": 0.23206480330415594, "a": 43703961.94164868, "aRp": 5.620984825288964, "e": 0.0, "inc": 0.1452782814716352, "pomega": 1.983171600105888, "f": 2.3847072948041337, "P": 66400.73911854501, "RHill": 5555001.702449059, "spacing": "linear", "period_ratio": NaN}, "II": {"m": 1.4999019007946227e+22, "r": 1099827.3686110768, "msmp": 0.001347595268891782, "rsrp": 0.14145429097834195, "a": 98227208.06209207, "aRp": 12.633491825860142, "e": 0.0, "inc": 0.1452782814716352, "pomega": 0.7502873544126839, "f": 1.2561343563408334, "P": 224274.85688422454, "RHill": 7522771.567253492, "spacing": "linear", "period_ratio": 3.3775957897671502}}