{"Planet": {"m": 6.357511606053918e+24, "Rp": 6447191.04, "Rstar": 445248000.0, "RpRstar": 0.01448, "rhostar": 3226.7299445515264, "impact": 0.011099937233324475, "q1": 0.28601104000000005, "q2": 0.22690725504861628, "a": 77939032377.16573, "Pp": 177.32339639794355, "rhoplan": 5663.526471678892, "aRp": null, "e": null, "inc": null, "pomega": null, "f": null, "P": 15320741.448782323, "RHill": 943896969.5161378}, "I": {"m": 5.189716264078776e+21, "r": 950067.2064590057, "msmp": 0.0008163125111933554, "rsrp": 0.14736141686581786, "a": 66010722.90373556, "aRp": 10.238679526353163, "e": 0.0, "inc": 0.14286948622435833, "pomega": 3.6798012960139674, "f": 1.9372997601794846, "P": 163522.67060877377, "RHill": 4277528.267623844, "spacing": "linear", "period_ratio": NaN}, "II": {"m": 4.5862608845347367e+21, "r": 784088.8358010512, "msmp": 0.0007213924517522683, "rsrp": 0.12161712456422746, "a": 152164305.41128954, "aRp": 23.601643640962987, "e": 0.0, "inc": 0.14286948622435833, "pomega": 3.474320588398433, "f": 5.68685138813634, "P": 572329.3471307082, "RHill": 9462289.566493737, "spacing": "linear", "period_ratio": 3.5}, "III": {"m": 5.129370726124378e+21, "r": 1013454.7216153315, "msmp": 0.0008068205052492476, "rsrp": 0.15719322032302172, "a": 280297022.58726716, "aRp": 43.475836352332934, "e": 0.0, "inc": 0.14286948622435833, "pomega": 5.492053163791338, "f": 1.5659263711862716, "P": 1430823.3678267705, "RHill": 18092713.607437234, "spacing": "linear", "period_ratio": 2.5}, "IV": {"m": 2.2327849043129635e+21, "r": 705917.1164779784, "msmp": 0.00035120421993202526, "rsrp": 0.10949219778013254, "a": 666397745.5058427, "aRp": 103.36249404916698, "e": 0.0, "inc": 0.14286948622435833, "pomega": 2.8641622792403796, "f": 5.7980748904236465, "P": 5246352.348698159, "RHill": 32599655.40838399, "spacing": "linear", "period_ratio": 3.6666666666666665}}