{"Planet": {"m": 4.950345491754731e+29, "Rp": 195991212.60000005, "Rstar": 1544454000.0000002, "RpRstar": 0.1269, "rhostar": 182.97034712914936, "impact": 0.11253352965277041, "q1": 0.26811684, "q2": 0.2210312862108922, "a": 81909896132.21758, "Pp": 114.54915921746951, "rhoplan": 15697.73889340726, "aRp": null, "e": null, "inc": null, "pomega": null, "f": null, "P": 9897047.356389366, "RHill": 31786524265.19579}, "I": {"m": 3.4792334372053276e+27, "r": 84131374.21595074, "msmp": 0.007028263871683947, "rsrp": 0.4292609505287112, "a": 14116974332.296173, "aRp": 72.02860855352537, "e": 0.0, "inc": 0.01656483108453463, "pomega": 4.1077290082041165, "f": 3.496313936308353, "P": 1827051.7943883846, "RHill": 1874924969.9628549, "spacing": "linear", "period_ratio": NaN}}