{"Planet": {"m": 4.560872403498204e+25, "Rp": 16735063.5, "Rstar": 591345000.0, "RpRstar": 0.0283, "rhostar": 1744.649161772798, "impact": 0.40336927258087873, "q1": 0.37871715999999994, "q2": 0.34367890802729933, "a": 214463401813.60947, "Pp": 719.1620221492898, "rhoplan": 2323.149825262989, "aRp": null, "e": null, "inc": null, "pomega": null, "f": null, "P": 62135598.71369864, "RHill": 4629729089.450948}, "I": {"m": 2.926159699021889e+22, "r": 1466265.292426582, "msmp": 0.0006415789437076809, "rsrp": 0.08761635666494973, "a": 53457593.24867971, "aRp": 3.19434660338634, "e": 0.0, "inc": 0.12939419687002665, "pomega": 5.1973423017984155, "f": 3.6175915404973376, "P": 44496.70742673261, "RHill": 3196826.14209851, "spacing": "logarithmic", "period_ratio": NaN}, "II": {"m": 1.9202923024831157e+22, "r": 1428728.0019390981, "msmp": 0.00042103618180816576, "rsrp": 0.08537332421470036, "a": 111188105.06565684, "aRp": 6.6440205061460835, "e": 0.0, "inc": 0.12939419687002665, "pomega": 1.395006638857754, "f": 5.874737417423938, "P": 133490.12228019783, "RHill": 5778179.778612249, "spacing": "logarithmic", "period_ratio": 3.0}, "III": {"m": 6.949629285176988e+22, "r": 2016492.9897504754, "msmp": 0.0015237499913057424, "rsrp": 0.12049509042797928, "a": 264483608.45893508, "aRp": 15.80415924080211, "e": 0.0, "inc": 0.12939419687002665, "pomega": 6.113522337588779, "f": 5.443667798389515, "P": 489463.7816940587, "RHill": 21102289.753776625, "spacing": "logarithmic", "period_ratio": 3.6666666666666665}}