{"Planet": {"m": 1.7029068671486928e+25, "Rp": 9030742.56, "Rstar": 779184000.0000001, "RpRstar": 0.01159, "rhostar": 1053.6261043433549, "impact": 0.3750250584302762, "q1": 0.37234403999999993, "q2": 0.25901343821697803, "a": 168414946318.3925, "Pp": 425.7795856644837, "rhoplan": 5519.90878954305, "aRp": null, "e": null, "inc": null, "pomega": null, "f": null, "P": 36787356.20141139, "RHill": 2350564153.252178}, "I": {"m": 3.995553671196381e+22, "r": 1692583.617667925, "msmp": 0.0023463136759125543, "rsrp": 0.18742463384626978, "a": 166629023.94384477, "aRp": 18.451309273491763, "e": 0.0, "inc": -0.07507411854013012, "pomega": 1.6884607381129662, "f": 3.04450773210172, "P": 400404.2097788912, "RHill": 15352257.854090285, "spacing": "linear", "period_ratio": NaN}, "II": {"m": 3.4079722489616202e+22, "r": 1397190.7198247144, "msmp": 0.002001267547101885, "rsrp": 0.15471493186100904, "a": 308581198.7801226, "aRp": 34.17008033723891, "e": 0.0, "inc": -0.07507411854013012, "pomega": 3.4762057325049978, "f": 4.568332551574717, "P": 1009256.6402080724, "RHill": 26962744.3898384, "spacing": "linear", "period_ratio": 2.5205944781784337}, "III": {"m": 3.760521102302477e+22, "r": 1335840.8785044644, "msmp": 0.002208295224388287, "rsrp": 0.1479214881422181, "a": 1083822292.7599359, "aRp": 120.0147480186763, "e": 0.0, "inc": -0.07507411854013012, "pomega": 5.654803938324743, "f": 2.762364497485895, "P": 6642624.1643626485, "RHill": 97859585.62633972, "spacing": "linear", "period_ratio": 6.581699737931056}}