{"Planet": {"m": 2.3971133085870076e+26, "Rp": 44822559.6, "Rstar": 542646000.0, "RpRstar": 0.0826, "rhostar": 2495.437912849006, "impact": 0.048788259223059405, "q1": 0.39904488999999993, "q2": 0.24908975779642237, "a": 140732499413.11124, "Pp": 363.606053510056, "rhoplan": 635.4918623659402, "aRp": null, "e": null, "inc": null, "pomega": null, "f": null, "P": 31415563.023268837, "RHill": 5108833764.367318}, "I": {"m": 3.084604646008318e+23, "r": 3118694.3582564346, "msmp": 0.001286799683168317, "rsrp": 0.06957867614183359, "a": 166744693.38059747, "aRp": 3.7201064568520863, "e": 0.0, "inc": 0.1578808189247796, "pomega": 5.541066910562016, "f": 4.020383997933293, "P": 106888.63026927524, "RHill": 12575210.155209787, "spacing": "logarithmic", "period_ratio": NaN}, "II": {"m": 3.71554650541911e+23, "r": 2922232.5226285513, "msmp": 0.0015500087092709274, "rsrp": 0.06519557447648641, "a": 320678043.87649226, "aRp": 7.154389368618125, "e": 0.0, "inc": 0.1578808189247796, "pomega": 0.7773077532734423, "f": 2.6630802412068295, "P": 285036.34738473396, "RHill": 25731998.672236532, "spacing": "logarithmic", "period_ratio": 2.6666666666666665}}