{"Planet": {"m": 2.2068237141348315e+25, "Rp": 10387496.700000001, "Rstar": 375678000.0, "RpRstar": 0.027650000000000004, "rhostar": 4745.105591646273, "impact": 0.11683339771988877, "q1": 0.15888196000000002, "q2": 0.16821374811841444, "a": 149973860404.0042, "Pp": 503.6063329684455, "rhoplan": 4700.524670443724, "aRp": null, "e": null, "inc": null, "pomega": null, "f": null, "P": 43511587.16847369, "RHill": 2866182058.2294044}, "I": {"m": 3.1068668497224e+22, "r": 1414507.7604532691, "msmp": 0.0014078455065634563, "rsrp": 0.136174075555015, "a": 72179422.3825525, "aRp": 6.948683062643235, "e": 0.0, "inc": 0.09636926492909983, "pomega": 5.872852273317373, "f": 1.9925973206387109, "P": 100324.68252740036, "RHill": 5609075.903758821, "spacing": "logarithmic", "period_ratio": NaN}, "II": {"m": 1.0628755012208212e+22, "r": 1085830.0668525042, "msmp": 0.0004816313575085509, "rsrp": 0.10453241028249896, "a": 154623075.95683026, "aRp": 14.885499405918488, "e": 0.0, "inc": 0.09636926492909983, "pomega": 3.8727143762524046, "f": 0.6063880209449246, "P": 314702.424325432, "RHill": 8403730.990714805, "spacing": "logarithmic", "period_ratio": 3.136839473571037}, "III": {"m": 1.471673770921137e+22, "r": 1216072.7983212115, "msmp": 0.000666874187319532, "rsrp": 0.11707082403416902, "a": 391829090.5063548, "aRp": 37.72122406607886, "e": 0.0, "inc": 0.09636926492909983, "pomega": 2.315585344230101, "f": 5.874109036055083, "P": 1269385.2219376562, "RHill": 23735819.299719173, "spacing": "logarithmic", "period_ratio": 4.03360484005993}, "IV": {"m": 2.1257510024416424e+22, "r": 1464461.050652026, "msmp": 0.0009632627150171018, "rsrp": 0.14098305808867556, "a": 702187286.911356, "aRp": 67.59927893997366, "e": 0.0, "inc": 0.09636926492909983, "pomega": 4.952273567945027, "f": 2.2408079613363743, "P": 3044833.574051618, "RHill": 48083284.66492693, "spacing": "logarithmic", "period_ratio": 2.3986678916931337}}