{"Planet": {"m": 7.986844881753994e+24, "Rp": 6952269.24, "Rstar": 598302000.0, "RpRstar": 0.01162, "rhostar": 2016.960204950269, "impact": 0.3091168620701098, "q1": 0.39050001, "q2": 0.361577852456393, "a": 194511018258.1406, "Pp": 567.6817927072804, "rhoplan": 5674.229437314585, "aRp": null, "e": null, "inc": null, "pomega": null, "f": null, "P": 49047706.88990902, "RHill": 2212312321.5607657}, "I": {"m": 1.8835010662889077e+22, "r": 1360625.638187019, "msmp": 0.0023582542220042108, "rsrp": 0.19570957211476162, "a": 61036563.9594109, "aRp": 8.779372871268562, "e": 0.0, "inc": -0.06645132975639977, "pomega": 0.7113277095436835, "f": 4.448311710123441, "P": 129617.31228922086, "RHill": 5633087.955814807, "spacing": "logarithmic", "period_ratio": NaN}, "II": {"m": 1.040142379890889e+22, "r": 1149212.0768238702, "msmp": 0.0013023194957336682, "rsrp": 0.16530028356955148, "a": 158831640.3335741, "aRp": 22.84601399205507, "e": 0.0, "inc": -0.06645132975639977, "pomega": 3.882140096785227, "f": 3.1381365560610917, "P": 544392.7116147276, "RHill": 12026403.85111339, "spacing": "logarithmic", "period_ratio": 4.2}, "III": {"m": 1.3212619420235618e+22, "r": 1141292.2558309154, "msmp": 0.0016542977378238488, "rsrp": 0.1641611129305049, "a": 443600902.03852975, "aRp": 63.80663445631023, "e": 0.0, "inc": -0.06645132975639977, "pomega": 5.586938750488419, "f": 4.925253169084268, "P": 2540499.320868729, "RHill": 36376694.06958345, "spacing": "logarithmic", "period_ratio": 4.666666666666667}, "IV": {"m": 3.373434745592074e+21, "r": 800826.8511676688, "msmp": 0.0004223738905082169, "rsrp": 0.11518927468460194, "a": 1117345781.9979236, "aRp": 160.71670175965792, "e": 0.0, "inc": -0.06645132975639977, "pomega": 5.586310369119564, "f": 1.140512184471542, "P": 10161997.283474917, "RHill": 58127216.98242071, "spacing": "logarithmic", "period_ratio": 4.0}}