{"Planet": {"m": 4.754052117246043e+25, "Rp": 17443981.8, "Rstar": 876582000.0, "RpRstar": 0.0199, "rhostar": 732.947714469593, "impact": 0.4041108022465941, "q1": 0.37234403999999993, "q2": 0.25901343821697803, "a": 31432929102.8936, "Pp": 34.49577660667412, "rhoplan": 2138.1514032256164, "aRp": null, "e": null, "inc": null, "pomega": null, "f": null, "P": 2980435.098816644, "RHill": 619706423.3187566}, "I": {"m": 1.3493159118283837e+23, "r": 2423140.000838859, "msmp": 0.0028382438361025455, "rsrp": 0.13890979872719536, "a": 97638621.84530178, "aRp": 5.59726689495295, "e": 0.0, "inc": 0.1397624894561316, "pomega": 5.275889972905271, "f": 0.3600625243538257, "P": 107463.76564426375, "RHill": 9585125.208105687, "spacing": "linear", "period_ratio": NaN}, "II": {"m": 3.7480997550788444e+22, "r": 1677523.1544052335, "msmp": 0.0007884010655840406, "rsrp": 0.09616629813298896, "a": 245866161.0544824, "aRp": 14.094612335268682, "e": 0.0, "inc": 0.1397624894561316, "pomega": 6.074562692719779, "f": 1.476067835440029, "P": 429855.062577055, "RHill": 15748556.136524428, "spacing": "linear", "period_ratio": 4.0}, "III": {"m": 2.5112268359028252e+23, "r": 2786850.46314001, "msmp": 0.005282287139413071, "rsrp": 0.15975999603141122, "a": 620469841.1302624, "aRp": 35.56927817536833, "e": 0.0, "inc": 0.1397624894561316, "pomega": 2.9489937640357837, "f": 0.7892469992816843, "P": 1719420.25030822, "RHill": 74923995.13706578, "spacing": "linear", "period_ratio": 4.0}}