{"Planet": {"m": 1.4125626333681956e+26, "Rp": 33854431.68000001, "Rstar": 953109000.0000001, "RpRstar": 0.03552, "rhostar": 619.538119218755, "impact": 0.4997878462796681, "q1": 0.379456, "q2": 0.25681818181818183, "a": 70240638552.85583, "Pp": 110.54525675507429, "rhoplan": 869.1055463847417, "aRp": null, "e": null, "inc": null, "pomega": null, "f": null, "P": 9551110.183638418, "RHill": 1936522226.957807}, "I": {"m": 6.4309229154490774e+22, "r": 1541000.2995906232, "msmp": 0.00045526639056809925, "rsrp": 0.045518421758088214, "a": 113209764.03200911, "aRp": 3.3440160833918062, "e": 0.0, "inc": -0.01164251036183836, "pomega": 3.46740839334103, "f": 2.672505961739652, "P": 77929.18604287023, "RHill": 6038540.689198773, "spacing": "logarithmic", "period_ratio": NaN}, "II": {"m": 3.2154614577245387e+22, "r": 1514088.7015593066, "msmp": 0.00022763319528404963, "rsrp": 0.04472350077741155, "a": 169297024.968547, "aRp": 5.000734514428776, "e": 0.0, "inc": -0.01164251036183836, "pomega": 4.774441640559106, "f": 5.820068238333566, "P": 142527.1874121429, "RHill": 7167275.630209294, "spacing": "logarithmic", "period_ratio": 1.828932068323364}, "III": {"m": 9.646384373173617e+22, "r": 1947531.445694577, "msmp": 0.000682899585852149, "rsrp": 0.05752663238015923, "a": 944189829.4111689, "aRp": 27.88969663812028, "e": 0.0, "inc": -0.01164251036183836, "pomega": 5.88541990069447, "f": 5.789905932628534, "P": 1876782.250818654, "RHill": 57650690.88091394, "spacing": "logarithmic", "period_ratio": 13.167889473547259}}