{"Planet": {"m": 1.6502297755274413e+26, "Rp": 36189061.74, "Rstar": 542646000.0, "RpRstar": 0.06669, "rhostar": 2495.437912849006, "impact": 0.4700980996082216, "q1": 0.39904488999999993, "q2": 0.24908975779642237, "a": 103630596669.59154, "Pp": 229.7635912167746, "rhoplan": 831.2350342382573, "aRp": null, "e": null, "inc": null, "pomega": null, "f": null, "P": 19851574.281129327, "RHill": 3321752888.143011}, "I": {"m": 4.085241166655359e+21, "r": 932405.4604486224, "msmp": 2.4755589962310835e-05, "rsrp": 0.025764842071548614, "a": 135253395.2646624, "aRp": 3.737410940255629, "e": 0.0, "inc": 0.03520681169389503, "pomega": 2.033442109614276, "f": 2.2269835712215675, "P": 94171.97648985103, "RHill": 2733162.9064145647, "spacing": "logarithmic", "period_ratio": NaN}, "II": {"m": 3.472454991657053e+22, "r": 1616800.8454311548, "msmp": 0.00021042251467964196, "rsrp": 0.0446765063169376, "a": 177787172.4997694, "aRp": 4.9127322995296145, "e": 0.0, "inc": 0.03520681169389503, "pomega": 1.016092673438283, "f": 2.7479117260022337, "P": 141908.93597690883, "RHill": 7332027.304240875, "spacing": "logarithmic", "period_ratio": 1.5069125791599207}, "III": {"m": 1.3889819966628214e+22, "r": 1203002.944998306, "msmp": 8.41690058718568e-05, "rsrp": 0.03324217006899129, "a": 448260968.7013421, "aRp": 12.386642459035526, "e": 0.0, "inc": 0.03520681169389503, "pomega": 1.2071206095701557, "f": 3.90978887701484, "P": 568176.0310635405, "RHill": 13620965.919788254, "spacing": "logarithmic", "period_ratio": 4.003807280719751}, "IV": {"m": 9.39605468330732e+21, "r": 1157883.645370457, "msmp": 5.6937856913314883e-05, "rsrp": 0.03199540385128694, "a": 1257329468.965047, "aRp": 34.74335637652945, "e": 0.0, "inc": 0.03520681169389503, "pomega": 4.216438985016004, "f": 5.003172458822269, "P": 2669107.559739657, "RHill": 33538403.22705325, "spacing": "logarithmic", "period_ratio": 4.697677152525226}}