{"Planet": {"m": 1.6506520289271766e+25, "Rp": 9082363.499999998, "Rstar": 243494999.99999997, "RpRstar": 0.0373, "rhostar": 10850.783487381543, "impact": 0.34169926440291254, "q1": 0.11235904, "q2": 0.15244630071599044, "a": 158275681905.79633, "Pp": 691.941161823217, "rhoplan": 5259.812734342801, "aRp": null, "e": null, "inc": null, "pomega": null, "f": null, "P": 59783716.381525956, "RHill": 3215528291.147411}, "I": {"m": 4.236962800896485e+21, "r": 953531.0420530493, "msmp": 0.0002566841906498157, "rsrp": 0.10498710407847578, "a": 60779623.476576865, "aRp": 6.692049209060712, "e": 0.0, "inc": -0.012270891730693206, "pomega": 2.7969254727729114, "f": 6.239826992728602, "P": 89687.21088081885, "RHill": 2678247.0019960087, "spacing": "logarithmic", "period_ratio": NaN}, "II": {"m": 5.777676546677022e+21, "r": 912075.4891703707, "msmp": 0.0003500238963406576, "rsrp": 0.10042270265557758, "a": 104231332.3466109, "aRp": 11.47623439059788, "e": 0.0, "inc": -0.012270891730693206, "pomega": 2.1440372305327284, "f": 3.8482075028670657, "P": 201405.2012333171, "RHill": 5093196.546647336, "spacing": "logarithmic", "period_ratio": 2.2456401448469063}, "III": {"m": 2.1184814004482412e+22, "r": 1289245.6437515563, "msmp": 0.0012834209532490777, "rsrp": 0.14195045637091672, "a": 188242176.68105268, "aRp": 20.72612230077036, "e": 0.0, "inc": -0.012270891730693206, "pomega": 2.504728136255409, "f": 0.005027050950838753, "P": 488591.75381608406, "RHill": 14184027.33560973, "spacing": "logarithmic", "period_ratio": 2.425914280386815}, "IV": {"m": 1.694785120358594e+22, "r": 1146813.4106966776, "msmp": 0.0010267367625992627, "rsrp": 0.12626816914965777, "a": 540446659.1248538, "aRp": 59.505068160380716, "e": 0.0, "inc": -0.012270891730693206, "pomega": 2.4946740343537313, "f": 4.35468288616407, "P": 2377144.9133176585, "RHill": 37803509.745319635, "spacing": "logarithmic", "period_ratio": 4.865298881430702}, "V": {"m": 2.734766898760457e+22, "r": 1540811.0687771558, "msmp": 0.0016567797760124459, "rsrp": 0.16964868987870352, "a": 779945172.5832819, "aRp": 85.87469248321564, "e": 0.0, "inc": -0.012270891730693206, "pomega": 1.5458181673829166, "f": 3.2349072868647375, "P": 4119892.513689422, "RHill": 63989971.6358836, "spacing": "logarithmic", "period_ratio": 1.7331263612109793}}