{"Planet": {"m": 3.944499146148222e+25, "Rp": 15300112.68, "Rstar": 1036593000.0, "RpRstar": 0.01476, "rhostar": 498.629934874995, "impact": 0.24944925395757978, "q1": 0.26163225000000007, "q2": 0.21691104594330396, "a": 202181182681.17673, "Pp": 530.5481387309609, "rhoplan": 2629.174244805884, "aRp": null, "e": null, "inc": null, "pomega": null, "f": null, "P": 45839359.18635502, "RHill": 3601363946.651899}, "I": {"m": 4.30831934916046e+22, "r": 1779395.460190891, "msmp": 0.0010922348286898495, "rsrp": 0.1162995003636072, "a": 154446352.6114121, "aRp": 10.094458507701141, "e": 0.0, "inc": -0.0223599037084182, "pomega": 0.17594678327935637, "f": 0.47631307759197183, "P": 234914.87187431968, "RHill": 11028317.107005807, "spacing": "linear", "period_ratio": NaN}, "II": {"m": 7.568669126903513e+22, "r": 1304318.918886128, "msmp": 0.001918790915265952, "rsrp": 0.08524897470795151, "a": 389287501.49757975, "aRp": 25.443440165407967, "e": 0.0, "inc": -0.0223599037084182, "pomega": 2.5908163837885225, "f": 1.6432172795554174, "P": 939659.4874972787, "RHill": 33540736.393441338, "spacing": "linear", "period_ratio": 4.0}, "III": {"m": 1.3972927618898794e+22, "r": 1275085.2002835623, "msmp": 0.0003542383228183297, "rsrp": 0.08333828821733634, "a": 668086307.1968763, "aRp": 43.66545012901672, "e": 0.0, "inc": -0.0223599037084182, "pomega": 2.688843877329878, "f": 6.073305929982069, "P": 2114233.8468688773, "RHill": 32776104.340326123, "spacing": "linear", "period_ratio": 2.25}, "IV": {"m": 5.705612111050339e+22, "r": 2023607.4409485064, "msmp": 0.0014464731515081788, "rsrp": 0.1322609501820026, "a": 1311834379.2056797, "aRp": 85.74017764721977, "e": 0.0, "inc": -0.0223599037084182, "pomega": 5.410363585840208, "f": 3.350529458734029, "P": 5814143.078889413, "RHill": 102866836.1001211, "spacing": "linear", "period_ratio": 2.75}}