{"Planet": {"m": 2.1171499867808565e+25, "Rp": 10144975.68, "Rstar": 1363572000.0, "RpRstar": 0.0074399999999999996, "rhostar": 222.80761934413425, "impact": 0.4386597495512138, "q1": 0.379456, "q2": 0.25681818181818183, "a": 221850824975.6534, "Pp": 604.6811875243998, "rhoplan": 4840.72026119175, "aRp": null, "e": null, "inc": null, "pomega": null, "f": null, "P": 52244454.60210814, "RHill": 3193401668.8653007}, "I": {"m": 2.036857647850789e+23, "r": 2374555.4853069205, "msmp": 0.009620752712696785, "rsrp": 0.23406221564317448, "a": 961068432.1291811, "aRp": 94.73343874286954, "e": 0.0, "inc": -0.16053398470438893, "pomega": 2.5826474259934096, "f": 5.22247755655261, "P": 4956253.685007576, "RHill": 141726233.2527657, "spacing": "logarithmic", "period_ratio": NaN}}