{"Planet": {"m": 6.097615488180532e+25, "Rp": 20697075.0, "Rstar": 973979999.9999999, "RpRstar": 0.02125, "rhostar": 657.6232416594873, "impact": 0.37791782191741374, "q1": 0.379456, "q2": 0.25681818181818183, "a": 52811842693.50442, "Pp": 67.71690544022863, "rhoplan": 1641.8916906958839, "aRp": null, "e": null, "inc": null, "pomega": null, "f": null, "P": 5850740.630035753, "RHill": 1055615165.6681443}, "I": {"m": 2.5571069825603303e+22, "r": 1329064.868553399, "msmp": 0.000419361796019602, "rsrp": 0.06421510617096372, "a": 152129180.7274912, "aRp": 7.350274409668574, "e": 0.0, "inc": 0.05318550085835305, "pomega": 1.830474927474161, "f": 3.46866515607874, "P": 184767.1392746365, "RHill": 7895295.625707057, "spacing": "linear", "period_ratio": NaN}, "II": {"m": 1.0995560025009418e+23, "r": 2157299.7481326424, "msmp": 0.0018032557228842882, "rsrp": 0.10423210758682772, "a": 292548542.6117865, "aRp": 14.134777141783875, "e": 0.0, "inc": 0.05318550085835305, "pomega": 1.2825263738327368, "f": 3.200346311577721, "P": 492382.5784567831, "RHill": 24689367.285492003, "spacing": "linear", "period_ratio": 2.6648817554343864}}