{"Planet": {"m": 4.111571834993245e+25, "Rp": 15899527.799999999, "Rstar": 904410000.0, "RpRstar": 0.01758, "rhostar": 699.4355978585357, "impact": 0.426563342993852, "q1": 0.25, "q2": 0.2, "a": 119434990086.78181, "Pp": 249.56880950335463, "rhoplan": 2442.1177144916087, "aRp": null, "e": null, "inc": null, "pomega": null, "f": null, "P": 21562745.14108984, "RHill": 2208596184.9073596}, "I": {"m": 1.9885247186202127e+22, "r": 1188421.3758413792, "msmp": 0.0004836410011606862, "rsrp": 0.07474570256365597, "a": 64117313.65091407, "aRp": 4.032655211994037, "e": 0.0, "inc": 0.16845857196716948, "pomega": 4.696522350821105, "f": 0.9425720532822662, "P": 61564.5978286779, "RHill": 3489602.3217131984, "spacing": "logarithmic", "period_ratio": NaN}, "II": {"m": 1.9885247186202127e+22, "r": 1379122.0070933916, "msmp": 0.0004836410011606862, "rsrp": 0.0867398091591998, "a": 150606477.87038273, "aRp": 9.47238683845584, "e": 0.0, "inc": 0.16845857196716948, "pomega": 1.4415068601530125, "f": 2.4538292453781665, "P": 221632.55218324045, "RHill": 8196798.725893634, "spacing": "logarithmic", "period_ratio": 3.6}, "III": {"m": 1.2262569098157975e+23, "r": 2338332.5486797197, "msmp": 0.002982452840490898, "rsrp": 0.1470693078494897, "a": 410846674.1899095, "aRp": 25.840180875680442, "e": 0.0, "inc": 0.16845857196716948, "pomega": 0.4995631882396011, "f": 2.705181792920104, "P": 997346.484824582, "RHill": 41004408.60090787, "spacing": "logarithmic", "period_ratio": 4.5}, "IV": {"m": 7.456967694825797e+22, "r": 1870112.3567888918, "msmp": 0.0018136537543525732, "rsrp": 0.11762062246835356, "a": 854263431.6073753, "aRp": 53.72885549515347, "e": 0.0, "inc": 0.16845857196716948, "pomega": 3.409597307406384, "f": 2.2408079613363743, "P": 2992039.454473746, "RHill": 72233089.53478608, "spacing": "logarithmic", "period_ratio": 3.0}, "V": {"m": 4.971311796550529e+22, "r": 1828894.2754395965, "msmp": 0.001209102502901715, "rsrp": 0.11502821331836009, "a": 1642417580.5656977, "aRp": 103.2997709885257, "e": 0.0, "inc": 0.16845857196716948, "pomega": 1.9762594050484847, "f": 3.3976580613981424, "P": 7978771.878596656, "RHill": 121319573.14271006, "spacing": "logarithmic", "period_ratio": 2.6666666666666665}}