{"Planet": {"m": 8.325134636762747e+24, "Rp": 7039370.880000001, "Rstar": 647001000.0, "RpRstar": 0.01088, "rhostar": 1647.5184959527598, "impact": 0.2951505399715595, "q1": 0.37871715999999994, "q2": 0.34367890802729933, "a": 40209635032.928375, "Pp": 52.49774048624843, "rhoplan": 5697.720151333601, "aRp": null, "e": null, "inc": null, "pomega": null, "f": null, "P": 4535804.778011865, "RHill": 458714230.8078904}, "I": {"m": 8.305509851361364e+22, "r": 2140503.144136249, "msmp": 0.009976427065437811, "rsrp": 0.3040759153943383, "a": 196210851.0392116, "aRp": 27.873350386563462, "e": 0.0, "inc": 0.023477026141937918, "pomega": 4.7530766740180415, "f": 2.5128970940505218, "P": 728971.0597880785, "RHill": 29286959.08861355, "spacing": "logarithmic", "period_ratio": NaN}}