{"Planet": {"m": 3.136601413637787e+29, "Rp": 136942979.4, "Rstar": 1106163000.0, "RpRstar": 0.12380000000000001, "rhostar": 357.7338938740323, "impact": 0.23313079905317036, "q1": 0.26163225000000007, "q2": 0.21691104594330396, "a": 45621428345.1328, "Pp": 56.68108274174902, "rhoplan": 29157.575406846274, "aRp": null, "e": null, "inc": null, "pomega": null, "f": null, "P": 4897245.548887116, "RHill": 16979030064.504879}, "I": {"m": 5.273976794034008e+26, "r": 81141025.02244596, "msmp": 0.0016814303440351138, "rsrp": 0.5925168663479945, "a": 1749437630.438181, "aRp": 12.774934780177427, "e": 0.0, "inc": 0.14032105067289144, "pomega": 5.779851830726856, "f": 3.0539334526345425, "P": 100399.19351237232, "RHill": 144239543.5204643, "spacing": "linear", "period_ratio": NaN}, "II": {"m": 1.2446585233920258e+27, "r": 81655387.16865726, "msmp": 0.003968175611922868, "rsrp": 0.5962728978617304, "a": 3641743958.228599, "aRp": 26.59314098601099, "e": 0.0, "inc": 0.14032105067289144, "pomega": 5.40282300941395, "f": 2.7768172689695563, "P": 301197.58053711697, "RHill": 399759952.3774177, "spacing": "linear", "period_ratio": 3.0}}