{"Planet": {"m": 2.3485059574038207e+25, "Rp": 10734233.58, "Rstar": 716571000.0, "RpRstar": 0.01498, "rhostar": 1212.7393528750308, "impact": 0.13658966229430092, "q1": 0.25, "q2": 0.2, "a": 190865796210.94766, "Pp": 542.9199696895741, "rhoplan": 4533.043979598615, "aRp": null, "e": null, "inc": null, "pomega": null, "f": null, "P": 46908285.381179206, "RHill": 3076618573.271519}, "I": {"m": 3.1280612138564804e+21, "r": 823827.669061511, "msmp": 0.00013319366740352777, "rsrp": 0.07674769352853146, "a": 65012851.55211726, "aRp": 6.056589980792765, "e": 0.0, "inc": -0.12698540162274974, "pomega": 2.2489769191314872, "f": 4.983064255018914, "P": 83186.15970622339, "RHill": 2302077.760606229, "spacing": "linear", "period_ratio": NaN}, "II": {"m": 2.780498856761317e+21, "r": 813460.4309008322, "msmp": 0.00011839437102535805, "rsrp": 0.07578188278075762, "a": 268020883.64571646, "aRp": 24.968795550070045, "e": 0.0, "inc": -0.12698540162274974, "pomega": 0.08734501027082334, "f": 2.2489769191314872, "P": 696319.2763259354, "RHill": 9125119.656436516, "spacing": "linear", "period_ratio": 8.370614520312346}, "III": {"m": 4.923800058848166e+21, "r": 764661.9187810944, "msmp": 0.00020965669869073825, "rsrp": 0.07123581884838157, "a": 377221984.4388108, "aRp": 35.14195788897774, "e": 0.0, "inc": -0.12698540162274974, "pomega": 5.044017247797834, "f": 1.339080697029673, "P": 1162602.2121048395, "RHill": 15537917.988465087, "spacing": "linear", "period_ratio": 1.6696395628154992}, "IV": {"m": 4.807945939816442e+21, "r": 825775.6408098516, "msmp": 0.00020472359989801492, "rsrp": 0.0769291663587827, "a": 689361644.5894316, "aRp": 64.2208537248387, "e": 0.0, "inc": -0.12698540162274974, "pomega": 2.317470488336665, "f": 3.9368092758755986, "P": 2872151.847545953, "RHill": 28170593.770784296, "spacing": "linear", "period_ratio": 2.470451043049411}}