{"Planet": {"m": 6.225411198395946e+25, "Rp": 20078458.56, "Rstar": 807012000.0, "RpRstar": 0.02488, "rhostar": 1056.7279270622803, "impact": 0.45907514046646347, "q1": 0.37234403999999993, "q2": 0.25901343821697803, "a": 53207574730.38462, "Pp": 71.6261755591868, "rhoplan": 1836.0661647624177, "aRp": null, "e": null, "inc": null, "pomega": null, "f": null, "P": 6188501.56831374, "RHill": 1103464761.8586774}, "I": {"m": 1.0052281019067995e+23, "r": 1974440.722832632, "msmp": 0.001614717598358497, "rsrp": 0.09833627003449771, "a": 51756933.69978395, "aRp": 2.5777344184624478, "e": 0.0, "inc": -0.03852326891840668, "pomega": 1.4622434453252222, "f": 4.737995521165525, "P": 36265.64826022651, "RHill": 4210111.97636857, "spacing": "logarithmic", "period_ratio": NaN}, "II": {"m": 1.4549354106545776e+23, "r": 2162533.182870683, "msmp": 0.0023370912607820343, "rsrp": 0.10770414354311285, "a": 117055597.21988566, "aRp": 5.829909545600381, "e": 0.0, "inc": -0.03852326891840668, "pomega": 6.279415018966458, "f": 0.44615077188693936, "P": 123303.20408477013, "RHill": 10770693.249770546, "spacing": "logarithmic", "period_ratio": 3.4}, "III": {"m": 1.2168550707292832e+23, "r": 2166957.4047173574, "msmp": 0.001954658145381338, "rsrp": 0.10792449023125396, "a": 215590827.705341, "aRp": 10.73741926259408, "e": 0.0, "inc": -0.03852326891840668, "pomega": 0.5014483323461656, "f": 5.055328112437221, "P": 308258.0102119253, "RHill": 18690179.234561812, "spacing": "logarithmic", "period_ratio": 2.5}, "IV": {"m": 1.1374949574208515e+23, "r": 2180940.636300149, "msmp": 0.0018271804402477721, "rsrp": 0.1086209197674659, "a": 512616775.0100327, "aRp": 25.53068371649107, "e": 0.0, "inc": -0.03852326891840668, "pomega": 1.6344199403914497, "f": 1.9863135069501623, "P": 1130279.3707770593, "RHill": 43452310.57424123, "spacing": "logarithmic", "period_ratio": 3.6666666666666665}}