{"Planet": {"m": 1.5835781983125134e+25, "Rp": 8848608.3, "Rstar": 549603000.0, "RpRstar": 0.0161, "rhostar": 2373.2752463298975, "impact": 0.13392392626124017, "q1": 0.39050001, "q2": 0.361577852456393, "a": 39330489303.32449, "Pp": 54.04595598943314, "rhoplan": 5456.648674410598, "aRp": null, "e": null, "inc": null, "pomega": null, "f": null, "P": 4669570.597487023, "RHill": 579483091.3613734}, "I": {"m": 1.069911073304575e+22, "r": 938161.3029129717, "msmp": 0.0006756288224002387, "rsrp": 0.10602359954310235, "a": 27090121.25577254, "aRp": 3.061512086117829, "e": 0.0, "inc": -0.03510208146575253, "pomega": 0.56428646923165, "f": 4.021012379302148, "P": 27241.248724984496, "RHill": 1648187.3889253614, "spacing": "logarithmic", "period_ratio": NaN}, "II": {"m": 2.2656940375861604e+22, "r": 1185228.3390624132, "msmp": 0.001430743388612271, "rsrp": 0.13394516955422392, "a": 56363893.34747076, "aRp": 6.369803186730591, "e": 0.0, "inc": -0.03510208146575253, "pomega": 1.8681778096054515, "f": 2.4538292453781665, "P": 81723.74617495349, "RHill": 4403667.11569431, "spacing": "logarithmic", "period_ratio": 3.0}, "III": {"m": 2.706245656005688e+22, "r": 1448552.117761632, "msmp": 0.0017089434919535438, "rsrp": 0.1637039485363627, "a": 111981569.243549, "aRp": 12.655274755867428, "e": 0.0, "inc": -0.03510208146575253, "pomega": 3.6571795667351927, "f": 3.1186567336265916, "P": 228826.48928986976, "RHill": 9282864.939490326, "spacing": "logarithmic", "period_ratio": 2.8}, "IV": {"m": 1.5733986372126109e+22, "r": 1181723.8426683953, "msmp": 0.00099357179764741, "rsrp": 0.13354911898048366, "a": 249821009.18700492, "aRp": 28.232802347800263, "e": 0.0, "inc": -0.03510208146575253, "pomega": 0.24695387795995374, "f": 0.5008199509773108, "P": 762754.9642995659, "RHill": 17284425.88579086, "spacing": "logarithmic", "period_ratio": 3.3333333333333335}, "V": {"m": 2.3915659285631687e+22, "r": 1333177.5535036975, "msmp": 0.0015102291324240636, "rsrp": 0.150665224214264, "a": 575990987.7465972, "aRp": 65.09396373061254, "e": 0.0, "inc": -0.03510208146575253, "pomega": 2.5367755860670056, "f": 5.840804823505776, "P": 2669642.3750484805, "RHill": 45820119.54173378, "spacing": "logarithmic", "period_ratio": 3.5}}