{"Planet": {"m": 4.0693705067588875e+25, "Rp": 15732142.379999999, "Rstar": 709614000.0, "RpRstar": 0.02217, "rhostar": 1355.0363555435656, "impact": 0.2851703658327034, "q1": 0.25, "q2": 0.2, "a": 68841421471.62495, "Pp": 112.89653427844299, "rhoplan": 2495.025675439391, "aRp": null, "e": null, "inc": null, "pomega": null, "f": null, "P": 9754260.561657473, "RHill": 1297029323.2071137}, "I": {"m": 4.919187801664983e+22, "r": 1613795.4414360165, "msmp": 0.0012088326175988691, "rsrp": 0.10257950903670988, "a": 118391982.30539013, "aRp": 7.5254837800031495, "e": 0.0, "inc": 0.04690168716980461, "pomega": 2.5656811290343287, "f": 4.034208388048099, "P": 155215.28698034698, "RHill": 8744545.946404362, "spacing": "logarithmic", "period_ratio": NaN}, "II": {"m": 2.3747803180451653e+22, "r": 1188145.7667130446, "msmp": 0.0005835743671166958, "rsrp": 0.07552345624735216, "a": 187896426.98224252, "aRp": 11.943473586986602, "e": 0.0, "inc": 0.04690168716980461, "pomega": 3.4221649347834813, "f": 2.0661179407947277, "P": 310430.57396069396, "RHill": 10887048.877218606, "spacing": "logarithmic", "period_ratio": 2.0}}