{"Planet": {"m": 3.6304447711526203e+25, "Rp": 14770406.7, "Rstar": 730485000.0, "RpRstar": 0.02022, "rhostar": 1266.5336506034566, "impact": 0.021616785568122743, "q1": 0.37234403999999993, "q2": 0.25901343821697803, "a": 70243978231.07736, "Pp": 115.24006020967074, "rhoplan": 2689.638198332111, "aRp": null, "e": null, "inc": null, "pomega": null, "f": null, "P": 9956741.202115552, "RHill": 1265830462.7933125}, "I": {"m": 3.252929801949401e+22, "r": 1393923.0739123526, "msmp": 0.0008960141269182941, "rsrp": 0.09437269414608283, "a": 52480022.77393349, "aRp": 3.5530519802094207, "e": 0.0, "inc": 0.12684576131855976, "pomega": 0.5121308156166979, "f": 2.64108689329691, "P": 48505.79552966467, "RHill": 3507991.633557576, "spacing": "logarithmic", "period_ratio": NaN}, "II": {"m": 1.793281813895182e+22, "r": 1168735.421686976, "msmp": 0.0004939565058652133, "rsrp": 0.07912682740733036, "a": 90099876.74220902, "aRp": 6.100026801713525, "e": 0.0, "inc": 0.12684576131855976, "pomega": 4.944104610149914, "f": 4.648765366788137, "P": 109138.0399417455, "RHill": 4938328.945802124, "spacing": "logarithmic", "period_ratio": 2.25}, "III": {"m": 3.6282678560204868e+22, "r": 1614143.0662679456, "msmp": 0.0009994003723319436, "rsrp": 0.10928223569280227, "a": 219441978.63638198, "aRp": 14.856867728387058, "e": 0.0, "inc": 0.12684576131855976, "pomega": 0.9042407897821207, "f": 5.365748508651514, "P": 414724.5517786329, "RHill": 15212215.22425326, "spacing": "logarithmic", "period_ratio": 3.8}}