{"Planet": {"m": 5.063155851385466e+22, "Rp": 1705717.26, "Rstar": 160011000.0, "RpRstar": 0.01066, "rhostar": 23173.827965932862, "impact": 0.395265985545469, "q1": 0.11235904, "q2": 0.15244630071599044, "a": 93186104778.3786, "Pp": 401.53371877096714, "rhoplan": 2435.631343924828, "aRp": null, "e": null, "inc": null, "pomega": null, "f": null, "P": 34692513.30181156, "RHill": 325041791.83499676}, "I": {"m": 1.3089279141481542e+20, "r": 640266.5547300196, "msmp": 0.0025852017053553332, "rsrp": 0.37536499732084533, "a": 16329562.115663659, "aRp": 9.573428433070823, "e": 0.0, "inc": -0.07835566568859431, "pomega": 1.7425015358344829, "f": 4.810887759952687, "P": 225251.41208840386, "RHill": 1553932.9133498599, "spacing": "logarithmic", "period_ratio": NaN}, "II": {"m": 4.2540157209815e+19, "r": 663575.8478951461, "msmp": 0.0008401905542404831, "rsrp": 0.3890303882456733, "a": 44483337.48056905, "aRp": 26.078963098825096, "e": 0.0, "inc": -0.07835566568859431, "pomega": 3.7124771271944192, "f": 1.2423099662260269, "P": 1013631.3543978174, "RHill": 2910378.972106511, "spacing": "logarithmic", "period_ratio": 4.5}, "III": {"m": 2.4542398390277874e+19, "r": 749544.2026177865, "msmp": 0.00048472531975412463, "rsrp": 0.4394305083233938, "a": 102531655.26698847, "aRp": 60.110580851476215, "e": 0.0, "inc": -0.07835566568859431, "pomega": 0.02262172927877439, "f": 0.13007494335295275, "P": 3547709.740392361, "RHill": 5584480.588623441, "spacing": "logarithmic", "period_ratio": 3.5}, "IV": {"m": 1.1780351227333381e+20, "r": 791566.734299289, "msmp": 0.002326681534819799, "rsrp": 0.46406679047105903, "a": 258522038.91203114, "aRp": 151.56207008893793, "e": 0.0, "inc": -0.07835566568859431, "pomega": 2.000137897064969, "f": 4.863671794936494, "P": 14190838.961569443, "RHill": 23752143.146269504, "spacing": "logarithmic", "period_ratio": 4.0}}