{"Planet": {"m": 3.707481165852549e+24, "Rp": 5537493.72, "Rstar": 466119000.0, "RpRstar": 0.01188, "rhostar": 3328.0146668916823, "impact": 0.2352865154481143, "q1": 0.40411449000000005, "q2": 0.2892873997168476, "a": 138729749227.45172, "Pp": 387.11051319632213, "rhoplan": 5212.554443313242, "aRp": null, "e": null, "inc": null, "pomega": null, "f": null, "P": 33446348.340162233, "RHill": 1327091134.0949893}, "I": {"m": 1.1618464983059416e+22, "r": 1019998.668296751, "msmp": 0.003133789347352681, "rsrp": 0.18419861400705137, "a": 30597833.758018754, "aRp": 5.525574439481036, "e": 0.0, "inc": 0.07790183469997694, "pomega": 0.008168957795112973, "f": 3.5308749115953693, "P": 67498.49991754483, "RHill": 3104608.644894154, "spacing": "linear", "period_ratio": NaN}, "II": {"m": 6.598140607663374e+21, "r": 874070.2447015281, "msmp": 0.0017796828392373253, "rsrp": 0.15784582139472442, "a": 83362387.2991408, "aRp": 15.05417279265841, "e": 0.0, "inc": 0.07790183469997694, "pomega": 4.5343999576565555, "f": 1.068248327053235, "P": 303743.2496289518, "RHill": 7004501.983845263, "spacing": "linear", "period_ratio": 4.5}, "III": {"m": 2.4384432680495067e+21, "r": 748335.8512287266, "msmp": 0.0006577088753703156, "rsrp": 0.13513981036690487, "a": 163567260.9454867, "aRp": 29.538139312867102, "e": 0.0, "inc": 0.07790183469997694, "pomega": 0.8897880182984593, "f": 1.624994219858627, "P": 835293.9364796174, "RHill": 9862806.901588172, "spacing": "linear", "period_ratio": 2.75}, "IV": {"m": 7.315329804148525e+21, "r": 973940.5564255654, "msmp": 0.001973126626110948, "rsrp": 0.17588111258852415, "a": 365150910.12047696, "aRp": 65.94154839429362, "e": 0.0, "inc": 0.07790183469997694, "pomega": 0.8784771536590721, "f": 5.751574669128388, "P": 2784313.1215987247, "RHill": 31755353.737881493, "spacing": "linear", "period_ratio": 3.3333333333333335}, "V": {"m": 8.03251900063367e+21, "r": 1068438.5541440088, "msmp": 0.0021665704129845693, "rsrp": 0.19294623310995085, "a": 627030518.1509547, "aRp": 113.23363056580672, "e": 0.0, "inc": 0.07790183469997694, "pomega": 1.2234585251603816, "f": 1.629392889440611, "P": 6264704.523597131, "RHill": 56256476.806090705, "spacing": "linear", "period_ratio": 2.25}}