{"Planet": {"m": 1.1354762441692937e+28, "Rp": 80972523.0, "Rstar": 716571000.0, "RpRstar": 0.113, "rhostar": 1328.8526951715764, "impact": 0.4207891474294818, "q1": 0.25, "q2": 0.2, "a": 234692211294.8186, "Pp": 705.2435781659032, "rhoplan": 5105.948483004517, "aRp": null, "e": null, "inc": null, "pomega": null, "f": null, "P": 60933045.15353403, "RHill": 28800712455.230743}, "I": {"m": 3.3166342291456993e+25, "r": 10477039.556849295, "msmp": 0.002920919082346919, "rsrp": 0.12939005935197667, "a": 506374979.2443354, "aRp": 6.2536643355467065, "e": 0.0, "inc": -0.06903467538391413, "pomega": 1.1285729384633, "f": 0.33367050686192223, "P": 82122.6571372322, "RHill": 50188590.08124451, "spacing": "logarithmic", "period_ratio": NaN}, "II": {"m": 1.1325092489765806e+25, "r": 8297855.523009695, "msmp": 0.0009973870037282165, "rsrp": 0.10247742339718988, "a": 1746240494.844153, "aRp": 21.56584023995588, "e": 0.0, "inc": -0.06903467538391413, "pomega": 3.0652443172739297, "f": 5.157125894191706, "P": 526414.1942567449, "RHill": 120972003.09645851, "spacing": "logarithmic", "period_ratio": 6.410096952623844}, "III": {"m": 3.3975277469297437e+25, "r": 10822751.512269441, "msmp": 0.002992161011184651, "rsrp": 0.13365955649263198, "a": 4662770466.136425, "aRp": 57.58460145963866, "e": 0.0, "inc": -0.06903467538391413, "pomega": 2.854736558707557, "f": 3.692997304759919, "P": 2294590.8971123574, "RHill": 465870565.6352252, "spacing": "logarithmic", "period_ratio": 4.358907723512543}}