{"Planet": {"m": 2.031120128815296e+25, "Rp": 9929099.97, "Rstar": 410463000.0, "RpRstar": 0.024190000000000003, "rhostar": 4118.570518818941, "impact": 0.01347341074415831, "q1": 0.3701505600000001, "q2": 0.22016765285996057, "a": 27975256580.510635, "Pp": 38.1322212756532, "rhoplan": 4953.559121621751, "aRp": null, "e": null, "inc": null, "pomega": null, "f": null, "P": 3294623.9182164366, "RHill": 498991494.90442294}, "I": {"m": 7.311105970549522e+22, "r": 2089982.4673161197, "msmp": 0.0035995438511132846, "rsrp": 0.21049062590071993, "a": 63993024.143385895, "aRp": 6.444997465705433, "e": 0.0, "inc": -0.028015336028111792, "pomega": 1.4773245981777385, "f": 0.08043281521342005, "P": 87202.29708053925, "RHill": 6799986.318847998, "spacing": "linear", "period_ratio": NaN}, "II": {"m": 5.520631038986374e+22, "r": 1905007.041107073, "msmp": 0.002718022907983501, "rsrp": 0.19186099917040847, "a": 189162359.02361402, "aRp": 19.051309745611718, "e": 0.0, "inc": -0.028015336028111792, "pomega": 4.4520819983365705, "f": 0.9457139601265404, "P": 443375.6856307953, "RHill": 18303971.915227454, "spacing": "linear", "period_ratio": 5.084449612850193}}