{"Planet": {"m": 6.355885290608586e+25, "Rp": 20677943.25, "Rstar": 521775000.0, "RpRstar": 0.03963, "rhostar": 2372.6072302419984, "impact": 0.24973896124518913, "q1": 0.39904488999999993, "q2": 0.24908975779642237, "a": 34505418824.71462, "Pp": 48.01780608659132, "rhoplan": 1716.1902250387636, "aRp": null, "e": null, "inc": null, "pomega": null, "f": null, "P": 4148738.44588149, "RHill": 851106973.3155217}, "I": {"m": 5.1604759247284674e+22, "r": 1679769.0117028367, "msmp": 0.0008119208715666334, "rsrp": 0.08123482066829044, "a": 54282427.54307033, "aRp": 2.625136692116143, "e": 0.0, "inc": -0.002461160361348136, "pomega": 1.9580363453516942, "f": 3.3530429842094485, "P": 38565.737280547866, "RHill": 3511209.517137436, "spacing": "logarithmic", "period_ratio": NaN}, "II": {"m": 1.5743824855103795e+22, "r": 975446.5762548479, "msmp": 0.0002477046726813457, "rsrp": 0.04717328819706708, "a": 136757437.1508293, "aRp": 6.613686646558975, "e": 0.0, "inc": -0.002461160361348136, "pomega": 0.40467760154251964, "f": 5.88541990069447, "P": 154262.94912219146, "RHill": 5955093.732547631, "spacing": "logarithmic", "period_ratio": 4.0}, "III": {"m": 3.4986277455786225e+22, "r": 1279828.1687834142, "msmp": 0.0005504548281807685, "rsrp": 0.06189339787376649, "a": 315287529.2107113, "aRp": 15.247528508944491, "e": 0.0, "inc": -0.002461160361348136, "pomega": 2.3168421069678105, "f": 0.9375450023314275, "P": 539920.3219276702, "RHill": 17915967.66783068, "spacing": "logarithmic", "period_ratio": 3.5}, "IV": {"m": 1.3119854045919829e+22, "r": 1271281.9871387915, "msmp": 0.0002064205605677881, "rsrp": 0.061480098468632345, "a": 500430385.56206167, "aRp": 24.201168342120372, "e": 0.0, "inc": -0.002461160361348136, "pomega": 0.7113277095436835, "f": 2.181740112664019, "P": 1079840.6438553403, "RHill": 20506312.488598503, "spacing": "logarithmic", "period_ratio": 2.0}}