{"Planet": {"m": 3.2056181347032347e+25, "Rp": 13560723.540000001, "Rstar": 813969000.0, "RpRstar": 0.01666, "rhostar": 968.2475146856814, "impact": 0.22885831347779106, "q1": 0.37234403999999993, "q2": 0.25901343821697803, "a": 38000394509.67497, "Pp": 44.585428189046695, "rhoplan": 3068.8424325879664, "aRp": null, "e": null, "inc": null, "pomega": null, "f": null, "P": 3852180.9955336344, "RHill": 644790678.9666712}, "I": {"m": 6.371575326546032e+22, "r": 1948461.8738116957, "msmp": 0.001987627677036426, "rsrp": 0.14368421183901633, "a": 104512002.48092176, "aRp": 7.706963582927062, "e": 0.0, "inc": -0.1279628837520795, "pomega": 1.5753520917190942, "f": 1.055680699676138, "P": 144990.37977920755, "RHill": 9111098.936626269, "spacing": "logarithmic", "period_ratio": NaN}, "II": {"m": 1.189360727621926e+22, "r": 1264972.650366393, "msmp": 0.00037102383304679957, "rsrp": 0.09328209122729397, "a": 192409165.6652279, "aRp": 14.188709407553329, "e": 0.0, "inc": -0.1279628837520795, "pomega": 1.0475117418810251, "f": 0.6931046498468931, "P": 362475.94944801886, "RHill": 9586335.128540453, "spacing": "logarithmic", "period_ratio": 2.5}}