{"Planet": {"m": 9.623570024270258e+25, "Rp": 26130631.14, "Rstar": 932238000.0, "RpRstar": 0.02803, "rhostar": 685.524147933674, "impact": 0.033681910389317116, "q1": 0.31292836, "q2": 0.2426707186271005, "a": 109670416948.44562, "Pp": 211.95449806553862, "rhoplan": 1287.6502099121071, "aRp": null, "e": null, "inc": null, "pomega": null, "f": null, "P": 18312868.632862538, "RHill": 2629847443.1023607}, "I": {"m": 3.3255434289849764e+22, "r": 1441272.374057772, "msmp": 0.00034556234542878464, "rsrp": 0.05515643178826687, "a": 65592633.20058901, "aRp": 2.510181742230548, "e": 0.0, "inc": 0.1494674905973342, "pomega": 3.0853525210772847, "f": 4.351540979319796, "P": 41640.5517169882, "RHill": 3191465.2401140644, "spacing": "logarithmic", "period_ratio": NaN}, "II": {"m": 1.9537567645286732e+22, "r": 1145260.1361055197, "msmp": 0.00020301787793941095, "rsrp": 0.04382826155134038, "a": 168833572.62557745, "aRp": 6.461136423418874, "e": 0.0, "inc": 0.1494674905973342, "pomega": 0.8841325859787658, "f": 4.942219466043349, "P": 171970.13675975715, "RHill": 6880127.506860077, "spacing": "logarithmic", "period_ratio": 4.1298717156429525}, "III": {"m": 2.7851426217749174e+22, "r": 1178772.0851839462, "msmp": 0.0002894084642966071, "rsrp": 0.04511073915009717, "a": 346943341.1055854, "aRp": 13.277266027244735, "e": 0.0, "inc": 0.1494674905973342, "pomega": 1.3164589677508984, "f": 4.69715073218996, "P": 506563.50800196425, "RHill": 15911894.152241733, "spacing": "logarithmic", "period_ratio": 2.9456481081342347}, "IV": {"m": 1.995326057390985e+22, "r": 1353666.2626659593, "msmp": 0.0002073374072572707, "rsrp": 0.05180381045576074, "a": 613564042.6558114, "aRp": 23.480643822513176, "e": 0.0, "inc": 0.1494674905973342, "pomega": 2.17545629897547, "f": 5.605790191554065, "P": 1191389.4046602687, "RHill": 25179399.578957535, "spacing": "logarithmic", "period_ratio": 2.351905310667678}}