{"Planet": {"m": 3.2056181347032347e+25, "Rp": 13678853.399999997, "Rstar": 786140999.9999999, "RpRstar": 0.0174, "rhostar": 1045.4415055330028, "impact": 0.13015533429630488, "q1": 0.37234403999999993, "q2": 0.25901343821697803, "a": 83246778597.81485, "Pp": 146.57716015168083, "rhoplan": 2990.01998855857, "aRp": null, "e": null, "inc": null, "pomega": null, "f": null, "P": 12664266.637105223, "RHill": 1425611043.9789126}, "I": {"m": 8.615789959556287e+21, "r": 958001.3995154955, "msmp": 0.0002687715628472356, "rsrp": 0.07003521212644151, "a": 67962501.87956765, "aRp": 4.968435576593552, "e": 0.0, "inc": -0.0658927685396399, "pomega": 5.522215469496371, "f": 1.9743742609419204, "P": 76096.87024780783, "RHill": 3041048.725055516, "spacing": "logarithmic", "period_ratio": NaN}, "II": {"m": 1.454613889275738e+21, "r": 641106.9068245695, "msmp": 4.5377017104078776e-05, "rsrp": 0.04686846829022743, "a": 132913179.53499615, "aRp": 9.716690109055207, "e": 0.0, "inc": -0.0658927685396399, "pomega": 4.085107278925342, "f": 1.1511946677420746, "P": 208143.7290563235, "RHill": 3287049.747853691, "spacing": "logarithmic", "period_ratio": 2.735246908033246}, "III": {"m": 8.727683335654423e+21, "r": 1197761.5725327237, "msmp": 0.00027226210262447256, "rsrp": 0.08756300966956221, "a": 293462656.8835023, "aRp": 21.453746765317508, "e": 0.0, "inc": -0.0658927685396399, "pomega": 3.0426225879951554, "f": 3.9368092758755986, "P": 682796.4715413892, "RHill": 13187875.08740386, "spacing": "logarithmic", "period_ratio": 3.2804085649711077}, "IV": {"m": 5.818455557102952e+21, "r": 905917.799163796, "msmp": 0.0001815080684163151, "rsrp": 0.06622761226198946, "a": 395132434.67612714, "aRp": 28.886371037219188, "e": 0.0, "inc": -0.0658927685396399, "pomega": 1.5546155065468845, "f": 1.689717500850676, "P": 1066831.2376056996, "RHill": 15511992.065383527, "spacing": "logarithmic", "period_ratio": 1.5624439815826308}}