{"Planet": {"m": 3.4838137543224513e+24, "Rp": 5515996.590000001, "Rstar": 132183000.0, "RpRstar": 0.04173, "rhostar": 90436.37887378791, "impact": 0.2011400859964666, "q1": 0.14538969, "q2": 0.0992656700760556, "a": 77072487083.2573, "Pp": 203.6255012612018, "rhoplan": 4955.578420230266, "aRp": null, "e": null, "inc": null, "pomega": null, "f": null, "P": 17593243.308967836, "RHill": 847014937.9195629}, "I": {"m": 7.38985210612789e+21, "r": 1027707.1626469701, "msmp": 0.002121196087752717, "rsrp": 0.18631395902421505, "a": 78816877.1676606, "aRp": 14.288782794127975, "e": 0.0, "inc": 0.06439163526959776, "pomega": 1.9404416670237588, "f": 1.7148527556048696, "P": 288017.086621659, "RHill": 7021648.381198035, "spacing": "linear", "period_ratio": NaN}, "II": {"m": 9.501238422164426e+21, "r": 962472.0789723432, "msmp": 0.002727252112824921, "rsrp": 0.1744874318300373, "a": 169810156.01861313, "aRp": 30.785036438648905, "e": 0.0, "inc": 0.06439163526959776, "pomega": 2.2181862320576, "f": 4.423176455369248, "P": 910549.6339811985, "RHill": 16449966.015122514, "spacing": "linear", "period_ratio": 3.1614431097183555}, "III": {"m": 1.1964522457540388e+22, "r": 920082.2196830787, "msmp": 0.00343431747540916, "rsrp": 0.16680253598254646, "a": 408566557.08062553, "aRp": 74.06939986535153, "e": 0.0, "inc": 0.06439163526959776, "pomega": 0.5064753832970044, "f": 5.604533428816355, "P": 3397029.2724090475, "RHill": 42740133.71753812, "spacing": "linear", "period_ratio": 3.730745854628712}}