{"Planet": {"m": 5.2735610556042505e+25, "Rp": 18963390.6, "Rstar": 229581000.0, "RpRstar": 0.0826, "rhostar": 13730.220622412386, "impact": 0.08760228322924479, "q1": 0.11235904, "q2": 0.15244630071599044, "a": 144709159794.54544, "Pp": 587.3593218663577, "rhoplan": 1846.1517552236423, "aRp": null, "e": null, "inc": null, "pomega": null, "f": null, "P": 50747845.40925331, "RHill": 4245859429.9103527}, "I": {"m": 1.139723507787959e+23, "r": 2162046.303725289, "msmp": 0.002161202830062557, "rsrp": 0.11401158945306379, "a": 43681679.242909014, "aRp": 2.3034741077847656, "e": 0.0, "inc": -0.13421178736458045, "pomega": 4.9987737892402855, "f": 3.692997304759919, "P": 30542.544314191586, "RHill": 3915832.2885285732, "spacing": "logarithmic", "period_ratio": NaN}, "II": {"m": 1.6702844510685603e+23, "r": 2501664.3646618384, "msmp": 0.003167280009574436, "rsrp": 0.13192073176311825, "a": 110107755.70679834, "aRp": 5.806332740243104, "e": 0.0, "inc": -0.13421178736458045, "pomega": 2.2885649453693424, "f": 3.6257604982924505, "P": 122170.17725676634, "RHill": 11211738.994268347, "spacing": "logarithmic", "period_ratio": 4.0}, "III": {"m": 7.07414591040802e+22, "r": 1899955.740858131, "msmp": 0.001341436239349173, "rsrp": 0.10019071910368871, "a": 299936415.0454737, "aRp": 15.816602704237589, "e": 0.0, "inc": -0.13421178736458045, "pomega": 2.7265467594611685, "f": 3.544070920341321, "P": 549765.7976554486, "RHill": 22935706.528261427, "spacing": "logarithmic", "period_ratio": 4.5}, "IV": {"m": 1.2576259396280922e+23, "r": 2334966.74075709, "msmp": 0.0023847755366207513, "rsrp": 0.12313023498851992, "a": 537841259.6962302, "aRp": 28.362083081083092, "e": 0.0, "inc": -0.13421178736458045, "pomega": 2.9615613914128804, "f": 5.30039684629061, "P": 1319437.9143730765, "RHill": 49822960.87441694, "spacing": "logarithmic", "period_ratio": 2.4}}