{"Planet": {"m": 1.3414529657537431e+25, "Rp": 8290517.76, "Rstar": 528732000.0, "RpRstar": 0.01568, "rhostar": 2697.676074360151, "impact": 0.07985138371969847, "q1": 0.39904488999999993, "q2": 0.24908975779642237, "a": 86724808589.26129, "Pp": 175.9073340848643, "rhoplan": 5620.071990401605, "aRp": null, "e": null, "inc": null, "pomega": null, "f": null, "P": 15198393.664932275, "RHill": 1204202939.2902417}, "I": {"m": 1.8662075311174728e+22, "r": 1123240.7163624165, "msmp": 0.0013911837229931335, "rsrp": 0.13548499006682263, "a": 43812800.34940341, "aRp": 5.284688075911366, "e": 0.0, "inc": -0.04889156150451163, "pomega": 0.28968381104208313, "f": 3.1463055138562046, "P": 60853.970353366, "RHill": 3391215.773090914, "spacing": "logarithmic", "period_ratio": NaN}, "II": {"m": 2.2089803429553765e+22, "r": 1477492.6928827898, "msmp": 0.0016467072639510564, "rsrp": 0.17821476723822732, "a": 86005536.59799625, "aRp": 10.373964460091363, "e": 0.0, "inc": -0.04889156150451163, "pomega": 4.29498665612286, "f": 2.9565343404620417, "P": 167348.4184717565, "RHill": 7041926.027191266, "spacing": "logarithmic", "period_ratio": 2.75}, "III": {"m": 1.1806619074416672e+22, "r": 1358001.7767834906, "msmp": 0.0008801366410772891, "rsrp": 0.16380180539936393, "a": 194417276.6723992, "aRp": 23.45055909661295, "e": 0.0, "inc": -0.04889156150451163, "pomega": 0.8571121871180074, "f": 5.172835428413077, "P": 568984.6228039721, "RHill": 12918471.685500111, "spacing": "logarithmic", "period_ratio": 3.4}, "IV": {"m": 2.1328086069913974e+22, "r": 1211658.3803346304, "msmp": 0.0015899242548492953, "rsrp": 0.14614990467551092, "a": 456778669.0894044, "aRp": 55.09651897656684, "e": 0.0, "inc": -0.04889156150451163, "pomega": 4.817171573641235, "f": 4.604778670968298, "P": 2048344.6420942997, "RHill": 36965013.97951511, "spacing": "logarithmic", "period_ratio": 3.6}, "V": {"m": 7.998032276217745e+21, "r": 1108025.1957274978, "msmp": 0.0005962215955684861, "rsrp": 0.13364969810130384, "a": 1198086217.0508585, "aRp": 144.51283402725122, "e": 0.0, "inc": -0.04889156150451163, "pomega": 6.122319676752746, "f": 3.516422140111708, "P": 8705464.728900773, "RHill": 69917123.84533028, "spacing": "logarithmic", "period_ratio": 4.25}}