{"Planet": {"m": 1.0781554617855145e+28, "Rp": 78950818.80000001, "Rstar": 1022679000.0, "RpRstar": 0.0772, "rhostar": 452.6884964452252, "impact": 0.20708949609322058, "q1": 0.26163225000000007, "q2": 0.21691104594330396, "a": 21433801584.2647, "Pp": 19.561752525084728, "rhoplan": 5230.254992366006, "aRp": null, "e": null, "inc": null, "pomega": null, "f": null, "P": 1690135.4181673205, "RHill": 2593684955.1978283}, "I": {"m": 2.535197252817714e+25, "r": 16324451.97884673, "msmp": 0.002351420868952626, "rsrp": 0.20676735500616147, "a": 925797941.4967964, "aRp": 11.726261431715464, "e": 0.0, "inc": -0.12496061721199525, "pomega": 2.2401795799675193, "f": 2.987325027535929, "P": 208401.3960439709, "RHill": 85359641.40982312, "spacing": "linear", "period_ratio": NaN}}