{"Planet": {"m": 3.4114248629341594e+25, "Rp": 13690680.300000003, "Rstar": 765270000.0000001, "RpRstar": 0.01789, "rhostar": 1207.4748307367229, "impact": 0.23877389181209574, "q1": 0.21771556, "q2": 0.189562794684955, "a": 174023624334.47888, "Pp": 429.2071313553706, "rhoplan": 3173.745614546737, "aRp": null, "e": null, "inc": null, "pomega": null, "f": null, "P": 37083496.14910402, "RHill": 2979038669.548085}, "I": {"m": 6.15897798850991e+22, "r": 1806207.7864142922, "msmp": 0.0018053975203817286, "rsrp": 0.13192973225839566, "a": 71370290.60665728, "aRp": 5.213056549619179, "e": 0.0, "inc": 0.10670264743915728, "pomega": 3.265697973938625, "f": 2.4418899993699243, "P": 79321.99262022546, "RHill": 6025614.278205647, "spacing": "logarithmic", "period_ratio": NaN}, "II": {"m": 4.299663878771067e+22, "r": 1341891.7833246016, "msmp": 0.0012603718538513947, "rsrp": 0.09801498201112777, "a": 179809243.09933025, "aRp": 13.133696730857867, "e": 0.0, "inc": 0.10670264743915728, "pomega": 1.871319716449726, "f": 0.2846567600912444, "P": 317287.97048090183, "RHill": 13467009.299580477, "spacing": "logarithmic", "period_ratio": 4.0}, "III": {"m": 4.18345674691239e+22, "r": 1567111.1538206954, "msmp": 0.0012263077496932492, "rsrp": 0.11446554294461869, "a": 422352842.6732806, "aRp": 30.849660748653996, "e": 0.0, "inc": 0.10670264743915728, "pomega": 2.3388354548777297, "f": 5.781108593464566, "P": 1142236.6937312465, "RHill": 31344991.82726417, "spacing": "logarithmic", "period_ratio": 3.6}, "IV": {"m": 8.947949153118162e+22, "r": 2052066.586279851, "msmp": 0.0026229360201772255, "rsrp": 0.1498878464264373, "a": 927113254.165536, "aRp": 67.71856721871855, "e": 0.0, "inc": 0.10670264743915728, "pomega": 2.0422394487782434, "f": 1.6557849069325143, "P": 3712269.254626551, "RHill": 88651945.48021324, "spacing": "logarithmic", "period_ratio": 3.25}, "V": {"m": 1.6268998460214847e+22, "r": 1380101.8236273974, "msmp": 0.00047689745821404125, "rsrp": 0.10080593464938314, "a": 1660721318.7458072, "aRp": 121.30305305177616, "e": 0.0, "inc": 0.10670264743915728, "pomega": 5.537925003717741, "f": 5.0974296641504955, "P": 8909446.211103722, "RHill": 89963155.14984438, "spacing": "logarithmic", "period_ratio": 2.4}}