{"Planet": {"m": 8.675533091766844e+25, "Rp": 25019598.240000002, "Rstar": 925281000.0, "RpRstar": 0.02704, "rhostar": 749.0423641149939, "impact": 0.02917970114895141, "q1": 0.37234403999999993, "q2": 0.25901343821697803, "a": 233727686083.86816, "Pp": 637.9886644902983, "rhoplan": 1322.411345616535, "aRp": null, "e": null, "inc": null, "pomega": null, "f": null, "P": 55122220.611961775, "RHill": 5296185123.585626}, "I": {"m": 5.640306959252115e+21, "r": 968026.5096581784, "msmp": 6.501395245215322e-05, "rsrp": 0.03869072957816522, "a": 128376763.62624276, "aRp": 5.131048164514521, "e": 0.0, "inc": 0.12733450238322466, "pomega": 6.128603490441295, "f": 1.2347693897997687, "P": 120100.39574271302, "RHill": 3579163.416928096, "spacing": "logarithmic", "period_ratio": NaN}, "II": {"m": 2.167065305396865e+22, "r": 1233986.9833667544, "msmp": 0.00024979044889511504, "rsrp": 0.04932081528767003, "a": 246883646.14040846, "aRp": 9.86761033379441, "e": 0.0, "inc": 0.12733450238322466, "pomega": 6.24862433189257, "f": 1.4609866825875126, "P": 320267.721980568, "RHill": 10780622.710408745, "spacing": "logarithmic", "period_ratio": 2.6666666666666665}, "III": {"m": 3.562299132159232e+21, "r": 970621.0669324032, "msmp": 4.106144365399153e-05, "rsrp": 0.03879443057485336, "a": 513502954.81136125, "aRp": 20.52402879876784, "e": 0.0, "inc": 0.12733450238322466, "pomega": 0.36948824488664833, "f": 5.228761370241158, "P": 960803.1659417041, "RHill": 12283268.169963999, "spacing": "logarithmic", "period_ratio": 3.0}, "IV": {"m": 1.4249196528636927e+22, "r": 1009836.6738548523, "msmp": 0.0001642457746159661, "rsrp": 0.04036182612398544, "a": 1293999490.842934, "aRp": 51.71943523753936, "e": 0.0, "inc": 0.12733450238322466, "pomega": 5.689993294980614, "f": 1.8983401153104842, "P": 3843212.6637668163, "RHill": 49135089.98908639, "spacing": "logarithmic", "period_ratio": 4.0}, "V": {"m": 1.4546054789650195e+22, "r": 1179827.5847477203, "msmp": 0.00016766756158713206, "rsrp": 0.04715613629884251, "a": 2809967215.5498857, "aRp": 112.31064498299816, "e": 0.0, "inc": 0.12733450238322466, "pomega": 2.1377534168441796, "f": 3.099805292560946, "P": 12298280.524053812, "RHill": 107434520.74358386, "spacing": "logarithmic", "period_ratio": 3.2}}