{"Planet": {"m": 1.6856781178028654e+24, "Rp": 4525945.92, "Rstar": 528732000.0, "RpRstar": 0.00856, "rhostar": 2440.7545434687077, "impact": 0.13630073854827274, "q1": 0.39050001, "q2": 0.361577852456393, "a": 43477758421.075134, "Pp": 65.64535302093397, "rhoplan": 4340.681884991711, "aRp": null, "e": null, "inc": null, "pomega": null, "f": null, "P": 5671758.501008695, "RHill": 312640408.17718464}, "I": {"m": 3.1014003564329874e+20, "r": 705062.1017101909, "msmp": 0.00018398532458114794, "rsrp": 0.1557822639008004, "a": 81326520.94416456, "aRp": 17.968955524807633, "e": 0.0, "inc": -0.1348401687334353, "pomega": 1.5759804730879492, "f": 3.8475791214982107, "P": 434408.2103172453, "RHill": 3207151.706076442, "spacing": "linear", "period_ratio": NaN}, "II": {"m": 5.789280665341576e+20, "r": 652253.4216717434, "msmp": 0.00034343927255147614, "rsrp": 0.14411427648515593, "a": 193390984.79267165, "aRp": 42.729406893282466, "e": 0.0, "inc": -0.1348401687334353, "pomega": 4.628657162984782, "f": 1.3880944438003506, "P": 1592830.1044965659, "RHill": 9390292.604373068, "spacing": "linear", "period_ratio": 3.6666666666666665}}