{"Planet": {"m": 6.097615488180532e+25, "Rp": 19810753.2, "Rstar": 876582000.0, "RpRstar": 0.0226, "rhostar": 803.4234562455154, "impact": 0.007699076691723317, "q1": 0.29822521, "q2": 0.23274125618018676, "a": 87619484580.16962, "Pp": 153.3391612015855, "rhoplan": 1872.2699304694272, "aRp": null, "e": null, "inc": null, "pomega": null, "f": null, "P": 13248503.527816989, "RHill": 1820301667.109753}, "I": {"m": 3.7912046691584106e+22, "r": 1621098.891999904, "msmp": 0.0006217520072407302, "rsrp": 0.081829240697416, "a": 80524251.53590749, "aRp": 4.064673903257121, "e": 0.0, "inc": -0.06631168945220979, "pomega": 4.357824793008344, "f": 2.7127223693463622, "P": 71146.25828490593, "RHill": 4765319.351805096, "spacing": "logarithmic", "period_ratio": NaN}, "II": {"m": 1.3901083786914178e+23, "r": 2312434.9484807267, "msmp": 0.0022797573598826782, "rsrp": 0.11672625089694857, "a": 203020408.62129733, "aRp": 10.247990400551622, "e": 0.0, "inc": -0.06631168945220979, "pomega": 2.636059842346071, "f": 0.4970496627641817, "P": 284585.0331396237, "RHill": 18526589.897360872, "spacing": "logarithmic", "period_ratio": 4.0}, "III": {"m": 1.3269216342054447e+23, "r": 2027017.468323141, "msmp": 0.0021761320253425574, "rsrp": 0.1023190510658192, "a": 322263703.20907086, "aRp": 16.26711008691335, "e": 0.0, "inc": -0.06631168945220979, "pomega": 4.462136100238248, "f": 0.24946740343537313, "P": 569170.0662792474, "RHill": 28955610.225628715, "spacing": "logarithmic", "period_ratio": 2.0}, "IV": {"m": 5.8447738649525495e+22, "r": 1676360.5924223375, "msmp": 0.0009585343444961257, "rsrp": 0.0846187207270008, "a": 811724644.0873284, "aRp": 40.97394157064803, "e": 0.0, "inc": -0.06631168945220979, "pomega": 2.894952966314267, "f": 5.248869574044513, "P": 2276680.2651169896, "RHill": 55492915.093069024, "spacing": "logarithmic", "period_ratio": 4.0}}