{"Planet": {"m": 9.62603246024165e+24, "Rp": 7448512.049999999, "Rstar": 243494999.99999997, "RpRstar": 0.03059, "rhostar": 10850.783487381543, "impact": 0.3292326124468552, "q1": 0.11235904, "q2": 0.15244630071599044, "a": 12769684764.580002, "Pp": 15.856977789090628, "rhoplan": 5560.964702544657, "aRp": null, "e": null, "inc": null, "pomega": null, "f": null, "P": 1370042.8809774301, "RHill": 216744913.93790844}, "I": {"m": 1.7623961551575083e+21, "r": 630158.5496723956, "msmp": 0.00018308645461530737, "rsrp": 0.08460193733222136, "a": 38377596.111601375, "aRp": 5.152384241843494, "e": 0.0, "inc": 0.021801342491658354, "pomega": 1.5753520917190942, "f": 2.4004168290255046, "P": 58929.15918524923, "RHill": 1510970.8574108253, "spacing": "logarithmic", "period_ratio": NaN}, "II": {"m": 5.8746538505250315e+20, "r": 501398.33562695695, "msmp": 6.102881820510249e-05, "rsrp": 0.0673152345409654, "a": 49588168.050806776, "aRp": 6.657459599707137, "e": 0.0, "inc": 0.021801342491658354, "pomega": 3.781599077768452, "f": 4.376047852705135, "P": 86557.99544573754, "RHill": 1353679.855594771, "spacing": "logarithmic", "period_ratio": 1.4688483026481767}, "III": {"m": 1.8979650901696263e+21, "r": 685497.1523105806, "msmp": 0.00019717002804725428, "rsrp": 0.09203142153882676, "a": 66521370.15317205, "aRp": 8.930826681440633, "e": 0.0, "inc": 0.021801342491658354, "pomega": 0.6824221665763608, "f": 0.9256057563231854, "P": 134478.332008863, "RHill": 2684526.736794061, "spacing": "logarithmic", "period_ratio": 1.5536211451796653}, "IV": {"m": 5.8746538505250315e+20, "r": 789018.1313672164, "msmp": 6.102881820510249e-05, "rsrp": 0.10592963078675781, "a": 96985498.20537569, "aRp": 13.020788253323119, "e": 0.0, "inc": 0.021801342491658354, "pomega": 2.1239290267293733, "f": 2.4129844564026017, "P": 236755.6191756298, "RHill": 2647553.2443732596, "spacing": "logarithmic", "period_ratio": 1.7605484514786074}}