{"Planet": {"m": 6.907472963359637e+24, "Rp": 6698199.6, "Rstar": 577431000.0, "RpRstar": 0.0116, "rhostar": 1923.1431686272513, "impact": 0.4417580560758676, "q1": 0.39904488999999993, "q2": 0.24908975779642237, "a": 184707074316.93423, "Pp": 567.3973908821042, "rhoplan": 5487.269992874213, "aRp": null, "e": null, "inc": null, "pomega": null, "f": null, "P": 49023134.572213806, "RHill": 2107087988.0093415}, "I": {"m": 1.698470239930816e+22, "r": 1236144.8531340258, "msmp": 0.00245888800280547, "rsrp": 0.18454882310972429, "a": 71827429.00531036, "aRp": 10.723393343684528, "e": 0.0, "inc": -0.12949892709816913, "pomega": 6.1977254410153275, "f": 5.48576935010279, "P": 177917.88474497554, "RHill": 6721963.541843962, "spacing": "logarithmic", "period_ratio": NaN}, "II": {"m": 9.175643824913603e+21, "r": 977103.015072184, "msmp": 0.001328364783124794, "rsrp": 0.1458754700400663, "a": 260522230.32171804, "aRp": 38.89436652824112, "e": 0.0, "inc": -0.12949892709816913, "pomega": 4.768157826870557, "f": 5.071037646658592, "P": 1229691.9544918549, "RHill": 19856840.789844893, "spacing": "logarithmic", "period_ratio": 6.9115702238393535}, "III": {"m": 2.1474911079585027e+21, "r": 940123.2240065569, "msmp": 0.00031089388541218586, "rsrp": 0.14035461469475424, "a": 442857684.7319534, "aRp": 66.11592833572075, "e": 0.0, "inc": -0.12949892709816913, "pomega": 5.001915696084559, "f": 1.0355724958727832, "P": 2726755.439971898, "RHill": 20801492.3686398, "spacing": "logarithmic", "period_ratio": 2.217429682296876}}