{"Planet": {"m": 1.502482822210915e+28, "Rp": 62771271.75, "Rstar": 591345000.0, "RpRstar": 0.10615, "rhostar": 1951.2523519827344, "impact": 0.20815925250529999, "q1": 0.37871715999999994, "q2": 0.34367890802729933, "a": 116388927387.79843, "Pp": 270.6739815519316, "rhoplan": 14502.341358881125, "aRp": null, "e": null, "inc": null, "pomega": null, "f": null, "P": 23386232.00608689, "RHill": 16717300176.406055}, "I": {"m": 7.726314116795178e+25, "r": 23544899.93650288, "msmp": 0.005142364360229988, "rsrp": 0.37509037621980124, "a": 3047020661.809803, "aRp": 48.541642965992686, "e": 0.0, "inc": 0.0945539409746303, "pomega": 1.245451873070301, "f": 5.4618908580863055, "P": 1052619.8574912525, "RHill": 364660953.0367103, "spacing": "logarithmic", "period_ratio": NaN}}