{"Planet": {"m": 4.608666490312696e+25, "Rp": 16783066.8, "Rstar": 1133991000.0, "RpRstar": 0.0148, "rhostar": 371.10202921356955, "impact": 0.4943025994627377, "q1": 0.26163225000000007, "q2": 0.21691104594330396, "a": 244271355359.51266, "Pp": 713.776559483845, "rhoplan": 2327.408962750414, "aRp": null, "e": null, "inc": null, "pomega": null, "f": null, "P": 61670294.7394042, "RHill": 4622606905.472039}, "I": {"m": 2.6854324123727813e+23, "r": 2890418.484566129, "msmp": 0.005826918519744256, "rsrp": 0.17222230710337927, "a": 394743694.0677618, "aRp": 23.520355294525896, "e": 0.0, "inc": 0.16650360770850994, "pomega": 1.476067835440029, "f": 0.9318895700117339, "P": 885932.3090869563, "RHill": 49251685.52587304, "spacing": "logarithmic", "period_ratio": NaN}}