{"Planet": {"m": 8.233363375486707e+27, "Rp": 84360582.0, "Rstar": 653958000.0, "RpRstar": 0.129, "rhostar": 1561.5487877962055, "impact": 0.29339733856511085, "q1": 0.37871715999999994, "q2": 0.34367890802729933, "a": 78120710719.72862, "Pp": 143.38064974812673, "rhoplan": 3273.9343921355958, "aRp": null, "e": null, "inc": null, "pomega": null, "f": null, "P": 12388088.138238149, "RHill": 8943076573.03309}, "I": {"m": 6.058427637861701e+24, "r": 7623832.659619848, "msmp": 0.0007358387285443433, "rsrp": 0.09037197798872285, "a": 270026909.9497803, "aRp": 3.2008658967025654, "e": 0.0, "inc": -0.045784564736284894, "pomega": 4.421291311262683, "f": 0.4769414589608267, "P": 37595.789407637436, "RHill": 16902885.217157878, "spacing": "logarithmic", "period_ratio": NaN}, "II": {"m": 4.947715904253724e+24, "r": 6089498.970735632, "msmp": 0.0006009349616445473, "rsrp": 0.07218417448489903, "a": 475012881.6282677, "aRp": 5.630744482396621, "e": 0.0, "inc": -0.045784564736284894, "pomega": 3.79039641693242, "f": 1.2284855761112203, "P": 87723.50861782068, "RHill": 27793343.36162118, "spacing": "logarithmic", "period_ratio": 2.3333333333333335}, "III": {"m": 7.976929723184577e+24, "r": 6114323.235140126, "msmp": 0.0009688543259167193, "rsrp": 0.07247843827274836, "a": 1342417732.5160065, "aRp": 15.912855277788463, "e": 0.0, "inc": -0.045784564736284894, "pomega": 5.196085539060706, "f": 2.164773815704938, "P": 416686.66593464825, "RHill": 92101511.22864828, "spacing": "logarithmic", "period_ratio": 4.75}, "IV": {"m": 8.986667662828192e+24, "r": 5551647.510011532, "msmp": 0.001091494114007443, "rsrp": 0.06580854918724402, "a": 2131042346.2072027, "aRp": 25.26111479656699, "e": 0.0, "inc": -0.045784564736284894, "pomega": 5.4983369774798865, "f": 4.104587101359842, "P": 833373.3318692965, "RHill": 152133711.59164706, "spacing": "logarithmic", "period_ratio": 2.0}, "V": {"m": 7.472060753362766e+24, "r": 8109577.062759204, "msmp": 0.0009075344318713569, "rsrp": 0.09612993261188268, "a": 5808185584.640673, "aRp": 68.84952008321461, "e": 0.0, "inc": -0.045784564736284894, "pomega": 4.056201735958019, "f": 1.4182567495053833, "P": 3750179.9934118344, "RHill": 389901078.7371358, "spacing": "logarithmic", "period_ratio": 4.5}}