{"Planet": {"m": 7.820889154079663e+25, "Rp": 23382616.139999997, "Rstar": 967022999.9999999, "RpRstar": 0.02418, "rhostar": 687.6670033399597, "impact": 0.49273155392948154, "q1": 0.37234403999999993, "q2": 0.25901343821697803, "a": 173600025803.04883, "Pp": 398.9264382185369, "rhoplan": 1460.4551380147298, "aRp": null, "e": null, "inc": null, "pomega": null, "f": null, "P": 34467244.262081586, "RHill": 3741126057.52389}, "I": {"m": 1.0717387091657385e+23, "r": 1804453.908522708, "msmp": 0.0013703540454945333, "rsrp": 0.07717074504062352, "a": 515365437.28142476, "aRp": 22.040537901993066, "e": 0.0, "inc": 0.03911674021121406, "pomega": 3.8576332233998882, "f": 2.15597647654097, "P": 1016774.1830226614, "RHill": 39690429.62973405, "spacing": "linear", "period_ratio": NaN}, "II": {"m": 5.358693545828693e+22, "r": 1853757.4463048007, "msmp": 0.0006851770227472667, "rsrp": 0.07927930028041767, "a": 735605965.088341, "aRp": 31.45952363431054, "e": 0.0, "inc": 0.03911674021121406, "pomega": 2.592701527895087, "f": 3.393259391816158, "P": 1734475.1071656432, "RHill": 44964774.62165831, "spacing": "linear", "period_ratio": 1.7058606877776972}, "III": {"m": 2.0095100796857598e+23, "r": 2102711.0281515876, "msmp": 0.00256941383530225, "rsrp": 0.08992625186001056, "a": 1825802281.065187, "aRp": 78.08374692264812, "e": 0.0, "inc": 0.03911674021121406, "pomega": 3.600625243538257, "f": 2.1314696031556313, "P": 6775983.4040411515, "RHill": 173390252.82406798, "spacing": "linear", "period_ratio": 3.906647824490249}}