{"Planet": {"m": 7.508850332060561e+22, "Rp": 1910948.76, "Rstar": 146097000.0, "RpRstar": 0.01308, "rhostar": 27400.968402478637, "impact": 0.24359492780747805, "q1": 0.11235904, "q2": 0.15244630071599044, "a": 12025219800.773066, "Pp": 19.620657000384146, "rhoplan": 2568.843888004853, "aRp": null, "e": null, "inc": null, "pomega": null, "f": null, "P": 1695224.7648331902, "RHill": 49543226.04093231}, "I": {"m": 1.9149028107289202e+20, "r": 573314.8258402394, "msmp": 0.0025501944053310716, "rsrp": 0.3000158025379181, "a": 15912867.710598523, "aRp": 8.327207952241755, "e": 0.0, "inc": 0.13875009725075435, "pomega": 4.525602618492588, "f": 4.983064255018914, "P": 177934.39183986132, "RHill": 1507413.719625517, "spacing": "linear", "period_ratio": NaN}, "II": {"m": 7.593580111511234e+19, "r": 545145.5774983091, "msmp": 0.001011283988320942, "rsrp": 0.28527482730531667, "a": 16030452.903371574, "aRp": 8.388740315240883, "e": 0.0, "inc": 0.13875009725075435, "pomega": 5.516560037176677, "f": 5.676797286234662, "P": 180048.49053696936, "RHill": 1115654.5765580987, "spacing": "linear", "period_ratio": 1.0118813382575904}}