{"Planet": {"m": 1.2605248911075387e+25, "Rp": 8168909.399999999, "Rstar": 660915000.0, "RpRstar": 0.01236, "rhostar": 1298.9952601871355, "impact": 0.48712325943871027, "q1": 0.37234403999999993, "q2": 0.25901343821697803, "a": 39379338188.63981, "Pp": 55.50059516785972, "rhoplan": 5520.400397120482, "aRp": null, "e": null, "inc": null, "pomega": null, "f": null, "P": 4795251.42250308, "RHill": 546639238.7852484}, "I": {"m": 4.481019021182514e+22, "r": 1461206.6185452593, "msmp": 0.0035548834083278936, "rsrp": 0.17887413692521298, "a": 31241176.41383822, "aRp": 3.82439991485745, "e": 0.0, "inc": 0.06407744458517037, "pomega": 3.782227459137307, "f": 0.5793676220841663, "P": 37759.11425259204, "RHill": 3305943.407280202, "spacing": "linear", "period_ratio": NaN}, "II": {"m": 2.0107136633511283e+22, "r": 1437493.0659286538, "msmp": 0.0015951399909163628, "rsrp": 0.17597123380125307, "a": 78671554.82943419, "aRp": 9.630606850583284, "e": 0.0, "inc": 0.06407744458517037, "pomega": 0.6943614125846028, "f": 3.5817738024726116, "P": 151036.45701036815, "RHill": 6373484.2402239945, "spacing": "linear", "period_ratio": 4.0}, "III": {"m": 4.136325250322322e+22, "r": 1489034.1782984475, "msmp": 0.0032814308384565183, "rsrp": 0.18228065772139027, "a": 175649567.80616692, "aRp": 21.50220539918914, "e": 0.0, "inc": 0.06407744458517037, "pomega": 1.6633254833587725, "f": 6.052569344809859, "P": 503454.8567012272, "RHill": 18097882.004931286, "spacing": "linear", "period_ratio": 3.3333333333333335}, "IV": {"m": 1.6085709306809029e+22, "r": 1259780.4187031991, "msmp": 0.0012761119927330903, "rsrp": 0.15421647578845704, "a": 485507563.83549124, "aRp": 59.433584100650116, "e": 0.0, "inc": 0.06407744458517037, "pomega": 4.229634993761956, "f": 2.325639446131778, "P": 2315892.340825645, "RHill": 36513363.897629246, "spacing": "linear", "period_ratio": 4.6}}