{"Planet": {"m": 1.2093037787531302e+25, "Rp": 8079024.96, "Rstar": 1057464000.0, "RpRstar": 0.00764, "rhostar": 497.78546610217063, "impact": 0.24808297973330928, "q1": 0.26163225000000007, "q2": 0.21691104594330396, "a": 209606763572.34833, "Pp": 544.0093195115883, "rhoplan": 5474.821334878352, "aRp": null, "e": null, "inc": null, "pomega": null, "f": null, "P": 47002405.205801226, "RHill": 2469263739.0625925}, "I": {"m": 1.896075464205522e+22, "r": 1394809.42931451, "msmp": 0.0015679066728465014, "rsrp": 0.17264576309893093, "a": 37970141.61525998, "aRp": 4.699842097685509, "e": 0.0, "inc": -0.10844815124153184, "pomega": 0.5259552057315046, "f": 4.565190644730443, "P": 51704.98624751395, "RHill": 3058500.351964679, "spacing": "logarithmic", "period_ratio": NaN}, "II": {"m": 1.8448301813891575e+22, "r": 1178044.324951779, "msmp": 0.001525530816823624, "rsrp": 0.14581516096117855, "a": 65435674.230427675, "aRp": 8.09945192079561, "e": 0.0, "inc": -0.10844815124153184, "pomega": 5.576256267217887, "f": 3.463009723759046, "P": 116976.9144489332, "RHill": 5222933.445317979, "spacing": "logarithmic", "period_ratio": 2.26239136567912}, "III": {"m": 6.405660352045685e+21, "r": 882183.056415971, "msmp": 0.0005296982002859804, "rsrp": 0.10919424816530966, "a": 152615696.56692234, "aRp": 18.89036081984358, "e": 0.0, "inc": -0.10844815124153184, "pomega": 4.229006612393101, "f": 2.338207073508875, "P": 416862.77414532885, "RHill": 8561863.192860669, "spacing": "logarithmic", "period_ratio": 3.5636328425068196}, "IV": {"m": 1.5117358430827814e+22, "r": 1267968.8930128827, "msmp": 0.0012500877526749137, "rsrp": 0.15694578235501364, "a": 403411773.6189133, "aRp": 49.933225310757464, "e": 0.0, "inc": -0.10844815124153184, "pomega": 0.5674283760759242, "f": 5.801845178636776, "P": 1790856.8461001243, "RHill": 30131562.352268357, "spacing": "logarithmic", "period_ratio": 4.296034467869723}, "V": {"m": 1.3579999946336857e+22, "r": 1420927.3686832774, "msmp": 0.001122960184606279, "rsrp": 0.1758785714511863, "a": 993750449.4225738, "aRp": 123.00376027338994, "e": 0.0, "inc": -0.10844815124153184, "pomega": 4.854246074403671, "f": 2.4563427708535857, "P": 6924391.232053283, "RHill": 71618470.06818461, "spacing": "logarithmic", "period_ratio": 3.866524142972257}}