{"Planet": {"m": 7.660341352157893e+25, "Rp": 23097935.700000003, "Rstar": 354807000.0, "RpRstar": 0.0651, "rhostar": 5526.4227833933655, "impact": 0.2998541818899124, "q1": 0.15888196000000002, "q2": 0.16821374811841444, "a": 84368854497.42923, "Pp": 214.51900744675223, "rhoplan": 1484.020872517239, "aRp": null, "e": null, "inc": null, "pomega": null, "f": null, "P": 18534442.243399393, "RHill": 2456903075.187026}, "I": {"m": 2.3692439964407945e+21, "r": 619941.8809856855, "msmp": 3.092870000856275e-05, "rsrp": 0.02683970935920847, "a": 162230396.83846408, "aRp": 7.023588555511654, "e": 0.0, "inc": 0.022499544012608175, "pomega": 2.43874809252565, "f": 0.8765920095525076, "P": 181570.2012854831, "RHill": 3530848.100739388, "spacing": "linear", "period_ratio": NaN}, "II": {"m": 4.038484084842261e+21, "r": 881428.8646284619, "msmp": 5.271937501459558e-05, "rsrp": 0.038160503868250956, "a": 383992865.2957877, "aRp": 16.624553392266463, "e": 0.0, "inc": 0.022499544012608175, "pomega": 2.915689551486477, "f": 1.3767835791609635, "P": 661189.9295849055, "RHill": 9983270.100343639, "spacing": "linear", "period_ratio": 3.6415112441568294}, "III": {"m": 3.015401450015555e+21, "r": 728514.3990261282, "msmp": 3.936380001089803e-05, "rsrp": 0.031540238421658096, "a": 610266156.8368917, "aRp": 26.42080940752171, "e": 0.0, "inc": 0.022499544012608175, "pomega": 3.0375955370443166, "f": 5.0528145869618015, "P": 1324717.6629497248, "RHill": 14393879.86192155, "spacing": "linear", "period_ratio": 2.0035357522480437}, "IV": {"m": 2.4769369053699207e+21, "r": 709860.0465741097, "msmp": 3.233455000895196e-05, "rsrp": 0.030732618524611687, "a": 882969576.8433249, "aRp": 38.227207327593554, "e": 0.0, "inc": 0.022499544012608175, "pomega": 5.969623004121019, "f": 5.145186648183464, "P": 2305496.854181952, "RHill": 19504175.475150265, "spacing": "linear", "period_ratio": 1.7403684714585475}, "V": {"m": 3.2307872678738086e+21, "r": 832225.4209275113, "msmp": 4.2175500011676454e-05, "rsrp": 0.036030294297144105, "a": 1182256145.7873034, "aRp": 51.18449376354023, "e": 0.0, "inc": 0.022499544012608175, "pomega": 1.3239995441771566, "f": 4.954787093420446, "P": 3571997.5930572525, "RHill": 28533688.039205614, "spacing": "linear", "period_ratio": 1.5493396083269377}}