{"Planet": {"m": 9.623570024270258e+25, "Rp": 26612055.54, "Rstar": 619173000.0, "RpRstar": 0.04298, "rhostar": 1919.7846023516274, "impact": 0.16159551851396015, "q1": 0.25, "q2": 0.2, "a": 163570218725.11246, "Pp": 426.206527491799, "rhoplan": 1219.0242299230638, "aRp": null, "e": null, "inc": null, "pomega": null, "f": null, "P": 36824243.97529144, "RHill": 4189705580.9132404}, "I": {"m": 5.26201679162043e+22, "r": 1736581.7641166758, "msmp": 0.0005467842784278428, "rsrp": 0.06525545392412314, "a": 54846147.89492733, "aRp": 2.0609512035809967, "e": 0.0, "inc": 0.17044844630187647, "pomega": 4.113384440523809, "f": 6.080846506408327, "P": 31835.332968445113, "RHill": 3109646.7143282867, "spacing": "logarithmic", "period_ratio": NaN}, "II": {"m": 7.01602238882724e+22, "r": 2192278.304596367, "msmp": 0.000729045704570457, "rsrp": 0.08237914208848697, "a": 130422779.75516817, "aRp": 4.900890859750858, "e": 0.0, "inc": 0.17044844630187647, "pomega": 4.27425007095065, "f": 2.1716860107623415, "P": 116729.55421763207, "RHill": 8138879.511379184, "spacing": "logarithmic", "period_ratio": 3.6666666666666665}, "III": {"m": 3.157210074972258e+23, "r": 2864829.4980272115, "msmp": 0.0032807056705670564, "rsrp": 0.1076515676784587, "a": 310386667.15572965, "aRp": 11.663385667040798, "e": 0.0, "inc": 0.17044844630187647, "pomega": 0.8853893487164753, "f": 0.29282571788635736, "P": 428008.3654646509, "RHill": 31978031.73166375, "spacing": "logarithmic", "period_ratio": 3.6666666666666665}}