{"Planet": {"m": 2.3977266711981466e+25, "Rp": 10785715.38, "Rstar": 563517000.0, "RpRstar": 0.01914, "rhostar": 2228.3095440854613, "impact": 0.4557581033857152, "q1": 0.39904488999999993, "q2": 0.24908975779642237, "a": 148155965204.176, "Pp": 392.77719280129423, "rhoplan": 4562.093667790867, "aRp": null, "e": null, "inc": null, "pomega": null, "f": null, "P": 33935949.45803182, "RHill": 2496607187.771335}, "I": {"m": 1.5731140431704943e+22, "r": 1193370.5975186476, "msmp": 0.0006560856423156887, "rsrp": 0.11064362033245563, "a": 91707327.06352162, "aRp": 8.502665222705108, "e": 0.0, "inc": -0.14545283185187266, "pomega": 6.056968014391843, "f": 2.061090889843889, "P": 137892.54977965952, "RHill": 5525231.280862634, "spacing": "logarithmic", "period_ratio": NaN}, "II": {"m": 1.887736851804593e+22, "r": 1208730.280044736, "msmp": 0.0007873027707788264, "rsrp": 0.1120676967135708, "a": 157474907.83819634, "aRp": 14.600321099720723, "e": 0.0, "inc": -0.14545283185187266, "pomega": 2.4770793560257958, "f": 1.0588226065204125, "P": 310258.23700423393, "RHill": 10082112.471035285, "spacing": "logarithmic", "period_ratio": 2.25}}