{"Planet": {"m": 2.1609689315829795e+26, "Rp": 42660324.0, "Rstar": 1043550000.0, "RpRstar": 0.04088, "rhostar": 584.7975567497883, "impact": 0.21021027689288596, "q1": 0.22127616000000003, "q2": 0.19313350340136054, "a": 147452506916.43854, "Pp": 302.07005597368703, "rhoplan": 664.4884937476161, "aRp": null, "e": null, "inc": null, "pomega": null, "f": null, "P": 26098852.83612656, "RHill": 4361306426.410883}, "I": {"m": 6.971210502486998e+23, "r": 3115159.279075001, "msmp": 0.0032259651680324537, "rsrp": 0.07302240083959514, "a": 1046211753.7780547, "aRp": 24.524233659783146, "e": 0.0, "inc": -0.10432876226792787, "pomega": 0.10996673954959772, "f": 5.094287757306222, "P": 1767594.9630659826, "RHill": 107184602.38488209, "spacing": "linear", "period_ratio": NaN}, "II": {"m": 9.553140318222926e+23, "r": 3545209.1243192176, "msmp": 0.004420767082118549, "rsrp": 0.08310319266021556, "a": 2177071727.3387437, "aRp": 51.03270494004555, "e": 0.0, "inc": -0.10432876226792787, "pomega": 6.197097059646473, "f": 2.1672873411803573, "P": 5302784.889197947, "RHill": 247741177.54729876, "spacing": "linear", "period_ratio": 3.0}}