{"Planet": {"m": 8.497441094687928e+25, "Rp": 24154704.0, "Rstar": 862668000.0, "RpRstar": 0.028, "rhostar": 850.3232928745545, "impact": 0.19355450585431622, "q1": 0.37234403999999993, "q2": 0.25901343821697803, "a": 19045927342.084446, "Pp": 15.472357955003117, "rhoplan": 1439.4427405273764, "aRp": null, "e": null, "inc": null, "pomega": null, "f": null, "P": 1336811.7273122694, "RHill": 440679832.4443898}, "I": {"m": 2.9052716980258378e+23, "r": 2603688.1684624846, "msmp": 0.003418995984381737, "rsrp": 0.10779217863578393, "a": 60267455.17998178, "aRp": 2.495060803890695, "e": 0.0, "inc": -0.13204736264963599, "pomega": 5.150842080503158, "f": 5.480113917783096, "P": 38968.71151899096, "RHill": 6295186.95346027, "spacing": "logarithmic", "period_ratio": NaN}, "II": {"m": 2.4072251212214097e+23, "r": 2509781.0858196355, "msmp": 0.0028328823870591552, "rsrp": 0.1039044438640041, "a": 138902575.66375893, "aRp": 5.750539342720115, "e": 0.0, "inc": -0.13204736264963599, "pomega": 6.274387968015619, "f": 0.959538350241347, "P": 136390.49031646835, "RHill": 13627391.37011363, "spacing": "logarithmic", "period_ratio": 3.5}, "III": {"m": 1.2036125606107048e+23, "r": 2146094.610869825, "msmp": 0.0014164411935295776, "rsrp": 0.08884789525343903, "a": 288792904.9047099, "aRp": 11.955969524806012, "e": 0.0, "inc": -0.13204736264963599, "pomega": 6.006697504883455, "f": 0.1351019943037915, "P": 409171.47094940505, "RHill": 22487729.945231695, "spacing": "logarithmic", "period_ratio": 3.0}}