{"Planet": {"m": 4.754052117246043e+25, "Rp": 17273535.299999997, "Rstar": 486989999.99999994, "RpRstar": 0.03547, "rhostar": 3247.014755693719, "impact": 0.06310837002082903, "q1": 0.39050001, "q2": 0.361577852456393, "a": 16134056107.25785, "Pp": 14.554776331190531, "rhoplan": 2202.0726026553834, "aRp": null, "e": null, "inc": null, "pomega": null, "f": null, "P": 1257532.6750148619, "RHill": 348615578.3716517}, "I": {"m": 4.580725853304059e+22, "r": 1196813.2020597076, "msmp": 0.0009635413622595309, "rsrp": 0.06928594414947054, "a": 74561650.1952089, "aRp": 4.316525187244612, "e": 0.0, "inc": -0.045540194203952444, "pomega": 6.021778657735972, "f": 4.859901506723364, "P": 71780.94549608015, "RHill": 5106208.534581227, "spacing": "linear", "period_ratio": NaN}, "II": {"m": 3.4355443899780446e+22, "r": 1701801.2820279484, "msmp": 0.0007226560216946483, "rsrp": 0.09852072852903185, "a": 131159129.54464144, "aRp": 7.593068081705397, "e": 0.0, "inc": -0.045540194203952444, "pomega": 4.0078163705561956, "f": 5.022652281256769, "P": 167488.87282418704, "RHill": 8160848.510532022, "spacing": "linear", "period_ratio": 2.3333333333333335}}