{"Planet": {"m": 4.560872403498204e+25, "Rp": 16878099.419999998, "Rstar": 299151000.0, "RpRstar": 0.05641999999999999, "rhostar": 7447.237679816378, "impact": 0.4059743454529754, "q1": 0.11235904, "q2": 0.15244630071599044, "a": 25401910373.940502, "Pp": 39.4342308113622, "rhoplan": 2264.5853364932136, "aRp": null, "e": null, "inc": null, "pomega": null, "f": null, "P": 3407117.542101694, "RHill": 668226254.5321313}, "I": {"m": 8.525848295404683e+22, "r": 1859395.2062869822, "msmp": 0.0018693459367259057, "rsrp": 0.11016614845174211, "a": 74276312.39407378, "aRp": 4.400750969985327, "e": 0.0, "inc": -0.09200550542316342, "pomega": 3.5063680382100304, "f": 4.585927229902652, "P": 72832.12847264491, "RHill": 6344145.60563238, "spacing": "logarithmic", "period_ratio": NaN}, "II": {"m": 3.7772745612552382e+22, "r": 1514115.8567657915, "msmp": 0.000828191237789958, "rsrp": 0.08970890732943625, "a": 107297963.91866836, "aRp": 6.357230233608162, "e": 0.0, "inc": -0.09200550542316342, "pomega": 3.515165377373998, "f": 4.883151617370994, "P": 126520.38407776758, "RHill": 6986525.89567193, "spacing": "logarithmic", "period_ratio": 1.7371507153644081}}