{"Planet": {"m": 4.111571834993245e+25, "Rp": 15964019.190000001, "Rstar": 1022679000.0, "RpRstar": 0.01561, "rhostar": 541.4509467286027, "impact": 0.18874150731878458, "q1": 0.31292836, "q2": 0.2426707186271005, "a": 163904266150.9673, "Pp": 379.2382201388916, "rhoplan": 2412.6401429332645, "aRp": null, "e": null, "inc": null, "pomega": null, "f": null, "P": 32766182.220000237, "RHill": 2919200243.2893996}, "I": {"m": 5.970015476542944e+22, "r": 1989364.0584524444, "msmp": 0.001452003203673262, "rsrp": 0.12461548904292216, "a": 239320500.84568626, "aRp": 14.991243620879551, "e": 0.0, "inc": 0.029237188689773985, "pomega": 0.8395175087900718, "f": 2.338207073508875, "P": 443739.2552186589, "RHill": 18790082.042198457, "spacing": "linear", "period_ratio": NaN}, "II": {"m": 1.9029424331480634e+23, "r": 2593643.807294411, "msmp": 0.004628260211708523, "rsrp": 0.16246809631243064, "a": 603686755.2556822, "aRp": 37.81546163724464, "e": 0.0, "inc": 0.029237188689773985, "pomega": 2.9936088412244777, "f": 3.914815927965679, "P": 1774957.0208746355, "RHill": 69755290.5604318, "spacing": "linear", "period_ratio": 4.0}}