{"Planet": {"m": 5.49692731649152e+25, "Rp": 19175718.240000002, "Rstar": 640044000.0, "RpRstar": 0.029960000000000004, "rhostar": 1647.5143319530393, "impact": 0.4216851350585765, "q1": 0.25, "q2": 0.2, "a": 125737263833.51877, "Pp": 295.0387261414113, "rhoplan": 1861.1289558340943, "aRp": null, "e": null, "inc": null, "pomega": null, "f": null, "P": 25491345.938617937, "RHill": 2720285486.7450037}, "I": {"m": 1.7868523622798224e+22, "r": 1339197.211329304, "msmp": 0.0003250638510207376, "rsrp": 0.06983817735367934, "a": 500436094.43285245, "aRp": 26.0973846282825, "e": 0.0, "inc": -0.1610576358451013, "pomega": 4.79706336983788, "f": 5.797446509054792, "P": 1161099.3264015126, "RHill": 23857838.799651224, "spacing": "linear", "period_ratio": NaN}, "II": {"m": 1.4338938709652898e+22, "r": 1291515.1344097597, "msmp": 0.0002608537076092339, "rsrp": 0.06735159112401307, "a": 1040926751.4357771, "aRp": 54.28358606481991, "e": 0.0, "inc": -0.1610576358451013, "pomega": 1.8116234864085157, "f": 5.892960477120728, "P": 3483297.979204538, "RHill": 46115340.847905725, "spacing": "linear", "period_ratio": 3.0}}