{"Planet": {"m": 2.71548696392384e+25, "Rp": 12053002.500000002, "Rstar": 688743000.0, "RpRstar": 0.0175, "rhostar": 1351.2280612532825, "impact": 0.05996796823716999, "q1": 0.25, "q2": 0.2, "a": 14751198863.639242, "Pp": 11.727531893444109, "rhoplan": 3702.315054780464, "aRp": null, "e": null, "inc": null, "pomega": null, "f": null, "P": 1013258.755593571, "RHill": 250460852.26282713}, "I": {"m": 1.2389252437846848e+23, "r": 1920706.0714448115, "msmp": 0.004562442244224423, "rsrp": 0.15935498822345812, "a": 39302969.05630752, "aRp": 3.260844678021722, "e": 0.0, "inc": -0.06519456701869007, "pomega": 2.5336336792227314, "f": 3.113629682675753, "P": 36282.96050221085, "RHill": 4519781.0933090355, "spacing": "logarithmic", "period_ratio": NaN}, "II": {"m": 3.494404533751675e+22, "r": 1562623.13944437, "msmp": 0.001286842684268427, "rsrp": 0.12964596493233696, "a": 62321688.88605299, "aRp": 5.170636020863099, "e": 0.0, "inc": -0.06519456701869007, "pomega": 3.5289897674888047, "f": 3.7671463062847907, "P": 72565.9210044217, "RHill": 4700101.986658981, "spacing": "logarithmic", "period_ratio": 2.0}}