{"Planet": {"m": 2.2062591864211913e+26, "Rp": 42581014.2, "Rstar": 702657000.0, "RpRstar": 0.0606, "rhostar": 1532.516617206456, "impact": 0.49178857110246177, "q1": 0.37234403999999993, "q2": 0.25901343821697803, "a": 60480249965.69965, "Pp": 88.71563234758143, "rhoplan": 682.2128852060599, "aRp": null, "e": null, "inc": null, "pomega": null, "f": null, "P": 7665030.6348310355, "RHill": 1940367649.0820212}, "I": {"m": 2.8412600997945673e+23, "r": 2754711.5320105148, "msmp": 0.0012878179124563426, "rsrp": 0.06469342226260347, "a": 81541222.6691663, "aRp": 1.9149666629867705, "e": 0.0, "inc": -0.08376672747595547, "pomega": 4.791407937518186, "f": 2.214415943844471, "P": 38100.88851738801, "RHill": 6151130.69584283, "spacing": "linear", "period_ratio": NaN}, "II": {"m": 2.9666098100796224e+23, "r": 2502839.7028596923, "msmp": 0.0013446334085941228, "rsrp": 0.058778301782668484, "a": 232031131.66498512, "aRp": 5.449168743965359, "e": 0.0, "inc": -0.08376672747595547, "pomega": 0.2180483349926309, "f": 3.1261973100528495, "P": 182884.26488346246, "RHill": 17757172.179108623, "spacing": "linear", "period_ratio": 4.8}, "III": {"m": 2.7576936262711992e+23, "r": 2973308.3943958133, "msmp": 0.0012499409150311567, "rsrp": 0.0698270919624036, "a": 392477129.9368637, "aRp": 9.21718604665982, "e": 0.0, "inc": -0.08376672747595547, "pomega": 1.8468128430643869, "f": 5.314221236405417, "P": 402345.38274361746, "RHill": 29313686.00282194, "spacing": "linear", "period_ratio": 2.2}, "IV": {"m": 4.178323676168485e+22, "r": 1791515.574372123, "msmp": 0.0001893849871259329, "rsrp": 0.04207310718240532, "a": 875481078.8065796, "aRp": 20.56036229420246, "e": 0.0, "inc": -0.08376672747595547, "pomega": 0.899213738831282, "f": 1.51251395483361, "P": 1341151.2758120582, "RHill": 34859530.13831748, "spacing": "linear", "period_ratio": 3.3333333333333335}, "V": {"m": 2.465210968939405e+23, "r": 2317708.4981626696, "msmp": 0.0011173714240430034, "rsrp": 0.05443056117161882, "a": 1390169257.7151237, "aRp": 32.647631434648254, "e": 0.0, "inc": -0.08376672747595547, "pomega": 2.365855853738488, "f": 0.1395006638857754, "P": 2682302.5516241165, "RHill": 100021442.93342406, "spacing": "linear", "period_ratio": 2.0}}