{"Planet": {"m": 1.7566270013805612e+25, "Rp": 9295525.98, "Rstar": 813969000.0, "RpRstar": 0.011420000000000001, "rhostar": 827.4115125495822, "impact": 0.014488496801759898, "q1": 0.37234403999999993, "q2": 0.25901343821697803, "a": 64166436711.91448, "Pp": 105.82937355715005, "rhoplan": 5221.184471957667, "aRp": null, "e": null, "inc": null, "pomega": null, "f": null, "P": 9143657.875337765, "RHill": 938893000.108838}, "I": {"m": 8.46159491170409e+21, "r": 1164064.8002070633, "msmp": 0.0004816955964501278, "rsrp": 0.1252285026916856, "a": 57548211.917589985, "aRp": 6.190958106234025, "e": 0.0, "inc": 0.061633739261845955, "pomega": 4.310696190344231, "f": 2.256517495557745, "P": 80090.38974886404, "RHill": 3127872.0164102167, "spacing": "logarithmic", "period_ratio": NaN}, "II": {"m": 1.6923189823408182e+21, "r": 587842.3489762949, "msmp": 9.633911929002558e-05, "rsrp": 0.06323927771715988, "a": 76950228.96892205, "aRp": 8.278200624094437, "e": 0.0, "inc": 0.061633739261845955, "pomega": 1.6828053057932726, "f": 1.1461676167912358, "P": 123860.03128657612, "RHill": 2445890.7547461814, "spacing": "logarithmic", "period_ratio": 1.5465030408137437}, "III": {"m": 9.64621819934266e+21, "r": 991193.1841040445, "msmp": 0.0005491329799531457, "rsrp": 0.10663121013664731, "a": 112307919.051525, "aRp": 12.081932673112167, "e": 0.0, "inc": 0.061633739261845955, "pomega": 3.561037217300402, "f": 6.1436846432938115, "P": 218340.14277177263, "RHill": 6376697.342552158, "spacing": "logarithmic", "period_ratio": 1.7627974133689421}, "IV": {"m": 6.430812132895107e+21, "r": 1072497.5329966235, "msmp": 0.00036608865330209714, "rsrp": 0.11537782104037791, "a": 218030585.5685099, "aRp": 23.45543286497381, "e": 0.0, "inc": 0.061633739261845955, "pomega": 4.783238979723073, "f": 4.287446079696601, "P": 590654.9945281486, "RHill": 10814482.920254283, "spacing": "logarithmic", "period_ratio": 2.705205680595119}}