{"Planet": {"m": 1.0241421364439202e+26, "Rp": 27382752.0, "Rstar": 445248000.0, "RpRstar": 0.0615, "rhostar": 3603.1817714158715, "impact": 0.17113441529795093, "q1": 0.3701505600000001, "q2": 0.22016765285996057, "a": 75685486444.8639, "Pp": 160.57396264653985, "rhoplan": 1190.804168070249, "aRp": null, "e": null, "inc": null, "pomega": null, "f": null, "P": 13873590.372661043, "RHill": 2231338003.2202883}, "I": {"m": 9.835355137125169e+23, "r": 4783671.192807368, "msmp": 0.009603505985288334, "rsrp": 0.17469650942342713, "a": 835713478.8309739, "aRp": 30.519703747489437, "e": 0.0, "inc": 0.1121835293786134, "pomega": 5.792419458103954, "f": 4.044890871318632, "P": 1827290.407061857, "RHill": 123166781.32660876, "spacing": "linear", "period_ratio": NaN}}