{"Planet": {"m": 1.260847428567844e+24, "Rp": 4167660.42, "Rstar": 535689000.0, "RpRstar": 0.00778, "rhostar": 2624.811022776879, "impact": 0.44839515970737975, "q1": 0.39050001, "q2": 0.361577852456393, "a": 168536131160.53784, "Pp": 473.7401730649988, "rhoplan": 4158.119354962449, "aRp": null, "e": null, "inc": null, "pomega": null, "f": null, "P": 40931150.9528159, "RHill": 1059819328.3473104}, "I": {"m": 4.074731583938832e+21, "r": 716487.5711707507, "msmp": 0.003231740408565681, "rsrp": 0.17191601497387607, "a": 134915056.62731373, "aRp": 32.37189286820871, "e": 0.0, "inc": -0.009478085646893897, "pomega": 4.387987098713377, "f": 5.388370237930289, "P": 1071607.478992977, "RHill": 13830317.744786968, "spacing": "logarithmic", "period_ratio": NaN}}