{"Planet": {"m": 1.0020924320835933e+30, "Rp": 361758434.3999999, "Rstar": 14540129999.999998, "RpRstar": 0.024879999999999996, "rhostar": 0.33509825516720143, "impact": 0.021070375006548736, "q1": 0.39740415999999995, "q2": 0.319876269035533, "a": 307250315876.4635, "Pp": 657.4622410728522, "rhoplan": 5053.16147606813, "aRp": null, "e": null, "inc": null, "pomega": null, "f": null, "P": 56804737.62869443, "RHill": 130948129484.8745}, "I": {"m": 7.362608983213713e+26, "r": 105926554.95435223, "msmp": 0.0007347235392153459, "rsrp": 0.2928101873562074, "a": 10456747149.527405, "aRp": 28.905330616190348, "e": 0.0, "inc": 0.164234452765423, "pomega": 3.0306833419869132, "f": 3.46615163060332, "P": 821218.1527431513, "RHill": 654230579.6028018, "spacing": "logarithmic", "period_ratio": NaN}, "II": {"m": 2.0860725452438858e+27, "r": 83514733.46524474, "msmp": 0.0020817166944434805, "rsrp": 0.23085773688665864, "a": 47994061735.6391, "aRp": 132.66881203541362, "e": 0.0, "inc": 0.164234452765423, "pomega": 2.7523103955842174, "f": 6.130488634547859, "P": 8069614.810846815, "RHill": 4249008787.469171, "spacing": "logarithmic", "period_ratio": 9.82639604822607}}