{"Planet": {"m": 2.3977266711981466e+25, "Rp": 10610259.84, "Rstar": 111312000.0, "RpRstar": 0.09532, "rhostar": 41302.14329025954, "impact": 0.325960582659361, "q1": 0.11235904, "q2": 0.15244630071599044, "a": 98743996645.93346, "Pp": 565.4105636050712, "rhoplan": 4792.178714723226, "aRp": null, "e": null, "inc": null, "pomega": null, "f": null, "P": 48851472.69547815, "RHill": 3183032861.2928267}, "I": {"m": 3.52209333261538e+21, "r": 799287.1085233866, "msmp": 0.0001468930289229083, "rsrp": 0.07533153010165929, "a": 46190744.55901664, "aRp": 4.353403710706545, "e": 0.0, "inc": 0.14555756208001516, "pomega": 6.193326771433344, "f": 5.74780438091526, "P": 49303.49637863409, "RHill": 1689850.4559448417, "spacing": "logarithmic", "period_ratio": NaN}, "II": {"m": 1.4917101173429852e+22, "r": 1236107.0750794173, "msmp": 0.0006221351813205531, "rsrp": 0.11650111248165411, "a": 81916515.76372355, "aRp": 7.720500440046108, "e": 0.0, "inc": 0.14555756208001516, "pomega": 4.785124123829638, "f": 6.2530230014745545, "P": 116412.42177198171, "RHill": 4848707.365301162, "spacing": "logarithmic", "period_ratio": 2.3611392765732857}, "III": {"m": 3.3149113718733e+21, "r": 779916.4667253688, "msmp": 0.00013825226251567847, "rsrp": 0.07350587812987705, "a": 169799765.57469726, "aRp": 16.00335600967688, "e": 0.0, "inc": 0.14555756208001516, "pomega": 4.575873128000975, "f": 3.0306833419869132, "P": 347498.37647631887, "RHill": 6087711.795201136, "spacing": "logarithmic", "period_ratio": 2.9850626864972174}, "IV": {"m": 1.5124283134171926e+22, "r": 1226559.972109613, "msmp": 0.0006307759477277827, "rsrp": 0.11560131331426593, "a": 418561191.29979646, "aRp": 39.4487220493741, "e": 0.0, "inc": 0.14555756208001516, "pomega": 2.4249237024108434, "f": 0.6114150718957634, "P": 1344555.3309151614, "RHill": 24889160.50626255, "spacing": "logarithmic", "period_ratio": 3.8692420509964296}, "V": {"m": 8.701642351167419e+21, "r": 1152072.5348545935, "msmp": 0.0003629121891036562, "rsrp": 0.10858099162768416, "a": 1104970795.6489527, "aRp": 104.1417281302842, "e": 0.0, "inc": 0.14555756208001516, "pomega": 4.27173654547523, "f": 4.516176897959765, "P": 5767991.0524807535, "RHill": 54648414.52052674, "spacing": "logarithmic", "period_ratio": 4.2898874593393}}