{"Planet": {"m": 9.047621187364328e+23, "Rp": 3754692.8999999994, "Rstar": 486989999.99999994, "RpRstar": 0.00771, "rhostar": 3082.608945278847, "impact": 0.12699781383273723, "q1": 0.40411449000000005, "q2": 0.2892873997168476, "a": 153389304962.3829, "Pp": 437.89719653024264, "rhoplan": 4080.586001291912, "aRp": null, "e": null, "inc": null, "pomega": null, "f": null, "P": 37834317.78021296, "RHill": 900348004.587777}, "I": {"m": 2.1485723157318425e+20, "r": 718125.5326245272, "msmp": 0.0002374737261029985, "rsrp": 0.19126079062938206, "a": 59099262.65148674, "aRp": 15.74010557600776, "e": 0.0, "inc": -0.04292193850039061, "pomega": 1.4327095209890446, "f": 2.7805875571826855, "P": 367308.80152607773, "RHill": 2537543.5225822357, "spacing": "linear", "period_ratio": NaN}, "II": {"m": 4.146367626850927e+19, "r": 619970.7021436809, "msmp": 4.582826293215763e-05, "rsrp": 0.165118884195211, "a": 92475364.1968567, "aRp": 24.62927505918173, "e": 0.0, "inc": -0.04292193850039061, "pomega": 1.97563102367963, "f": 4.613576010132266, "P": 719016.6153726951, "RHill": 2294545.9763582894, "spacing": "linear", "period_ratio": 1.9575262351061504}, "III": {"m": 1.8093240553531307e+20, "r": 517205.9549500422, "msmp": 0.0001999778746130514, "rsrp": 0.13774920312392053, "a": 142070409.42993772, "aRp": 37.83809041478139, "e": 0.0, "inc": -0.04292193850039061, "pomega": 4.0254110488841315, "f": 0.5674283760759242, "P": 1369057.944738135, "RHill": 5760460.415284184, "spacing": "linear", "period_ratio": 1.9040699692711514}, "IV": {"m": 2.5255148272637457e+20, "r": 776383.6930834337, "msmp": 0.00027913578331405096, "rsrp": 0.20677688262692104, "a": 188141769.6282915, "aRp": 50.10843087281293, "e": 0.0, "inc": -0.04292193850039061, "pomega": 0.5228132988872303, "f": 1.6350483217603045, "P": 2086301.3249481877, "RHill": 8525436.897753485, "spacing": "linear", "period_ratio": 1.5238955611533613}, "V": {"m": 1.7716298041999406e+20, "r": 656346.4518624867, "msmp": 0.00019581166889194617, "rsrp": 0.17480696007454744, "a": 362514199.6909065, "aRp": 96.54962718546345, "e": 0.0, "inc": -0.04292193850039061, "pomega": 5.731466465325034, "f": 2.3086731491726975, "P": 5580264.955920467, "RHill": 14595897.133626256, "spacing": "linear", "period_ratio": 2.674716681234457}}