{"Planet": {"m": 2.2068237141348315e+25, "Rp": 10167516.36, "Rstar": 528732000.0, "RpRstar": 0.01923, "rhostar": 2537.100117552999, "impact": 0.16106546615731365, "q1": 0.39050001, "q2": 0.361577852456393, "a": 220243922162.54825, "Pp": 734.0905127219431, "rhoplan": 5012.2692588787, "aRp": null, "e": null, "inc": null, "pomega": null, "f": null, "P": 63425420.29917589, "RHill": 3684753112.8618693}, "I": {"m": 1.1190105578155646e+23, "r": 2157895.9830965777, "msmp": 0.005070683945655642, "rsrp": 0.21223432613159599, "a": 546124097.1042175, "aRp": 53.71263519700081, "e": 0.0, "inc": 0.06812701340667934, "pomega": 5.079206604453705, "f": 1.8336168343184351, "P": 2084164.0105566962, "RHill": 65053864.702409476, "spacing": "linear", "period_ratio": NaN}}