{"Planet": {"m": 3.2056181347032347e+25, "Rp": 13196594.16, "Rstar": 911367000.0, "RpRstar": 0.01448, "rhostar": 645.9138971851012, "impact": 0.2436140761612664, "q1": 0.26163225000000007, "q2": 0.21691104594330396, "a": 18420284926.93747, "Pp": 15.550086643137641, "rhoplan": 3329.9490941691074, "aRp": null, "e": null, "inc": null, "pomega": null, "f": null, "P": 1343527.4859670922, "RHill": 319481324.1655131}, "I": {"m": 2.8160148270633963e+23, "r": 2985029.0260383068, "msmp": 0.008784623460224133, "rsrp": 0.2261969254981095, "a": 42463383.97828891, "aRp": 3.217753267505872, "e": 0.0, "inc": -0.06397271435702788, "pomega": 0.09991263764792022, "f": 1.3962634015954636, "P": 37423.447064352724, "RHill": 6075031.948718432, "spacing": "logarithmic", "period_ratio": NaN}}