{"Planet": {"m": 2.2068237141348315e+25, "Rp": 10294133.760000002, "Rstar": 890496000.0, "RpRstar": 0.011560000000000003, "rhostar": 806.6824861378816, "impact": 0.06835792055864742, "q1": 0.29822521, "q2": 0.23274125618018676, "a": 209207121558.28424, "Pp": 551.4198220148397, "rhoplan": 4829.582749188153, "aRp": null, "e": null, "inc": null, "pomega": null, "f": null, "P": 47642672.62208215, "RHill": 3044828769.688014}, "I": {"m": 2.4461448063518596e+21, "r": 674490.659688628, "msmp": 0.00011084459491187098, "rsrp": 0.06552184723978445, "a": 219465382.64653724, "aRp": 21.319460943796518, "e": 0.0, "inc": -0.1667130681647949, "pomega": 0.39336673690313245, "f": 3.8086194766292105, "P": 532253.0478796755, "RHill": 7309658.964031739, "spacing": "linear", "period_ratio": NaN}, "II": {"m": 2.007093174442552e+21, "r": 701654.0908526182, "msmp": 9.094941120974032e-05, "rsrp": 0.06816057642256808, "a": 370472705.4325664, "aRp": 35.98872076756135, "e": 0.0, "inc": -0.1667130681647949, "pomega": 1.447790673841561, "f": 1.858752089072629, "P": 1167367.940875592, "RHill": 11551784.963461254, "spacing": "linear", "period_ratio": 2.1932574092830643}, "III": {"m": 1.850289020189228e+21, "r": 686239.0475633321, "msmp": 8.384398845897937e-05, "rsrp": 0.06666311741837441, "a": 1248953791.0608258, "aRp": 121.32674979548989, "e": 0.0, "inc": -0.1667130681647949, "pomega": 4.582156941689523, "f": 5.809385755063034, "P": 7225943.069640594, "RHill": 37902099.047160216, "spacing": "linear", "period_ratio": 6.189944760878672}}