{"Planet": {"m": 3.272802470448566e+25, "Rp": 13292739.900000002, "Rstar": 765270000.0000001, "RpRstar": 0.01737, "rhostar": 1038.0046790543759, "impact": 0.059553667569158475, "q1": 0.25, "q2": 0.2, "a": 31566600779.611603, "Pp": 35.76311594660909, "rhoplan": 3326.50104430854, "aRp": null, "e": null, "inc": null, "pomega": null, "f": null, "P": 3089933.2177870255, "RHill": 560509961.8656789}, "I": {"m": 2.8718358683057007e+23, "r": 2844971.899279413, "msmp": 0.0087748524215459, "rsrp": 0.21402449161586412, "a": 38710669.299800426, "aRp": 2.9121663096560266, "e": 0.0, "inc": -0.04924066226498652, "pomega": 0.7012736076420061, "f": 3.792909942407839, "P": 32237.84524197168, "RHill": 5536095.021050229, "spacing": "linear", "period_ratio": NaN}}