{"Planet": {"m": 2.0316398427317306e+24, "Rp": 4738899.6899999995, "Rstar": 257409000.0, "RpRstar": 0.01841, "rhostar": 11132.843656308813, "impact": 0.4022352706908914, "q1": 0.11235904, "q2": 0.15244630071599044, "a": 44918359205.66162, "Pp": 95.0201221227773, "rhoplan": 4557.488318328006, "aRp": null, "e": null, "inc": null, "pomega": null, "f": null, "P": 8209738.551407958, "RHill": 425739297.0575067}, "I": {"m": 7.921811896994924e+21, "r": 987032.8235431551, "msmp": 0.003899220585447519, "rsrp": 0.20828312226696558, "a": 41020936.99745498, "aRp": 8.656215510114539, "e": 0.0, "inc": 0.11480178508217528, "pomega": 4.61923144245196, "f": 1.589176481833901, "P": 141487.13474769937, "RHill": 4476697.607311663, "spacing": "logarithmic", "period_ratio": NaN}, "II": {"m": 4.92698057008221e+21, "r": 864130.4956903098, "msmp": 0.0024251249982661406, "rsrp": 0.18234834080024806, "a": 204181027.1611877, "aRp": 43.08616778532988, "e": 0.0, "inc": 0.11480178508217528, "pomega": 1.9460970993434523, "f": 2.46074144043557, "P": 1572355.5234479993, "RHill": 19020401.293997936, "spacing": "logarithmic", "period_ratio": 11.113063574662334}}