{"Planet": {"m": 6.905705962264784e+25, "Rp": 21823135.02, "Rstar": 1092249000.0, "RpRstar": 0.01998, "rhostar": 451.72488803730016, "impact": 0.21013775724584138, "q1": 0.379456, "q2": 0.25681818181818183, "a": 97469477599.53622, "Pp": 172.50287681331665, "rhoplan": 1586.2369213667332, "aRp": null, "e": null, "inc": null, "pomega": null, "f": null, "P": 14904248.556670558, "RHill": 2052367123.7143724}, "I": {"m": 5.9027352068963705e+22, "r": 1993677.6321322967, "msmp": 0.0008547620242088209, "rsrp": 0.09135615163931185, "a": 260236052.34126386, "aRp": 11.924778548213549, "e": 0.0, "inc": 0.17163538888749116, "pomega": 5.499593740217596, "f": 4.51303499111549, "P": 388363.69882790215, "RHill": 17124140.54697316, "spacing": "linear", "period_ratio": NaN}, "II": {"m": 1.433521407389119e+23, "r": 1935277.3109285655, "msmp": 0.002075850630221423, "rsrp": 0.08868007777777867, "a": 541532855.312163, "aRp": 24.814622409469152, "e": 0.0, "inc": 0.17163538888749116, "pomega": 4.041748964474357, "f": 1.3918647320134798, "P": 1165091.0964837065, "RHill": 47897894.82122641, "spacing": "linear", "period_ratio": 3.0}}