{"Planet": {"m": 9.428428540498918e+24, "Rp": 7445103.12, "Rstar": 584388000.0, "RpRstar": 0.01274, "rhostar": 2069.343967895522, "impact": 0.46947627022994387, "q1": 0.39904488999999993, "q2": 0.24908975779642237, "a": 219453445984.02057, "Pp": 695.7658461498434, "rhoplan": 5454.294106579508, "aRp": null, "e": null, "inc": null, "pomega": null, "f": null, "P": 60114169.10734647, "RHill": 2677770607.0633554}, "I": {"m": 6.386970947868963e+22, "r": 1798114.31611656, "msmp": 0.006774162757276397, "rsrp": 0.2415163748754846, "a": 497930404.358209, "aRp": 66.8802562345448, "e": 0.0, "inc": -0.17100700751863632, "pomega": 5.823210145177841, "f": 5.478857155045386, "P": 2773602.930111947, "RHill": 65325102.99407034, "spacing": "logarithmic", "period_ratio": NaN}}