{"Planet": {"m": 5.908117923826554e+27, "Rp": 113999489.1, "Rstar": 1064421000.0, "RpRstar": 0.1071, "rhostar": 531.3868060955159, "impact": 0.17712029315895572, "q1": 0.31292836, "q2": 0.2426707186271005, "a": 89838604734.52194, "Pp": 146.13711114060817, "rhoplan": 952.0326236303172, "aRp": null, "e": null, "inc": null, "pomega": null, "f": null, "P": 12626246.402548546, "RHill": 8102624985.20319}, "I": {"m": 3.7065482373789274e+24, "r": 5566029.684713421, "msmp": 0.0006273653107753611, "rsrp": 0.04882504060900587, "a": 234255418.69276732, "aRp": 2.054881302908991, "e": 0.0, "inc": 0.08806066682979688, "pomega": 0.24883902206651828, "f": 2.3080447678038425, "P": 35863.338010474174, "RHill": 13904521.921528272, "spacing": "logarithmic", "period_ratio": NaN}, "II": {"m": 1.8532741186894637e+24, "r": 4515575.133713702, "msmp": 0.00031368265538768056, "rsrp": 0.03961048570798991, "a": 322034492.29177684, "aRp": 2.824876627379349, "e": 0.0, "inc": 0.08806066682979688, "pomega": 6.111637193482214, "f": 0.36069090572268053, "P": 57814.65120384415, "RHill": 15171393.543231862, "spacing": "logarithmic", "period_ratio": 1.6120822659329401}, "III": {"m": 3.196897854739323e+24, "r": 5478695.705892485, "msmp": 0.0005411025805437486, "rsrp": 0.04805894964219173, "a": 622539263.6146101, "aRp": 5.460895206894485, "e": 0.0, "inc": 0.08806066682979688, "pomega": 1.0739037593729286, "f": 3.672889100956564, "P": 155376.41017931624, "RHill": 35173819.53932709, "spacing": "logarithmic", "period_ratio": 2.687491958249246}, "IV": {"m": 2.1312652364928827e+24, "r": 4149476.329900369, "msmp": 0.00036073505369583255, "rsrp": 0.036399078299907656, "a": 1370750384.4818556, "aRp": 12.024180066977648, "e": 0.0, "inc": 0.08806066682979688, "pomega": 6.239198611359748, "f": 0.012567627377096883, "P": 507705.2742399222, "RHill": 67657208.25335176, "spacing": "logarithmic", "period_ratio": 3.2675827279957845}, "V": {"m": 2.779911178034193e+24, "r": 5926699.559441317, "msmp": 0.0004705239830815204, "rsrp": 0.05198882561870461, "a": 2461741638.1965046, "aRp": 21.59432167311796, "e": 0.0, "inc": 0.08806066682979688, "pomega": 0.6673410137238445, "f": 3.302144093332206, "P": 1221839.01087376, "RHill": 132758593.12488748, "spacing": "logarithmic", "period_ratio": 2.4065911324300435}}