{"Planet": {"m": 4.608666490312696e+25, "Rp": 16840114.2, "Rstar": 633087000.0, "RpRstar": 0.0266, "rhostar": 1852.0909457296661, "impact": 0.13490505837742728, "q1": 0.25, "q2": 0.2, "a": 90300910057.59326, "Pp": 172.1574489476282, "rhoplan": 2303.8360777037697, "aRp": null, "e": null, "inc": null, "pomega": null, "f": null, "P": 14874403.589075077, "RHill": 1791140969.061903}, "I": {"m": 1.7346944148132761e+22, "r": 1045378.3453947476, "msmp": 0.0003763983396194021, "rsrp": 0.06207667792387938, "a": 128184106.37590924, "aRp": 7.611831181994552, "e": 0.0, "inc": -0.022464633936560674, "pomega": 2.401673591763214, "f": 4.61923144245196, "P": 164383.76287633754, "RHill": 6417161.877868093, "spacing": "linear", "period_ratio": NaN}, "II": {"m": 9.387758009577732e+21, "r": 1232863.937854956, "msmp": 0.0002036979249705, "rsrp": 0.07320995114480613, "a": 230693591.39280766, "aRp": 13.69905148225228, "e": 0.0, "inc": -0.022464633936560674, "pomega": 2.214415943844471, "f": 0.5561175114365371, "P": 396915.8420032865, "RHill": 9411466.777449727, "spacing": "linear", "period_ratio": 2.4145684163579952}, "III": {"m": 1.7142862452272388e+22, "r": 1307200.2334426446, "msmp": 0.0003719701238591741, "rsrp": 0.07762419054394801, "a": 314927995.8198593, "aRp": 18.701060579497693, "e": 0.0, "inc": -0.022464633936560674, "pomega": 0.9664505452987503, "f": 0.40970465249335836, "P": 633031.7790154732, "RHill": 15703876.489983516, "spacing": "linear", "period_ratio": 1.5948765759020311}, "IV": {"m": 1.2653065143343903e+22, "r": 1162208.8330114987, "msmp": 0.00027454937713415227, "rsrp": 0.06901430828844965, "a": 509286334.0562653, "aRp": 30.242451328285252, "e": 0.0, "inc": -0.022464633936560674, "pomega": 0.7666252700029098, "f": 5.481999061889661, "P": 1301885.501513907, "RHill": 22950655.393200375, "spacing": "linear", "period_ratio": 2.0565879070694884}, "V": {"m": 9.591839705438116e+21, "r": 1184166.9696479084, "msmp": 0.00020812614073072825, "rsrp": 0.07031822679966793, "a": 711088228.4571807, "aRp": 42.22585547888866, "e": 0.0, "inc": -0.022464633936560674, "pomega": 0.495792900026472, "f": 1.6469875677685466, "P": 2147975.930624365, "RHill": 29218546.968319137, "spacing": "linear", "period_ratio": 1.649896191428951}}