{"Planet": {"m": 1.68395392583944e+28, "Rp": 62900811.09, "Rstar": 674829000.0, "RpRstar": 0.09321, "rhostar": 1498.3311981161924, "impact": 0.3256834824006024, "q1": 0.25, "q2": 0.2, "a": 102876872346.48767, "Pp": 210.57821304893326, "rhoplan": 16153.731450424411, "aRp": null, "e": null, "inc": null, "pomega": null, "f": null, "P": 18193957.607427835, "RHill": 14687961343.39631}, "I": {"m": 4.895276999830752e+24, "r": 5395586.784763653, "msmp": 0.00029070136211657266, "rsrp": 0.08577928791798116, "a": 255600431.3893612, "aRp": 4.063547464016671, "e": 0.0, "inc": -0.10509678394097267, "pomega": 0.4053059829113745, "f": 6.042515242908181, "P": 24215.37294312784, "RHill": 11740056.485683953, "spacing": "logarithmic", "period_ratio": NaN}, "II": {"m": 5.531027259549033e+24, "r": 6090923.997562154, "msmp": 0.0003284547857680757, "rsrp": 0.09683379104360217, "a": 373441600.7883219, "aRp": 5.936991818022706, "e": 0.0, "inc": -0.10509678394097267, "pomega": 4.344628784262392, "f": 3.033196867462333, "P": 42763.637242944176, "RHill": 17865183.272080466, "spacing": "logarithmic", "period_ratio": 1.7659706230161616}, "III": {"m": 3.305901350535058e+24, "r": 5223150.551741443, "msmp": 0.00019631780298781556, "rsrp": 0.08303788872083116, "a": 751329073.8886999, "aRp": 11.944664319410446, "e": 0.0, "inc": -0.10509678394097267, "pomega": 2.6674789107888133, "f": 3.4133675956195133, "P": 122043.47663068645, "RHill": 30276779.063534606, "spacing": "logarithmic", "period_ratio": 2.8539077706918654}, "IV": {"m": 2.0344008310984951e+24, "r": 4590651.208336875, "msmp": 0.00012081095568480946, "rsrp": 0.07298238494521891, "a": 1130112607.6837077, "aRp": 17.966582435109068, "e": 0.0, "inc": -0.10509678394097267, "pomega": 0.9739911217250085, "f": 1.3736416723166893, "P": 225148.08218100513, "RHill": 38736175.675910376, "spacing": "logarithmic", "period_ratio": 1.844818653129013}, "V": {"m": 3.7509265323378507e+24, "r": 5679375.959330651, "msmp": 0.00022274519954386748, "rsrp": 0.09029098132303036, "a": 2919098553.79539, "aRp": 46.40796363688654, "e": 0.0, "inc": -0.10509678394097267, "pomega": 5.044017247797834, "f": 3.85134940971134, "P": 934623.4592187661, "RHill": 122690552.99155633, "spacing": "logarithmic", "period_ratio": 4.151149990553269}}