{"Planet": {"m": 3.8635261704263866e+25, "Rp": 15559469.64, "Rstar": 994851000.0, "RpRstar": 0.01564, "rhostar": 621.9176595079308, "impact": 0.18897507146237236, "q1": 0.37234403999999993, "q2": 0.25901343821697803, "a": 101437005534.95485, "Pp": 179.55884917835942, "rhoplan": 2448.560732453989, "aRp": null, "e": null, "inc": null, "pomega": null, "f": null, "P": 15513884.569010254, "RHill": 1736942391.0502422}, "I": {"m": 6.797241355712005e+21, "r": 772315.3433001094, "msmp": 0.0001759336175264434, "rsrp": 0.04963635401264933, "a": 51590077.135272115, "aRp": 3.3156706705892653, "e": 0.0, "inc": 0.06980269705695893, "pomega": 4.205128120376617, "f": 3.779085552293033, "P": 45845.43976855736, "RHill": 2004358.351036533, "spacing": "logarithmic", "period_ratio": NaN}, "II": {"m": 1.5787141213266588e+22, "r": 1132053.2138344236, "msmp": 0.00040862001490012654, "rsrp": 0.07275654248035304, "a": 90764853.0879238, "aRp": 5.833415610425896, "e": 0.0, "inc": 0.06980269705695893, "pomega": 1.205235465463591, "f": 3.591199523005434, "P": 106972.6927933005, "RHill": 4670003.1040405575, "spacing": "logarithmic", "period_ratio": 2.3333333333333335}, "III": {"m": 5.262380404422195e+21, "r": 990747.7496850899, "msmp": 0.00013620667163337548, "rsrp": 0.06367490490409093, "a": 153518271.21601847, "aRp": 9.866549102763535, "e": 0.0, "inc": 0.06980269705695893, "pomega": 2.2521188259757614, "f": 2.2759973179922457, "P": 235339.92414526115, "RHill": 5476702.03113855, "spacing": "logarithmic", "period_ratio": 2.2}, "IV": {"m": 1.6883470464187864e+22, "r": 1199351.3649608013, "msmp": 0.000436996404823746, "rsrp": 0.07708176388464621, "a": 370587796.83271927, "aRp": 23.817508270334542, "e": 0.0, "inc": 0.06980269705695893, "pomega": 1.9819148373681785, "f": 4.99814540787143, "P": 882524.7155447293, "RHill": 19498894.253243487, "spacing": "logarithmic", "period_ratio": 3.75}, "V": {"m": 1.4471546112161037e+22, "r": 1287298.5829809788, "msmp": 0.00037456834699178257, "rsrp": 0.08273409137748597, "a": 770837646.9193817, "aRp": 49.54138314186021, "e": 0.0, "inc": 0.06980269705695893, "pomega": 4.296871800229424, "f": 4.713488647780186, "P": 2647574.1466341875, "RHill": 38527088.47315923, "spacing": "logarithmic", "period_ratio": 3.0}}