{"Planet": {"m": 8.499615381835377e+24, "Rp": 7113810.78, "Rstar": 201753000.0, "RpRstar": 0.03526, "rhostar": 16763.137031005062, "impact": 0.32598108425814987, "q1": 0.11235904, "q2": 0.15244630071599044, "a": 53335885718.79838, "Pp": 144.3900864973185, "rhoplan": 5636.425055951019, "aRp": null, "e": null, "inc": null, "pomega": null, "f": null, "P": 12475303.473368317, "RHill": 906729088.6760204}, "I": {"m": 7.435927170943379e+20, "r": 719668.5168503656, "msmp": 8.748545477522173e-05, "rsrp": 0.10116497881468328, "a": 119320895.06971511, "aRp": 16.773133101203335, "e": 0.0, "inc": -0.08031062994725383, "pomega": 1.7167378997114342, "f": 4.543825678189378, "P": 343821.5762364521, "RHill": 3672721.822880308, "spacing": "linear", "period_ratio": NaN}, "II": {"m": 4.314673790547394e+20, "r": 757280.3733116647, "msmp": 5.07631651164867e-05, "rsrp": 0.10645213890713925, "a": 229451204.3764042, "aRp": 32.25433055114297, "e": 0.0, "inc": -0.08031062994725383, "pomega": 1.0349441145039282, "f": 0.7370913456667322, "P": 916857.5366305389, "RHill": 5890689.808894649, "spacing": "linear", "period_ratio": 2.6666666666666665}, "III": {"m": 6.05890362076868e+20, "r": 536775.3675686362, "msmp": 7.128444463166217e-05, "rsrp": 0.07545539010929894, "a": 477281002.9983744, "aRp": 67.09217011228606, "e": 0.0, "inc": -0.08031062994725383, "pomega": 1.886400869302242, "f": 2.6354314609772165, "P": 2750572.6098916167, "RHill": 13721407.236485263, "spacing": "linear", "period_ratio": 3.0}, "IV": {"m": 4.498276930570687e+20, "r": 699875.7604621827, "msmp": 5.292329980229464e-05, "rsrp": 0.09838267872261043, "a": 757631729.5225215, "aRp": 106.50152962355311, "e": 0.0, "inc": -0.08031062994725383, "pomega": 4.582785323058379, "f": 3.2713534062583185, "P": 5501145.2197832335, "RHill": 19722715.40455523, "spacing": "linear", "period_ratio": 2.0}}