{"Planet": {"m": 1.6502297755274413e+26, "Rp": 36533433.239999995, "Rstar": 605259000.0, "RpRstar": 0.06035999999999999, "rhostar": 1948.2062194399243, "impact": 0.24955384294072813, "q1": 0.37871715999999994, "q2": 0.34367890802729933, "a": 14069567181.83659, "Pp": 11.043097739841729, "rhoplan": 807.9497453378832, "aRp": null, "e": null, "inc": null, "pomega": null, "f": null, "P": 954123.6447223254, "RHill": 439109356.8014427}, "I": {"m": 4.9855768743265366e+23, "r": 3330164.8966342476, "msmp": 0.003021141024275278, "rsrp": 0.09115389935452582, "a": 89916217.3512631, "aRp": 2.461203598374515, "e": 0.0, "inc": 0.14143817310641119, "pomega": 5.595107708283532, "f": 0.4750563148542622, "P": 50969.080201399716, "RHill": 9012693.658073014, "spacing": "linear", "period_ratio": NaN}}