{"Planet": {"m": 1.2472676708676723e+26, "Rp": 31277906.73, "Rstar": 1648809000.0, "RpRstar": 0.01897, "rhostar": 168.38499070345992, "impact": 0.1308657712739567, "q1": 0.31292836, "q2": 0.2426707186271005, "a": 109087471127.93283, "Pp": 180.37049256548528, "rhoplan": 973.1012165908751, "aRp": null, "e": null, "inc": null, "pomega": null, "f": null, "P": 15584010.557657927, "RHill": 2574858293.40329}, "I": {"m": 9.419133977401315e+22, "r": 1964250.9472254668, "msmp": 0.0007551814415945548, "rsrp": 0.06279994899215773, "a": 56916908.342621826, "aRp": 1.819716032595952, "e": 0.0, "inc": 0.02445450827126769, "pomega": 0.9633086384544761, "f": 0.21176452130408246, "P": 29559.37196866592, "RHill": 3593778.6120881196, "spacing": "logarithmic", "period_ratio": NaN}, "II": {"m": 4.997907824743556e+22, "r": 1728359.887337549, "msmp": 0.0004007085200297638, "rsrp": 0.05525817000022587, "a": 131190396.81825253, "aRp": 4.19434708181485, "e": 0.0, "inc": 0.02445450827126769, "pomega": 3.7489232465880002, "f": 2.2634296906151485, "P": 103457.80189033072, "RHill": 6706117.414282395, "spacing": "logarithmic", "period_ratio": 3.5}, "III": {"m": 7.689088961143934e+22, "r": 1876830.5685739613, "msmp": 0.0006164746461996369, "rsrp": 0.060004992814107073, "a": 330602849.6817719, "aRp": 10.569852149494272, "e": 0.0, "inc": 0.02445450827126769, "pomega": 5.218707268339481, "f": 4.433230557270925, "P": 413831.2075613229, "RHill": 19509130.53064063, "spacing": "logarithmic", "period_ratio": 4.0}, "IV": {"m": 9.03467952934412e+22, "r": 1776731.5258651194, "msmp": 0.000724357709284573, "rsrp": 0.05680468137469631, "a": 901150253.2988089, "aRp": 28.81107936914706, "e": 0.0, "inc": 0.02445450827126769, "pomega": 5.086747180879963, "f": 5.186031437159029, "P": 1862240.434025953, "RHill": 56114421.03647757, "spacing": "logarithmic", "period_ratio": 4.5}, "V": {"m": 1.518595069825926e+23, "r": 2137584.82522421, "msmp": 0.001217537426244282, "rsrp": 0.068341684233426, "a": 2143134800.902321, "aRp": 68.51912499779748, "e": 0.0, "inc": 0.02445450827126769, "pomega": 2.5713365613540224, "f": 5.620242963037726, "P": 6828214.924761828, "RHill": 158673052.62987855, "spacing": "logarithmic", "period_ratio": 3.6666666666666665}}