{"Planet": {"m": 1.0456064239087648e+26, "Rp": 27294885.09, "Rstar": 688743000.0, "RpRstar": 0.03963, "rhostar": 1438.4040652051071, "impact": 0.45558817127462237, "q1": 0.25, "q2": 0.2, "a": 138718235335.3417, "Pp": 327.77929058862173, "rhoplan": 1227.540480126703, "aRp": null, "e": null, "inc": null, "pomega": null, "f": null, "P": 28320130.706856918, "RHill": 3615504028.509283}, "I": {"m": 2.336436148516931e+23, "r": 2633381.0111401714, "msmp": 0.002234527347089825, "rsrp": 0.09647891912558228, "a": 273049674.0549896, "aRp": 10.003693847937338, "e": 0.0, "inc": -0.16172092729000362, "pomega": 0.034560975287016425, "f": 5.9155822063995025, "P": 338977.3644156663, "RHill": 24751211.936763976, "spacing": "linear", "period_ratio": NaN}, "II": {"m": 2.8595188683341522e+23, "r": 2845354.4608003316, "msmp": 0.0027347946636024703, "rsrp": 0.10424496939328685, "a": 1135407563.3892884, "aRp": 41.59781437604464, "e": 0.0, "inc": -0.16172092729000362, "pomega": 0.7791928973800067, "f": 4.678927672493169, "P": 2873607.9529948765, "RHill": 110091284.58541603, "spacing": "linear", "period_ratio": 8.477285667579721}}