{"Planet": {"m": 8.85735759596996e+25, "Rp": 25403694.209999997, "Rstar": 493947000.0, "RpRstar": 0.05143, "rhostar": 1418.0082108421068, "impact": 0.0065775751813013095, "q1": 0.24621443999999998, "q2": 0.20586457073760583, "a": 44026874467.13988, "Pp": 97.18717854816725, "rhoplan": 1289.8076254755695, "aRp": null, "e": null, "inc": null, "pomega": null, "f": null, "P": 8396972.22656165, "RHill": 1521163956.1726847}, "I": {"m": 4.950319148906887e+22, "r": 1795710.1546196325, "msmp": 0.0005588934504754838, "rsrp": 0.07068696937442913, "a": 110785118.76114947, "aRp": 4.360984581429091, "e": 0.0, "inc": 0.07224640238028332, "pomega": 3.4165095024637875, "f": 0.38959644869000337, "P": 95263.32380950809, "RHill": 6327284.309567782, "spacing": "logarithmic", "period_ratio": NaN}, "II": {"m": 3.7444721767372628e+22, "r": 1525703.9238862402, "msmp": 0.00042275273818017387, "rsrp": 0.06005834865094766, "a": 209464595.5571189, "aRp": 8.245438392761969, "e": 0.0, "inc": 0.07224640238028332, "pomega": 0.6817937852075059, "f": 0.0911152984839524, "P": 247684.64190472104, "RHill": 10900146.93614345, "spacing": "logarithmic", "period_ratio": 2.6}}