{"Planet": {"m": 3.075358646928502e+25, "Rp": 12971604.780000001, "Rstar": 737442000.0, "RpRstar": 0.01759, "rhostar": 1136.3311923057495, "impact": 0.17453395126609317, "q1": 0.37871715999999994, "q2": 0.34367890802729933, "a": 74850564796.70958, "Pp": 131.93615293668208, "rhoplan": 3363.7680154797677, "aRp": null, "e": null, "inc": null, "pomega": null, "f": null, "P": 11399283.613729332, "RHill": 1310773157.3831148}, "I": {"m": 5.1164327621318324e+22, "r": 1688541.6994904985, "msmp": 0.0016636865320543482, "rsrp": 0.13017215125872023, "a": 287093198.8041553, "aRp": 22.13243493563757, "e": 0.0, "inc": -0.01956709762461889, "pomega": 2.854736558707557, "f": 0.6792802597320865, "P": 674066.141534393, "RHill": 23587015.167079814, "spacing": "linear", "period_ratio": NaN}, "II": {"m": 3.1734836119551877e+22, "r": 1624809.0790439341, "msmp": 0.0010319068363375075, "rsrp": 0.12525891025828292, "a": 625668003.2152328, "aRp": 48.2336622049961, "e": 0.0, "inc": -0.01956709762461889, "pomega": 4.460250956131683, "f": 1.4019188339151574, "P": 2169307.3097003093, "RHill": 43837962.14341189, "spacing": "linear", "period_ratio": 3.218241024185346}}