{"Planet": {"m": 2.2979427980468325e+29, "Rp": 124023830.39999999, "Rstar": 1001808000.0, "RpRstar": 0.1238, "rhostar": 566.5588928705012, "impact": 0.41617392985193624, "q1": 0.26163225000000007, "q2": 0.21691104594330396, "a": 35538955423.15663, "Pp": 36.87320050367048, "rhoplan": 28756.444232705297, "aRp": null, "e": null, "inc": null, "pomega": null, "f": null, "P": 3185844.5235171295, "RHill": 11294879263.157072}, "I": {"m": 3.951417856373417e+26, "r": 54184461.79278286, "msmp": 0.0017195457866627393, "rsrp": 0.4368875047483041, "a": 1872730295.787641, "aRp": 15.09976179374348, "e": 0.0, "inc": -0.007872222148709307, "pomega": 5.05909840065035, "f": 5.676168904865807, "P": 129911.37520523906, "RHill": 155562912.7128389, "spacing": "linear", "period_ratio": NaN}}