{"Planet": {"m": 2.772398979089121e+25, "Rp": 12060655.2, "Rstar": 612216000.0, "RpRstar": 0.0197, "rhostar": 1965.2910656522197, "impact": 0.07622169444568117, "q1": 0.25, "q2": 0.2, "a": 73182800451.10168, "Pp": 128.22091031572015, "rhoplan": 3772.7186238088248, "aRp": null, "e": null, "inc": null, "pomega": null, "f": null, "P": 11078286.65127822, "RHill": 1242350133.6223779}, "I": {"m": 1.2918079387355484e+22, "r": 1165888.6384745191, "msmp": 0.00046595311442510173, "rsrp": 0.09666876460198606, "a": 43323456.79119807, "aRp": 3.5921312791694824, "e": 0.0, "inc": 0.09123748375011861, "pomega": 2.2797676062053744, "f": 1.5043449970384968, "P": 41642.10139211122, "RHill": 2328788.7255936745, "spacing": "logarithmic", "period_ratio": NaN}, "II": {"m": 1.0096889636093937e+22, "r": 1329341.7285336088, "msmp": 0.00036419323886099887, "rsrp": 0.11022135252930611, "a": 101759909.13898061, "aRp": 8.437345024089622, "e": 0.0, "inc": 0.09123748375011861, "pomega": 6.05005581933444, "f": 1.7280487643508213, "P": 149911.56501160038, "RHill": 5038642.961076315, "spacing": "logarithmic", "period_ratio": 3.6}, "III": {"m": 1.2027177360641315e+22, "r": 1229332.031444227, "msmp": 0.00043381841687854306, "rsrp": 0.10192912499846835, "a": 277371474.3356946, "aRp": 22.998043616709534, "e": 0.0, "inc": 0.09123748375011861, "pomega": 1.2957223825786885, "f": 1.7569543073181442, "P": 674602.0425522018, "RHill": 14558748.322700165, "spacing": "logarithmic", "period_ratio": 4.5}, "IV": {"m": 1.098779166280811e+22, "r": 1060798.6964865667, "msmp": 0.0003963279364075577, "rsrp": 0.08795531245156289, "a": 410429000.4848074, "aRp": 34.03040661379718, "e": 0.0, "inc": 0.09123748375011861, "pomega": 0.42792771219014886, "f": 0.3418394646570352, "P": 1214283.6765939633, "RHill": 20903347.98258161, "spacing": "logarithmic", "period_ratio": 1.8}, "V": {"m": 8.01811824042754e+21, "r": 1008386.2532814133, "msmp": 0.00028921227791902857, "rsrp": 0.08360957481658321, "a": 1118658554.0390592, "aRp": 92.752718280103, "e": 0.0, "inc": 0.09123748375011861, "pomega": 2.225098427115003, "f": 3.801078900202952, "P": 5464276.544672835, "RHill": 51293543.81419557, "spacing": "logarithmic", "period_ratio": 4.5}}