{"Planet": {"m": 1.550673606308916e+26, "Rp": 35233796.07, "Rstar": 716571000.0, "RpRstar": 0.04917, "rhostar": 1225.6408353524248, "impact": 0.17329101682157, "q1": 0.25, "q2": 0.2, "a": 122379331111.86813, "Pp": 277.2635592686512, "rhoplan": 846.3567779530034, "aRp": null, "e": null, "inc": null, "pomega": null, "f": null, "P": 23955571.520811465, "RHill": 3687776705.2410307}, "I": {"m": 1.356662138011208e+23, "r": 2414357.476683656, "msmp": 0.0008748856835452849, "rsrp": 0.0685239101653135, "a": 92627102.17502433, "aRp": 2.628927691782043, "e": 0.0, "inc": 0.029935390210723833, "pomega": 5.143929885445754, "f": 2.374653192902456, "P": 55034.3737958771, "RHill": 6142541.450324259, "spacing": "linear", "period_ratio": NaN}, "II": {"m": 1.074024192592206e+23, "r": 2274698.8399697556, "msmp": 0.0006926178328066837, "rsrp": 0.0645601409354401, "a": 256182976.09342435, "aRp": 7.27094450976722, "e": 0.0, "inc": 0.029935390210723833, "pomega": 1.927245658277807, "f": 1.600487346473288, "P": 253158.11946103466, "RHill": 15715965.666546868, "spacing": "linear", "period_ratio": 4.6}, "III": {"m": 8.761776307989055e+22, "r": 2085827.1782429276, "msmp": 0.0005650303372896633, "rsrp": 0.05919961545156686, "a": 672136935.2006333, "aRp": 19.076483665435294, "e": 0.0, "inc": 0.029935390210723833, "pomega": 4.428203506320087, "f": 0.14578447757432383, "P": 1075922.0077093972, "RHill": 38527834.40039082, "spacing": "linear", "period_ratio": 4.25}, "IV": {"m": 7.913862471732044e+22, "r": 1566708.9159176815, "msmp": 0.0005103499820680827, "rsrp": 0.044466083438896443, "a": 1398075696.8235767, "aRp": 39.67996221712754, "e": 0.0, "inc": 0.029935390210723833, "pomega": 1.7085689419163212, "f": 0.7188682859699417, "P": 3227766.023128192, "RHill": 77466327.8197098, "spacing": "linear", "period_ratio": 3.0}, "V": {"m": 2.0067294124749113e+23, "r": 2687142.577484229, "msmp": 0.0012941017402440668, "rsrp": 0.0762660535397777, "a": 2401222417.0141435, "aRp": 68.15111298945948, "e": 0.0, "inc": 0.029935390210723833, "pomega": 5.314221236405417, "f": 3.9606877678920824, "P": 7262473.552038432, "RHill": 181432371.79346135, "spacing": "linear", "period_ratio": 2.25}}