{"Planet": {"m": 1.518841261662891e+26, "Rp": 35202420.0, "Rstar": 320022000.0, "RpRstar": 0.11, "rhostar": 6662.475540205697, "impact": 0.35145958275985656, "q1": 0.15374241, "q2": 0.16284111196123438, "a": 22372572543.204727, "Pp": 31.14362958542901, "rhoplan": 831.2013061725773, "aRp": null, "e": null, "inc": null, "pomega": null, "f": null, "P": 2690809.5961810667, "RHill": 852625639.626296}, "I": {"m": 4.377193970286558e+23, "r": 3177292.7240891065, "msmp": 0.002881929850585059, "rsrp": 0.09025779262019788, "a": 132169717.69485947, "aRp": 3.75456339918845, "e": 0.0, "inc": -0.013667294772592847, "pomega": 0.8809906791344915, "f": 2.170429248024632, "P": 94687.76236746184, "RHill": 13041253.769908339, "spacing": "logarithmic", "period_ratio": NaN}, "II": {"m": 4.468385511334195e+23, "r": 3425594.170523886, "msmp": 0.0029419700558055814, "rsrp": 0.09731132605439871, "a": 243463559.9153161, "aRp": 6.91610292460905, "e": 0.0, "inc": -0.013667294772592847, "pomega": 6.101583091580537, "f": 4.257283773991569, "P": 236719.40591865458, "RHill": 24188353.060493473, "spacing": "logarithmic", "period_ratio": 2.5}}