{"Planet": {"m": 3.706532754861441e+25, "Rp": 14963811.3, "Rstar": 1092249000.0, "RpRstar": 0.0137, "rhostar": 451.72488803730016, "impact": 0.03851698135245929, "q1": 0.379456, "q2": 0.25681818181818183, "a": 48326296655.42556, "Pp": 60.22426040452035, "rhoplan": 2640.903695448401, "aRp": null, "e": null, "inc": null, "pomega": null, "f": null, "P": 5203376.098950558, "RHill": 826970173.8488649}, "I": {"m": 1.5017442609293739e+23, "r": 2346835.2587447558, "msmp": 0.004051614703686903, "rsrp": 0.15683405862948538, "a": 330296994.3337192, "aRp": 22.073052627556134, "e": 0.0, "inc": -0.12908000618559923, "pomega": 1.0248900126022509, "f": 5.211166691913222, "P": 756784.0990025187, "RHill": 36509586.67168104, "spacing": "logarithmic", "period_ratio": NaN}}