{"Planet": {"m": 2.771689771531245e+26, "Rp": 48205887.839999996, "Rstar": 862668000.0, "RpRstar": 0.05587999999999999, "rhostar": 850.3232928745545, "impact": 0.3716089616532021, "q1": 0.29822521, "q2": 0.23274125618018676, "a": 18188305823.072803, "Pp": 14.43854536191876, "rhoplan": 590.6847409459466, "aRp": null, "e": null, "inc": null, "pomega": null, "f": null, "P": 1247490.3192697808, "RHill": 624116195.582861}, "I": {"m": 5.425787655298741e+22, "r": 1618699.845224146, "msmp": 0.00019575739359535953, "rsrp": 0.03357888253395036, "a": 86749602.49060619, "aRp": 1.7995644593983313, "e": 0.0, "inc": -0.14259020561597838, "pomega": 6.085873557359165, "f": 3.3436172636766255, "P": 37321.87320243812, "RHill": 3492473.610079642, "spacing": "logarithmic", "period_ratio": NaN}, "II": {"m": 1.030899654506761e+23, "r": 2377815.6462669624, "msmp": 0.0003719390478311832, "rsrp": 0.049326249402545236, "a": 122125589.46949084, "aRp": 2.533416454745891, "e": 0.0, "inc": -0.14259020561597838, "pomega": 5.639094404103371, "f": 0.47631307759197183, "P": 62335.285925376964, "RHill": 6089619.814189144, "spacing": "logarithmic", "period_ratio": 1.6702078587337572}, "III": {"m": 8.681260248477984e+22, "r": 1863707.4962398035, "msmp": 0.0003132118297525752, "rsrp": 0.03866140796795672, "a": 178758187.8755749, "aRp": 3.7082231213931918, "e": 0.0, "inc": -0.14259020561597838, "pomega": 3.865173799826146, "f": 0.5347525448954724, "P": 110391.49367217782, "RHill": 8417276.186363447, "spacing": "logarithmic", "period_ratio": 1.770931055074169}, "IV": {"m": 4.340630124238992e+22, "r": 1516011.4037029776, "msmp": 0.0001566059148762876, "rsrp": 0.03144867715609276, "a": 298520436.6822954, "aRp": 6.192613600917664, "e": 0.0, "inc": -0.14259020561597838, "pomega": 4.721657605575299, "f": 3.5622939800381115, "P": 238249.38894523325, "RHill": 11156715.802247884, "spacing": "logarithmic", "period_ratio": 2.1582223504715534}}