{"Planet": {"m": 1.134895385974064e+30, "Rp": 405232379.54999995, "Rstar": 4014188999.9999995, "RpRstar": 0.10095, "rhostar": 12.769476693921732, "impact": 0.35891738182116883, "q1": 0.38019556000000004, "q2": 0.27254297761920204, "a": 157058251065.47702, "Pp": 258.4785266938234, "rhoplan": 4071.503398802666, "aRp": null, "e": null, "inc": null, "pomega": null, "f": null, "P": 22332544.706346344, "RHill": 75102413889.3606}, "I": {"m": 2.399521295918116e+27, "r": 108764995.18358918, "msmp": 0.0021143105572313543, "rsrp": 0.26840154112159026, "a": 2891849690.5051394, "aRp": 7.13627497811617, "e": 0.0, "inc": -0.10370038089907302, "pomega": 6.091528989678859, "f": 1.875090004662855, "P": 112151.22798419392, "RHill": 257350425.38380665, "spacing": "logarithmic", "period_ratio": NaN}, "II": {"m": 2.1268484213819648e+27, "r": 89296736.65233107, "msmp": 0.0018740479939096078, "rsrp": 0.2203593324686758, "a": 6104191403.671733, "aRp": 15.063434492698434, "e": 0.0, "inc": -0.10370038089907302, "pomega": 1.0896132935942997, "f": 3.7558354416454036, "P": 343981.2277496043, "RHill": 521812679.341996, "spacing": "logarithmic", "period_ratio": 3.0671195842642356}, "III": {"m": 9.270877734229077e+26, "r": 93208279.90582585, "msmp": 0.0008168927152939316, "rsrp": 0.2300119255261172, "a": 14222993045.365223, "aRp": 35.098362725010986, "e": 0.0, "inc": -0.10370038089907302, "pomega": 2.132726365893341, "f": 0.10305454449219444, "P": 1224075.6936817497, "RHill": 921875458.9058046, "spacing": "logarithmic", "period_ratio": 3.5585537666979787}, "IV": {"m": 1.0634242106909824e+27, "r": 95265922.65152425, "msmp": 0.0009370239969548039, "rsrp": 0.23508961144051366, "a": 30464426766.517372, "aRp": 75.17767163706742, "e": 0.0, "inc": -0.10370038089907302, "pomega": 4.147945415810826, "f": 5.968366241383309, "P": 3836941.965066326, "RHill": 2066979471.8720129, "spacing": "logarithmic", "period_ratio": 3.134562662155026}}