{"Planet": {"m": 9.232518673407543e+25, "Rp": 25508536.2, "Rstar": 1349658000.0, "RpRstar": 0.0189, "rhostar": 270.3174841962202, "impact": 0.23861557006919198, "q1": 0.31292836, "q2": 0.2426707186271005, "a": 245252600142.36847, "Pp": 647.9768943144126, "rhoplan": 1327.929359810824, "aRp": null, "e": null, "inc": null, "pomega": null, "f": null, "P": 55985203.66876525, "RHill": 5463470700.773733}, "I": {"m": 2.178658153191851e+23, "r": 2484352.8656870797, "msmp": 0.002359765769515363, "rsrp": 0.09739299998276968, "a": 285739932.78832555, "aRp": 11.201737745669842, "e": 0.0, "inc": 0.09825440903566438, "pomega": 2.5983569602147805, "f": 0.9966128510037828, "P": 386154.85864095093, "RHill": 26376681.323737707, "spacing": "linear", "period_ratio": NaN}, "II": {"m": 1.485448740812626e+23, "r": 2353677.609837567, "msmp": 0.001608931206487748, "rsrp": 0.09227019501956239, "a": 855962691.4540795, "aRp": 33.55593142401011, "e": 0.0, "inc": 0.09825440903566438, "pomega": 3.055818596741107, "f": 3.261927685725496, "P": 2002857.5801185593, "RHill": 69544092.21530944, "spacing": "linear", "period_ratio": 5.186669377066749}}