{"Planet": {"m": 1.1363480889337105e+25, "Rp": 7838521.47, "Rstar": 813969000.0, "RpRstar": 0.00963, "rhostar": 862.620513083607, "impact": 0.18858431297212963, "q1": 0.37871715999999994, "q2": 0.34367890802729933, "a": 16861548066.261406, "Pp": 13.961824417800115, "rhoplan": 5632.747972481444, "aRp": null, "e": null, "inc": null, "pomega": null, "f": null, "P": 1206301.6296979298, "RHill": 210434443.9000057}, "I": {"m": 1.9717956986014563e+22, "r": 1397525.6361199883, "msmp": 0.0017352039553757564, "rsrp": 0.17828944418519127, "a": 31651551.810341306, "aRp": 4.037949239723305, "e": 0.0, "inc": 0.10527133432121014, "pomega": 3.278265601315722, "f": 5.5536345379391125, "P": 40591.7108749611, "RHill": 2637169.8313005166, "spacing": "logarithmic", "period_ratio": NaN}, "II": {"m": 7.264510468531683e+21, "r": 1013811.5993968324, "msmp": 0.0006392856677700158, "rsrp": 0.12933709543017077, "a": 79727816.94468053, "aRp": 10.171282588153774, "e": 0.0, "inc": 0.10527133432121014, "pomega": 5.18351791168361, "f": 1.9379281415483394, "P": 162366.8434998444, "RHill": 4762128.503797204, "spacing": "logarithmic", "period_ratio": 4.0}, "III": {"m": 2.8712112804196644e+22, "r": 1629197.229306505, "msmp": 0.002526700496424347, "rsrp": 0.20784496611278722, "a": 134947380.7042137, "aRp": 17.215922826861085, "e": 0.0, "inc": 0.10527133432121014, "pomega": 1.2586478818162528, "f": 2.2470917750249226, "P": 357207.0556996577, "RHill": 12744084.128507148, "spacing": "logarithmic", "period_ratio": 2.2}}