{"Planet": {"m": 3.074571939238869e+26, "Rp": 48977280.0, "Rstar": 612216000.0, "RpRstar": 0.08, "rhostar": 2048.040163153366, "impact": 0.33790917788775465, "q1": 0.25, "q2": 0.2, "a": 22724846875.229782, "Pp": 21.7325279606489, "rhoplan": 624.7583401048703, "aRp": null, "e": null, "inc": null, "pomega": null, "f": null, "P": 1877690.4158000648, "RHill": 848545364.6286293}, "I": {"m": 2.6896132239970405e+24, "r": 5692394.255987674, "msmp": 0.008747927442097427, "rsrp": 0.11622520188927751, "a": 243612538.80792755, "aRp": 4.973990773026341, "e": 0.0, "inc": 0.019183086788096493, "pomega": 2.148435900114712, "f": 2.9056354495847994, "P": 166051.5010847872, "RHill": 34803875.8095841, "spacing": "linear", "period_ratio": NaN}}