{"Planet": {"m": 3.0122274528713695e+25, "Rp": 12986075.34, "Rstar": 932238000.0, "RpRstar": 0.01393, "rhostar": 621.0731596664056, "impact": 0.34720414935378063, "q1": 0.26163225000000007, "q2": 0.21691104594330396, "a": 161659856827.8251, "Pp": 398.5268235446375, "rhoplan": 3283.7145593324285, "aRp": null, "e": null, "inc": null, "pomega": null, "f": null, "P": 34432717.554256685, "RHill": 2720113967.303063}, "I": {"m": 2.2233216541095935e+22, "r": 1245076.8833639564, "msmp": 0.0007380988616879641, "rsrp": 0.09587784228610184, "a": 429538566.54141074, "aRp": 33.07685773378631, "e": 0.0, "inc": 0.10774994972058202, "pomega": 1.1216607434058967, "f": 0.4210155171327456, "P": 1247027.852465234, "RHill": 26915343.313710637, "spacing": "linear", "period_ratio": NaN}, "II": {"m": 1.7062701066422462e+22, "r": 1230515.7104389947, "msmp": 0.0005664479636209957, "rsrp": 0.09475655101497314, "a": 636874167.2227018, "aRp": 49.04285171217109, "e": 0.0, "inc": 0.10774994972058202, "pomega": 0.8602540939622816, "f": 0.8030713893964908, "P": 2251596.7224242515, "RHill": 36537028.322365284, "spacing": "linear", "period_ratio": 1.8055705155046038}, "III": {"m": 1.8613855708824503e+22, "r": 1183808.1970977753, "msmp": 0.0006179432330410862, "rsrp": 0.09115981280744481, "a": 1235350540.293714, "aRp": 95.12885979404106, "e": 0.0, "inc": 0.10774994972058202, "pomega": 1.3340536460788341, "f": 1.5816359054076428, "P": 6082530.515539552, "RHill": 72956834.93334858, "spacing": "linear", "period_ratio": 2.7014298142122923}}