{"Planet": {"m": 7.660341352157893e+25, "Rp": 23032887.75, "Rstar": 660915000.0, "RpRstar": 0.03485, "rhostar": 1594.9688637740778, "impact": 0.26682508009978756, "q1": 0.25, "q2": 0.2, "a": 17857614805.252296, "Pp": 15.295053269018291, "rhoplan": 1496.629633596044, "aRp": null, "e": null, "inc": null, "pomega": null, "f": null, "P": 1321492.6024431803, "RHill": 422447935.39462405}, "I": {"m": 3.094523595265002e+23, "r": 2895404.0898775537, "msmp": 0.004039668016090804, "rsrp": 0.12570738507930052, "a": 159343442.79560497, "aRp": 6.918083590955935, "e": 0.0, "inc": -0.08177685314124845, "pomega": 5.827608814759825, "f": 1.1738163970208488, "P": 176391.9673324253, "RHill": 17595799.449018013, "spacing": "logarithmic", "period_ratio": NaN}}