{"Planet": {"m": 5.973971379930706e+24, "Rp": 6330870.0, "Rstar": 633087000.0, "RpRstar": 0.01, "rhostar": 1777.2589883264473, "impact": 0.32649259864382907, "q1": 0.37871715999999994, "q2": 0.34367890802729933, "a": 23236874319.78236, "Pp": 22.941107662959194, "rhoplan": 5620.621512933898, "aRp": null, "e": null, "inc": null, "pomega": null, "f": null, "P": 1982111.7020796745, "RHill": 236491297.92542621}, "I": {"m": 3.896763178145394e+22, "r": 1802618.5026230926, "msmp": 0.006522902321287308, "rsrp": 0.2847347209187825, "a": 54931799.036625475, "aRp": 8.676816778203545, "e": 0.0, "inc": -0.1517715556164686, "pomega": 4.923368024977703, "f": 3.3844620526521907, "P": 127693.66172841427, "RHill": 7116454.8121108115, "spacing": "linear", "period_ratio": NaN}}