{"Planet": {"m": 1.7552792576134008e+28, "Rp": 68611673.25, "Rstar": 716571000.0, "RpRstar": 0.09575, "rhostar": 1406.2615900359401, "impact": 0.2914385615935704, "q1": 0.25, "q2": 0.2, "a": 86753560363.37964, "Pp": 153.87798811378568, "rhoplan": 12973.691877952577, "aRp": null, "e": null, "inc": null, "pomega": null, "f": null, "P": 13295058.173031082, "RHill": 12079570509.416134}, "I": {"m": 1.0400270004228037e+26, "r": 37461385.899607785, "msmp": 0.0059251369598983155, "rsrp": 0.5459914344766076, "a": 1406462643.9561822, "aRp": 20.498882731389767, "e": 0.0, "inc": -0.12827707443650693, "pomega": 4.95918576300243, "f": 4.907658490756333, "P": 305290.5548849827, "RHill": 176463104.15397286, "spacing": "logarithmic", "period_ratio": NaN}}