{"Planet": {"m": 1.948586072520746e+25, "Rp": 9698058.000000002, "Rstar": 473076000.00000006, "RpRstar": 0.0205, "rhostar": 3003.9960382087124, "impact": 0.12763324058848313, "q1": 0.09235521000000001, "q2": 0.04886475814412636, "a": 13276970020.370174, "Pp": 11.798266270515077, "rhoplan": 5100.076065334427, "aRp": null, "e": null, "inc": null, "pomega": null, "f": null, "P": 1019370.2057725027, "RHill": 225132494.48356897}, "I": {"m": 1.2189679826570234e+22, "r": 1014954.1995007052, "msmp": 0.0006255653778127091, "rsrp": 0.10465540621645128, "a": 46708088.92116499, "aRp": 4.816231138354192, "e": 0.0, "inc": -0.03447370009689771, "pomega": 3.3285361108241096, "f": 4.09390461808931, "P": 55599.330191746936, "RHill": 2769762.8224740606, "spacing": "linear", "period_ratio": NaN}, "II": {"m": 4.833838551915782e+21, "r": 847179.1128406328, "msmp": 0.000248069029132626, "rsrp": 0.08735554199001827, "a": 97144520.83864139, "aRp": 10.016904501771528, "e": 0.0, "inc": -0.03447370009689771, "pomega": 0.4511778228377781, "f": 1.8530966567529354, "P": 166797.9905752408, "RHill": 4232224.931354713, "spacing": "linear", "period_ratio": 3.0}}