{"Planet": {"m": 1.948586072520746e+25, "Rp": 9802134.72, "Rstar": 827883000.0, "RpRstar": 0.011840000000000002, "rhostar": 945.3417757419352, "impact": 0.10150435977682137, "q1": 0.29822521, "q2": 0.23274125618018676, "a": 147558589799.43, "Pp": 336.6014233317321, "rhoplan": 4939.340699482195, "aRp": null, "e": null, "inc": null, "pomega": null, "f": null, "P": 29082362.975861654, "RHill": 2102015066.5779748}, "I": {"m": 2.815010210566362e+22, "r": 1219622.999978878, "msmp": 0.0014446424770576264, "rsrp": 0.12442422337762749, "a": 53532673.11547862, "aRp": 5.461328031561539, "e": 0.0, "inc": -0.12579845903713505, "pomega": 0.8055849148719102, "f": 2.8855272457814443, "P": 68191.79632377085, "RHill": 4195966.111524214, "spacing": "logarithmic", "period_ratio": NaN}, "II": {"m": 1.3714152307887413e+22, "r": 1237019.2973559976, "msmp": 0.0007038001811306388, "rsrp": 0.12619896917270665, "a": 87145547.21830174, "aRp": 8.890466179830442, "e": 0.0, "inc": -0.12579845903713505, "pomega": 4.874982659575881, "f": 1.3931214947511894, "P": 141687.72820903032, "RHill": 5374704.285733165, "spacing": "logarithmic", "period_ratio": 2.077782605055671}, "III": {"m": 2.526291214610838e+22, "r": 1357127.9567699274, "msmp": 0.0012964740178722288, "rsrp": 0.13845228570475385, "a": 169589614.3110658, "aRp": 17.301293968653574, "e": 0.0, "inc": -0.12579845903713505, "pomega": 0.584394673035005, "f": 4.478474015828474, "P": 384533.9992848918, "RHill": 12821734.316260679, "spacing": "logarithmic", "period_ratio": 2.7139541592310175}, "IV": {"m": 1.8044937247220277e+22, "r": 1237376.3844040413, "msmp": 0.0009260528699087351, "rsrp": 0.12623539869119868, "a": 867706799.8102788, "aRp": 88.5222275143632, "e": 0.0, "inc": -0.12579845903713505, "pomega": 5.924379545563471, "f": 5.6698850911772585, "P": 4451185.708725718, "RHill": 58642324.47043699, "spacing": "logarithmic", "period_ratio": 11.575532246832466}}