{"Planet": {"m": 3.783247373668149e+26, "Rp": 51481800.0, "Rstar": 556560000.0, "RpRstar": 0.0925, "rhostar": 2312.9200242545344, "impact": 0.4080445699490366, "q1": 0.39904488999999993, "q2": 0.24908975779642237, "a": 34631809594.52381, "Pp": 44.38479965254329, "rhoplan": 661.9344140395079, "aRp": null, "e": null, "inc": null, "pomega": null, "f": null, "P": 3834846.6899797404, "RHill": 1463731034.9053094}, "I": {"m": 2.211918514864996e+23, "r": 2715405.1611668537, "msmp": 0.0005846613494692977, "rsrp": 0.052744953773311225, "a": 101549911.20701253, "aRp": 1.9725400278741718, "e": 0.0, "inc": -0.0719671217719034, "pomega": 5.255153387733062, "f": 1.5502168369649005, "P": 40451.724278972455, "RHill": 5887631.108433689, "spacing": "logarithmic", "period_ratio": NaN}, "II": {"m": 9.677143502534359e+22, "r": 1736826.3032927285, "msmp": 0.00025578934039281775, "rsrp": 0.033736705074273406, "a": 280847468.3482492, "aRp": 5.455276784188766, "e": 0.0, "inc": -0.0719671217719034, "pomega": 5.256410150470772, "f": 1.4974328019810936, "P": 186077.9316832733, "RHill": 12361112.97736896, "spacing": "logarithmic", "period_ratio": 4.6}, "III": {"m": 2.9031430507603085e+23, "r": 2290431.1272395104, "msmp": 0.0007673680211784535, "rsrp": 0.044490113539921106, "a": 659800845.8027776, "aRp": 12.81619612761748, "e": 0.0, "inc": -0.0719671217719034, "pomega": 4.281162266008053, "f": 6.22914450945807, "P": 669880.5540597838, "RHill": 41883247.53967948, "spacing": "logarithmic", "period_ratio": 3.6}}