{"Planet": {"m": 1.0898939925565238e+26, "Rp": 28207156.5, "Rstar": 1064421000.0, "RpRstar": 0.0265, "rhostar": 464.4714305131176, "impact": 0.13612776434253526, "q1": 0.26163225000000007, "q2": 0.21691104594330396, "a": 68529682543.78526, "Pp": 104.25029647225499, "rhoplan": 1159.3584324173708, "aRp": null, "e": null, "inc": null, "pomega": null, "f": null, "P": 9007225.615202831, "RHill": 1708062463.8656373}, "I": {"m": 2.3618408270359935e+23, "r": 2387702.8714420325, "msmp": 0.0021670372010179737, "rsrp": 0.08464883269754725, "a": 180392637.128968, "aRp": 6.395279053702843, "e": 0.0, "inc": 0.059050393634331594, "pomega": 5.08234851129798, "f": 4.117783110105794, "P": 178296.58760691326, "RHill": 16185787.892273773, "spacing": "logarithmic", "period_ratio": NaN}, "II": {"m": 2.8951597234634763e+23, "r": 2555733.7506127786, "msmp": 0.0026563681818930003, "rsrp": 0.0906058627573034, "a": 621725521.3194723, "aRp": 22.041410707934077, "e": 0.0, "inc": 0.059050393634331594, "pomega": 1.6664673902030467, "f": 2.7969254727729114, "P": 1140530.3896796473, "RHill": 59701837.788092114, "spacing": "logarithmic", "period_ratio": 6.396815581205349}}