{"Planet": {"m": 6.625094334937938e+25, "Rp": 20990590.830000002, "Rstar": 1551411000.0, "RpRstar": 0.013530000000000002, "rhostar": 185.60495134652123, "impact": 0.16312032155226086, "q1": 0.379456, "q2": 0.25681818181818183, "a": 185915697415.50732, "Pp": 418.7964731677396, "rhoplan": 1710.1313490511664, "aRp": null, "e": null, "inc": null, "pomega": null, "f": null, "P": 36184015.2816927, "RHill": 3656397544.9609694}, "I": {"m": 6.708330271519199e+22, "r": 1922939.092079103, "msmp": 0.0010125637360576603, "rsrp": 0.0916095743875306, "a": 101586498.38451238, "aRp": 4.839620723744648, "e": 0.0, "inc": 0.01865943564738412, "pomega": 4.4439130405414575, "f": 2.274112173885681, "P": 96697.48867488037, "RHill": 7072989.754981087, "spacing": "logarithmic", "period_ratio": NaN}, "II": {"m": 4.32314617497904e+22, "r": 2134870.8486995297, "msmp": 0.0006525410743482701, "rsrp": 0.10170608659801737, "a": 258559604.3452069, "aRp": 12.317881208739985, "e": 0.0, "inc": 0.01865943564738412, "pomega": 2.350774700885972, "f": 5.711986642890533, "P": 392717.57172366057, "RHill": 15549730.775965026, "spacing": "logarithmic", "period_ratio": 4.061300630506229}, "III": {"m": 1.1180550452532e+23, "r": 2125036.6440693955, "msmp": 0.0016876062267627675, "rsrp": 0.10123758122292909, "a": 393099709.26439345, "aRp": 18.727424704147474, "e": 0.0, "inc": 0.01865943564738412, "pomega": 0.8765920095525076, "f": 5.622128107144291, "P": 735815.4575842683, "RHill": 32450346.917957075, "spacing": "logarithmic", "period_ratio": 1.8736504566239063}, "IV": {"m": 2.9814801206752005e+22, "r": 1556437.1562472049, "msmp": 0.0004500283271367381, "rsrp": 0.07414927806713885, "a": 1485014675.8876672, "aRp": 70.746683021674, "e": 0.0, "inc": 0.01865943564738412, "pomega": 3.2405627191844313, "f": 5.5171884185455315, "P": 5406041.6993545685, "RHill": 78904834.13042416, "spacing": "logarithmic", "period_ratio": 7.347007518845782}}