{"Planet": {"m": 1.9899341869397496e+24, "Rp": 4687487.46, "Rstar": 410463000.0, "RpRstar": 0.01142, "rhostar": 4461.78472872052, "impact": 0.2578617860288981, "q1": 0.09235521000000001, "q2": 0.04886475814412636, "a": 117935092146.40692, "Pp": 317.1157937194935, "rhoplan": 4612.429564597326, "aRp": null, "e": null, "inc": null, "pomega": null, "f": null, "P": 27398804.57736424, "RHill": 944225622.3809869}, "I": {"m": 2.7815790461660965e+21, "r": 795074.7649055305, "msmp": 0.0013978246438611068, "rsrp": 0.1696164036043161, "a": 19251284.52234693, "aRp": 4.106951685017826, "e": 0.0, "inc": -0.14737288603448467, "pomega": 0.2815148532469702, "f": 2.7120939879775072, "P": 46019.71206903845, "RHill": 1492462.8355648941, "spacing": "linear", "period_ratio": NaN}, "II": {"m": 3.755131712324231e+21, "r": 771261.6497585722, "msmp": 0.0018870632692124945, "rsrp": 0.16453625878256156, "a": 52481402.229651794, "aRp": 11.196062427365256, "e": 0.0, "inc": -0.14737288603448467, "pomega": 6.168819898048005, "f": 0.22621729278774388, "P": 207088.704310673, "RHill": 4496699.152645856, "spacing": "linear", "period_ratio": 4.5}, "III": {"m": 1.6225877769302227e+21, "r": 699795.8421152346, "msmp": 0.0008153977089189788, "rsrp": 0.149290179032337, "a": 92292913.70818321, "aRp": 19.689207596980584, "e": 0.0, "inc": -0.14737288603448467, "pomega": 0.3374407950750513, "f": 0.010054101901677506, "P": 483206.9767249037, "RHill": 5978392.636788768, "spacing": "linear", "period_ratio": 2.3333333333333335}}