{"Planet": {"m": 7.820889154079663e+25, "Rp": 23799062.16, "Rstar": 848754000.0, "RpRstar": 0.02804, "rhostar": 885.0680231553406, "impact": 0.06162228700263994, "q1": 0.29822521, "q2": 0.23274125618018676, "a": 61593479126.04482, "Pp": 90.37587089691839, "rhoplan": 1385.1218855290435, "aRp": null, "e": null, "inc": null, "pomega": null, "f": null, "P": 7808475.245493748, "RHill": 1390302938.8411882}, "I": {"m": 3.354856567714786e+23, "r": 2895301.6514276797, "msmp": 0.004289610172987517, "rsrp": 0.12165612375658755, "a": 119631292.09118839, "aRp": 5.026722956010313, "e": 0.0, "inc": 0.10994928451157396, "pomega": 2.292963614951326, "f": 5.417904162266466, "P": 113549.87133265835, "RHill": 13477530.315074718, "spacing": "logarithmic", "period_ratio": NaN}, "II": {"m": 1.698137275016126e+23, "r": 2220361.072228347, "msmp": 0.002171284161635656, "rsrp": 0.09329615836544153, "a": 301239868.3992599, "aRp": 12.657636102382444, "e": 0.0, "inc": 0.10994928451157396, "pomega": 5.930034977883164, "f": 5.427958264168144, "P": 454199.4853306334, "RHill": 27046490.45102695, "spacing": "logarithmic", "period_ratio": 4.0}}