{"Planet": {"m": 4.65646057712719e+25, "Rp": 17123264.1, "Rstar": 1133991000.0, "RpRstar": 0.0151, "rhostar": 455.7393341219275, "impact": 0.4602166456807114, "q1": 0.25877569000000006, "q2": 0.04885000982897582, "a": 123110820221.6332, "Pp": 230.4554568237123, "rhoplan": 2214.1531440643416, "aRp": null, "e": null, "inc": null, "pomega": null, "f": null, "P": 19911351.46956874, "RHill": 2183047244.8907213}, "I": {"m": 3.3303078789858827e+22, "r": 1541599.1773142791, "msmp": 0.0007152015621789117, "rsrp": 0.09002951588618428, "a": 46756003.89160605, "aRp": 2.7305543860417387, "e": 0.0, "inc": 0.1574269879361622, "pomega": 6.218462026187538, "f": 4.728569800632703, "P": 36020.51119454033, "RHill": 2899166.2436636495, "spacing": "logarithmic", "period_ratio": NaN}, "II": {"m": 8.779902590053692e+22, "r": 1844854.17080927, "msmp": 0.0018855313911989493, "rsrp": 0.10773963188532903, "a": 89420431.61327198, "aRp": 5.222160394832196, "e": 0.0, "inc": 0.1574269879361622, "pomega": 2.1861387822460028, "f": 3.535901962546208, "P": 95212.75496133142, "RHill": 7659626.610195122, "spacing": "logarithmic", "period_ratio": 2.643292718615357}, "III": {"m": 2.270664462944919e+22, "r": 1219846.1781022593, "msmp": 0.00048763742875834867, "rsrp": 0.0712391148660879, "a": 198123568.8727154, "aRp": 11.570432349560935, "e": 0.0, "inc": 0.1574269879361622, "pomega": 4.549481110509071, "f": 2.1993347909919545, "P": 314229.81644195184, "RHill": 10812548.498493735, "spacing": "logarithmic", "period_ratio": 3.3002911907083186}, "IV": {"m": 7.56888154314973e+22, "r": 1556142.0647203783, "msmp": 0.0016254580958611623, "rsrp": 0.09087882167982085, "a": 367157702.26611316, "aRp": 21.442039328594664, "e": 0.0, "inc": 0.1574269879361622, "pomega": 0.0798044338445652, "f": 2.2759973179922457, "P": 792273.863412112, "RHill": 29932120.461653896, "spacing": "logarithmic", "period_ratio": 2.521319817396991}, "V": {"m": 1.1807455207313578e+23, "r": 1967890.6582875603, "msmp": 0.0025357146295434127, "rsrp": 0.11492497264511385, "a": 896870980.6878257, "aRp": 52.377337372716546, "e": 0.0, "inc": 0.1574269879361622, "pomega": 3.2990021864879315, "f": 5.551121012463693, "P": 3023389.30879585, "RHill": 84798794.68515375, "spacing": "logarithmic", "period_ratio": 3.8160911881844988}}