{"Planet": {"m": 3.4829225597060045e+25, "Rp": 14240074.59, "Rstar": 925281000.0, "RpRstar": 0.01539, "rhostar": 743.0500252020739, "impact": 0.15271349115593413, "q1": 0.29822521, "q2": 0.23274125618018676, "a": 188418608217.40884, "Pp": 463.6412693261068, "rhoplan": 2879.5088428440254, "aRp": null, "e": null, "inc": null, "pomega": null, "f": null, "P": 40058605.66977563, "RHill": 3158072632.9530225}, "I": {"m": 3.483689158026914e+22, "r": 1649741.222150052, "msmp": 0.0010002201020286178, "rsrp": 0.11585200707505929, "a": 261369309.88096836, "aRp": 18.35449022609146, "e": 0.0, "inc": 0.03684758526812712, "pomega": 3.584287327948031, "f": 3.822443866744017, "P": 550389.1926890681, "RHill": 18123665.267607678, "spacing": "linear", "period_ratio": NaN}, "II": {"m": 2.686218145948464e+22, "r": 1601070.6694250042, "msmp": 0.0007712540545762836, "rsrp": 0.11243414908439775, "a": 722869712.6309104, "aRp": 50.76305661618802, "e": 0.0, "inc": 0.03684758526812712, "pomega": 3.934924131769034, "f": 0.26957560723872814, "P": 2531790.2863697135, "RHill": 45964100.32123851, "spacing": "linear", "period_ratio": 4.6}, "III": {"m": 1.5109977070960112e+22, "r": 1210376.6227916172, "msmp": 0.00043383040569915955, "rsrp": 0.08499791311778636, "a": 1147355164.4709942, "aRp": 80.57227209165863, "e": 0.0, "inc": 0.03684758526812712, "pomega": 5.033334764527302, "f": 0.38394101637030975, "P": 5063580.572739427, "RHill": 60223240.296254605, "spacing": "linear", "period_ratio": 2.0}}