{"Planet": {"m": 4.152532297123069e+27, "Rp": 108492119.19, "Rstar": 633087000.0, "RpRstar": 0.17137, "rhostar": 1945.6308924836896, "impact": 0.2599738236450434, "q1": 0.37234403999999993, "q2": 0.25901343821697803, "a": 223678537666.6463, "Pp": 654.1758492559204, "rhoplan": 776.3004401743634, "aRp": null, "e": null, "inc": null, "pomega": null, "f": null, "P": 56520793.37571152, "RHill": 19566290010.606575}, "I": {"m": 6.289055195921554e+24, "r": 7099123.44901674, "msmp": 0.0015145108444499509, "rsrp": 0.06543446198690425, "a": 188987856.5609539, "aRp": 1.7419500879136056, "e": 0.0, "inc": 0.12373876455033303, "pomega": 4.139776458015713, "f": 1.5231964381041423, "P": 30984.37378039394, "RHill": 15048190.37954509, "spacing": "logarithmic", "period_ratio": NaN}, "II": {"m": 2.1725827040456283e+24, "r": 3913983.3109241673, "msmp": 0.0005231946553554377, "rsrp": 0.03607619926816702, "a": 426966974.8356731, "aRp": 3.9354653409242997, "e": 0.0, "inc": 0.12373876455033303, "pomega": 1.2969791453163984, "f": 4.043634108580922, "P": 105268.47781596458, "RHill": 23854755.289126948, "spacing": "logarithmic", "period_ratio": 3.397469916999761}, "III": {"m": 9.376409564828496e+24, "r": 8905005.825749049, "msmp": 0.0022579979862708353, "rsrp": 0.08207974820875143, "a": 1045750131.8573983, "aRp": 9.638950180574847, "e": 0.0, "inc": 0.12373876455033303, "pomega": 4.593467806328911, "f": 3.270725024889464, "P": 403155.5322984472, "RHill": 95125151.1519965, "spacing": "logarithmic", "period_ratio": 3.8297840024177336}, "IV": {"m": 9.833795397259148e+24, "r": 9001531.189003503, "msmp": 0.002368144229503557, "rsrp": 0.08296944751571594, "a": 1508170328.6522226, "aRp": 13.901197063088013, "e": 0.0, "inc": 0.12373876455033303, "pomega": 6.042515242908181, "f": 2.1434088491638734, "P": 698204.200899029, "RHill": 139383925.176687, "spacing": "logarithmic", "period_ratio": 1.7318482445682124}, "V": {"m": 5.031244156737246e+24, "r": 5734965.056215317, "msmp": 0.0012116086755599614, "rsrp": 0.05286066028604153, "a": 7794961811.769955, "aRp": 71.84818464204575, "e": 0.0, "inc": 0.12373876455033303, "pomega": 5.817554712858147, "f": 0.2676904631321636, "P": 8208778.680180212, "RHill": 576183784.4615334, "spacing": "logarithmic", "period_ratio": 11.756988384788201}}