{"Planet": {"m": 9.623570024270258e+25, "Rp": 26916076.439999998, "Rstar": 918324000.0, "RpRstar": 0.029309999999999996, "rhostar": 576.1789011190913, "impact": 0.4555268833940579, "q1": 0.26163225000000007, "q2": 0.21691104594330396, "a": 36729777079.212776, "Pp": 45.831349032482024, "rhoplan": 1178.1818888409596, "aRp": null, "e": null, "inc": null, "pomega": null, "f": null, "P": 3959828.5564064467, "RHill": 947426125.9683695}, "I": {"m": 6.957350655396642e+22, "r": 1921995.4210840035, "msmp": 0.0007229490342825461, "rsrp": 0.07140696844759012, "a": 77750613.55788967, "aRp": 2.8886310280477745, "e": 0.0, "inc": -0.17058808660606642, "pomega": 1.5112571920959001, "f": 2.888040771256864, "P": 53728.870251528955, "RHill": 4838372.4948945185, "spacing": "logarithmic", "period_ratio": NaN}, "II": {"m": 7.406211988002875e+22, "r": 2015809.9689259524, "msmp": 0.000769590907462065, "rsrp": 0.07489241507466728, "a": 423499752.37457955, "aRp": 15.734081946104757, "e": 0.0, "inc": -0.17058808660606642, "pomega": 4.41437911620528, "f": 4.278020359163779, "P": 683001.3970105378, "RHill": 26909113.168161634, "spacing": "logarithmic", "period_ratio": 12.711999969720221}}