{"Planet": {"m": 3.01299820813322e+24, "Rp": 5304016.8, "Rstar": 556560000.0, "RpRstar": 0.00953, "rhostar": 2092.6419267064834, "impact": 0.39205003766260715, "q1": 0.39050001, "q2": 0.361577852456393, "a": 37647371836.267624, "Pp": 52.893837300653956, "rhoplan": 4820.538892417155, "aRp": null, "e": null, "inc": null, "pomega": null, "f": null, "P": 4570027.542776502, "RHill": 328539331.28347147}, "I": {"m": 4.3541071132690623e+21, "r": 881095.3416862902, "msmp": 0.0014451077672451588, "rsrp": 0.16611850507077772, "a": 29098923.540742565, "aRp": 5.486205009897889, "e": 0.0, "inc": 0.07748291378740704, "pomega": 1.8882860134088066, "f": 5.927521452407745, "P": 69499.13195279527, "RHill": 2281059.3416966144, "spacing": "logarithmic", "period_ratio": NaN}, "II": {"m": 9.019221877485909e+21, "r": 943390.359468444, "msmp": 0.00299343751786497, "rsrp": 0.17786338072466967, "a": 73362462.12994209, "aRp": 13.831491282218806, "e": 0.0, "inc": 0.07748291378740704, "pomega": 3.2512452024549634, "f": 3.337333449988077, "P": 277996.5278111811, "RHill": 7330892.976068806, "spacing": "logarithmic", "period_ratio": 4.0}, "III": {"m": 9.122891094468508e+21, "r": 1111107.8687642908, "msmp": 0.0030278448456565223, "rsrp": 0.20948422877625328, "a": 199964947.53859913, "aRp": 37.70066255042766, "e": 0.0, "inc": 0.07748291378740704, "pomega": 1.0594509878892673, "f": 5.46126247671745, "P": 1250984.375150315, "RHill": 20058170.917492528, "spacing": "logarithmic", "period_ratio": 4.5}}