{"Planet": {"m": 1.208994426677138e+26, "Rp": 30008323.799999997, "Rstar": 633087000.0, "RpRstar": 0.0474, "rhostar": 1833.3829563788615, "impact": 0.3366718377456174, "q1": 0.25, "q2": 0.2, "a": 23890849558.49974, "Pp": 23.546761735317524, "rhoplan": 1068.0964643642124, "aRp": null, "e": null, "inc": null, "pomega": null, "f": null, "P": 2034440.213931434, "RHill": 655775639.3793138}, "I": {"m": 1.0777300186992427e+24, "r": 3744927.090601566, "msmp": 0.008914267881791076, "rsrp": 0.12479627704502329, "a": 232395524.2941175, "aRp": 7.7443687239244445, "e": 0.0, "inc": 0.08903814895912668, "pomega": 5.656060701062452, "f": 1.140512184471542, "P": 246705.80285507336, "RHill": 33410468.718917217, "spacing": "logarithmic", "period_ratio": NaN}}