{"Planet": {"m": 2.71548696392384e+25, "Rp": 11817021.059999999, "Rstar": 653958000.0, "RpRstar": 0.01807, "rhostar": 1629.4422133525622, "impact": 0.2644289539896656, "q1": 0.25, "q2": 0.2, "a": 47250852963.37373, "Pp": 66.17380120034233, "rhoplan": 3928.5753234425497, "aRp": null, "e": null, "inc": null, "pomega": null, "f": null, "P": 5717416.423709577, "RHill": 793827416.4768035}, "I": {"m": 9.489269136956554e+22, "r": 1612737.2171078327, "msmp": 0.0034944999784659973, "rsrp": 0.1364757842877055, "a": 47011340.17676613, "aRp": 3.9782733683954468, "e": 0.0, "inc": -0.07940296797001904, "pomega": 3.0149738077655424, "f": 3.2851777963731252, "P": 47489.71849105306, "RHill": 4946415.121540478, "spacing": "logarithmic", "period_ratio": NaN}, "II": {"m": 1.3530994880475079e+23, "r": 2200024.904808891, "msmp": 0.0049828981174422525, "rsrp": 0.18617423914524964, "a": 326953638.57118666, "aRp": 27.668025377216914, "e": 0.0, "inc": -0.07940296797001904, "pomega": 2.6203503081247, "f": 2.3765383370090207, "P": 870368.3139477866, "RHill": 38720393.223149076, "spacing": "logarithmic", "period_ratio": 18.327510492860927}}