{"Planet": {"m": 2.1615218706291727e+25, "Rp": 10111303.799999999, "Rstar": 598302000.0, "RpRstar": 0.0169, "rhostar": 1994.7958070936725, "impact": 0.408262324256379, "q1": 0.39050001, "q2": 0.361577852456393, "a": 41210826973.35734, "Pp": 55.66771891778834, "rhoplan": 4991.712306956333, "aRp": null, "e": null, "inc": null, "pomega": null, "f": null, "P": 4809690.914496913, "RHill": 655603579.5139788}, "I": {"m": 3.3905479750329553e+22, "r": 1655833.563375145, "msmp": 0.0015685929534666422, "rsrp": 0.16376063820524758, "a": 46922267.49293461, "aRp": 4.6405753818745525, "e": 0.0, "inc": -0.13826135618608945, "pomega": 1.7726638415395153, "f": 3.6031387690136762, "P": 53128.22753082267, "RHill": 3780146.7439821805, "spacing": "linear", "period_ratio": NaN}, "II": {"m": 4.690258032128922e+22, "r": 1292927.4578836067, "msmp": 0.0021698869189621887, "rsrp": 0.1278695095565823, "a": 163066952.91273773, "aRp": 16.127193499293114, "e": 0.0, "inc": -0.13826135618608945, "pomega": 5.297883320815191, "f": 3.236792430971302, "P": 344092.69199677644, "RHill": 14637645.947845636, "spacing": "linear", "period_ratio": 6.476645429158143}, "III": {"m": 4.181675835873978e+22, "r": 1865264.5509071841, "msmp": 0.0019345979759421922, "rsrp": 0.18447319829389205, "a": 278641226.89790994, "aRp": 27.557398374076147, "e": 0.0, "inc": -0.13826135618608945, "pomega": 2.576991993673716, "f": 6.268732535695925, "P": 768679.967745326, "RHill": 24073276.191093422, "spacing": "linear", "period_ratio": 2.23393284897933}}