{"Planet": {"m": 2.253075007679787e+25, "Rp": 10579509.900000002, "Rstar": 772227000.0000001, "RpRstar": 0.0137, "rhostar": 1030.8188570656303, "impact": 0.32438032833185504, "q1": 0.25, "q2": 0.2, "a": 156445466452.88055, "Pp": 390.6180629999729, "rhoplan": 4542.452482619456, "aRp": null, "e": null, "inc": null, "pomega": null, "f": null, "P": 33749400.643197656, "RHill": 2436384404.2970705}, "I": {"m": 3.3760579704083242e+22, "r": 1461489.019940076, "msmp": 0.001498422360063806, "rsrp": 0.13814335765592275, "a": 227424907.1563678, "aRp": 21.49673371508143, "e": 0.0, "inc": -0.018100874430624248, "pomega": 1.096525488651703, "f": 3.6653485245303057, "P": 555291.5769327303, "RHill": 18044396.279360317, "spacing": "linear", "period_ratio": NaN}, "II": {"m": 3.4216803754138426e+22, "r": 1460259.9248197626, "msmp": 0.001518671310875479, "rsrp": 0.1380271807127627, "a": 446405375.43455595, "aRp": 42.19527933279365, "e": 0.0, "inc": -0.018100874430624248, "pomega": 4.197587543950359, "f": 4.504866033320377, "P": 1527051.8365650082, "RHill": 35577622.847350545, "spacing": "linear", "period_ratio": 2.75}, "III": {"m": 2.2811202502758953e+22, "r": 1117209.718346516, "msmp": 0.0010124475405836528, "rsrp": 0.10560127349060996, "a": 822147165.6562095, "aRp": 77.7112714508835, "e": 0.0, "inc": -0.018100874430624248, "pomega": 2.6216070708624097, "f": 2.927628797494719, "P": 3817629.5914125205, "RHill": 57240047.95191104, "spacing": "linear", "period_ratio": 2.5}}