{"Planet": {"m": 1.3414529657537431e+25, "Rp": 8329616.100000001, "Rstar": 542646000.0, "RpRstar": 0.01535, "rhostar": 2584.560695450756, "impact": 0.46290515637790497, "q1": 0.39904488999999993, "q2": 0.24908975779642237, "a": 194326028944.7692, "Pp": 579.7562812814542, "rhoplan": 5541.30280772032, "aRp": null, "e": null, "inc": null, "pomega": null, "f": null, "P": 50090942.70271765, "RHill": 2666903614.8267756}, "I": {"m": 2.5755431030194107e+22, "r": 1612130.0905696922, "msmp": 0.0019199652680869433, "rsrp": 0.19354194373612155, "a": 113767758.4669166, "aRp": 13.658223512475756, "e": 0.0, "inc": 0.13665549268790486, "pomega": 4.400554726090474, "f": 6.000413691194907, "P": 254566.6856052583, "RHill": 9804149.099709403, "spacing": "linear", "period_ratio": NaN}, "II": {"m": 1.0536312694170314e+22, "r": 988561.5620461255, "msmp": 0.0007854403369446585, "rsrp": 0.11868032694161325, "a": 321354404.6996288, "aRp": 38.5797377504143, "e": 0.0, "inc": 0.13665549268790486, "pomega": 2.2546323514511806, "f": 0.733949438822458, "P": 1209191.7566249769, "RHill": 20558033.64418903, "spacing": "linear", "period_ratio": 4.75}}