{"Planet": {"m": 8.671095082147334e+27, "Rp": 84917142.0, "Rstar": 1182690000.0, "RpRstar": 0.0718, "rhostar": 347.2081391028101, "impact": 0.19100049595225743, "q1": 0.379456, "q2": 0.25681818181818183, "a": 58779333791.86813, "Pp": 81.63444131301179, "rhoplan": 3380.6423855756007, "aRp": null, "e": null, "inc": null, "pomega": null, "f": null, "P": 7053215.729444219, "RHill": 6248538697.945995}, "I": {"m": 3.6653868126367026e+25, "r": 22073781.940305836, "msmp": 0.004227132533909427, "rsrp": 0.25994494657281136, "a": 499934773.457088, "aRp": 5.88732453403917, "e": 0.0, "inc": 0.17034371607373397, "pomega": 4.790779556149332, "f": 5.076693078978286, "P": 92128.51589120689, "RHill": 56047324.040680945, "spacing": "linear", "period_ratio": NaN}, "II": {"m": 1.7648158727510045e+25, "r": 2116151.590213449, "msmp": 0.002035286034845279, "rsrp": 0.02492019326573013, "a": 945709231.8253832, "aRp": 11.136847161264367, "e": 0.0, "inc": 0.17034371607373397, "pomega": 0.9344030954871533, "f": 1.4641285894317868, "P": 239957.85302683842, "RHill": 83098342.47780563, "spacing": "linear", "period_ratio": 2.604599137472277}, "III": {"m": 1.7195641837061074e+25, "r": 10541739.229363706, "msmp": 0.0019830992134389903, "rsrp": 0.12414147463139663, "a": 2320532283.939554, "aRp": 27.327018188383615, "e": 0.0, "inc": 0.17034371607373397, "pomega": 5.088632324986528, "f": 0.9048691711509755, "P": 922340.452218265, "RHill": 202144537.8189897, "spacing": "linear", "period_ratio": 3.8437602294895705}}