{"Planet": {"m": 6.487433923656205e+26, "Rp": 56059506.0, "Rstar": 549603000.0, "RpRstar": 0.102, "rhostar": 2859.3677666625267, "impact": 0.3922303332056981, "q1": 0.39050001, "q2": 0.361577852456393, "a": 117626194382.75429, "Pp": 254.6217759192451, "rhoplan": 879.0964756283316, "aRp": null, "e": null, "inc": null, "pomega": null, "f": null, "P": 21999321.439422775, "RHill": 5614606280.109218}, "I": {"m": 5.552649239868938e+23, "r": 3404438.262778146, "msmp": 0.0008559084077328933, "rsrp": 0.0607290093276624, "a": 130346005.39601606, "aRp": 2.325136532526991, "e": 0.0, "inc": 0.1405654212052239, "pomega": 1.9360429974417748, "f": 5.195457157691852, "P": 44916.02796097648, "RHill": 8580904.571451109, "spacing": "logarithmic", "period_ratio": NaN}, "II": {"m": 1.348500529682456e+24, "r": 3447737.8843700048, "msmp": 0.002078634704494169, "rsrp": 0.061501396112373964, "a": 255029030.09926915, "aRp": 4.549255751544959, "e": 0.0, "inc": 0.1405654212052239, "pomega": 4.346513928368957, "f": 1.9322727092286458, "P": 122849.68870158803, "RHill": 22567074.309641328, "spacing": "logarithmic", "period_ratio": 2.7350968969990213}, "III": {"m": 3.701766159912624e+23, "r": 2761178.4012928186, "msmp": 0.0005706056051552619, "rsrp": 0.0492544190684238, "a": 504641365.4488195, "aRp": 9.001887484502976, "e": 0.0, "inc": 0.1405654212052239, "pomega": 4.548224347771362, "f": 1.6513862373505304, "P": 342208.61047462386, "RHill": 29021583.584054746, "spacing": "logarithmic", "period_ratio": 2.785587933445046}, "IV": {"m": 2.644118685651876e+23, "r": 2528764.023926793, "msmp": 0.0004075754322537588, "rsrp": 0.045108567740978545, "a": 898947027.1869602, "aRp": 16.0355859573033, "e": 0.0, "inc": 0.1405654212052239, "pomega": 0.9124097475772337, "f": 3.9701134884249054, "P": 813679.1689971605, "RHill": 46212877.8920023, "spacing": "logarithmic", "period_ratio": 2.3777285085510673}, "V": {"m": 2.141736135378018e+24, "r": 4828629.756413996, "msmp": 0.0033013610012554437, "rsrp": 0.0861340047558392, "a": 2335151880.6607337, "aRp": 41.654877955234454, "e": 0.0, "inc": 0.1405654212052239, "pomega": 0.45369134831319746, "f": 4.6355693580421855, "P": 3401711.9155836864, "RHill": 241086219.48555845, "spacing": "logarithmic", "period_ratio": 4.18065503603369}}