{"Planet": {"m": 2.889087100220278e+26, "Rp": 48529666.62, "Rstar": 793097999.9999999, "RpRstar": 0.06119000000000001, "rhostar": 989.6236745448176, "impact": 0.13497604868054258, "q1": 0.37871715999999994, "q2": 0.34367890802729933, "a": 49978459352.64722, "Pp": 69.15723171371553, "rhoplan": 603.4622423436863, "aRp": null, "e": null, "inc": null, "pomega": null, "f": null, "P": 5975184.820065022, "RHill": 1798109937.6339962}, "I": {"m": 8.724681474858829e+23, "r": 3440040.408330856, "msmp": 0.003019874850499875, "rsrp": 0.07088530888265261, "a": 367906242.1653456, "aRp": 7.581058510995921, "e": 0.0, "inc": -0.17048335637792394, "pomega": 5.245727667200239, "f": 0.1721764950662273, "P": 318821.53932531155, "RHill": 36871690.809187144, "spacing": "linear", "period_ratio": NaN}}