{"Planet": {"m": 1.2093037787531302e+25, "Rp": 8085216.69, "Rstar": 257409000.0, "RpRstar": 0.03141, "rhostar": 11411.16474771653, "impact": 0.47630586835510114, "q1": 0.11235904, "q2": 0.15244630071599044, "a": 150116448919.3278, "Pp": 573.3998606616934, "rhoplan": 5462.252965876645, "aRp": null, "e": null, "inc": null, "pomega": null, "f": null, "P": 49541747.96117031, "RHill": 2557426013.8017726}, "I": {"m": 1.0240056257907714e+22, "r": 1080908.1445981255, "msmp": 0.0008467728653313123, "rsrp": 0.13368944655930123, "a": 64950471.35542745, "aRp": 8.033238173537121, "e": 0.0, "inc": 0.07479483793175021, "pomega": 3.1456771324873496, "f": 1.9888270324255817, "P": 115717.4795603128, "RHill": 4260535.612768487, "spacing": "logarithmic", "period_ratio": NaN}, "II": {"m": 1.0240056257907714e+22, "r": 1019272.7492619227, "msmp": 0.0008467728653313123, "rsrp": 0.12606622535207807, "a": 98126573.50688873, "aRp": 12.136542194132428, "e": 0.0, "inc": 0.07479483793175021, "pomega": 3.664720143161451, "f": 2.482734788345489, "P": 214884.68093701385, "RHill": 6436777.936486967, "spacing": "logarithmic", "period_ratio": 1.8569768521877836}, "III": {"m": 1.7920098451338497e+22, "r": 1291640.437460419, "msmp": 0.0014818525143297963, "rsrp": 0.15975334823839074, "a": 291074976.464235, "aRp": 36.000887499310174, "e": 0.0, "inc": 0.07479483793175021, "pomega": 4.406838539779022, "f": 5.7804802120957115, "P": 1097476.0868609438, "RHill": 23009090.197436523, "spacing": "logarithmic", "period_ratio": 5.107279318727386}, "IV": {"m": 3.2183033953424253e+22, "r": 1653094.709411865, "msmp": 0.0026612861481841252, "rsrp": 0.20445892457730344, "a": 900657975.1099743, "aRp": 111.39565080846018, "e": 0.0, "inc": 0.07479483793175021, "pomega": 5.54420881740629, "f": 4.346513928368957, "P": 5969968.321606244, "RHill": 86539956.3624526, "spacing": "logarithmic", "period_ratio": 5.439725195910051}}