{"Planet": {"m": 7.194520864342917e+27, "Rp": 89035686.0, "Rstar": 1127034000.0, "RpRstar": 0.079, "rhostar": 464.2311550178044, "impact": 0.2011828303586609, "q1": 0.22127616000000003, "q2": 0.19313350340136054, "a": 81779676969.73227, "Pp": 124.61028668982044, "rhoplan": 2433.4416639934043, "aRp": null, "e": null, "inc": null, "pomega": null, "f": null, "P": 10766328.770000486, "RHill": 7781457490.931837}, "I": {"m": 9.145571470388056e+24, "r": 7308728.038307893, "msmp": 0.0012711856206734805, "rsrp": 0.08208762538548749, "a": 1307195286.0751011, "aRp": 14.681700616931296, "e": 0.0, "inc": 0.09926680124104162, "pomega": 4.468419913926796, "f": 3.4089689260375295, "P": 428263.3587992901, "RHill": 98183018.26148637, "spacing": "linear", "period_ratio": NaN}, "II": {"m": 7.763101364399167e+24, "r": 6931079.263903888, "msmp": 0.0010790296547577222, "rsrp": 0.07784608144540929, "a": 3719405365.261826, "aRp": 41.77432142502756, "e": 0.0, "inc": 0.09926680124104162, "pomega": 3.733213712366629, "f": 4.787637649305058, "P": 2055664.1222365922, "RHill": 264511295.02917612, "spacing": "linear", "period_ratio": 4.8}, "III": {"m": 4.891817298114544e+24, "r": 6777944.619369659, "msmp": 0.0006799364947788388, "rsrp": 0.07612615709356874, "a": 7735646686.344685, "aRp": 86.88254152772726, "e": 0.0, "inc": 0.09926680124104162, "pomega": 2.4004168290255046, "f": 1.7531840191050152, "P": 6166992.366709776, "RHill": 471641839.90346223, "spacing": "linear", "period_ratio": 3.0}}