{"Planet": {"m": 7.984801766460537e+25, "Rp": 23528574.000000004, "Rstar": 1391400000.0, "RpRstar": 0.01691, "rhostar": 229.08922144997294, "impact": 0.07332140944694832, "q1": 0.379456, "q2": 0.25681818181818183, "a": 15432777697.284624, "Pp": 10.61446417990379, "rhoplan": 1463.4864625260916, "aRp": null, "e": null, "inc": null, "pomega": null, "f": null, "P": 917089.7051436874, "RHill": 335744294.22369385}, "I": {"m": 1.1937499541132893e+23, "r": 1818195.1973713385, "msmp": 0.0014950276650918647, "rsrp": 0.07727604730194607, "a": 42914248.15280548, "aRp": 1.8239204871831787, "e": 0.0, "inc": -0.12384349477847553, "pomega": 2.645485562878894, "f": 2.100678916081744, "P": 24178.13514640382, "RHill": 3402338.344452225, "spacing": "linear", "period_ratio": NaN}, "II": {"m": 5.064393744723044e+22, "r": 1839671.9122857095, "msmp": 0.0006342541609480636, "rsrp": 0.07818884018579746, "a": 101675279.96133712, "aRp": 4.321353260139654, "e": 0.0, "inc": -0.12384349477847553, "pomega": 4.151715704023955, "f": 5.187916581265593, "P": 88212.53843525707, "RHill": 6057071.965860011, "spacing": "linear", "period_ratio": 3.6484426073851908}, "III": {"m": 1.4831438823831769e+23, "r": 2395299.0206893072, "msmp": 0.0018574586142050431, "rsrp": 0.10180383310477324, "a": 153133770.05255944, "aRp": 6.508416959419615, "e": 0.0, "inc": -0.12384349477847553, "pomega": 0.03330421254930674, "f": 5.683081099923211, "P": 162947.77375283235, "RHill": 13051795.840292318, "spacing": "linear", "period_ratio": 1.8472178291573216}}