{"Planet": {"m": 1.7210070808502698e+24, "Rp": 4519267.2, "Rstar": 278280000.0, "RpRstar": 0.01624, "rhostar": 9251.680097018138, "impact": 0.2459375822276907, "q1": 0.11235904, "q2": 0.15244630071599044, "a": 36535386841.52007, "Pp": 68.02299995324582, "rhoplan": 4451.332020613742, "aRp": null, "e": null, "inc": null, "pomega": null, "f": null, "P": 5877187.195960439, "RHill": 322365911.08145255}, "I": {"m": 2.604339534369966e+21, "r": 826511.3504574524, "msmp": 0.0015132648571575212, "rsrp": 0.1828861436777742, "a": 25328980.11469696, "aRp": 5.604665312707547, "e": 0.0, "inc": 0.08502349021366515, "pomega": 4.61923144245196, "f": 4.874354278207026, "P": 74676.48705329464, "RHill": 2016271.1388717282, "spacing": "linear", "period_ratio": NaN}, "II": {"m": 2.874920265213601e+21, "r": 709612.4329960888, "msmp": 0.001670487179979083, "rsrp": 0.1570193576950017, "a": 59498875.92741458, "aRp": 13.165602584289458, "e": 0.0, "inc": 0.08502349021366515, "pomega": 2.857250084182976, "f": 2.753567158321927, "P": 268835.3533918607, "RHill": 4894962.755745685, "spacing": "linear", "period_ratio": 3.6}, "III": {"m": 2.536694351659059e+21, "r": 851641.5053808279, "msmp": 0.0014739592764521315, "rsrp": 0.1884468139836538, "a": 104664212.98922169, "aRp": 23.159554050980145, "e": 0.0, "inc": 0.08502349021366515, "pomega": 5.82698043339097, "f": 6.1977254410153275, "P": 627282.491247675, "RHill": 8258850.832507062, "spacing": "linear", "period_ratio": 2.3333333333333335}}