{"Planet": {"m": 1.948586072520746e+25, "Rp": 9721711.8, "Rstar": 473076000.00000006, "RpRstar": 0.02055, "rhostar": 3273.010608794567, "impact": 0.23309323661780712, "q1": 0.09235521000000001, "q2": 0.04886475814412636, "a": 69447163302.939, "Pp": 135.21588970338738, "rhoplan": 5062.9397355157225, "aRp": null, "e": null, "inc": null, "pomega": null, "f": null, "P": 11682652.87037267, "RHill": 1144399608.3849106}, "I": {"m": 1.3770890420597608e+23, "r": 2252889.448816832, "msmp": 0.007067119392259226, "rsrp": 0.23173793825248265, "a": 87222915.87185252, "aRp": 8.9719709518495, "e": 0.0, "inc": 0.0027055308936805855, "pomega": 4.847962260715122, "f": 0.13196008745951726, "P": 141427.51249843577, "RHill": 11605690.704999335, "spacing": "logarithmic", "period_ratio": NaN}, "II": {"m": 3.740241842631448e+22, "r": 1462498.8322766735, "msmp": 0.001919464526292629, "rsrp": 0.15043634931418903, "a": 170913825.94877833, "aRp": 17.580630805037682, "e": 0.0, "inc": 0.0027055308936805855, "pomega": 0.7226385741830708, "f": 4.487271354992442, "P": 388925.6593706984, "RHill": 14727537.637050772, "spacing": "logarithmic", "period_ratio": 2.75}}