{"Planet": {"m": 4.199891902815463e+23, "Rp": 3050505.36, "Rstar": 438291000.0, "RpRstar": 0.00696, "rhostar": 3721.1191657687036, "impact": 0.36847891177894, "q1": 0.09235521000000001, "q2": 0.04886475814412636, "a": 120412664973.4163, "Pp": 324.67326175030644, "rhoplan": 3532.10923368703, "aRp": null, "e": null, "inc": null, "pomega": null, "f": null, "P": 28051769.815226477, "RHill": 571076784.664883}, "I": {"m": 1.618920487828388e+21, "r": 622667.7958647805, "msmp": 0.003854671799393502, "rsrp": 0.20411955475625868, "a": 18322791.7828985, "aRp": 6.0064774916174875, "e": 0.0, "inc": 0.04711114762608956, "pomega": 5.130105495330947, "f": 0.7546860239946678, "P": 92898.77720158233, "RHill": 1991958.8553365876, "spacing": "logarithmic", "period_ratio": NaN}, "II": {"m": 1.6615236585607135e+21, "r": 700216.0317403956, "msmp": 0.003956110530956488, "rsrp": 0.22954099373895073, "a": 46172097.233605236, "aRp": 15.13588464358746, "e": 0.0, "inc": 0.04711114762608956, "pomega": 3.677916151907403, "f": 6.2354283231466185, "P": 371595.1088063293, "RHill": 5063241.655647283, "spacing": "logarithmic", "period_ratio": 4.0}}