{"Planet": {"m": 3.4829225597060045e+25, "Rp": 14600934.179999998, "Rstar": 793097999.9999999, "RpRstar": 0.01841, "rhostar": 1037.201735821011, "impact": 0.42177064696474176, "q1": 0.37234403999999993, "q2": 0.25901343821697803, "a": 206504336461.2585, "Pp": 567.3973908821042, "rhoplan": 2671.242276286634, "aRp": null, "e": null, "inc": null, "pomega": null, "f": null, "P": 49023134.572213806, "RHill": 3613204655.246883}, "I": {"m": 5.733645740895021e+22, "r": 1544299.7446858692, "msmp": 0.0016462168315849667, "rsrp": 0.10576718760921566, "a": 292875810.14697623, "aRp": 20.058703541596014, "e": 0.0, "inc": -0.1626285892672384, "pomega": 1.6758931107358692, "f": 1.7896301384985962, "P": 652639.2279939469, "RHill": 23977584.525111653, "spacing": "linear", "period_ratio": NaN}, "II": {"m": 6.689253364377522e+22, "r": 1977998.7312737603, "msmp": 0.001920586303515794, "rsrp": 0.13547069707246367, "a": 706985754.6453717, "aRp": 48.42058363729791, "e": 0.0, "inc": -0.1626285892672384, "pomega": 6.018636750891697, "f": 6.000413691194907, "P": 2447397.104977301, "RHill": 60932386.37910272, "spacing": "linear", "period_ratio": 3.75}, "III": {"m": 1.1330776107006822e+23, "r": 2188734.3961308957, "msmp": 0.003253238024322671, "rsrp": 0.14990372322402293, "a": 1214482977.0785055, "aRp": 83.17844338631939, "e": 0.0, "inc": -0.1626285892672384, "pomega": 2.318727251074375, "f": 2.80195252372375, "P": 5506643.486198927, "RHill": 124773673.13435362, "spacing": "linear", "period_ratio": 2.25}}