{"Planet": {"m": 8.405920750098395e+27, "Rp": 90571026.33, "Rstar": 3680253000.0, "RpRstar": 0.02461, "rhostar": 16.95134946139578, "impact": 0.4957165722841965, "q1": 0.38019556000000004, "q2": 0.27254297761920204, "a": 55792826494.526924, "Pp": 62.28059383343005, "rhoplan": 2701.026310437432, "aRp": null, "e": null, "inc": null, "pomega": null, "f": null, "P": 5381043.307208356, "RHill": 5161283778.455785}, "I": {"m": 1.686111367686302e+25, "r": 7401146.184344763, "msmp": 0.002005861603758952, "rsrp": 0.08171648797904003, "a": 401935258.6197545, "aRp": 4.437790703124899, "e": 0.0, "inc": 0.14426588926625797, "pomega": 0.10242616312333959, "f": 1.3371955529231083, "P": 67527.92229610571, "RHill": 35146547.9229583, "spacing": "linear", "period_ratio": NaN}, "II": {"m": 4.117248688536327e+24, "r": 5903567.9441340985, "msmp": 0.000489803414871373, "rsrp": 0.06518163902244144, "a": 594454442.1751586, "aRp": 6.563406270888822, "e": 0.0, "inc": 0.14426588926625797, "pomega": 2.8673041860846538, "f": 3.34550240778319, "P": 121550.26013299028, "RHill": 32490178.304133788, "spacing": "linear", "period_ratio": 1.8}, "III": {"m": 8.43055683843151e+24, "r": 6160458.875245658, "msmp": 0.001002930801879476, "rsrp": 0.06801798682063867, "a": 1236726425.621734, "aRp": 13.654768812221032, "e": 0.0, "inc": 0.14426588926625797, "pomega": 3.9606877678920824, "f": 3.8532345538179045, "P": 364650.7803989708, "RHill": 85833511.25481847, "spacing": "linear", "period_ratio": 3.0}, "IV": {"m": 1.5880816370068675e+25, "r": 4099291.343473886, "msmp": 0.001889241743075294, "rsrp": 0.04526051552665326, "a": 2339110081.0629344, "aRp": 25.82625123999668, "e": 0.0, "inc": 0.14426588926625797, "pomega": 2.2602877837708744, "f": 3.7671463062847907, "P": 948092.0290373241, "RHill": 200496172.68381736, "spacing": "linear", "period_ratio": 2.6}, "V": {"m": 1.1175389297455732e+25, "r": 7529557.439132975, "msmp": 0.0013294664117937253, "rsrp": 0.08313428415505265, "a": 4421999139.510902, "aRp": 48.82355118069581, "e": 0.0, "inc": 0.14426588926625797, "pomega": 2.4783361187635053, "f": 5.010713035248528, "P": 2465039.275497043, "RHill": 337135142.6748058, "spacing": "linear", "period_ratio": 2.6}}