{"Planet": {"m": 1.0031184694896603e+26, "Rp": 27509369.400000002, "Rstar": 473076000.00000006, "RpRstar": 0.05815, "rhostar": 2914.324514680094, "impact": 0.3012737215160144, "q1": 0.28601104000000005, "q2": 0.22690725504861628, "a": 47694422019.53952, "Pp": 81.55266603436664, "rhoplan": 1150.3280556964346, "aRp": null, "e": null, "inc": null, "pomega": null, "f": null, "P": 7046150.3453692775, "RHill": 1410603071.6517627}, "I": {"m": 4.3134976675759585e+23, "r": 3352321.0160185196, "msmp": 0.0043000879744248596, "rsrp": 0.12186106367158381, "a": 545334799.9726483, "aRp": 19.82360235319128, "e": 0.0, "inc": -0.010979218916936012, "pomega": 2.926372034757009, "f": 0.8571121871180074, "P": 975807.0730231134, "RHill": 61486802.35502374, "spacing": "logarithmic", "period_ratio": NaN}}