{"Planet": {"m": 2.2062591864211913e+26, "Rp": 42597711.0, "Rstar": 452205000.0, "RpRstar": 0.0942, "rhostar": 3644.765317281176, "impact": 0.15533694308125434, "q1": 0.40411449000000005, "q2": 0.2892873997168476, "a": 47427090002.168396, "Pp": 77.37255168237175, "rhoplan": 681.4109894489696, "aRp": null, "e": null, "inc": null, "pomega": null, "f": null, "P": 6684988.465356919, "RHill": 1771264767.4527254}, "I": {"m": 5.297417392129609e+23, "r": 3670955.0194314676, "msmp": 0.0024010857041337173, "rsrp": 0.08617728355008249, "a": 93508308.56410697, "aRp": 2.1951486680612247, "e": 0.0, "inc": 0.02148715180723093, "pomega": 0.8200376863555716, "f": 1.2391680593817527, "P": 46763.098409226266, "RHill": 8681851.178734818, "spacing": "logarithmic", "period_ratio": NaN}, "II": {"m": 7.705334388552156e+23, "r": 3869254.126582474, "msmp": 0.0034924882969217695, "rsrp": 0.09083244230147658, "a": 235711657.2573409, "aRp": 5.533434819005672, "e": 0.0, "inc": 0.02148715180723093, "pomega": 0.8684230517573946, "f": 6.102211472949391, "P": 187052.39363690506, "RHill": 24796228.490406655, "spacing": "logarithmic", "period_ratio": 4.0}, "III": {"m": 3.3710837949915686e+23, "r": 2705530.481910287, "msmp": 0.0015279636299032745, "rsrp": 0.06351351794255534, "a": 516836233.9941204, "aRp": 12.132957895181748, "e": 0.0, "inc": 0.02148715180723093, "pomega": 1.044369835036751, "f": 3.1676704803972693, "P": 607920.2793199414, "RHill": 41274663.44031702, "spacing": "logarithmic", "period_ratio": 3.25}, "IV": {"m": 2.6487086960648044e+23, "r": 2246491.4346962725, "msmp": 0.0012005428520668587, "rsrp": 0.05273737442597027, "a": 887347978.4627091, "aRp": 20.830884045922303, "e": 0.0, "inc": 0.02148715180723093, "pomega": 2.5223228145833443, "f": 6.195211915539908, "P": 1367820.628469868, "RHill": 65390215.42266068, "spacing": "logarithmic", "period_ratio": 2.25}}