{"Planet": {"m": 1.1238216732155108e+28, "Rp": 74807507.88000001, "Rstar": 584388000.0, "RpRstar": 0.12801, "rhostar": 2235.8429078411386, "impact": 0.4689884350404663, "q1": 0.37871715999999994, "q2": 0.34367890802729933, "a": 197942060357.73886, "Pp": 571.6784189215731, "rhoplan": 6408.748562460361, "aRp": null, "e": null, "inc": null, "pomega": null, "f": null, "P": 49393015.394823916, "RHill": 24956607456.051003}, "I": {"m": 6.126588689569533e+25, "r": 8328249.176631234, "msmp": 0.005451566592446969, "rsrp": 0.11132905523320893, "a": 885370652.931542, "aRp": 11.835318112077468, "e": 0.0, "inc": 0.15034024249852143, "pomega": 1.1040660650779612, "f": 4.346513928368957, "P": 190605.49244541308, "RHill": 108041800.09475434, "spacing": "logarithmic", "period_ratio": NaN}, "II": {"m": 2.7569649103062894e+25, "r": 9395095.69428109, "msmp": 0.0024532049666011356, "rsrp": 0.12559027777468434, "a": 1404039860.1941078, "aRp": 18.76870250037405, "e": 0.0, "inc": 0.15034024249852143, "pomega": 5.430471789643563, "f": 4.704062927247363, "P": 381210.98489082616, "RHill": 131295637.92031662, "spacing": "logarithmic", "period_ratio": 2.0}}