{"Planet": {"m": 3.6304447711526203e+25, "Rp": 14651441.999999998, "Rstar": 1627938000.0, "RpRstar": 0.009, "rhostar": 145.2371272028522, "impact": 0.42226592219707326, "q1": 0.3848961600000001, "q2": 0.36355577047066406, "a": 111343957678.5946, "Pp": 204.13633854423807, "rhoplan": 2755.688440300229, "aRp": null, "e": null, "inc": null, "pomega": null, "f": null, "P": 17637379.65022217, "RHill": 1853188373.0559072}, "I": {"m": 3.6596912089001163e+23, "r": 3173522.6382277557, "msmp": 0.010080558828438562, "rsrp": 0.21660138559929842, "a": 459763768.8835752, "aRp": 31.38010367058582, "e": 0.0, "inc": -0.04124625485011102, "pomega": 5.8803928497436315, "f": 3.34550240778319, "P": 1252048.6364454052, "RHill": 68863516.4040681, "spacing": "linear", "period_ratio": NaN}}