{"Planet": {"m": 5.165304996849609e+25, "Rp": 18212452.02, "Rstar": 960065999.9999999, "RpRstar": 0.01897, "rhostar": 659.8103795855886, "impact": 0.09235507235044493, "q1": 0.31292836, "q2": 0.2426707186271005, "a": 107059612703.03143, "Pp": 199.38462648714273, "rhoplan": 2041.2777381367914, "aRp": null, "e": null, "inc": null, "pomega": null, "f": null, "P": 17226831.72848913, "RHill": 2051856097.8605273}, "I": {"m": 2.7613589789254682e+23, "r": 2633441.6941528847, "msmp": 0.00534597469192944, "rsrp": 0.14459566955953934, "a": 72455939.37272775, "aRp": 3.978373658481586, "e": 0.0, "inc": 0.1109965867929987, "pomega": 0.29910953157490583, "f": 4.450196854230006, "P": 65823.69180536713, "RHill": 8784341.395952439, "spacing": "linear", "period_ratio": NaN}}