{"Planet": {"m": 4.28572103274945e+25, "Rp": 16523640.27, "Rstar": 758313000.0, "RpRstar": 0.02179, "rhostar": 1164.8112992134172, "impact": 0.16321980822359872, "q1": 0.37234403999999993, "q2": 0.25901343821697803, "a": 17898708343.04859, "Pp": 14.613242220771305, "rhoplan": 2267.86967831396, "aRp": null, "e": null, "inc": null, "pomega": null, "f": null, "P": 1262584.1278746407, "RHill": 337670154.50556403}, "I": {"m": 1.5681132044769767e+23, "r": 2323487.899515747, "msmp": 0.003658925050170551, "rsrp": 0.14061598180240142, "a": 78711479.49400312, "aRp": 4.763567725261494, "e": 0.0, "inc": 0.13777261512142455, "pomega": 2.9213449838061702, "f": 1.890799538884226, "P": 81889.66516328069, "RHill": 8409732.114320101, "spacing": "logarithmic", "period_ratio": NaN}, "II": {"m": 1.5938199783208612e+23, "r": 2393048.427550277, "msmp": 0.0037189074280421985, "rsrp": 0.1448257398761609, "a": 214546649.28533432, "aRp": 12.984224164868866, "e": 0.0, "inc": 0.13777261512142455, "pomega": 2.7466549632645236, "f": 1.980029693261614, "P": 368503.4932347631, "RHill": 23047285.090829074, "spacing": "logarithmic", "period_ratio": 4.5}}