{"Planet": {"m": 3.706532754861441e+25, "Rp": 15159233.43, "Rstar": 688743000.0, "RpRstar": 0.02201, "rhostar": 1351.2280612532825, "impact": 0.3281685942618402, "q1": 0.25, "q2": 0.2, "a": 110218220469.7929, "Pp": 239.52153953087503, "rhoplan": 2540.0806817492085, "aRp": null, "e": null, "inc": null, "pomega": null, "f": null, "P": 20694661.015467603, "RHill": 2075897811.649295}, "I": {"m": 4.408743616873136e+22, "r": 1655595.6023053408, "msmp": 0.0011894522208364905, "rsrp": 0.10921367560901402, "a": 937904255.2664067, "aRp": 61.87016379141585, "e": 0.0, "inc": 0.15163191531227863, "pomega": 3.302144093332206, "f": 4.59723809454204, "P": 3626374.9990749676, "RHill": 68902305.71666162, "spacing": "linear", "period_ratio": NaN}}