{"Planet": {"m": 1.2346487411522056e+25, "Rp": 8134680.960000001, "Rstar": 779184000.0000001, "RpRstar": 0.01044, "rhostar": 1103.798775978753, "impact": 0.07869102760945212, "q1": 0.29822521, "q2": 0.23274125618018676, "a": 176798415437.57364, "Pp": 447.4353501154856, "rhoplan": 5475.619160877885, "aRp": null, "e": null, "inc": null, "pomega": null, "f": null, "P": 38658414.24997796, "RHill": 2182660676.922258}, "I": {"m": 5.942150442969645e+21, "r": 859068.9821510797, "msmp": 0.00048128267133081747, "rsrp": 0.10560573750529481, "a": 158983598.14914277, "aRp": 19.543925438612746, "e": 0.0, "inc": -0.002391340209253162, "pomega": 2.516039000894796, "f": 0.5316106380511981, "P": 438661.27459586255, "RHill": 8638638.726959558, "spacing": "linear", "period_ratio": NaN}, "II": {"m": 7.890396489844936e+21, "r": 905595.6399603542, "msmp": 0.0006390802684884624, "rsrp": 0.11132528053815083, "a": 821932547.6997138, "aRp": 101.0405388657939, "e": 0.0, "inc": -0.002391340209253162, "pomega": 5.5536345379391125, "f": 4.904516583912058, "P": 5156094.102961562, "RHill": 49088628.284585245, "spacing": "linear", "period_ratio": 11.754158394109115}}