{"Planet": {"m": 8.318747311332448e+27, "Rp": 89990186.4, "Rstar": 640044000.0, "RpRstar": 0.1406, "rhostar": 1719.9325443465793, "impact": 0.42258009641993266, "q1": 0.25, "q2": 0.2, "a": 121983499159.94835, "Pp": 275.3251988678304, "rhoplan": 2725.1089431772925, "aRp": null, "e": null, "inc": null, "pomega": null, "f": null, "P": 23788097.182180546, "RHill": 13863412356.688797}, "I": {"m": 9.146254896018756e+24, "r": 8003109.512991618, "msmp": 0.0010994750235481985, "rsrp": 0.08893313630242261, "a": 243178298.7045527, "aRp": 2.7022757528653445, "e": 0.0, "inc": -0.11155514800975858, "pomega": 4.973010153117237, "f": 4.8812664732644295, "P": 31959.255014764574, "RHill": 17402548.530780178, "spacing": "linear", "period_ratio": NaN}, "II": {"m": 9.977732613838642e+24, "r": 7931919.388237971, "msmp": 0.0011994272984162165, "rsrp": 0.08814204865607402, "a": 612791307.6790984, "aRp": 6.809534819222225, "e": 0.0, "inc": -0.11155514800975858, "pomega": 1.233512627062059, "f": 4.71914408009988, "P": 127837.0200590583, "RHill": 45143665.681172274, "spacing": "linear", "period_ratio": 4.0}, "III": {"m": 2.050978370622388e+25, "r": 11080703.101678295, "msmp": 0.0024654894467444457, "rsrp": 0.12313234970339271, "a": 1544787938.5770915, "aRp": 17.166182229144614, "e": 0.0, "inc": -0.11155514800975858, "pomega": 1.4528177247923997, "f": 0.6120434532646182, "P": 511348.0802362332, "RHill": 144698101.92079353, "spacing": "linear", "period_ratio": 4.0}, "IV": {"m": 3.603070110552845e+24, "r": 6526003.286837027, "msmp": 0.0004331265244280784, "rsrp": 0.07251905510929164, "a": 2843599440.0015545, "aRp": 31.598994887753165, "e": 0.0, "inc": -0.11155514800975858, "pomega": 4.136634551171439, "f": 2.68130330090362, "P": 1278370.200590583, "RHill": 149176218.9661858, "spacing": "linear", "period_ratio": 2.5}}