{"Planet": {"m": 3.8635261704263866e+25, "Rp": 15520927.86, "Rstar": 716571000.0, "RpRstar": 0.02166, "rhostar": 1251.4438003072128, "impact": 0.28903686339012125, "q1": 0.37234403999999993, "q2": 0.25901343821697803, "a": 119979805591.85796, "Pp": 266.3681674737878, "rhoplan": 2466.8469643327508, "aRp": null, "e": null, "inc": null, "pomega": null, "f": null, "P": 23014209.669735268, "RHill": 2259278694.8158817}, "I": {"m": 1.786338711372014e+22, "r": 1332917.5007978664, "msmp": 0.000462359676775496, "rsrp": 0.08587872534560356, "a": 59211620.600301206, "aRp": 3.814953663491946, "e": 0.0, "inc": -0.03279801644661812, "pomega": 5.688108150874049, "f": 0.22810243689430842, "P": 56363.13250814971, "RHill": 3174630.4677374596, "spacing": "logarithmic", "period_ratio": NaN}, "II": {"m": 1.964972582509214e+22, "r": 1293035.1692901098, "msmp": 0.0005085956444530452, "rsrp": 0.08330914111278588, "a": 82518134.89974937, "aRp": 5.316572285115265, "e": 0.0, "inc": -0.03279801644661812, "pomega": 3.7482948652191452, "f": 0.5850230544038599, "P": 92725.41170807088, "RHill": 4567022.984805243, "spacing": "logarithmic", "period_ratio": 1.6451429787842866}, "III": {"m": 7.145354845488055e+21, "r": 781367.0078248216, "msmp": 0.00018494387071019838, "rsrp": 0.05034280262577173, "a": 181468483.5553788, "aRp": 11.691857934798675, "e": 0.0, "inc": -0.03279801644661812, "pomega": 1.53199377726811, "f": 6.205266017441586, "P": 302445.2276583803, "RHill": 7168706.051083543, "spacing": "logarithmic", "period_ratio": 3.2617296821563238}, "IV": {"m": 4.593442400670893e+21, "r": 833189.0963856159, "msmp": 0.00011889248831369898, "rsrp": 0.05368165511115364, "a": 403124397.91406024, "aRp": 25.972957386972883, "e": 0.0, "inc": -0.03279801644661812, "pomega": 0.6422057589696507, "f": 1.6011157278421428, "P": 1001423.7492946902, "RHill": 13744115.747170154, "spacing": "logarithmic", "period_ratio": 3.311091257904801}, "V": {"m": 7.400546089969774e+21, "r": 1048948.3712713837, "msmp": 0.0001915490089498484, "rsrp": 0.0675828391661234, "a": 545454116.8336102, "aRp": 35.14313846141478, "e": 0.0, "inc": -0.03279801644661812, "pomega": 6.245482425048296, "f": 5.649148506005049, "P": 1576089.3082609887, "RHill": 21801068.299491327, "spacing": "logarithmic", "period_ratio": 1.5738485425086428}}