{"Planet": {"m": 5.060565770276237e+24, "Rp": 6089322.96, "Rstar": 584388000.0, "RpRstar": 0.01042, "rhostar": 1855.2739022511576, "impact": 0.3905916450163348, "q1": 0.37871715999999994, "q2": 0.34367890802729933, "a": 51863473160.005, "Pp": 84.42181685726531, "rhoplan": 5350.611752612843, "aRp": null, "e": null, "inc": null, "pomega": null, "f": null, "P": 7294044.976467723, "RHill": 533360315.36138177}, "I": {"m": 1.17662183195396e+22, "r": 1121925.0787216728, "msmp": 0.002325079616324664, "rsrp": 0.18424463377808306, "a": 38079827.8645037, "aRp": 6.253540519142328, "e": 0.0, "inc": -0.12869599534907683, "pomega": 5.764142296505486, "f": 3.9814243530642925, "P": 80244.56663369601, "RHill": 3497844.521131103, "spacing": "logarithmic", "period_ratio": NaN}, "II": {"m": 1.044417131734414e+22, "r": 1051674.454195374, "msmp": 0.0020638347156140277, "rsrp": 0.1727079448903748, "a": 75165785.17742863, "aRp": 12.343865758341817, "e": 0.0, "inc": -0.12869599534907683, "pomega": 1.7079405605474665, "f": 4.440771133697184, "P": 222566.64190589852, "RHill": 6635465.844209044, "spacing": "logarithmic", "period_ratio": 2.7736038867513697}, "III": {"m": 8.328896113831401e+21, "r": 1236049.0648266545, "msmp": 0.0016458428744770093, "rsrp": 0.20298628812203032, "a": 198401967.11205816, "aRp": 32.58194193596494, "e": 0.0, "inc": -0.12869599534907683, "pomega": 5.782365356202276, "f": 5.9865893010801, "P": 954639.354451461, "RHill": 16241831.9530426, "spacing": "logarithmic", "period_ratio": 4.289229267587565}}