{"Planet": {"m": 2.2068237141348315e+25, "Rp": 10226790.0, "Rstar": 730485000.0, "RpRstar": 0.014, "rhostar": 998.6130706681099, "impact": 0.21458394466189257, "q1": 0.25, "q2": 0.2, "a": 55057829974.47919, "Pp": 90.05940619621815, "rhoplan": 4925.621299126441, "aRp": null, "e": null, "inc": null, "pomega": null, "f": null, "P": 7781132.695353248, "RHill": 909762361.2373866}, "I": {"m": 5.965871792687138e+22, "r": 1499726.4780279652, "msmp": 0.0027033748796858534, "rsrp": 0.1466468440271058, "a": 115502583.70653954, "aRp": 11.294119044836116, "e": 0.0, "inc": -0.03628902405136725, "pomega": 2.9307707043389932, "f": 5.2363019466674166, "P": 202952.5422846406, "RHill": 11156296.267709767, "spacing": "logarithmic", "period_ratio": NaN}}