{"Planet": {"m": 2.2062591864211913e+26, "Rp": 43161228.0, "Rstar": 980937000.0, "RpRstar": 0.044, "rhostar": 543.1474044508542, "impact": 0.4511555587418197, "q1": 0.26163225000000007, "q2": 0.21691104594330396, "a": 136551109250.54129, "Pp": 306.49187911490077, "rhoplan": 655.0682406399367, "aRp": null, "e": null, "inc": null, "pomega": null, "f": null, "P": 26480898.355527427, "RHill": 4434354770.615936}, "I": {"m": 2.0984672464001366e+24, "r": 5211048.636441026, "msmp": 0.009511426668795403, "rsrp": 0.12073448504386913, "a": 1563688898.8923266, "aRp": 36.229017832679055, "e": 0.0, "inc": -0.1252049877443277, "pomega": 2.0950234837620503, "f": 6.06827887903123, "P": 3186534.6913049603, "RHill": 229716305.3755075, "spacing": "logarithmic", "period_ratio": NaN}}