{"Planet": {"m": 4.46724647110081e+25, "Rp": 16689008.16, "Rstar": 1224432000.0, "RpRstar": 0.01363, "rhostar": 289.6218412540114, "impact": 0.4975371068900576, "q1": 0.3848961600000001, "q2": 0.36355577047066406, "a": 86494918781.7556, "Pp": 151.73397476139726, "rhoplan": 2294.3502876851653, "aRp": null, "e": null, "inc": null, "pomega": null, "f": null, "P": 13109815.419384724, "RHill": 1629504274.750897}, "I": {"m": 5.248221318523029e+22, "r": 2043292.076594546, "msmp": 0.001174822421926895, "rsrp": 0.12243340389106419, "a": 115222748.00682873, "aRp": 6.904109992767163, "e": 0.0, "inc": -0.09176113489083099, "pomega": 4.590325899484636, "f": 3.910417258383695, "P": 142235.96798384807, "RHill": 8429889.58043467, "spacing": "logarithmic", "period_ratio": NaN}, "II": {"m": 9.150744863065796e+22, "r": 2015953.4179127493, "msmp": 0.002048408325410997, "rsrp": 0.12079528025785023, "a": 190273964.68716177, "aRp": 11.401154751856852, "e": 0.0, "inc": -0.09176113489083099, "pomega": 1.1342283707829937, "f": 6.229772890826925, "P": 301704.4732786089, "RHill": 16755001.076371087, "spacing": "logarithmic", "period_ratio": 2.1211545683920794}, "III": {"m": 4.4408026541348725e+22, "r": 1939709.4699111348, "msmp": 0.0009940805108612193, "rsrp": 0.11622676742169769, "a": 727545021.9599984, "aRp": 43.594263660543284, "e": 0.0, "inc": -0.09176113489083099, "pomega": 5.287829218913513, "f": 3.516422140111708, "P": 2256997.639985132, "RHill": 50345420.79270375, "spacing": "logarithmic", "period_ratio": 7.4808225925802185}}