{"Planet": {"m": 3.7842154140521408e+25, "Rp": 14668347.51, "Rstar": 563517000.0, "RpRstar": 0.02603, "rhostar": 2254.837038657907, "impact": 0.23878453197794103, "q1": 0.39904488999999993, "q2": 0.24908975779642237, "a": 49821618448.6006, "Pp": 76.14172845959398, "rhoplan": 2862.487969088786, "aRp": null, "e": null, "inc": null, "pomega": null, "f": null, "P": 6578645.33890892, "RHill": 973631055.5036898}, "I": {"m": 1.0366605355997689e+23, "r": 2002328.9254409766, "msmp": 0.0027394332039087383, "rsrp": 0.1365067826540044, "a": 108445438.68999353, "aRp": 7.39315990544006, "e": 0.0, "inc": -0.08195140352148592, "pomega": 0.5781108593464566, "f": 4.790779556149332, "P": 140997.6807862694, "RHill": 10521018.32000077, "spacing": "logarithmic", "period_ratio": NaN}, "II": {"m": 4.07675491527999e+22, "r": 1460771.5471548494, "msmp": 0.0010773051925483802, "rsrp": 0.09958664710929319, "a": 317831555.1478324, "aRp": 21.667850105893244, "e": 0.0, "inc": -0.08195140352148592, "pomega": 5.475715248201112, "f": 5.8521156881451635, "P": 708028.5867920642, "RHill": 22591037.63313185, "spacing": "logarithmic", "period_ratio": 5.021561935230166}}