{"Planet": {"m": 5.613569625928343e+24, "Rp": 6263804.5200000005, "Rstar": 570474000.0, "RpRstar": 0.01098, "rhostar": 2224.4824638853675, "impact": 0.18921675788140835, "q1": 0.39050001, "q2": 0.361577852456393, "a": 144586617766.4167, "Pp": 372.0849686190883, "rhoplan": 5453.0052619428825, "aRp": null, "e": null, "inc": null, "pomega": null, "f": null, "P": 32148141.288689226, "RHill": 1484199669.734758}, "I": {"m": 2.0128734875184841e+21, "r": 670931.5322079107, "msmp": 0.0003585728193734848, "rsrp": 0.10711246337041032, "a": 38020844.584226064, "aRp": 6.0699283419250225, "e": 0.0, "inc": -0.13791225542561453, "pomega": 3.3561848910537226, "f": 2.351403082254827, "P": 76087.31178604302, "RHill": 1872867.8319502245, "spacing": "logarithmic", "period_ratio": NaN}, "II": {"m": 4.2144538644918273e+21, "r": 654616.0219019053, "msmp": 0.0007507618405632339, "rsrp": 0.10450773484577154, "a": 83282924.3000777, "aRp": 13.295900923178506, "e": 0.0, "inc": -0.13791225542561453, "pomega": 3.350529458734029, "f": 2.991095315749058, "P": 246620.07991213567, "RHill": 5248271.311329174, "spacing": "logarithmic", "period_ratio": 3.2412773447119485}, "III": {"m": 5.220890608251067e+21, "r": 840569.8008017514, "msmp": 0.0009300482502499758, "rsrp": 0.13419476902860808, "a": 230636490.06909102, "aRp": 36.82051209176161, "e": 0.0, "inc": -0.13791225542561453, "pomega": 3.0910079533969785, "f": 2.488390220665183, "P": 1136442.891273938, "RHill": 15609515.689316409, "spacing": "logarithmic", "period_ratio": 4.608071214958746}, "IV": {"m": 3.7112354926122054e+21, "r": 711697.6110512658, "msmp": 0.0006611186357198626, "rsrp": 0.11362066117785966, "a": 301603907.2376828, "aRp": 48.150274529589375, "e": 0.0, "inc": -0.13791225542561453, "pomega": 6.176988855843118, "f": 5.62589839535742, "P": 1699688.6809681093, "RHill": 18217537.757790595, "spacing": "logarithmic", "period_ratio": 1.495621728129937}}