{"Planet": {"m": 5.60926270506869e+27, "Rp": 96486632.99999999, "Rstar": 1398356999.9999998, "RpRstar": 0.069, "rhostar": 282.9767296313743, "impact": 0.14954385368889211, "q1": 0.3547393599999999, "q2": 0.24387172599059773, "a": 166042295360.7113, "Pp": 334.24822959950444, "rhoplan": 1490.7874102011567, "aRp": null, "e": null, "inc": null, "pomega": null, "f": null, "P": 28879047.037397183, "RHill": 13822366327.613268}, "I": {"m": 5.977356065676538e+24, "r": 6077836.367668951, "msmp": 0.0010656224142034261, "rsrp": 0.06299148574983389, "a": 1195390737.2755537, "aRp": 12.38918490684149, "e": 0.0, "inc": 0.01590153963963231, "pomega": 5.832635865710663, "f": 1.8053396727199673, "P": 424187.31004534964, "RHill": 84658502.80577189, "spacing": "linear", "period_ratio": NaN}}