{"Planet": {"m": 2.951147153863037e+24, "Rp": 5220532.8, "Rstar": 556560000.0, "RpRstar": 0.00938, "rhostar": 2285.385262061028, "impact": 0.3523056771387205, "q1": 0.39904488999999993, "q2": 0.24908975779642237, "a": 16879799301.365297, "Pp": 15.195737836534176, "rhoplan": 4951.739278239417, "aRp": null, "e": null, "inc": null, "pomega": null, "f": null, "P": 1312911.749076553, "RHill": 142056948.44246054}, "I": {"m": 6.257789672383646e+21, "r": 911438.880355697, "msmp": 0.0021204600604860487, "rsrp": 0.17458732954530945, "a": 22560294.112703875, "aRp": 4.321454337515871, "e": 0.0, "inc": 0.014330586217495195, "pomega": 3.1375081746922366, "f": 3.917957834809953, "P": 47922.420432423445, "RHill": 2009621.975528231, "spacing": "linear", "period_ratio": NaN}, "II": {"m": 8.004149580955827e+21, "r": 1085288.9563513896, "msmp": 0.002712216356435644, "rsrp": 0.20788854278463487, "a": 41371598.73597838, "aRp": 7.92478475300038, "e": 0.0, "inc": 0.014330586217495195, "pomega": 5.9438593679979705, "f": 2.7152358948217814, "P": 118972.57913005009, "RHill": 4000399.1758583714, "spacing": "linear", "period_ratio": 2.48260789118146}}