{"Planet": {"m": 1.1363480889337105e+25, "Rp": 7869201.839999999, "Rstar": 500904000.0, "RpRstar": 0.01571, "rhostar": 3059.418021500707, "impact": 0.09105622148898695, "q1": 0.39050001, "q2": 0.361577852456393, "a": 97407402072.98807, "Pp": 213.23289743586452, "rhoplan": 5567.121787377462, "aRp": null, "e": null, "inc": null, "pomega": null, "f": null, "P": 18423322.338458695, "RHill": 1295363616.135566}, "I": {"m": 3.4702954081445596e+22, "r": 1227972.0066038016, "msmp": 0.0030539017418517445, "rsrp": 0.1560478472367919, "a": 418798896.7306169, "aRp": 53.219996798381395, "e": 0.0, "inc": -0.16929641379230925, "pomega": 2.256517495557745, "f": 5.574999504480178, "P": 1952394.0306438825, "RHill": 42129224.407423675, "spacing": "logarithmic", "period_ratio": NaN}}