{"Planet": {"m": 9.227795735202904e+27, "Rp": 85354737.3, "Rstar": 827883000.0, "RpRstar": 0.1031, "rhostar": 945.3417757419352, "impact": 0.38652805151394654, "q1": 0.29822521, "q2": 0.23274125618018676, "a": 247580464127.92523, "Pp": 730.0551544273833, "rhoplan": 3542.6355228374728, "aRp": null, "e": null, "inc": null, "pomega": null, "f": null, "P": 63076765.342525914, "RHill": 27490364233.43506}, "I": {"m": 5.004280676063564e+24, "r": 5922424.314425489, "msmp": 0.0005423050986025677, "rsrp": 0.0693860059999914, "a": 190506662.9316125, "aRp": 2.2319401237453342, "e": 0.0, "inc": 0.02846916701672919, "pomega": 5.356322788118692, "f": 2.770533455281008, "P": 21046.28982025564, "RHill": 10771701.598391859, "spacing": "logarithmic", "period_ratio": NaN}, "II": {"m": 3.074058129581901e+24, "r": 4604293.601821563, "msmp": 0.00033313027485586274, "rsrp": 0.05394303523703263, "a": 396242210.908271, "aRp": 4.642298991742911, "e": 0.0, "inc": 0.02846916701672919, "pomega": 2.326896208869488, "f": 1.5822642867764976, "P": 63138.86946076692, "RHill": 19045469.698585477, "spacing": "logarithmic", "period_ratio": 3.0}, "III": {"m": 3.8604450929633206e+24, "r": 5294422.194504963, "msmp": 0.0004183496474934093, "rsrp": 0.06202845163586443, "a": 930767915.2432739, "aRp": 10.904701305234688, "e": 0.0, "inc": 0.02846916701672919, "pomega": 1.2548775936031238, "f": 4.325777343196747, "P": 227299.93005876092, "RHill": 48266683.10772144, "spacing": "logarithmic", "period_ratio": 3.6}, "IV": {"m": 3.502996473244496e+24, "r": 5310373.784601129, "msmp": 0.00037961356902179745, "rsrp": 0.062215337456156976, "a": 2345357906.52321, "aRp": 27.477770780078426, "e": 0.0, "inc": 0.02846916701672919, "pomega": 0.4442656277803748, "f": 3.75018000932571, "P": 909199.7202350437, "RHill": 117746846.31281883, "spacing": "logarithmic", "period_ratio": 4.0}, "V": {"m": 4.861301228176032e+24, "r": 6346678.110403175, "msmp": 0.0005268106672139227, "rsrp": 0.07435648343801035, "a": 3723206202.5399036, "aRp": 43.62038148455415, "e": 0.0, "inc": 0.02846916701672919, "pomega": 4.1982159253192135, "f": 1.8047112913511123, "P": 1818399.4404700873, "RHill": 208494622.42216787, "spacing": "logarithmic", "period_ratio": 2.0}}