{"Planet": {"m": 2.499284467823272e+25, "Rp": 11120068.8, "Rstar": 417420000.0, "RpRstar": 0.02664, "rhostar": 4242.392989814313, "impact": 0.06349394321197277, "q1": 0.3701505600000001, "q2": 0.22016765285996057, "a": 88840630333.042, "Pp": 207.3322584379904, "rhoplan": 4339.149946865533, "aRp": null, "e": null, "inc": null, "pomega": null, "f": null, "P": 17913507.12904237, "RHill": 1653369876.4643824}, "I": {"m": 4.4666154851090547e+21, "r": 919770.5287366804, "msmp": 0.00017871577015797692, "rsrp": 0.08271266529723992, "a": 65162052.01924682, "aRp": 5.859860509068686, "e": 0.0, "inc": -0.13106988052030621, "pomega": 5.48576935010279, "f": 2.8578784655518312, "P": 80913.77911994135, "RHill": 2544926.787099766, "spacing": "linear", "period_ratio": NaN}, "II": {"m": 3.080424472489005e+21, "r": 922614.1617100372, "msmp": 0.00012325225528136345, "rsrp": 0.08296838610477276, "a": 184126287.7956739, "aRp": 16.558016960800988, "e": 0.0, "inc": -0.13106988052030621, "pomega": 0.9683356894053148, "f": 2.189909070459132, "P": 384340.4508197214, "RHill": 6353411.781743557, "spacing": "linear", "period_ratio": 4.75}, "III": {"m": 3.7735199787990285e+21, "r": 879447.0534918741, "msmp": 0.00015098401271967013, "rsrp": 0.07908647593006565, "a": 444434048.4640906, "aRp": 39.96684341234386, "e": 0.0, "inc": -0.13106988052030621, "pomega": 4.757475343600025, "f": 6.125461583597021, "P": 1441276.6905739552, "RHill": 16408815.283717243, "spacing": "linear", "period_ratio": 3.75}, "IV": {"m": 6.314870168602453e+21, "r": 918607.7906589096, "msmp": 0.0002526671233267948, "rsrp": 0.08260810316739313, "a": 582393089.4322381, "aRp": 52.37315523014013, "e": 0.0, "inc": -0.13106988052030621, "pomega": 1.3698713841035601, "f": 2.245835012287213, "P": 2161915.035860933, "RHill": 25528504.47394106, "spacing": "linear", "period_ratio": 1.5}, "V": {"m": 5.467753438667978e+21, "r": 944692.9863637354, "msmp": 0.0002187727531244199, "rsrp": 0.0849538796346058, "a": 1342527953.3236516, "aRp": 120.73018409055629, "e": 0.0, "inc": -0.13106988052030621, "pomega": 2.225098427115003, "f": 5.075436316240576, "P": 7566702.625513265, "RHill": 56089383.031061836, "spacing": "linear", "period_ratio": 3.5}}