{"Planet": {"m": 1.1844790996521293e+25, "Rp": 8049249.0, "Rstar": 347850000.0, "RpRstar": 0.02314, "rhostar": 5751.901683174704, "impact": 0.02845306622308852, "q1": 0.15888196000000002, "q2": 0.16821374811841444, "a": 49033964882.53721, "Pp": 95.97722788574974, "rhoplan": 5422.164705136914, "aRp": null, "e": null, "inc": null, "pomega": null, "f": null, "P": 8292432.489328777, "RHill": 771389456.5858574}, "I": {"m": 1.2875017114305353e+21, "r": 590441.7990553001, "msmp": 0.00010869771461637971, "rsrp": 0.07335365063937022, "a": 52780177.64278932, "aRp": 6.557155536223233, "e": 0.0, "inc": 0.08711809477651464, "pomega": 3.289576465955109, "f": 1.063849657471251, "P": 85683.258628851, "RHill": 1746507.9507641578, "spacing": "linear", "period_ratio": NaN}, "II": {"m": 2.88155144939215e+21, "r": 633479.5904471444, "msmp": 0.00024327583747475455, "rsrp": 0.07870045894308206, "a": 72311630.33958778, "aRp": 8.98364932425221, "e": 0.0, "inc": 0.08711809477651464, "pomega": 6.014866462678568, "f": 4.9082868721251875, "P": 137395.56527543432, "RHill": 3129925.932873647, "spacing": "linear", "period_ratio": 1.6035287111404386}, "III": {"m": 1.7779785538802627e+21, "r": 603900.5634002446, "msmp": 0.00015010636780357194, "rsrp": 0.07502570282025622, "a": 162012895.3101547, "aRp": 20.127703256559055, "e": 0.0, "inc": 0.08711809477651464, "pomega": 4.369764039016586, "f": 4.383588429131393, "P": 460792.1668657515, "RHill": 5970016.578450566, "spacing": "linear", "period_ratio": 3.3537630267906398}, "IV": {"m": 2.084526580411342e+21, "r": 601181.6609925473, "msmp": 0.00017598677604556707, "rsrp": 0.07468791945590791, "a": 163532902.12884137, "aRp": 20.316541596469605, "e": 0.0, "inc": 0.08711809477651464, "pomega": 0.43044123766556824, "f": 5.660459370644436, "P": 467286.04329456855, "RHill": 6354158.896461168, "spacing": "linear", "period_ratio": 1.0140928533420772}, "V": {"m": 1.042263290205671e+21, "r": 645539.3214353566, "msmp": 8.799338802278354e-05, "rsrp": 0.08019870194540592, "a": 340451626.5505985, "aRp": 42.29607340394098, "e": 0.0, "inc": 0.08711809477651464, "pomega": 4.656305943214395, "f": 0.09237206122166208, "P": 1403709.758182908, "RHill": 10499412.737869414, "spacing": "linear", "period_ratio": 3.0039625157347896}}