{"Planet": {"m": 8.152149710038183e+25, "Rp": 24151921.2, "Rstar": 834840000.0, "RpRstar": 0.028929999999999997, "rhostar": 970.8553188228909, "impact": 0.13836125764236473, "q1": 0.21771556, "q2": 0.189562794684955, "a": 143458361657.33594, "Pp": 314.42578016003677, "rhoplan": 1381.4287436259565, "aRp": null, "e": null, "inc": null, "pomega": null, "f": null, "P": 27166387.405827176, "RHill": 3236621192.7081976}, "I": {"m": 1.9436866993361416e+22, "r": 1550454.6790695367, "msmp": 0.00023842627631614455, "rsrp": 0.06419591494317797, "a": 125690448.14379704, "aRp": 5.2041594166760134, "e": 0.0, "inc": -0.08425546854062034, "pomega": 2.6944993096495717, "f": 1.2963507639475436, "P": 120016.94778621434, "RHill": 5403973.721918318, "spacing": "logarithmic", "period_ratio": NaN}, "II": {"m": 5.424241951635748e+21, "r": 942144.268712168, "msmp": 6.653756548357527e-05, "rsrp": 0.03900908175835585, "a": 192677627.64321506, "aRp": 7.97773502354815, "e": 0.0, "inc": -0.08425546854062034, "pomega": 5.629668683570548, "f": 0.4053059829113745, "P": 227810.3340177738, "RHill": 5413521.189424848, "spacing": "logarithmic", "period_ratio": 1.8981513712844236}, "III": {"m": 3.34494920350871e+22, "r": 1126006.3877519341, "msmp": 0.00041031498714871406, "rsrp": 0.04662181440671205, "a": 375165444.88822156, "aRp": 15.533565292032403, "e": 0.0, "inc": -0.08425546854062034, "pomega": 3.9399511827198728, "f": 5.94888641894881, "P": 618851.0015210536, "RHill": 19329540.885198567, "spacing": "logarithmic", "period_ratio": 2.7165185643982714}, "IV": {"m": 2.1244947643906677e+22, "r": 1272540.564621009, "msmp": 0.0002606054648106698, "rsrp": 0.05268899952443572, "a": 1191067711.4623423, "aRp": 49.31565077573797, "e": 0.0, "inc": -0.08425546854062034, "pomega": 2.9282571788635736, "f": 3.7156190340386934, "P": 3500975.150020509, "RHill": 52750171.1201766, "spacing": "logarithmic", "period_ratio": 5.657218201821726}}