{"Planet": {"m": 7.349065305298349e+25, "Rp": 22453021.8, "Rstar": 1252260000.0, "RpRstar": 0.01793, "rhostar": 275.57424549221173, "impact": 0.028070449821569587, "q1": 0.31292836, "q2": 0.2426707186271005, "a": 184194033435.76602, "Pp": 467.37360335127136, "rhoplan": 1549.9550493108468, "aRp": null, "e": null, "inc": null, "pomega": null, "f": null, "P": 40381079.32954984, "RHill": 4072323352.998738}, "I": {"m": 3.7594611043557303e+22, "r": 1507869.6480032706, "msmp": 0.0005115563610035315, "rsrp": 0.06715664650551716, "a": 258270000.6237972, "aRp": 11.502683377067633, "e": 0.0, "inc": -0.018589615495289147, "pomega": 2.141523705057309, "f": 3.8972212496377434, "P": 372272.4041192813, "RHill": 14321814.416176518, "spacing": "linear", "period_ratio": NaN}, "II": {"m": 2.1249127981141077e+22, "r": 1386257.7188570611, "msmp": 0.00028914055187156116, "rsrp": 0.061740363110370344, "a": 721184358.8716964, "aRp": 32.119701539313354, "e": 0.0, "inc": -0.018589615495289147, "pomega": 6.263705484745087, "f": 0.05655432319693597, "P": 1737271.2192233128, "RHill": 33065534.65307247, "spacing": "linear", "period_ratio": 4.666666666666667}, "III": {"m": 2.1793977416554966e+22, "r": 1399980.4267438364, "msmp": 0.00029655441217596033, "rsrp": 0.062351537321530426, "a": 1144811638.262033, "aRp": 50.98697397880017, "e": 0.0, "inc": -0.018589615495289147, "pomega": 5.867196840997679, "f": 0.5448066467971499, "P": 3474542.4384466256, "RHill": 52933232.27704626, "spacing": "linear", "period_ratio": 2.0}}