{"Planet": {"m": 8.675533091766844e+25, "Rp": 24001510.859999996, "Rstar": 967022999.9999999, "RpRstar": 0.02482, "rhostar": 614.1758732120251, "impact": 0.39989808338749266, "q1": 0.379456, "q2": 0.25681818181818183, "a": 193525075493.85648, "Pp": 496.8383934745779, "rhoplan": 1497.9310358033247, "aRp": null, "e": null, "inc": null, "pomega": null, "f": null, "P": 42926837.19620353, "RHill": 4482960994.600795}, "I": {"m": 6.888905952023014e+23, "r": 3690276.359562645, "msmp": 0.007940613999341026, "rsrp": 0.1537518359193262, "a": 1995073705.799882, "aRp": 83.122838284518, "e": 0.0, "inc": 0.10729611873196462, "pomega": 1.1122350228730742, "f": 2.982926357953945, "P": 7329086.8130453, "RHill": 275975092.95864135, "spacing": "linear", "period_ratio": NaN}}