{"Planet": {"m": 1.1246845693324154e+25, "Rp": 7861131.72, "Rstar": 737442000.0, "RpRstar": 0.01066, "rhostar": 1124.4944090525646, "impact": 0.02239268525255289, "q1": 0.37234403999999993, "q2": 0.25901343821697803, "a": 66292123828.4468, "Pp": 110.54525675507429, "rhoplan": 5526.967456692127, "aRp": null, "e": null, "inc": null, "pomega": null, "f": null, "P": 9551110.183638418, "RHill": 833083606.2706649}, "I": {"m": 3.495907894358337e+21, "r": 868313.4920141175, "msmp": 0.00031083452104561373, "rsrp": 0.1104565503978246, "a": 50127954.85562178, "aRp": 6.376684253755486, "e": 0.0, "inc": -0.03943093089564145, "pomega": 6.224745839876086, "f": 0.8275782627818298, "P": 81379.33402722073, "RHill": 2354413.015425334, "spacing": "logarithmic", "period_ratio": NaN}, "II": {"m": 4.855427631053247e+21, "r": 928555.2386054465, "msmp": 0.0004317146125633525, "rsrp": 0.11811979135816421, "a": 75622023.01067999, "aRp": 9.61973742511975, "e": 0.0, "inc": -0.03943093089564145, "pomega": 2.5342620605915864, "f": 0.36383281256695477, "P": 150778.8232946911, "RHill": 3962842.2927789926, "spacing": "logarithmic", "period_ratio": 1.8527900860463764}, "III": {"m": 1.2429894735496309e+22, "r": 1069729.8778141344, "msmp": 0.0011051894081621821, "rsrp": 0.13607835562563686, "a": 173248288.85349658, "aRp": 22.038593808665578, "e": 0.0, "inc": -0.03943093089564145, "pomega": 1.1147485483484936, "f": 0.2676904631321636, "P": 522667.1589227072, "RHill": 12419595.185131332, "spacing": "logarithmic", "period_ratio": 3.466449382624345}, "IV": {"m": 9.905072367348623e+21, "r": 1121420.2542172796, "msmp": 0.000880697809629239, "rsrp": 0.14265379262940014, "a": 255418017.41287488, "aRp": 32.491252724216515, "e": 0.0, "inc": -0.03943093089564145, "pomega": 2.2018483164673737, "f": 0.7565711681012324, "P": 935724.0148418008, "RHill": 16975402.610330753, "spacing": "logarithmic", "period_ratio": 1.79028660758113}}