{"Planet": {"m": 1.4571235284701781e+26, "Rp": 33644052.0, "Rstar": 904410000.0, "RpRstar": 0.0372, "rhostar": 590.3493119539934, "impact": 0.041442784694440626, "q1": 0.379456, "q2": 0.25681818181818183, "a": 37530688520.87197, "Pp": 47.849664518707485, "rhoplan": 913.445992847983, "aRp": null, "e": null, "inc": null, "pomega": null, "f": null, "P": 4134211.014416327, "RHill": 1119644947.5790915}, "I": {"m": 4.344766341294425e+22, "r": 1482588.5308633968, "msmp": 0.00029817419432214915, "rsrp": 0.044066883824320474, "a": 70750466.36115603, "aRp": 2.102911574419039, "e": 0.0, "inc": -0.07175766131561845, "pomega": 1.5740953289813846, "f": 3.4925436480952237, "P": 37910.37177234446, "RHill": 3277270.1333527737, "spacing": "logarithmic", "period_ratio": NaN}, "II": {"m": 3.630558175602192e+22, "r": 1147976.4386659171, "msmp": 0.0002491592582691932, "rsrp": 0.034121230066637545, "a": 155230761.22797537, "aRp": 4.613913961016805, "e": 0.0, "inc": -0.07175766131561845, "pomega": 4.77507002192796, "f": 3.5340168184396434, "P": 123208.70826011949, "RHill": 6772718.817559438, "spacing": "logarithmic", "period_ratio": 3.25}, "III": {"m": 4.463801035576465e+22, "r": 1735113.115374797, "msmp": 0.0003063433503309752, "rsrp": 0.05157265585532911, "a": 391164461.3114568, "aRp": 11.626556198149284, "e": 0.0, "inc": -0.07175766131561845, "pomega": 1.822305969679048, "f": 3.0206292400852357, "P": 492834.83304047794, "RHill": 18283322.717873935, "spacing": "logarithmic", "period_ratio": 4.0}}