{"Planet": {"m": 3.5895064715895905e+29, "Rp": 150149313.35999995, "Rstar": 793097999.9999999, "RpRstar": 0.18931999999999996, "rhostar": 1056.2329603314881, "impact": 0.13172328538345834, "q1": 0.37234403999999993, "q2": 0.25901343821697803, "a": 83663763644.21848, "Pp": 134.47259640015744, "rhoplan": 25314.89205728929, "aRp": null, "e": null, "inc": null, "pomega": null, "f": null, "P": 11618432.328973603, "RHill": 31663986850.657764}, "I": {"m": 1.4921593765141408e+26, "r": 21402386.406529393, "msmp": 0.00041570042799041044, "rsrp": 0.1425406878499321, "a": 964485965.2265989, "aRp": 6.423512326787234, "e": 0.0, "inc": 0.09926680124104162, "pomega": 0.4568332551574717, "f": 5.120679774798125, "P": 38442.64448339488, "RHill": 49909396.44913758, "spacing": "logarithmic", "period_ratio": NaN}, "II": {"m": 7.57557837307179e+26, "r": 70022893.38315801, "msmp": 0.002110479095951314, "rsrp": 0.4663550689390781, "a": 2007343905.324491, "aRp": 13.368984915113511, "e": 0.0, "inc": 0.09926680124104162, "pomega": 6.210293068392424, "f": 4.944104610149914, "P": 115327.93345018463, "RHill": 178528840.26775962, "spacing": "logarithmic", "period_ratio": 3.0}, "III": {"m": 9.756426692592458e+26, "r": 88614393.95177607, "msmp": 0.0027180412599372987, "rsrp": 0.5901751527781752, "a": 4628300570.722364, "aRp": 30.82465358749587, "e": 0.0, "inc": 0.09926680124104162, "pomega": 5.8615414086779865, "f": 3.4611245796524814, "P": 403647.7670756462, "RHill": 447850591.2342865, "spacing": "logarithmic", "period_ratio": 3.5}, "IV": {"m": 5.165167072548948e+26, "r": 68785577.85383217, "msmp": 0.001438963019966805, "rsrp": 0.4581145015889015, "a": 11657625543.6227, "aRp": 77.64021881120578, "e": 0.0, "inc": 0.09926680124104162, "pomega": 0.5190430106741013, "f": 5.465032764930579, "P": 1614591.0683025848, "RHill": 912542066.925888, "spacing": "logarithmic", "period_ratio": 4.0}, "V": {"m": 2.6399742815250175e+26, "r": 31306174.527345695, "msmp": 0.0007354699879830336, "rsrp": 0.20850028432887735, "a": 20503416201.36763, "aRp": 136.55351291689473, "e": 0.0, "inc": 0.09926680124104162, "pomega": 0.6598004372975863, "f": 0.8803622977656367, "P": 3767379.159372698, "RHill": 1283238736.9530118, "spacing": "logarithmic", "period_ratio": 2.3333333333333335}}