{"Planet": {"m": 3.785183702133957e+24, "Rp": 5576035.499999999, "Rstar": 243494999.99999997, "RpRstar": 0.0229, "rhostar": 1972.869724978462, "impact": 0.4196691138231442, "q1": 0.11235904, "q2": 0.15244630071599044, "a": 22309212155.76666, "Pp": 85.8725075152842, "rhoplan": 5212.208282730785, "aRp": null, "e": null, "inc": null, "pomega": null, "f": null, "P": 7419384.649320555, "RHill": 489689075.64930844}, "I": {"m": 7.94111661027725e+20, "r": 780313.7569639633, "msmp": 0.00020979474802769335, "rsrp": 0.1399406006227836, "a": 102188955.49676296, "aRp": 18.32645353437276, "e": 0.0, "inc": 0.08998072101240892, "pomega": 5.408478441733643, "f": 2.262172927877439, "P": 408313.66475282534, "RHill": 4210125.861025696, "spacing": "linear", "period_ratio": NaN}}