{"Planet": {"m": 9.045306714817169e+24, "Rp": 7263942.84, "Rstar": 584388000.0, "RpRstar": 0.01243, "rhostar": 2069.343967895522, "impact": 0.41028137443612844, "q1": 0.39050001, "q2": 0.361577852456393, "a": 151408559500.59146, "Pp": 398.7265808184972, "rhoplan": 5634.007675755343, "aRp": null, "e": null, "inc": null, "pomega": null, "f": null, "P": 34449976.58271816, "RHill": 1822116136.8859758}, "I": {"m": 7.585812648039736e+21, "r": 1013946.481917737, "msmp": 0.0008386462601222103, "rsrp": 0.13958624183195487, "a": 34318436.83204449, "aRp": 4.7244915864514825, "e": 0.0, "inc": -0.016844111692914582, "pomega": 4.888807049690687, "f": 3.5704629378332244, "P": 51389.521180915726, "RHill": 2243950.9072823473, "spacing": "logarithmic", "period_ratio": NaN}, "II": {"m": 7.990389322601855e+21, "r": 1005269.2013322895, "msmp": 0.0008833740606620616, "rsrp": 0.13839167287999882, "a": 55962510.25895727, "aRp": 7.704150692209641, "e": 0.0, "inc": -0.016844111692914582, "pomega": 2.213787562475616, "f": 2.5663095104031837, "P": 107008.77700400907, "RHill": 3723102.4149479223, "spacing": "logarithmic", "period_ratio": 2.082307337079225}, "III": {"m": 4.652631757464373e+21, "r": 877199.3273934901, "msmp": 0.0005143697062082892, "rsrp": 0.12076076955934446, "a": 150314863.8794564, "aRp": 20.693288368367227, "e": 0.0, "inc": -0.016844111692914582, "pomega": 0.5466917909037144, "f": 4.470305058033361, "P": 471147.16718696867, "RHill": 8350644.022171959, "spacing": "logarithmic", "period_ratio": 4.40288339310071}, "IV": {"m": 8.496110165804513e+21, "r": 1064996.4959070464, "msmp": 0.0009392838113368765, "rsrp": 0.14661410742971187, "a": 261270962.8642386, "aRp": 35.96820192822974, "e": 0.0, "inc": -0.016844111692914582, "pomega": 5.750317906390679, "f": 0.34812327834558365, "P": 1079439.258783656, "RHill": 17741200.605914377, "spacing": "logarithmic", "period_ratio": 2.2910872312542088}}