{"Planet": {"m": 4.0271691785245295e+25, "Rp": 16021970.999999998, "Rstar": 973979999.9999999, "RpRstar": 0.01645, "rhostar": 595.9710627539104, "impact": 0.020792201316543024, "q1": 0.26163225000000007, "q2": 0.21691104594330396, "a": 122879338067.1786, "Pp": 252.46188340262853, "rhoplan": 2337.5636280776794, "aRp": null, "e": null, "inc": null, "pomega": null, "f": null, "P": 21812706.725987107, "RHill": 2210295994.081825}, "I": {"m": 2.806894437382244e+22, "r": 1177579.2807895264, "msmp": 0.0006969894516352629, "rsrp": 0.0734977788181945, "a": 43529431.48248949, "aRp": 2.7168587112340608, "e": 0.0, "inc": -0.07462028755151273, "pomega": 5.48325582462737, "f": 2.169172485286922, "P": 34793.672022096485, "RHill": 2675990.9806619366, "spacing": "logarithmic", "period_ratio": NaN}, "II": {"m": 4.088302767491531e+22, "r": 1819368.158867395, "msmp": 0.0010151802882513617, "rsrp": 0.11355457820185764, "a": 121571993.7732291, "aRp": 7.587830097384967, "e": 0.0, "inc": -0.07462028755151273, "pomega": 5.360093076331821, "f": 6.203380873335021, "P": 162370.46943645028, "RHill": 8471770.45141238, "spacing": "logarithmic", "period_ratio": 4.666666666666667}, "III": {"m": 2.8679138816731623e+22, "r": 1439945.3373841436, "msmp": 0.0007121413962360295, "rsrp": 0.08987317087168263, "a": 252854416.76195592, "aRp": 15.781729773568804, "e": 0.0, "inc": -0.07462028755151273, "pomega": 1.7129676114983052, "f": 0.2714607513452927, "P": 487111.40830935084, "RHill": 15656170.290518451, "spacing": "logarithmic", "period_ratio": 3.0}, "IV": {"m": 3.4170888802914265e+22, "r": 1636340.8050189638, "msmp": 0.0008485088976429285, "rsrp": 0.10213105522528808, "a": 502337528.08900976, "aRp": 31.353041900338592, "e": 0.0, "inc": -0.07462028755151273, "pomega": 0.38771130458343883, "f": 2.798182235510621, "P": 1363911.9432661822, "RHill": 32974180.1406137, "spacing": "logarithmic", "period_ratio": 2.8}, "V": {"m": 2.8679138816731623e+22, "r": 1380600.5143096333, "msmp": 0.0007121413962360295, "rsrp": 0.08616920566824353, "a": 925271611.0615534, "aRp": 57.750173874459854, "e": 0.0, "inc": -0.07462028755151273, "pomega": 4.598494857279749, "f": 0.16149401179569495, "P": 3409779.8581654555, "RHill": 57290713.341186166, "spacing": "logarithmic", "period_ratio": 2.5}}