{"Planet": {"m": 2.6051438331714897e+25, "Rp": 11631756.15, "Rstar": 827883000.0, "RpRstar": 0.01405, "rhostar": 945.3417757419352, "impact": 0.243744166832211, "q1": 0.29822521, "q2": 0.23274125618018676, "a": 124110841072.58781, "Pp": 259.6469034564557, "rhoplan": 3951.911678481092, "aRp": null, "e": null, "inc": null, "pomega": null, "f": null, "P": 22433492.45863777, "RHill": 1947683647.3808131}, "I": {"m": 1.6074083178342093e+22, "r": 1206779.4559748562, "msmp": 0.0006170132709629925, "rsrp": 0.10374868939930933, "a": 53381350.688832074, "aRp": 4.589276975930421, "e": 0.0, "inc": 0.03457843032504018, "pomega": 1.8449276989578225, "f": 3.46615163060332, "P": 58750.4976368241, "RHill": 3150992.057772582, "spacing": "logarithmic", "period_ratio": NaN}, "II": {"m": 4.9683529823966456e+22, "r": 1547488.43047482, "msmp": 0.0019071319284310673, "rsrp": 0.13303996494758188, "a": 111687410.9156915, "aRp": 9.60193881950418, "e": 0.0, "inc": 0.03457843032504018, "pomega": 4.841050065657719, "f": 3.214170701692528, "P": 177686.2224685952, "RHill": 9603378.604588153, "spacing": "logarithmic", "period_ratio": 3.024420721795276}, "III": {"m": 4.822224953502627e+22, "r": 1659888.6445430117, "msmp": 0.0018510398128889771, "rsrp": 0.1427031845524901, "a": 287957603.3989582, "aRp": 24.756158888265396, "e": 0.0, "inc": 0.03457843032504018, "pomega": 4.99940217060914, "f": 6.141171117818391, "P": 735618.0928319802, "RHill": 24514707.667655207, "spacing": "logarithmic", "period_ratio": 4.139983858129437}, "IV": {"m": 8.767681733641138e+22, "r": 2085224.7741270494, "msmp": 0.0033655269325254126, "rsrp": 0.17926998702831723, "a": 878788585.0793558, "aRp": 75.55080881568823, "e": 0.0, "inc": 0.03457843032504018, "pomega": 5.392768907512273, "f": 4.114012821892665, "P": 3918845.8100261725, "RHill": 91312103.10880412, "spacing": "logarithmic", "period_ratio": 5.327283067412619}}