{"Planet": {"m": 5.274910430774577e+24, "Rp": 6216496.92, "Rstar": 619173000.0, "RpRstar": 0.01004, "rhostar": 1839.793577253643, "impact": 0.3968319741456827, "q1": 0.37871715999999994, "q2": 0.34367890802729933, "a": 45250593946.20702, "Pp": 63.35081334555904, "rhoplan": 5241.90700347003, "aRp": null, "e": null, "inc": null, "pomega": null, "f": null, "P": 5473510.273056301, "RHill": 446571479.36240125}, "I": {"m": 1.3851515813965299e+22, "r": 1124340.773412744, "msmp": 0.0026259243632183, "rsrp": 0.1808640441524974, "a": 33316036.85109511, "aRp": 5.359294354978159, "e": 0.0, "inc": -0.04131607500220599, "pomega": 4.013471802875889, "f": 0.20673747035324372, "P": 64310.22033549374, "RHill": 3186938.282230675, "spacing": "logarithmic", "period_ratio": NaN}, "II": {"m": 1.2889604993551044e+22, "r": 1039223.2758152283, "msmp": 0.0024435685046614738, "rsrp": 0.1671718476159445, "a": 61364943.8170866, "aRp": 9.871306075880208, "e": 0.0, "inc": -0.04131607500220599, "pomega": 4.4520819983365705, "f": 3.7759436454487583, "P": 160775.55083873434, "RHill": 5730881.506935542, "spacing": "logarithmic", "period_ratio": 2.5}, "III": {"m": 2.3085859689942166e+21, "r": 674086.3415927604, "msmp": 0.0004376540605363833, "rsrp": 0.10843508012109823, "a": 105297659.52196324, "aRp": 16.93842382245775, "e": 0.0, "inc": -0.04131607500220599, "pomega": 5.001287314715705, "f": 1.116633692455058, "P": 361744.98938715225, "RHill": 5543132.84998526, "spacing": "logarithmic", "period_ratio": 2.25}, "IV": {"m": 1.1542929844971078e+22, "r": 1233555.7136180133, "msmp": 0.0021882703026819155, "rsrp": 0.1984326107601471, "a": 202605377.62785316, "aRp": 32.591567282213525, "e": 0.0, "inc": -0.04131607500220599, "pomega": 2.692614165543007, "f": 1.8895427761465164, "P": 964653.305032406, "RHill": 18238013.757976353, "spacing": "logarithmic", "period_ratio": 2.6666666666666665}}