{"Planet": {"m": 8.679973372832929e+23, "Rp": 3742866.0, "Rstar": 278280000.0, "RpRstar": 0.01345, "rhostar": 10793.626779854492, "impact": 0.2534610776847963, "q1": 0.15374241, "q2": 0.16284111196123438, "a": 163675021428.60785, "Pp": 597.1530915931662, "rhoplan": 3952.0000966635967, "aRp": null, "e": null, "inc": null, "pomega": null, "f": null, "P": 51594027.11364956, "RHill": 1091978587.430872}, "I": {"m": 4.79818365361062e+21, "r": 796117.712244945, "msmp": 0.005527878309659619, "rsrp": 0.2127027022193541, "a": 22550378.32839272, "aRp": 6.024895983022828, "e": 0.0, "inc": 0.058387102189429274, "pomega": 0.86653790765083, "f": 2.90186516137167, "P": 88155.92378792861, "RHill": 2764603.831131231, "spacing": "logarithmic", "period_ratio": NaN}, "II": {"m": 3.465354860941005e+21, "r": 735046.7722357601, "msmp": 0.003992356556976394, "rsrp": 0.1963860774699816, "a": 143900147.53722093, "aRp": 38.446513323538944, "e": 0.0, "inc": 0.058387102189429274, "pomega": 5.052186205592947, "f": 2.6304044100263777, "P": 1422146.921842579, "RHill": 15828165.939654822, "spacing": "logarithmic", "period_ratio": 16.13217649744959}}