{"Planet": {"m": 6.352633907695082e+27, "Rp": 89413590.24, "Rstar": 4118544000.0, "RpRstar": 0.02171, "rhostar": 11.075766088734962, "impact": 0.13859543326172608, "q1": 0.37112463999999995, "q2": 0.2852921864740644, "a": 18407607891.95567, "Pp": 12.336368748995113, "rhoplan": 2121.5565797149666, "aRp": null, "e": null, "inc": null, "pomega": null, "f": null, "P": 1065862.2599131777, "RHill": 1597265241.4704306}, "I": {"m": 8.503031774076538e+24, "r": 8071693.170473915, "msmp": 0.0013385049252998245, "rsrp": 0.09027367259057861, "a": 289095990.3948925, "aRp": 3.2332444052287115, "e": 0.0, "inc": -0.09598525409257744, "pomega": 0.4323263817721328, "f": 1.5942035327847397, "P": 47399.388238245876, "RHill": 22090640.492034506, "spacing": "linear", "period_ratio": NaN}, "II": {"m": 1.7006063548153076e+25, "r": 8921068.307164729, "msmp": 0.002677009850599649, "rsrp": 0.09977306898447084, "a": 666726132.9768244, "aRp": 7.456653190943655, "e": 0.0, "inc": -0.09598525409257744, "pomega": 4.173709051933875, "f": 2.242064724074084, "P": 165897.85883386058, "RHill": 64188473.78769795, "spacing": "linear", "period_ratio": 3.5}, "III": {"m": 2.235982429479385e+25, "r": 11070508.97391155, "msmp": 0.0035197722109736114, "rsrp": 0.12381237510088322, "a": 1488178184.1965463, "aRp": 16.643758294483472, "e": 0.0, "inc": -0.09598525409257744, "pomega": 0.911152984839524, "f": 2.9936088412244777, "P": 552992.8627795352, "RHill": 156958931.9759295, "spacing": "linear", "period_ratio": 3.3333333333333335}}