{"Planet": {"m": 9.232518673407543e+25, "Rp": 25533790.11, "Rstar": 980937000.0, "RpRstar": 0.02603, "rhostar": 543.1474044508542, "impact": 0.014362987748320455, "q1": 0.26163225000000007, "q2": 0.21691104594330396, "a": 31831068756.45685, "Pp": 34.49577660667412, "rhoplan": 1323.9931343415828, "aRp": null, "e": null, "inc": null, "pomega": null, "f": null, "P": 2980435.098816644, "RHill": 773168785.0926352}, "I": {"m": 1.3071903441413502e+22, "r": 957153.55075908, "msmp": 0.00014158545358878668, "rsrp": 0.03748576089313989, "a": 110743449.09887941, "aRp": 4.337133211395361, "e": 0.0, "inc": -0.02756150503949442, "pomega": 2.3727680487958915, "f": 0.9406869091757016, "P": 93274.56550166849, "RHill": 4002062.248197896, "spacing": "logarithmic", "period_ratio": NaN}, "II": {"m": 9.019613374575319e+22, "r": 2111995.874155907, "msmp": 0.0009769396297626286, "rsrp": 0.08271376341144002, "a": 177466611.07910538, "aRp": 6.9502651315991955, "e": 0.0, "inc": -0.02756150503949442, "pomega": 2.8088647187811535, "f": 4.410608827992151, "P": 189138.4636793088, "RHill": 12209526.267566958, "spacing": "logarithmic", "period_ratio": 2.0277603295394124}}