{"Planet": {"m": 7.054046412930533e+23, "Rp": 3535547.4, "Rstar": 229581000.0, "RpRstar": 0.015399999999999999, "rhostar": 12161.052551279543, "impact": 0.19991687805097813, "q1": 0.11235904, "q2": 0.15244630071599044, "a": 147236854472.4436, "Pp": 640.5514365977571, "rhoplan": 3810.4802177646093, "aRp": null, "e": null, "inc": null, "pomega": null, "f": null, "P": 55343644.12204621, "RHill": 1067824010.7336885}, "I": {"m": 6.409315786058284e+21, "r": 858728.7960809915, "msmp": 0.009086013063806306, "rsrp": 0.242884254947619, "a": 362375756.05771923, "aRp": 102.4949505860731, "e": 0.0, "inc": 0.12272637234495579, "pomega": 5.341241635266175, "f": 2.1044492042948733, "P": 6288288.501916575, "RHill": 52429594.86856545, "spacing": "linear", "period_ratio": NaN}}