{"Planet": {"m": 7.124320510661173e+25, "Rp": 21789324.0, "Rstar": 939195000.0000001, "RpRstar": 0.0232, "rhostar": 716.2423534560409, "impact": 0.07943152295910738, "q1": 0.379456, "q2": 0.25681818181818183, "a": 195538671220.73267, "Pp": 488.2003289484636, "rhoplan": 1644.082360730484, "aRp": null, "e": null, "inc": null, "pomega": null, "f": null, "P": 42180508.42114726, "RHill": 4149235484.795754}, "I": {"m": 6.026502402954555e+22, "r": 1575719.0041840668, "msmp": 0.0008459055700731332, "rsrp": 0.07231610325240319, "a": 1027963265.7724946, "aRp": 47.177382179111866, "e": 0.0, "inc": 0.164234452765423, "pomega": 4.532514813549991, "f": 2.208760511524777, "P": 3001843.637354563, "RHill": 67407952.9674769, "spacing": "linear", "period_ratio": NaN}, "II": {"m": 8.03533653727274e+22, "r": 1745725.3600345622, "msmp": 0.0011278740934308443, "rsrp": 0.08011838091142993, "a": 1594664066.8819923, "aRp": 73.18556862443242, "e": 0.0, "inc": 0.164234452765423, "pomega": 1.8876576320399518, "f": 1.863150758654613, "P": 5799149.668277929, "RHill": 115093022.95295359, "spacing": "linear", "period_ratio": 1.9318626713643718}}