{"Planet": {"m": 1.5835781983125134e+25, "Rp": 8841512.16, "Rstar": 653958000.0, "RpRstar": 0.01352, "rhostar": 1595.4955005743839, "impact": 0.4338814676771947, "q1": 0.37871715999999994, "q2": 0.34367890802729933, "a": 216556139086.8955, "Pp": 656.1457077900454, "rhoplan": 5469.797633957598, "aRp": null, "e": null, "inc": null, "pomega": null, "f": null, "P": 56690989.15305992, "RHill": 3061014111.3681526}, "I": {"m": 9.170491792454851e+21, "r": 855596.5734571092, "msmp": 0.000579099396684488, "rsrp": 0.09677038926982702, "a": 30448698.93674319, "aRp": 3.443833858476895, "e": 0.0, "inc": -0.11494142538636523, "pomega": 0.6415773776007959, "f": 5.92689307103889, "P": 32462.70059235311, "RHill": 1759729.9515298598, "spacing": "logarithmic", "period_ratio": NaN}, "II": {"m": 9.318402950397664e+21, "r": 1052744.5367991528, "msmp": 0.0005884397095342374, "rsrp": 0.11906838080955066, "a": 40182865.319039546, "aRp": 4.544795572507536, "e": 0.0, "inc": -0.11494142538636523, "pomega": 1.5778656171945136, "f": 0.7163547604945223, "P": 49214.24893337279, "RHill": 2334718.2296028086, "spacing": "logarithmic", "period_ratio": 1.516024484573094}, "III": {"m": 1.2572448425139707e+22, "r": 1157326.3085689952, "msmp": 0.0007939265922287331, "rsrp": 0.13089687460985125, "a": 123389642.97097522, "aRp": 13.955717159922473, "e": 0.0, "inc": -0.11494142538636523, "pomega": 5.189801725372158, "f": 1.6828053057932726, "P": 264790.85402721795, "RHill": 7921943.468404136, "spacing": "logarithmic", "period_ratio": 5.380369705239167}, "IV": {"m": 8.1351136868551e+21, "r": 1045436.7176491774, "msmp": 0.0005137172067362388, "rsrp": 0.11824184582122176, "a": 270813082.4592191, "aRp": 30.629724594443026, "e": 0.0, "inc": -0.11494142538636523, "pomega": 5.373917466446627, "f": 6.111637193482214, "P": 861093.2533564257, "RHill": 15038479.438875884, "spacing": "logarithmic", "period_ratio": 3.2519750597878034}, "V": {"m": 5.472712843884341e+21, "r": 997451.4901614683, "msmp": 0.0003455915754407425, "rsrp": 0.11281458104803062, "a": 742117934.4332204, "aRp": 83.93563465202772, "e": 0.0, "inc": -0.11494142538636523, "pomega": 4.673900621542331, "f": 2.4035587358697788, "P": 3906534.003673645, "RHill": 36109396.04099555, "spacing": "logarithmic", "period_ratio": 4.536714215848866}}