{"Planet": {"m": 2.6051438331714897e+25, "Rp": 11818203.75, "Rstar": 521775000.0, "RpRstar": 0.02265, "rhostar": 2573.109249699069, "impact": 0.2933000847382464, "q1": 0.40411449000000005, "q2": 0.2892873997168476, "a": 55598095211.55274, "Pp": 94.30856157814674, "rhoplan": 3767.8072515226463, "aRp": null, "e": null, "inc": null, "pomega": null, "f": null, "P": 8148259.720351878, "RHill": 991511718.8722191}, "I": {"m": 2.0639535511738774e+23, "r": 2455259.8143244, "msmp": 0.007922608820647074, "rsrp": 0.2077523679793048, "a": 215412272.94419438, "aRp": 18.227158500647306, "e": 0.0, "inc": 0.06058643698042121, "pomega": 4.781982216985364, "f": 4.945989754256479, "P": 474518.5829313836, "RHill": 29775068.05011585, "spacing": "logarithmic", "period_ratio": NaN}}