{"Planet": {"m": 2.447352750272291e+26, "Rp": 45509911.199999996, "Rstar": 3617640000.0, "RpRstar": 0.01258, "rhostar": 14.437890781483535, "impact": 0.1502180034478271, "q1": 0.37112463999999995, "q2": 0.2852921864740644, "a": 54507223400.11194, "Pp": 66.94090706364881, "rhoplan": 619.8548411945872, "aRp": null, "e": null, "inc": null, "pomega": null, "f": null, "P": 5783694.370299257, "RHill": 1664778138.7753358}, "I": {"m": 2.4065824762335756e+22, "r": 1479650.7711066995, "msmp": 9.833410716807458e-05, "rsrp": 0.032512714968925265, "a": 124324476.87870288, "aRp": 2.7318110187545894, "e": 0.0, "inc": -0.09567106340815001, "pomega": 2.5537418830260865, "f": 5.771682872931743, "P": 68146.30769260497, "RHill": 3978789.366440372, "spacing": "logarithmic", "period_ratio": NaN}, "II": {"m": 1.9746317753711394e+22, "r": 1382348.9002109775, "msmp": 8.068439562508686e-05, "rsrp": 0.030374678037406885, "a": 182796684.8796594, "aRp": 4.016634620013485, "e": 0.0, "inc": -0.09567106340815001, "pomega": 4.166168475507616, "f": 2.2590310210331648, "P": 121496.47399002535, "RHill": 5476768.876666095, "spacing": "logarithmic", "period_ratio": 1.7828768440114589}, "III": {"m": 7.404869157641773e+21, "r": 1005334.9255900322, "msmp": 3.0256648359407574e-05, "rsrp": 0.022090461156294948, "a": 256551337.87639624, "aRp": 5.637262985395504, "e": 0.0, "inc": -0.09567106340815001, "pomega": 1.4459055297349963, "f": 5.758486864185792, "P": 202014.98081780897, "RHill": 5542948.0061836345, "spacing": "logarithmic", "period_ratio": 1.6627229925569202}, "IV": {"m": 1.234144859606963e+22, "r": 1128291.2104016095, "msmp": 5.0427747265679324e-05, "rsrp": 0.024792208568440575, "a": 359975167.67443955, "aRp": 7.909819162082645, "e": 0.0, "inc": -0.09567106340815001, "pomega": 3.7325853309977743, "f": 3.289576465955109, "P": 335758.166807719, "RHill": 9221225.592785614, "spacing": "logarithmic", "period_ratio": 1.6620458811939736}, "V": {"m": 5.368530139290286e+22, "r": 1303129.3004366383, "msmp": 0.00021936070060570492, "rsrp": 0.028633967109051146, "a": 516715512.12660635, "aRp": 11.353911675543028, "e": 0.0, "inc": -0.09567106340815001, "pomega": 1.205235465463591, "f": 2.074915279958695, "P": 577375.4874937208, "RHill": 21607143.49528584, "spacing": "logarithmic", "period_ratio": 1.7196171071078385}}