{"Planet": {"m": 7.05043788242228e+25, "Rp": 21673489.95, "Rstar": 730485000.0, "RpRstar": 0.02967, "rhostar": 1266.5336506034566, "impact": 0.446429127932074, "q1": 0.37234403999999993, "q2": 0.25901343821697803, "a": 63375969760.343445, "Pp": 98.75819931080751, "rhoplan": 1653.2591503024148, "aRp": null, "e": null, "inc": null, "pomega": null, "f": null, "P": 8532708.420453768, "RHill": 1424874059.1990495}, "I": {"m": 3.228531273806789e+23, "r": 2939373.761664816, "msmp": 0.004579192565976598, "rsrp": 0.13562069461105947, "a": 127208575.38273294, "aRp": 5.869316647950966, "e": 0.0, "inc": 0.09682309591771723, "pomega": 4.249743197565311, "f": 5.197970683167271, "P": 131114.72106698866, "RHill": 14646671.450875303, "spacing": "logarithmic", "period_ratio": NaN}, "II": {"m": 2.7939212946404904e+23, "r": 2278676.153979254, "msmp": 0.003962762797479748, "rsrp": 0.10513655895917465, "a": 279050692.8119679, "aRp": 12.875208074736848, "e": 0.0, "inc": 0.09682309591771723, "pomega": 5.98910282655552, "f": 4.670130333329202, "P": 426122.8434677131, "RHill": 30617898.51686018, "spacing": "logarithmic", "period_ratio": 3.25}}