{"Planet": {"m": 2.6597432428946497e+25, "Rp": 11620833.66, "Rstar": 653958000.0, "RpRstar": 0.01777, "rhostar": 1850.0958464107218, "impact": 0.3988111165517718, "q1": 0.37234403999999993, "q2": 0.25901343821697803, "a": 243313648202.39352, "Pp": 725.6782404476638, "rhoplan": 4046.1245808831095, "aRp": null, "e": null, "inc": null, "pomega": null, "f": null, "P": 62698599.97467815, "RHill": 3891303944.1893096}, "I": {"m": 1.3213823768189798e+22, "r": 1322970.3063582187, "msmp": 0.0004968082465662716, "rsrp": 0.11384469867355615, "a": 84322254.45623553, "aRp": 7.256127823813591, "e": 0.0, "inc": 0.020160568917426236, "pomega": 5.497708596111031, "f": 3.0451361134705746, "P": 115441.6724073818, "RHill": 4630537.331811631, "spacing": "logarithmic", "period_ratio": NaN}, "II": {"m": 3.2433931067374946e+22, "r": 1378966.9542894776, "msmp": 0.0012194384233899388, "rsrp": 0.1186633416013871, "a": 176187654.80643716, "aRp": 15.161361048725068, "e": 0.0, "inc": 0.020160568917426236, "pomega": 2.5009578480422796, "f": 3.7149906526698384, "P": 348542.4866034748, "RHill": 13051337.335414834, "spacing": "logarithmic", "period_ratio": 3.019208569445392}, "III": {"m": 5.165403836656006e+22, "r": 1579076.7420388076, "msmp": 0.0019420686002136046, "rsrp": 0.13588325831339776, "a": 414215392.0665022, "aRp": 35.64420627517202, "e": 0.0, "inc": 0.020160568917426236, "pomega": 2.083712619122663, "f": 0.9438288160199759, "P": 1255958.2213879437, "RHill": 35832243.7428521, "spacing": "logarithmic", "period_ratio": 3.6034580278208823}, "IV": {"m": 3.904084295146986e+22, "r": 1512981.1895636441, "msmp": 0.001467842546673075, "rsrp": 0.13019558095659414, "a": 1383038844.2220652, "aRp": 119.01373728311891, "e": 0.0, "inc": 0.020160568917426236, "pomega": 6.102839854318247, "f": 2.4450319062141985, "P": 7664612.657923144, "RHill": 108981751.57283793, "spacing": "logarithmic", "period_ratio": 6.102601605213489}}