{"Planet": {"m": 7.660341352157893e+25, "Rp": 22941403.2, "Rstar": 500904000.0, "RpRstar": 0.0458, "rhostar": 2719.482685778406, "impact": 0.07401695457688207, "q1": 0.39904488999999993, "q2": 0.24908975779642237, "a": 27419655341.954174, "Pp": 33.77733874934916, "rhoplan": 1514.6056758154457, "aRp": null, "e": null, "inc": null, "pomega": null, "f": null, "P": 2918362.0679437676, "RHill": 716404236.1969088}, "I": {"m": 5.809688693772864e+22, "r": 1791548.5194414028, "msmp": 0.000758411202150449, "rsrp": 0.07809236879814757, "a": 78878431.90336913, "aRp": 3.438256640874048, "e": 0.0, "inc": -0.05562920618167745, "pomega": 1.3799254860052377, "f": 0.8923015437738787, "P": 61535.498496354725, "RHill": 4987536.608461136, "spacing": "linear", "period_ratio": NaN}, "II": {"m": 2.3922247562594154e+22, "r": 1508003.351144584, "msmp": 0.0003122869655913615, "rsrp": 0.06573282976625353, "a": 164049365.9644973, "aRp": 7.150799126554618, "e": 0.0, "inc": -0.05562920618167745, "pomega": 5.48451258736508, "f": 1.7249068575065472, "P": 184606.49548906417, "RHill": 7717063.796866076, "spacing": "linear", "period_ratio": 3.0}, "III": {"m": 4.100956725016141e+22, "r": 1705065.1325305733, "msmp": 0.0005353490838709055, "rsrp": 0.07432261739467502, "a": 341261794.82572585, "aRp": 14.87536711903158, "e": 0.0, "inc": -0.05562920618167745, "pomega": 1.8392722666381287, "f": 0.9281192817986048, "P": 553819.4864671925, "RHill": 19212900.79349276, "spacing": "linear", "period_ratio": 3.0}, "IV": {"m": 1.298636296255111e+23, "r": 2175917.7245437824, "msmp": 0.0016952720989245333, "rsrp": 0.09484675830743354, "a": 710127344.3861712, "aRp": 30.953962937461963, "e": 0.0, "inc": -0.05562920618167745, "pomega": 0.8049565335030553, "f": 3.2518735838238184, "P": 1661458.4594015777, "RHill": 58709577.62491253, "spacing": "linear", "period_ratio": 3.0}}