{"Planet": {"m": 5.2735610556042505e+25, "Rp": 18550353.51, "Rstar": 1106163000.0, "RpRstar": 0.01677, "rhostar": 357.7338938740323, "impact": 0.12874201756207693, "q1": 0.26163225000000007, "q2": 0.21691104594330396, "a": 21785632216.82227, "Pp": 20.098323318424114, "rhoplan": 1972.2356206137529, "aRp": null, "e": null, "inc": null, "pomega": null, "f": null, "P": 1736495.1347118434, "RHill": 447502756.5558487}, "I": {"m": 5.3610488372730075e+22, "r": 1460789.6344457932, "msmp": 0.0010165898869371737, "rsrp": 0.07874726665765806, "a": 42003069.66855982, "aRp": 2.2642732736018796, "e": 0.0, "inc": 0.040233862644733775, "pomega": 2.322497539287504, "f": 3.9399511827198728, "P": 28815.484471626856, "RHill": 2928347.018802976, "spacing": "linear", "period_ratio": NaN}, "II": {"m": 1.4040842192857877e+23, "r": 2261304.8181178663, "msmp": 0.0026624973229306933, "rsrp": 0.12190090161348446, "a": 66712240.5036443, "aRp": 3.5962786621657377, "e": 0.0, "inc": 0.040233862644733775, "pomega": 1.9178199377449843, "f": 0.39336673690313245, "P": 57630.96894325371, "RHill": 6411035.300220436, "spacing": "linear", "period_ratio": 2.0}, "III": {"m": 4.339896677792435e+22, "r": 1791606.0988893686, "msmp": 0.0008229537179967598, "rsrp": 0.09658069847151761, "a": 168001444.57076517, "aRp": 9.056509056832802, "e": 0.0, "inc": 0.040233862644733775, "pomega": 3.236792430971302, "f": 4.254141867147295, "P": 230523.87577301485, "RHill": 10916021.985587025, "spacing": "linear", "period_ratio": 4.0}}