{"Planet": {"m": 1.948586072520746e+25, "Rp": 9794969.01, "Rstar": 493947000.0, "RpRstar": 0.01983, "rhostar": 2954.183772587722, "impact": 0.23676405007512957, "q1": 0.40411449000000005, "q2": 0.2892873997168476, "a": 162624941617.7313, "Pp": 478.03266111265077, "rhoplan": 4950.189059219045, "aRp": null, "e": null, "inc": null, "pomega": null, "f": null, "P": 41302021.920133024, "RHill": 2655813304.5102963}, "I": {"m": 3.1356656213998447e+22, "r": 1664687.0310241343, "msmp": 0.001609200468801185, "rsrp": 0.16995327186074827, "a": 222066614.6687935, "aRp": 22.671497423021812, "e": 0.0, "inc": 0.1270203116987972, "pomega": 0.6830505479452156, "f": 5.118166249322705, "P": 576093.4862595762, "RHill": 18043172.610999413, "spacing": "linear", "period_ratio": NaN}, "II": {"m": 3.4391171331482156e+22, "r": 1550405.58784174, "msmp": 0.0017649295464271058, "rsrp": 0.15828591047698887, "a": 528064207.4273729, "aRp": 53.91177929080277, "e": 0.0, "inc": 0.1270203116987972, "pomega": 3.254387109299238, "f": 2.499072703935715, "P": 2112342.782951779, "RHill": 44247503.4029088, "spacing": "linear", "period_ratio": 3.6666666666666665}, "III": {"m": 4.7540736840578275e+22, "r": 1409158.508849643, "msmp": 0.0024397555494727638, "rsrp": 0.14386554030043255, "a": 1374939993.757977, "aRp": 140.37206165269706, "e": 0.0, "inc": 0.1270203116987972, "pomega": 0.9369166209625727, "f": 3.370009281168529, "P": 8871839.688397473, "RHill": 128339033.59325269, "spacing": "linear", "period_ratio": 4.2}, "IV": {"m": 4.5517726762255805e+22, "r": 1782445.1744300853, "msmp": 0.0023359361643888166, "rsrp": 0.1819755807915604, "a": 2532573686.7291584, "aRp": 258.55862169074476, "e": 0.0, "inc": 0.1270203116987972, "pomega": 4.1171547287369386, "f": 1.5590141761288683, "P": 22179599.220993683, "RHill": 232992529.03453797, "spacing": "linear", "period_ratio": 2.5}}