{"Planet": {"m": 1.0901728697471618e+25, "Rp": 7775560.62, "Rstar": 653958000.0, "RpRstar": 0.01189, "rhostar": 1595.4955005743839, "impact": 0.40823035026293686, "q1": 0.37871715999999994, "q2": 0.34367890802729933, "a": 128254701770.47472, "Pp": 299.05774776514005, "rhoplan": 5536.198149872706, "aRp": null, "e": null, "inc": null, "pomega": null, "f": null, "P": 25838589.4069081, "RHill": 1600737351.6162672}, "I": {"m": 9.7139832387115e+21, "r": 1122509.0977017155, "msmp": 0.0008910498057949667, "rsrp": 0.14436375106052682, "a": 222555661.54729143, "aRp": 28.62245854978511, "e": 0.0, "inc": 0.07434100694313281, "pomega": 1.8329884529495803, "f": 4.537541864500829, "P": 773025.6217783471, "RHill": 14849057.480728501, "spacing": "linear", "period_ratio": NaN}, "II": {"m": 1.1480162009386322e+22, "r": 1257714.1785944963, "msmp": 0.001053058861394052, "rsrp": 0.16175221827214, "a": 522793778.914803, "aRp": 67.23550936894414, "e": 0.0, "inc": 0.07434100694313281, "pomega": 2.9131760260110573, "f": 2.591444765157377, "P": 2782892.2384020495, "RHill": 36878581.5366603, "spacing": "linear", "period_ratio": 3.6}}