{"Planet": {"m": 9.923145407576085e+27, "Rp": 80470227.6, "Rstar": 751356000.0, "RpRstar": 0.10709999999999999, "rhostar": 1175.0851111388174, "impact": 0.0655422677104206, "q1": 0.37234403999999993, "q2": 0.25901343821697803, "a": 169528287498.45822, "Pp": 428.9921036882793, "rhoplan": 4546.26824480687, "aRp": null, "e": null, "inc": null, "pomega": null, "f": null, "P": 37064917.758667335, "RHill": 19763012197.9359}, "I": {"m": 4.3905553959897873e+24, "r": 6945576.003577745, "msmp": 0.0004424560172863841, "rsrp": 0.08631236931629786, "a": 494189773.3127217, "aRp": 6.14127470558716, "e": 0.0, "inc": -0.1629427799516658, "pomega": 0.6685977764615542, "f": 5.456863807135466, "P": 84800.20515530056, "RHill": 26110190.32993888, "spacing": "logarithmic", "period_ratio": NaN}, "II": {"m": 8.781110791979575e+24, "r": 5505252.246944472, "msmp": 0.0008849120345727682, "rsrp": 0.06841352896763116, "a": 1028107672.0621034, "aRp": 12.776249088950054, "e": 0.0, "inc": -0.1629427799516658, "pomega": 4.242202621139053, "f": 4.868698845887333, "P": 254400.61546590168, "RHill": 68438142.79336461, "spacing": "logarithmic", "period_ratio": 3.0}, "III": {"m": 3.7633331965626743e+24, "r": 5333488.013937497, "msmp": 0.0003792480148169006, "rsrp": 0.06627902235406996, "a": 1943633350.8543866, "aRp": 24.15344666993817, "e": 0.0, "inc": -0.1629427799516658, "pomega": 3.782227459137307, "f": 3.2958602796436574, "P": 661441.6002113444, "RHill": 97547249.81134316, "spacing": "logarithmic", "period_ratio": 2.6}, "IV": {"m": 1.0411888510490066e+25, "r": 7156903.03245682, "msmp": 0.001049252840993425, "rsrp": 0.08893852106436469, "a": 3581002346.162349, "aRp": 44.50095958424193, "e": 0.0, "inc": -0.1629427799516658, "pomega": 2.064232796688163, "f": 2.741627912313685, "P": 1653604.0005283612, "RHill": 252304059.68953872, "spacing": "logarithmic", "period_ratio": 2.5}}