{"Planet": {"m": 4.111571834993245e+25, "Rp": 15987881.7, "Rstar": 932238000.0, "RpRstar": 0.01715, "rhostar": 685.524147933674, "impact": 0.23070159888921782, "q1": 0.31292836, "q2": 0.2426707186271005, "a": 37365416536.23747, "Pp": 42.15200938929, "rhoplan": 2401.8533922809543, "aRp": null, "e": null, "inc": null, "pomega": null, "f": null, "P": 3641933.611234656, "RHill": 674840978.5577118}, "I": {"m": 6.581799854121368e+22, "r": 1671024.8000010985, "msmp": 0.001600798944604158, "rsrp": 0.10451821144017463, "a": 62959343.3462296, "aRp": 3.9379415314431303, "e": 0.0, "inc": -0.14196182424712353, "pomega": 2.0296718214011467, "f": 1.3371955529231083, "P": 59870.93200719249, "RHill": 5106602.277933383, "spacing": "linear", "period_ratio": NaN}}