{"Planet": {"m": 1.5835781983125134e+25, "Rp": 8876853.72, "Rstar": 681786000.0, "RpRstar": 0.01302, "rhostar": 1333.1010501934757, "impact": 0.32597485911915625, "q1": 0.39904488999999993, "q2": 0.24908975779642237, "a": 162232280506.27335, "Pp": 437.23938233831655, "rhoplan": 5404.726413065225, "aRp": null, "e": null, "inc": null, "pomega": null, "f": null, "P": 37777482.63403055, "RHill": 2335310976.2127867}, "I": {"m": 3.8756288883616475e+22, "r": 1706470.5520386244, "msmp": 0.002447387121451647, "rsrp": 0.19223821929090257, "a": 276069212.91847396, "aRp": 31.099894357442892, "e": 0.0, "inc": -0.000296735646403673, "pomega": 4.6977791135588145, "f": 3.6106793454399346, "P": 885428.3453820337, "RHill": 25795569.214655712, "spacing": "linear", "period_ratio": NaN}, "II": {"m": 3.375547741476272e+22, "r": 1519035.184039926, "msmp": 0.0021315952348127235, "rsrp": 0.1711231515077761, "a": 466932553.62518436, "aRp": 52.60113192731358, "e": 0.0, "inc": -0.000296735646403673, "pomega": 4.158627899081359, "f": 5.451836756184628, "P": 1947942.3598404743, "RHill": 41666016.52933298, "spacing": "linear", "period_ratio": 2.2}, "III": {"m": 5.563402759099782e+22, "r": 1218734.531408704, "msmp": 0.0035131847388580077, "rsrp": 0.13729352424303595, "a": 1076875819.7950332, "aRp": 121.31278195660445, "e": 0.0, "inc": -0.000296735646403673, "pomega": 5.346268686217014, "f": 4.483501066779313, "P": 6817798.25944166, "RHill": 113507755.58208817, "spacing": "linear", "period_ratio": 3.5}, "IV": {"m": 1.7502840140988074e+22, "r": 1224433.5093915262, "msmp": 0.001105271603236227, "rsrp": 0.1379355285119564, "a": 2238198929.5184064, "aRp": 252.13876448990376, "e": 0.0, "inc": -0.000296735646403673, "pomega": 5.9979001657194875, "f": 4.484129448148168, "P": 20453394.77832498, "RHill": 160453034.96991947, "spacing": "linear", "period_ratio": 3.0}}