{"Planet": {"m": 4.955414125630106e+25, "Rp": 17336844.0, "Rstar": 1238346000.0, "RpRstar": 0.014, "rhostar": 254.97139249982553, "impact": 0.14082664560330482, "q1": 0.3848961600000001, "q2": 0.36355577047066406, "a": 61511462831.35085, "Pp": 95.35401855601123, "rhoplan": 2270.2893984840903, "aRp": null, "e": null, "inc": null, "pomega": null, "f": null, "P": 8238587.20323937, "RHill": 1237580889.6720915}, "I": {"m": 1.0372698979316554e+22, "r": 1237949.2292502376, "msmp": 0.00020932052733327536, "rsrp": 0.071405685443685, "a": 67435802.50014389, "aRp": 3.889739245513421, "e": 0.0, "inc": 0.026514202758069677, "pomega": 5.187916581265593, "f": 1.9027387848924682, "P": 60496.09970268313, "RHill": 2776221.1079047313, "spacing": "linear", "period_ratio": NaN}, "II": {"m": 3.0175124303466337e+22, "r": 1521105.568348538, "msmp": 0.0006089324431513464, "rsrp": 0.08773832009727595, "a": 155474935.64698994, "aRp": 8.967891482843703, "e": 0.0, "inc": 0.026514202758069677, "pomega": 4.382960047762538, "f": 4.142918364859987, "P": 211736.34895939095, "RHill": 9137127.222407576, "spacing": "linear", "period_ratio": 3.5}, "III": {"m": 6.789402968279925e+22, "r": 1763201.9747986435, "msmp": 0.0013700979970905293, "rsrp": 0.10170259216721587, "a": 391871603.8249674, "aRp": 22.603399086071686, "e": 0.0, "inc": 0.026514202758069677, "pomega": 0.8470580852163299, "f": 5.382714805610595, "P": 846945.3958375638, "RHill": 30177777.575913012, "spacing": "linear", "period_ratio": 4.0}, "IV": {"m": 2.8289179034499682e+22, "r": 1574452.387170472, "msmp": 0.0005708741654543871, "rsrp": 0.0908153979565411, "a": 768982877.2450501, "aRp": 44.35541308700996, "e": 0.0, "inc": 0.026514202758069677, "pomega": 4.785752505198493, "f": 1.704798653703192, "P": 2329099.8385533006, "RHill": 44230622.119218305, "spacing": "linear", "period_ratio": 2.75}}