{"Planet": {"m": 1.1968914392026297e+25, "Rp": 7938910.98, "Rstar": 542646000.0, "RpRstar": 0.01463, "rhostar": 2436.0227244478388, "impact": 0.31118846384977306, "q1": 0.39050001, "q2": 0.361577852456393, "a": 59534486532.45987, "Pp": 101.26391345330157, "rhoplan": 5710.621221039989, "aRp": null, "e": null, "inc": null, "pomega": null, "f": null, "P": 8749202.122365255, "RHill": 802244090.591998}, "I": {"m": 7.22816799878548e+21, "r": 859191.685673665, "msmp": 0.0006039117468833174, "rsrp": 0.10822538353663023, "a": 55540010.21611791, "aRp": 6.995923037307808, "e": 0.0, "inc": 0.13902937785913425, "pomega": 5.683081099923211, "f": 0.9727343589872988, "P": 91987.2130017697, "RHill": 3255042.74567226, "spacing": "logarithmic", "period_ratio": NaN}, "II": {"m": 1.9082363516793666e+22, "r": 1129481.1919010747, "msmp": 0.0015943270117719577, "rsrp": 0.14227155270370279, "a": 115565981.3847352, "aRp": 14.556906063800604, "e": 0.0, "inc": 0.13902937785913425, "pomega": 4.542568915451668, "f": 2.120787119885099, "P": 275961.6390053091, "RHill": 9360852.34367627, "spacing": "logarithmic", "period_ratio": 3.0}, "III": {"m": 1.8504110076890827e+22, "r": 1247374.6354469599, "msmp": 0.0015460140720212924, "rsrp": 0.15712163023233192, "a": 307164551.09584564, "aRp": 38.69101843686949, "e": 0.0, "inc": 0.13902937785913425, "pomega": 0.8872744928230399, "f": 4.0731680329171, "P": 1195833.7690230059, "RHill": 24626450.674004808, "spacing": "logarithmic", "period_ratio": 4.333333333333333}}