{"Planet": {"m": 2.951147153863037e+24, "Rp": 5247108.54, "Rstar": 598302000.0, "RpRstar": 0.00877, "rhostar": 2061.2890006634616, "impact": 0.12645768478330754, "q1": 0.37871715999999994, "q2": 0.34367890802729933, "a": 24024415023.312855, "Pp": 24.375173779885333, "rhoplan": 4876.880479077052, "aRp": null, "e": null, "inc": null, "pomega": null, "f": null, "P": 2106015.014582093, "RHill": 194661353.60218328}, "I": {"m": 1.9994785601907356e+21, "r": 691179.808177172, "msmp": 0.0006775258758525233, "rsrp": 0.13172584536952842, "a": 22472241.89067673, "aRp": 4.2827857894238885, "e": 0.0, "inc": 0.09615980447281489, "pomega": 0.17846030875477573, "f": 5.108740528789883, "P": 47676.4710717306, "RHill": 1368509.9041188601, "spacing": "logarithmic", "period_ratio": NaN}, "II": {"m": 1.9617525496211002e+21, "r": 661208.2029932674, "msmp": 0.0006647423687609666, "rsrp": 0.12601382227043992, "a": 44674598.018845834, "aRp": 8.514136438817756, "e": 0.0, "inc": 0.09615980447281489, "pomega": 5.0245374253633335, "f": 1.7425015358344829, "P": 133637.47304426756, "RHill": 2703365.0116303894, "spacing": "logarithmic", "period_ratio": 2.8030068090233904}, "III": {"m": 9.054242536712765e+20, "r": 574972.8578357999, "msmp": 0.00030680417019736904, "rsrp": 0.10957899068651626, "a": 86185760.69549718, "aRp": 16.425381719947648, "e": 0.0, "inc": 0.09615980447281489, "pomega": 1.5143990989401743, "f": 0.677395115625522, "P": 358152.70957022184, "RHill": 4030406.529402072, "spacing": "logarithmic", "period_ratio": 2.6800320405009703}}