{"Planet": {"m": 3.8635261704263866e+25, "Rp": 15349298.67, "Rstar": 619173000.0, "RpRstar": 0.02479, "rhostar": 1919.7846023516274, "impact": 0.2608854173840981, "q1": 0.25, "q2": 0.2, "a": 95971128234.06584, "Pp": 191.54957730440842, "rhoplan": 2550.5253169193993, "aRp": null, "e": null, "inc": null, "pomega": null, "f": null, "P": 16549883.479100887, "RHill": 1813436782.7574508}, "I": {"m": 6.7861891075183015e+22, "r": 1522040.3295249885, "msmp": 0.001756475511791179, "rsrp": 0.09916025235079932, "a": 42315859.63092974, "aRp": 2.7568594852894175, "e": 0.0, "inc": 0.07245586283656827, "pomega": 1.318344111857463, "f": 0.193541461607292, "P": 34029.74931820088, "RHill": 3540055.8686355986, "spacing": "logarithmic", "period_ratio": NaN}, "II": {"m": 6.7861891075183015e+22, "r": 1805259.0355244381, "msmp": 0.001756475511791179, "rsrp": 0.11761182542188672, "a": 60404767.389754094, "aRp": 3.9353438022425355, "e": 0.0, "inc": 0.07245586283656827, "pomega": 0.013196008745951726, "f": 5.6711418539149685, "P": 58037.78408794353, "RHill": 5053335.868790169, "spacing": "logarithmic", "period_ratio": 1.7055013701467943}, "III": {"m": 1.2143706823980121e+23, "r": 1904450.5415689559, "msmp": 0.0031431667053105315, "rsrp": 0.12407410804320194, "a": 120427124.34259838, "aRp": 7.8457737341427585, "e": 0.0, "inc": 0.07245586283656827, "pomega": 1.386837681062641, "f": 2.575735230936006, "P": 163263.8718968607, "RHill": 12231311.770731777, "spacing": "logarithmic", "period_ratio": 2.8130617745410493}, "IV": {"m": 4.286014173169454e+22, "r": 1429032.6069871418, "msmp": 0.0011093529548154815, "rsrp": 0.09310084048205844, "a": 220748379.38366145, "aRp": 14.38165900147029, "e": 0.0, "inc": 0.07245586283656827, "pomega": 0.9897006559463796, "f": 1.576608854456804, "P": 405593.1426469704, "RHill": 15844566.216474682, "spacing": "logarithmic", "period_ratio": 2.4842798221960414}, "V": {"m": 5.0003498686976964e+22, "r": 1774562.3957222158, "msmp": 0.0012942451139513953, "rsrp": 0.11561195295460465, "a": 457798624.62901616, "aRp": 29.825377332957725, "e": 0.0, "inc": 0.07245586283656827, "pomega": 3.777828789555323, "f": 1.1581068627994777, "P": 1211200.2245482034, "RHill": 34591779.986367136, "spacing": "logarithmic", "period_ratio": 2.9862443350094705}}