{"Planet": {"m": 5.849840414306613e+25, "Rp": 18952259.400000002, "Rstar": 737442000.0, "RpRstar": 0.025700000000000004, "rhostar": 1195.5151085716739, "impact": 0.15506629832380914, "q1": 0.25, "q2": 0.2, "a": 145697318208.65048, "Pp": 349.31773368026745, "rhoplan": 2051.50430840693, "aRp": null, "e": null, "inc": null, "pomega": null, "f": null, "P": 30181052.18997511, "RHill": 3108255550.49504}, "I": {"m": 1.415564651125817e+22, "r": 1106660.5454308756, "msmp": 0.00024198346465381402, "rsrp": 0.05839201132034292, "a": 53836670.04723452, "aRp": 2.840646537754465, "e": 0.0, "inc": -0.08177685314124845, "pomega": 1.4371081905710286, "f": 0.9061259338886852, "P": 39716.38775482625, "RHill": 2326124.7468411056, "spacing": "logarithmic", "period_ratio": NaN}, "II": {"m": 4.907290790569504e+22, "r": 1322351.0825649009, "msmp": 0.0008388760107998894, "rsrp": 0.06977274079336951, "a": 74090141.20242131, "aRp": 3.9093038797485695, "e": 0.0, "inc": -0.08177685314124845, "pomega": 3.0627307917985105, "f": 1.773920604277225, "P": 64100.81446734282, "RHill": 4844912.402405598, "spacing": "logarithmic", "period_ratio": 1.6139638595293304}, "III": {"m": 5.096032744052941e+22, "r": 1632418.160671894, "msmp": 0.0008711404727537305, "rsrp": 0.08613316893878593, "a": 162778606.20976025, "aRp": 8.588876016004733, "e": 0.0, "inc": -0.08177685314124845, "pomega": 2.753567158321927, "f": 3.096663385716672, "P": 208742.99105616813, "RHill": 10779194.399984425, "spacing": "logarithmic", "period_ratio": 3.2564795438366168}, "IV": {"m": 6.605968371920481e+22, "r": 2203514.253185282, "msmp": 0.0011292561683844658, "rsrp": 0.11626657311292825, "a": 472709513.9847373, "aRp": 24.942119248575565, "e": 0.0, "inc": -0.08177685314124845, "pomega": 3.7709165944979195, "f": 0.8577405684868623, "P": 1032883.7278795021, "RHill": 34131188.82535818, "spacing": "logarithmic", "period_ratio": 4.94811213853679}, "V": {"m": 8.304645953271466e+22, "r": 2223070.944372141, "msmp": 0.0014196363259690434, "rsrp": 0.11729846544692928, "a": 1221719339.804681, "aRp": 64.46299166867044, "e": 0.0, "inc": -0.08177685314124845, "pomega": 2.762364497485895, "f": 2.4368629484190856, "P": 4290956.570340612, "RHill": 95204336.74032566, "spacing": "logarithmic", "period_ratio": 4.154346181007125}}