{"Planet": {"m": 3.4820315930661124e+26, "Rp": 50966982.0, "Rstar": 626130000.0, "RpRstar": 0.0814, "rhostar": 2069.2241591345028, "impact": 0.16588354875465272, "q1": 0.37234403999999993, "q2": 0.25901343821697803, "a": 204901056135.9314, "Pp": 565.9775175580941, "rhoplan": 627.881005178539, "aRp": null, "e": null, "inc": null, "pomega": null, "f": null, "P": 48900457.517019324, "RHill": 7771140931.669687}, "I": {"m": 3.526213703801318e+22, "r": 1368923.1942190675, "msmp": 0.00010126886013392834, "rsrp": 0.02685902010480172, "a": 159114292.8792576, "aRp": 3.121909256452689, "e": 0.0, "inc": 0.09200550542316341, "pomega": 4.598494857279749, "f": 2.9144327887487673, "P": 82718.46247880613, "RHill": 5142339.537120064, "spacing": "logarithmic", "period_ratio": NaN}, "II": {"m": 2.9521789148104093e+22, "r": 1480643.4873261345, "msmp": 8.478323174003312e-05, "rsrp": 0.029051033222373936, "a": 422916736.0979945, "aRp": 8.297857151871275, "e": 0.0, "inc": 0.09200550542316341, "pomega": 0.23124434373858266, "f": 4.413750734836425, "P": 358446.67074149323, "RHill": 12882034.043767873, "spacing": "logarithmic", "period_ratio": 4.333333333333333}, "III": {"m": 7.052427407602636e+22, "r": 1874709.9781850446, "msmp": 0.00020253772026785667, "rsrp": 0.03678283281880502, "a": 614182279.4204639, "aRp": 12.050591487258632, "e": 0.0, "inc": 0.09200550542316341, "pomega": 1.8160221559904997, "f": 2.1597467647540993, "P": 627281.6737976131, "RHill": 25008760.61143807, "spacing": "logarithmic", "period_ratio": 1.75}, "IV": {"m": 7.052427407602636e+22, "r": 1871635.2307604605, "msmp": 0.00020253772026785667, "rsrp": 0.036722504596416176, "a": 1698774903.2477, "aRp": 33.33089063911416, "e": 0.0, "inc": 0.09200550542316341, "pomega": 2.9577911031997512, "f": 5.906784867235535, "P": 2885495.69946902, "RHill": 69172062.28764579, "spacing": "logarithmic", "period_ratio": 4.6}, "V": {"m": 2.9521789148104093e+22, "r": 1490209.2583287263, "msmp": 8.478323174003312e-05, "rsrp": 0.029238718869575724, "a": 4698479610.536067, "aRp": 92.18673396309923, "e": 0.0, "inc": 0.09200550542316341, "pomega": 2.068631466270147, "f": 0.08985853574624271, "P": 13273280.217557492, "RHill": 143115580.7531114, "spacing": "logarithmic", "period_ratio": 4.6}}