{"Planet": {"m": 5.385463634093194e+24, "Rp": 6185538.2700000005, "Rstar": 619173000.0, "RpRstar": 0.00999, "rhostar": 1839.793577253643, "impact": 0.17117403557398936, "q1": 0.37871715999999994, "q2": 0.34367890802729933, "a": 92833983749.85112, "Pp": 186.15565654964672, "rhoplan": 5432.528252894861, "aRp": null, "e": null, "inc": null, "pomega": null, "f": null, "P": 16083848.725889476, "RHill": 922521201.5196204}, "I": {"m": 1.2183919538569717e+22, "r": 936497.0850708351, "msmp": 0.00226237151829199, "rsrp": 0.15140106554879257, "a": 43901836.13009073, "aRp": 7.097496485150795, "e": 0.0, "inc": 0.13581765086276507, "pomega": 1.7236500947688376, "f": 0.052155653614952065, "P": 96293.89888466112, "RHill": 3996043.8109920705, "spacing": "logarithmic", "period_ratio": NaN}, "II": {"m": 1.8011011491798712e+22, "r": 1471134.5446386212, "msmp": 0.003344375287909898, "rsrp": 0.23783452311234687, "a": 77858713.48754239, "aRp": 12.587217165102494, "e": 0.0, "inc": 0.13581765086276507, "pomega": 2.0768004240652598, "f": 0.503961857821585, "P": 227300.96655232974, "RHill": 8073065.453994335, "spacing": "logarithmic", "period_ratio": 2.3604918814699385}, "III": {"m": 1.6421804595463533e+22, "r": 1255300.3109219663, "msmp": 0.003049283350741378, "rsrp": 0.2029411598680427, "a": 404780278.8439542, "aRp": 65.4397824692392, "e": 0.0, "inc": 0.13581765086276507, "pomega": 0.32990021864879315, "f": 4.041120583105503, "P": 2694842.200066739, "RHill": 40698479.83714371, "spacing": "logarithmic", "period_ratio": 11.855832559543149}}