{"Planet": {"m": 5.494115337556025e+27, "Rp": 94865652.0, "Rstar": 3388059000.0, "RpRstar": 0.028, "rhostar": 16.355702624169393, "impact": 0.29859053715280137, "q1": 0.38019556000000004, "q2": 0.27254297761920204, "a": 188508458205.7396, "Pp": 445.8685879614762, "rhoplan": 1536.3217367653933, "aRp": null, "e": null, "inc": null, "pomega": null, "f": null, "P": 38523045.999871545, "RHill": 16636148089.868534}, "I": {"m": 9.576156102503527e+24, "r": 8291667.00915742, "msmp": 0.0017429841774605586, "rsrp": 0.08740431161699516, "a": 287691688.355137, "aRp": 3.032622264116595, "e": 0.0, "inc": 0.17114664782282626, "pomega": 2.027786677294582, "f": 0.6987600821665867, "P": 50587.23449999332, "RHill": 24005902.8901666, "spacing": "logarithmic", "period_ratio": NaN}, "II": {"m": 1.5021421337260439e+25, "r": 16423880.197835598, "msmp": 0.002734092827389112, "rsrp": 0.17312778494196823, "a": 725176629.8768921, "aRp": 7.644248625170384, "e": 0.0, "inc": 0.17114664782282626, "pomega": 0.2551228357550667, "f": 4.080080227974503, "P": 202348.93799997328, "RHill": 70308494.73049994, "spacing": "logarithmic", "period_ratio": 4.0}, "III": {"m": 9.200620569072015e+24, "r": 6468591.818627876, "msmp": 0.0016746318567758304, "rsrp": 0.06818686934895969, "a": 1275289022.1381867, "aRp": 13.44310606897201, "e": 0.0, "inc": 0.17114664782282626, "pomega": 3.5095099450543046, "f": 2.902493542740525, "P": 472147.52199993766, "RHill": 105004518.0301514, "spacing": "logarithmic", "period_ratio": 2.3333333333333335}, "IV": {"m": 7.510710668630219e+24, "r": 7873468.581727087, "msmp": 0.001367046413694556, "rsrp": 0.08299598870334109, "a": 2652436513.4415407, "aRp": 27.959924983613043, "e": 0.0, "inc": 0.17114664782282626, "pomega": 2.180483349926309, "f": 5.930034977883164, "P": 1416442.565999813, "RHill": 204110650.2019445, "spacing": "logarithmic", "period_ratio": 3.0}, "V": {"m": 1.2017137069808342e+25, "r": 7711924.877878978, "msmp": 0.002187274261911288, "rsrp": 0.08129312048452456, "a": 6685545592.252669, "aRp": 70.47382747395937, "e": 0.0, "inc": 0.17114664782282626, "pomega": 5.48325582462737, "f": 2.765506404330169, "P": 5665770.263999252, "RHill": 601724254.3846334, "spacing": "logarithmic", "period_ratio": 4.0}}