{"Planet": {"m": 7.984801766460537e+25, "Rp": 23541792.3, "Rstar": 660915000.0, "RpRstar": 0.03562, "rhostar": 1529.1969518658684, "impact": 0.11794796419430775, "q1": 0.37871715999999994, "q2": 0.34367890802729933, "a": 179448178890.07037, "Pp": 497.58587268053026, "rhoplan": 1461.0226811203274, "aRp": null, "e": null, "inc": null, "pomega": null, "f": null, "P": 42991419.399597816, "RHill": 4365061802.058758}, "I": {"m": 7.374586580846547e+23, "r": 3476271.7065256713, "msmp": 0.009235779167145833, "rsrp": 0.1476638508328727, "a": 473771890.14769727, "aRp": 20.124716253982804, "e": 0.0, "inc": -0.025466900476644933, "pomega": 3.9851946412774217, "f": 4.251628341671876, "P": 883491.859468864, "RHill": 68921287.9638112, "spacing": "linear", "period_ratio": NaN}}