{"Planet": {"m": 2.772398979089121e+25, "Rp": 12119094.0, "Rstar": 452205000.0, "RpRstar": 0.0268, "rhostar": 3747.434762838393, "impact": 0.33506201207333075, "q1": 0.09235521000000001, "q2": 0.04886475814412636, "a": 209912957783.26376, "Pp": 710.5646592658537, "rhoplan": 3718.404730346789, "aRp": null, "e": null, "inc": null, "pomega": null, "f": null, "P": 61392786.56056976, "RHill": 3890521471.175912}, "I": {"m": 1.1091700510439986e+22, "r": 1017179.2544678454, "msmp": 0.0004000759123812761, "rsrp": 0.08393195518310571, "a": 94713525.49350114, "aRp": 7.815231525846828, "e": 0.0, "inc": -0.16995970523721157, "pomega": 2.1873955449837124, "f": 1.3076616285869307, "P": 134610.91836806372, "RHill": 4838963.939733386, "spacing": "logarithmic", "period_ratio": NaN}, "II": {"m": 1.7843170386359982e+22, "r": 1201853.3330036707, "msmp": 0.0006436003807872705, "rsrp": 0.09917022947455237, "a": 281130930.90269405, "aRp": 23.19735542134536, "e": 0.0, "inc": -0.16995970523721157, "pomega": 1.8342452156872902, "f": 4.147945415810826, "P": 688291.452479099, "RHill": 16829594.159495648, "spacing": "logarithmic", "period_ratio": 5.113191863063578}}