{"Planet": {"m": 5.499740734644265e+23, "Rp": 3292052.4, "Rstar": 139140000.0, "RpRstar": 0.02366, "rhostar": 88111.23901922035, "impact": 0.14065240914849186, "q1": 0.3602400400000001, "q2": 0.23017327557480835, "a": 83382339701.6605, "Pp": 214.94943228950484, "rhoplan": 3680.0472047190096, "aRp": null, "e": null, "inc": null, "pomega": null, "f": null, "P": 18571630.949813217, "RHill": 474594199.9131281}, "I": {"m": 3.550677819362142e+20, "r": 629084.4207750278, "msmp": 0.0006456082187648447, "rsrp": 0.19109186134917774, "a": 29452583.97422591, "aRp": 8.94657204551966, "e": 0.0, "inc": 0.002391340209253162, "pomega": 5.299768464921756, "f": 1.019862961651412, "P": 165710.81593430278, "RHill": 1764978.156166877, "spacing": "logarithmic", "period_ratio": NaN}, "II": {"m": 5.829471046713965e+19, "r": 585783.4594897918, "msmp": 0.00010599537920019839, "rsrp": 0.17793868028643522, "a": 80263912.2572596, "aRp": 24.381116247499467, "e": 0.0, "inc": 0.002391340209253162, "pomega": 3.532760055701934, "f": 5.2256194633968835, "P": 745698.6717043625, "RHill": 2633756.076074921, "spacing": "logarithmic", "period_ratio": 4.5}, "III": {"m": 2.384783610019349e+20, "r": 814604.574862568, "msmp": 0.0004336174603644479, "rsrp": 0.2474458106628461, "a": 202274467.89671147, "aRp": 61.44327104170987, "e": 0.0, "inc": 0.002391340209253162, "pomega": 2.9785276883719614, "f": 1.697886458645789, "P": 2982794.68681745, "RHill": 10615396.891215311, "spacing": "logarithmic", "period_ratio": 4.0}, "IV": {"m": 3.8156537760309576e+20, "r": 635089.7883383025, "msmp": 0.0006937879365831165, "rsrp": 0.19291606304270933, "a": 355874251.3788533, "aRp": 108.1010288228867, "e": 0.0, "inc": 0.002391340209253162, "pomega": 4.546967585033652, "f": 5.80498708548105, "P": 6959854.269240717, "RHill": 21843977.962279808, "spacing": "logarithmic", "period_ratio": 2.3333333333333335}}