{"Planet": {"m": 9.82526377954942e+25, "Rp": 27192825.900000002, "Rstar": 897453000.0, "RpRstar": 0.030300000000000004, "rhostar": 689.5590444274424, "impact": 0.31926532834565235, "q1": 0.26163225000000007, "q2": 0.21691104594330396, "a": 21260363779.602577, "Pp": 19.096838603907003, "rhoplan": 1166.521057699668, "aRp": null, "e": null, "inc": null, "pomega": null, "f": null, "P": 1649966.8553775651, "RHill": 532206216.23748356}, "I": {"m": 5.6519690324957955e+23, "r": 2814924.0114240106, "msmp": 0.005752485795098919, "rsrp": 0.10351715639175296, "a": 213077013.31106976, "aRp": 7.835780440570899, "e": 0.0, "inc": -0.05817764173314431, "pomega": 2.5292350096407477, "f": 3.3850904340210453, "P": 240638.0174262037, "RHill": 26471671.658138566, "spacing": "linear", "period_ratio": NaN}}