{"Planet": {"m": 3.075358646928502e+25, "Rp": 12685115.52, "Rstar": 535689000.0, "RpRstar": 0.02368, "rhostar": 2316.009725979599, "impact": 0.34773862663185817, "q1": 0.40411449000000005, "q2": 0.2892873997168476, "a": 46432369886.580894, "Pp": 72.93004387948805, "rhoplan": 3596.86287446984, "aRp": null, "e": null, "inc": null, "pomega": null, "f": null, "P": 6301155.791187768, "RHill": 882856185.9633352}, "I": {"m": 1.188493058482627e+23, "r": 2092574.8646740345, "msmp": 0.0038645673397137864, "rsrp": 0.16496301207306896, "a": 73716434.6707548, "aRp": 5.811254501744956, "e": 0.0, "inc": -0.08544241112623505, "pomega": 1.5244532008418519, "f": 4.707833215460492, "P": 87606.84532792679, "RHill": 8020920.227141203, "spacing": "logarithmic", "period_ratio": NaN}, "II": {"m": 8.463511174042952e+22, "r": 2031100.9113870317, "msmp": 0.00275204037828103, "rsrp": 0.16011686359376817, "a": 155612302.7625687, "aRp": 12.267314595379318, "e": 0.0, "inc": -0.08544241112623505, "pomega": 4.974895297223801, "f": 3.337333449988077, "P": 268842.6938371885, "RHill": 15120115.608204277, "spacing": "logarithmic", "period_ratio": 3.0687407226098165}, "III": {"m": 1.8007470583070113e+22, "r": 1365162.9395413373, "msmp": 0.0005855405060172405, "rsrp": 0.10761927531435972, "a": 296000989.84654427, "aRp": 23.334512750778977, "e": 0.0, "inc": -0.08544241112623505, "pomega": 4.0606004055400025, "f": 1.9806580746304687, "P": 706060.2386329884, "RHill": 17170056.583218325, "spacing": "logarithmic", "period_ratio": 2.626295059595629}}