{"Planet": {"m": 2.4479789679266294e+25, "Rp": 11155966.92, "Rstar": 584388000.0, "RpRstar": 0.01909, "rhostar": 2093.129530744896, "impact": 0.10334489008434833, "q1": 0.39904488999999993, "q2": 0.24908975779642237, "a": 149070294020.14594, "Pp": 387.3045481676968, "rhoplan": 4209.179237117396, "aRp": null, "e": null, "inc": null, "pomega": null, "f": null, "P": 33463112.961689003, "RHill": 2490522041.7869763}, "I": {"m": 4.536136677890977e+22, "r": 1595567.436194759, "msmp": 0.001853012929164567, "rsrp": 0.14302367940283917, "a": 193266577.2953619, "aRp": 17.324054354166364, "e": 0.0, "inc": 0.16049907462834143, "pomega": 2.705181792920104, "f": 2.938939662134106, "P": 417259.55863069766, "RHill": 16459216.344274342, "spacing": "linear", "period_ratio": NaN}, "II": {"m": 1.7955541016651783e+22, "r": 1376094.1165059812, "msmp": 0.0007334842844609744, "rsrp": 0.12335050169779288, "a": 367626194.6260787, "aRp": 32.953324195235126, "e": 0.0, "inc": 0.16049907462834143, "pomega": 4.220209273229133, "f": 2.5650527476654736, "P": 1095276.1299173085, "RHill": 22987741.33062458, "spacing": "linear", "period_ratio": 2.624927595455519}, "III": {"m": 6.237187932100093e+22, "r": 1748619.4383064052, "msmp": 0.0025478927776012793, "rsrp": 0.15674297448583732, "a": 794603142.817981, "aRp": 71.22673888477082, "e": 0.0, "inc": 0.16049907462834143, "pomega": 2.8761015252486217, "f": 4.6343125953044755, "P": 3477330.892694143, "RHill": 75249492.64267583, "spacing": "linear", "period_ratio": 3.1748440395178483}}