{"Planet": {"m": 2.3008842394740092e+24, "Rp": 4901345.639999999, "Rstar": 396548999.99999994, "RpRstar": 0.01236, "rhostar": 4567.493882514543, "impact": 0.47150800059583053, "q1": 0.3701505600000001, "q2": 0.22016765285996057, "a": 38591434640.124664, "Pp": 61.7832358786693, "rhoplan": 4665.09154643315, "aRp": null, "e": null, "inc": null, "pomega": null, "f": null, "P": 5338071.579917028, "RHill": 333065545.2639196}, "I": {"m": 8.324394490691647e+21, "r": 1179393.2864012148, "msmp": 0.0036179110395378406, "rsrp": 0.24062642650135874, "a": 44734691.39807202, "aRp": 9.1270223901353, "e": 0.0, "inc": -0.14726815580634223, "pomega": 1.9951108461141303, "f": 0.29659600609948644, "P": 151430.05803309905, "RHill": 4761641.070033754, "spacing": "linear", "period_ratio": NaN}, "II": {"m": 6.14724516235691e+21, "r": 925011.6376034411, "msmp": 0.0026716881522740985, "rsrp": 0.18872605719833327, "a": 81606851.9202596, "aRp": 16.649887176750834, "e": 0.0, "inc": -0.14726815580634223, "pomega": 6.067650497662375, "f": 5.550492631094838, "P": 373284.6942191434, "RHill": 7851418.519842426, "spacing": "linear", "period_ratio": 2.465063403314236}, "III": {"m": 5.763042339709602e+21, "r": 903020.2956380219, "msmp": 0.0025047076427569667, "rsrp": 0.1842392603917691, "a": 157302428.32403576, "aRp": 32.09372280140517, "e": 0.0, "inc": -0.14726815580634223, "pomega": 4.196959162581504, "f": 2.871074474297783, "P": 999055.3551256071, "RHill": 14812010.881290127, "spacing": "linear", "period_ratio": 2.676389818809699}}