{"Planet": {"m": 4.560872403498204e+25, "Rp": 16422694.2, "Rstar": 807012000.0, "RpRstar": 0.02035, "rhostar": 966.409300817641, "impact": 0.3327897687271416, "q1": 0.37871715999999994, "q2": 0.34367890802729933, "a": 49517381444.97634, "Pp": 67.24349390242074, "rhoplan": 2458.250265289697, "aRp": null, "e": null, "inc": null, "pomega": null, "f": null, "P": 5809837.873169152, "RHill": 953754639.7446625}, "I": {"m": 4.497348724355895e+22, "r": 1334117.4663265937, "msmp": 0.0009860720332597803, "rsrp": 0.08123621191988058, "a": 49178052.6725799, "aRp": 2.994517956291234, "e": 0.0, "inc": 0.022255173480275725, "pomega": 1.3189724932263178, "f": 2.044124592884808, "P": 39255.09381832123, "RHill": 3393911.0570487017, "spacing": "logarithmic", "period_ratio": NaN}, "II": {"m": 3.0771333377171934e+22, "r": 1469882.0702715018, "msmp": 0.0006746808648619554, "rsrp": 0.0895031017670354, "a": 67267652.98645425, "aRp": 4.096018117810064, "e": 0.0, "inc": 0.022255173480275725, "pomega": 3.664720143161451, "f": 3.44667180816882, "P": 62808.15010931397, "RHill": 4090709.643022734, "spacing": "logarithmic", "period_ratio": 1.6}, "III": {"m": 8.521292319832224e+22, "r": 1863290.1094738992, "msmp": 0.0018683470103869524, "rsrp": 0.1134582478844366, "a": 160014673.68272948, "aRp": 9.74350930085086, "e": 0.0, "inc": 0.022255173480275725, "pomega": 4.00970151466276, "f": 3.7313285682600643, "P": 230296.55040081788, "RHill": 13664861.65229101, "spacing": "logarithmic", "period_ratio": 3.6666666666666665}, "IV": {"m": 1.0414912835350498e+23, "r": 2114547.9097895995, "msmp": 0.002283535234917387, "rsrp": 0.12875767423043166, "a": 403267402.49089634, "aRp": 24.555496045886088, "e": 0.0, "inc": 0.022255173480275725, "pomega": 5.667371565701839, "f": 1.5407911164320778, "P": 921186.2016032715, "RHill": 36820408.74931081, "spacing": "logarithmic", "period_ratio": 4.0}, "V": {"m": 8.757994884272004e+22, "r": 1728705.6897921828, "msmp": 0.0019202455384532558, "rsrp": 0.10526322104884489, "a": 791460234.1060038, "aRp": 48.19308113926908, "e": 0.0, "inc": 0.022255173480275725, "pomega": 4.59723809454204, "f": 2.1578616206475347, "P": 2533262.054408997, "RHill": 68208882.73982738, "spacing": "logarithmic", "period_ratio": 2.75}}