{"Planet": {"m": 1.7205668299202623e+25, "Rp": 9216842.31, "Rstar": 549603000.0, "RpRstar": 0.01677, "rhostar": 2430.462601663148, "impact": 0.39004175364881766, "q1": 0.39904488999999993, "q2": 0.24908975779642237, "a": 60453519115.54088, "Pp": 101.77263430703206, "rhoplan": 5246.098794966013, "aRp": null, "e": null, "inc": null, "pomega": null, "f": null, "P": 8793155.604127571, "RHill": 908441025.357517}, "I": {"m": 1.1836651373327985e+22, "r": 1072864.8231643843, "msmp": 0.0006879506897082597, "rsrp": 0.11640264497097426, "a": 64844633.01324442, "aRp": 7.035449976494652, "e": 0.0, "inc": 0.16112745599719627, "pomega": 5.378316136028611, "f": 5.3148496177742715, "P": 96783.86320713475, "RHill": 3969045.296301573, "spacing": "logarithmic", "period_ratio": NaN}, "II": {"m": 1.3745788691606686e+22, "r": 1324795.9530557666, "msmp": 0.000798910478370882, "rsrp": 0.14373642387462812, "a": 176752309.46356145, "aRp": 19.177100303841634, "e": 0.0, "inc": 0.16112745599719627, "pomega": 3.574861607415208, "f": 5.68685138813634, "P": 435527.3844321064, "RHill": 11371664.842877312, "spacing": "logarithmic", "period_ratio": 4.5}, "III": {"m": 1.2600306300639462e+22, "r": 988219.0355901076, "msmp": 0.0007323346051733085, "rsrp": 0.10721882856972818, "a": 488870713.51594913, "aRp": 53.04101958927288, "e": 0.0, "inc": 0.16112745599719627, "pomega": 5.290342744388933, "f": 2.5009578480422796, "P": 2003425.9683876892, "RHill": 30553206.002368573, "spacing": "logarithmic", "period_ratio": 4.6}}