{"Planet": {"m": 3.706532754861441e+25, "Rp": 14885823.33, "Rstar": 1120077000.0, "RpRstar": 0.01329, "rhostar": 385.1044297545693, "impact": 0.2566210227921546, "q1": 0.37234403999999993, "q2": 0.25901343821697803, "a": 156223086181.44067, "Pp": 365.06664286517116, "rhoplan": 2682.6292281547976, "aRp": null, "e": null, "inc": null, "pomega": null, "f": null, "P": 31541757.943550788, "RHill": 2749310696.0467806}, "I": {"m": 2.979886416339006e+22, "r": 1412962.2998948114, "msmp": 0.0008039552361787779, "rsrp": 0.0949199966015458, "a": 50484393.60612218, "aRp": 3.3914411374464555, "e": 0.0, "inc": 0.05622267747448481, "pomega": 2.8761015252486217, "f": 5.3889986192991435, "P": 45295.42041455777, "RHill": 3254822.7925019464, "spacing": "logarithmic", "period_ratio": NaN}, "II": {"m": 8.542341060171812e+22, "r": 2211228.1180369677, "msmp": 0.0023046716770458286, "rsrp": 0.148545906330931, "a": 87676376.47528063, "aRp": 5.889924563230768, "e": 0.0, "inc": 0.05622267747448481, "pomega": 1.3617024263084472, "f": 1.636305084498014, "P": 103589.82449564856, "RHill": 8029931.911954264, "spacing": "logarithmic", "period_ratio": 2.2869822941825526}, "III": {"m": 8.145022871326616e+22, "r": 1914699.5108250182, "msmp": 0.002197477645555326, "rsrp": 0.12862570436169607, "a": 183097092.90241352, "aRp": 12.300098479162424, "e": 0.0, "inc": 0.05622267747448481, "pomega": 2.968473586470284, "f": 0.25009578480422795, "P": 312635.72681304225, "RHill": 16505012.310767695, "spacing": "logarithmic", "period_ratio": 3.0180157977405875}, "IV": {"m": 4.966477360565012e+22, "r": 1792487.3695342443, "msmp": 0.0013399253936312969, "rsrp": 0.1204157358177006, "a": 341485939.61005324, "aRp": 22.9403461293164, "e": 0.0, "inc": 0.05622267747448481, "pomega": 4.408095302516732, "f": 3.46740839334103, "P": 796638.9913004816, "RHill": 26103131.68793925, "spacing": "logarithmic", "period_ratio": 2.548138050060017}, "V": {"m": 1.7879318498034047e+22, "r": 1326388.2463789291, "msmp": 0.000482373141707267, "rsrp": 0.08910412390195478, "a": 1291449432.8453386, "aRp": 86.75700391006444, "e": 0.0, "inc": 0.05622267747448481, "pomega": 1.5043449970384968, "f": 1.7349609594082247, "P": 5861442.020489497, "RHill": 70226015.36070432, "spacing": "logarithmic", "period_ratio": 7.357714202415482}}