{"Planet": {"m": 3.555918727307215e+25, "Rp": 14188105.799999999, "Rstar": 1252260000.0, "RpRstar": 0.01133, "rhostar": 314.251332578838, "impact": 0.42148874041642803, "q1": 0.379456, "q2": 0.25681818181818183, "a": 240790440300.52997, "Pp": 654.1758492559204, "rhoplan": 2972.2816622178816, "aRp": null, "e": null, "inc": null, "pomega": null, "f": null, "P": 56520793.37571152, "RHill": 4000365536.9196105}, "I": {"m": 1.3491393881393768e+22, "r": 1082633.893561468, "msmp": 0.00037940669953417006, "rsrp": 0.07630573868158412, "a": 68743011.57243243, "aRp": 4.845115517282965, "e": 0.0, "inc": -0.17407909421081555, "pomega": 2.152834569696696, "f": 2.6875871145921684, "P": 73495.63614229775, "RHill": 3450561.729174716, "spacing": "logarithmic", "period_ratio": NaN}, "II": {"m": 1.6575141054283772e+22, "r": 1203670.2803060496, "msmp": 0.000466128230856266, "rsrp": 0.08483657348439351, "a": 163463975.4747532, "aRp": 11.52119795122709, "e": 0.0, "inc": -0.17407909421081555, "pomega": 1.4100877917102703, "f": 5.642236310947646, "P": 269483.9991884251, "RHill": 8787866.298340114, "spacing": "logarithmic", "period_ratio": 3.6666666666666665}, "III": {"m": 2.4284508986508797e+22, "r": 1400466.1055554633, "msmp": 0.0006829320591615064, "rsrp": 0.09870705260426402, "a": 411933158.5942062, "aRp": 29.033696562525368, "e": 0.0, "inc": -0.17407909421081555, "pomega": 3.334191543143803, "f": 3.4491853336442393, "P": 1077935.9967537003, "RHill": 25152365.41432011, "spacing": "logarithmic", "period_ratio": 4.0}, "IV": {"m": 5.011089155946261e+21, "r": 994627.7545258033, "msmp": 0.00014092248839840614, "rsrp": 0.07010292765971644, "a": 653785048.0134115, "aRp": 46.07979791167131, "e": 0.0, "inc": -0.17407909421081555, "pomega": 3.1469338952250596, "f": 4.986206161863188, "P": 2155871.9935074006, "RHill": 23589641.10974479, "spacing": "logarithmic", "period_ratio": 2.0}, "V": {"m": 9.636709915281267e+21, "r": 1016349.8004967619, "msmp": 0.00027100478538155014, "rsrp": 0.07163393160606132, "a": 949465475.1095437, "aRp": 66.91981921290323, "e": 0.0, "inc": -0.17407909421081555, "pomega": 4.842935209764284, "f": 1.5514735997026101, "P": 3772775.988637951, "RHill": 42602107.01816539, "spacing": "logarithmic", "period_ratio": 1.75}}