{"Planet": {"m": 2.95039222072329e+25, "Rp": 12315629.25, "Rstar": 674829000.0, "RpRstar": 0.01825, "rhostar": 1498.3311981161924, "impact": 0.34594694197309783, "q1": 0.37234403999999993, "q2": 0.25901343821697803, "a": 27940671758.62584, "Pp": 29.93480167019385, "rhoplan": 3770.694311057616, "aRp": null, "e": null, "inc": null, "pomega": null, "f": null, "P": 2586366.8643047484, "RHill": 480909985.76541525}, "I": {"m": 1.9605795967019237e+22, "r": 1257489.605209933, "msmp": 0.0006645149017581421, "rsrp": 0.10210518518247315, "a": 51278435.97582524, "aRp": 4.163687858322403, "e": 0.0, "inc": 0.09884788032847172, "pomega": 4.648765366788137, "f": 4.693380443976831, "P": 51975.06431744123, "RHill": 3102624.80560647, "spacing": "logarithmic", "period_ratio": NaN}, "II": {"m": 1.5178680748660056e+22, "r": 1170696.9771131668, "msmp": 0.0005144631497482391, "rsrp": 0.09505782882455371, "a": 88044332.74503103, "aRp": 7.148991818264668, "e": 0.0, "inc": 0.09884788032847172, "pomega": 5.111882435634157, "f": 5.1634097078802546, "P": 116943.89471424278, "RHill": 4891541.5361140985, "spacing": "logarithmic", "period_ratio": 2.25}, "III": {"m": 2.1503131060601734e+22, "r": 1195239.9579539394, "msmp": 0.0007288227954766716, "rsrp": 0.0970506608871763, "a": 221873659.47040778, "aRp": 18.015616982819434, "e": 0.0, "inc": 0.09884788032847172, "pomega": 3.845693977391646, "f": 0.395251881009697, "P": 467775.5788569711, "RHill": 13844352.356273277, "spacing": "logarithmic", "period_ratio": 4.0}, "IV": {"m": 3.794670187165012e+22, "r": 1540137.1736418763, "msmp": 0.001286157874370597, "rsrp": 0.1250554999974424, "a": 426742112.3548142, "aRp": 34.65045136486341, "e": 0.0, "inc": 0.09884788032847172, "pomega": 3.4868882157755303, "f": 3.753950297538839, "P": 1247401.5436185896, "RHill": 32177812.104367927, "spacing": "logarithmic", "period_ratio": 2.6666666666666665}}