{"Planet": {"m": 4.754052117246043e+25, "Rp": 17008473.599999998, "Rstar": 890496000.0, "RpRstar": 0.0191, "rhostar": 799.9601320867325, "impact": 0.16157037879874936, "q1": 0.29822521, "q2": 0.23274125618018676, "a": 72616607102.90692, "Pp": 113.23648905019802, "rhoplan": 2306.6372882629166, "aRp": null, "e": null, "inc": null, "pomega": null, "f": null, "P": 9783632.653937109, "RHill": 1368776553.4411278}, "I": {"m": 7.211079730193626e+22, "r": 1993188.4575666664, "msmp": 0.001516828076838776, "rsrp": 0.11718796785895394, "a": 68386061.97057173, "aRp": 4.020705418890248, "e": 0.0, "inc": 0.06997724743719638, "pomega": 3.9449782336707115, "f": 5.2419573789871095, "P": 63032.90240502181, "RHill": 5448027.572836541, "spacing": "logarithmic", "period_ratio": NaN}, "II": {"m": 1.6152818595633724e+23, "r": 2009227.240084597, "msmp": 0.0033976948921188585, "rsrp": 0.11813095562464801, "a": 186900014.54663175, "aRp": 10.988641246833096, "e": 0.0, "inc": 0.06997724743719638, "pomega": 0.9790181726758471, "f": 5.333701058839917, "P": 284526.34865639504, "RHill": 19481858.112913452, "spacing": "logarithmic", "period_ratio": 4.513933799655193}, "III": {"m": 2.1921682379788625e+23, "r": 2978883.797252461, "msmp": 0.004611157353589879, "rsrp": 0.17514116006579575, "a": 529560224.61853737, "aRp": 31.135082257971547, "e": 0.0, "inc": 0.06997724743719638, "pomega": 3.8211871040063072, "f": 1.963691777671388, "P": 1356185.4330751768, "RHill": 61114592.500631206, "spacing": "logarithmic", "period_ratio": 4.766466935239655}}