{"Planet": {"m": 4.241732230587557e+25, "Rp": 15927634.08, "Rstar": 570474000.0, "RpRstar": 0.02792, "rhostar": 2198.913699932662, "impact": 0.29881924516488134, "q1": 0.39904488999999993, "q2": 0.24908975779642237, "a": 22576602770.937, "Pp": 23.09104483966764, "rhoplan": 2506.1140471710673, "aRp": null, "e": null, "inc": null, "pomega": null, "f": null, "P": 1995066.274147284, "RHill": 456524899.32975405}, "I": {"m": 4.399939557563485e+22, "r": 1731252.9122130708, "msmp": 0.0010372978109827581, "rsrp": 0.10869492000616521, "a": 194894940.26180583, "aRp": 12.236276855865954, "e": 0.0, "inc": -0.009303535266656449, "pomega": 4.687096630288282, "f": 3.7244163732026614, "P": 321130.1623843478, "RHill": 13679218.918836847, "spacing": "linear", "period_ratio": NaN}}