{"Planet": {"m": 8.493094188864344e+27, "Rp": 87416096.4, "Rstar": 3088908000.0000005, "RpRstar": 0.0283, "rhostar": 21.582769819811638, "impact": 0.13940888127336415, "q1": 0.38019556000000004, "q2": 0.27254297761920204, "a": 188957388305.23328, "Pp": 447.2111903276329, "rhoplan": 3035.3103596154065, "aRp": null, "e": null, "inc": null, "pomega": null, "f": null, "P": 38639046.84430748, "RHill": 19281546762.751945}, "I": {"m": 3.298328412107316e+24, "r": 5120112.938274795, "msmp": 0.00038835415441782037, "rsrp": 0.05857174077925075, "a": 256804131.85406202, "aRp": 2.9377213400032582, "e": 0.0, "inc": -0.10687719781939474, "pomega": 1.7198798065557084, "f": 0.16023724905798525, "P": 34337.030417842994, "RHill": 12990850.17189378, "spacing": "logarithmic", "period_ratio": NaN}, "II": {"m": 6.509858708106544e+24, "r": 7035944.462737764, "msmp": 0.0007664884626667506, "rsrp": 0.08048797363980398, "a": 350425327.1252429, "aRp": 4.008704821612726, "e": 0.0, "inc": -0.10687719781939474, "pomega": 3.12494054731514, "f": 3.1312243610036883, "P": 54723.12503198498, "RHill": 22236014.22734516, "spacing": "logarithmic", "period_ratio": 1.5937058145700478}, "III": {"m": 2.517145367134531e+24, "r": 4994076.697915346, "msmp": 0.00029637553889781036, "rsrp": 0.05712994406731877, "a": 960389289.8361286, "aRp": 10.986412450191823, "e": 0.0, "inc": -0.10687719781939474, "pomega": 2.955277577724332, "f": 6.094042515154278, "P": 248342.27256768793, "RHill": 44397073.32640571, "spacing": "logarithmic", "period_ratio": 4.53815955178976}, "IV": {"m": 4.600300153728627e+24, "r": 5645970.657209744, "msmp": 0.0005416518469511707, "rsrp": 0.06458731160191389, "a": 2795212224.941893, "aRp": 31.975944248888844, "e": 0.0, "inc": -0.10687719781939474, "pomega": 4.823455387329783, "f": 5.897359146702712, "P": 1232958.9869573123, "RHill": 157984487.2307902, "spacing": "logarithmic", "period_ratio": 4.964756802011056}, "V": {"m": 6.075868127566108e+24, "r": 7035498.633678633, "msmp": 0.0007153892318223006, "rsrp": 0.08048287356009907, "a": 4893314567.467414, "aRp": 55.97727156651453, "e": 0.0, "inc": -0.10687719781939474, "pomega": 5.7346083721693075, "f": 3.5534966408741435, "P": 2855574.203850858, "RHill": 303442809.00665087, "spacing": "logarithmic", "period_ratio": 2.3160334074840754}}