{"Planet": {"m": 6.357511606053918e+24, "Rp": 6483576.15, "Rstar": 758313000.0, "RpRstar": 0.00855, "rhostar": 1197.469559939027, "impact": 0.1965832401782538, "q1": 0.37234403999999993, "q2": 0.25901343821697803, "a": 170647025431.39618, "Pp": 424.2886544258215, "rhoplan": 5568.711313547815, "aRp": null, "e": null, "inc": null, "pomega": null, "f": null, "P": 36658539.742390975, "RHill": 1688578127.9730377}, "I": {"m": 4.290730599025737e+21, "r": 1004126.866043731, "msmp": 0.0006749072380677849, "rsrp": 0.15487237950366803, "a": 43523172.68117185, "aRp": 6.712834348551894, "e": 0.0, "inc": -0.11577926721150503, "pomega": 4.3169800040327795, "f": 0.07414900152487161, "P": 87552.3364662581, "RHill": 2647046.009400012, "spacing": "logarithmic", "period_ratio": NaN}, "II": {"m": 5.826918097442361e+20, "r": 748907.109577652, "msmp": 9.165406936723007e-05, "rsrp": 0.11550833864697524, "a": 113375039.53582332, "aRp": 17.486497715589152, "e": 0.0, "inc": -0.11577926721150503, "pomega": 2.3721396674270365, "f": 0.6403206148630862, "P": 368205.0167702714, "RHill": 3544276.680326488, "spacing": "logarithmic", "period_ratio": 4.205541869372891}, "III": {"m": 1.3242995676005364e+21, "r": 701994.5711027127, "msmp": 0.00020830470310734104, "rsrp": 0.10827274252076342, "a": 294942296.30928975, "aRp": 45.490681297741794, "e": 0.0, "inc": -0.11577926721150503, "pomega": 1.8053396727199673, "f": 3.041365825257446, "P": 1544876.5585212174, "RHill": 12122615.505109206, "spacing": "logarithmic", "period_ratio": 4.195696658541426}, "IV": {"m": 9.534956886723861e+20, "r": 687268.9947990945, "msmp": 0.00014997938623728554, "rsrp": 0.1060015304669622, "a": 752656882.5023301, "aRp": 116.08668813156919, "e": 0.0, "inc": -0.11577926721150503, "pomega": 3.4900301226198045, "f": 0.2909405737797928, "P": 6297909.512500184, "RHill": 27726846.390288677, "spacing": "logarithmic", "period_ratio": 4.07664254969902}}