{"Planet": {"m": 4.197743428425663e+25, "Rp": 15603159.600000001, "Rstar": 584388000.0, "RpRstar": 0.0267, "rhostar": 2069.343967895522, "impact": 0.48499660645028797, "q1": 0.39050001, "q2": 0.361577852456393, "a": 67549535175.20426, "Pp": 118.81710342325866, "rhoplan": 2638.0901280451617, "aRp": null, "e": null, "inc": null, "pomega": null, "f": null, "P": 10265797.735769548, "RHill": 1355955766.7764523}, "I": {"m": 8.300944475301304e+20, "r": 682067.8489299834, "msmp": 1.9774778084554158e-05, "rsrp": 0.043713444354564146, "a": 77648957.04213127, "aRp": 4.976489315800581, "e": 0.0, "inc": -0.07992661911073141, "pomega": 2.467653635492973, "f": 0.4002789319605357, "P": 81220.97666994431, "RHill": 1455902.9120878968, "spacing": "logarithmic", "period_ratio": NaN}, "II": {"m": 1.2074101054983706e+21, "r": 613102.3678110704, "msmp": 2.87633135775333e-05, "rsrp": 0.03929347539398817, "a": 99589486.73978627, "aRp": 6.382648725825137, "e": 0.0, "inc": -0.07992661911073141, "pomega": 0.8294634068883943, "f": 3.003662943126155, "P": 117973.117692565, "RHill": 2115693.318595984, "spacing": "logarithmic", "period_ratio": 1.4524956794347532}, "III": {"m": 6.716218711834688e+21, "r": 985655.7552823148, "msmp": 0.000159995931775029, "rsrp": 0.06317026682738762, "a": 150103997.23937324, "aRp": 9.620102664294558, "e": 0.0, "inc": -0.07992661911073141, "pomega": 4.83727977744459, "f": 3.7036797880304513, "P": 218284.4042375753, "RHill": 5650082.891339961, "spacing": "logarithmic", "period_ratio": 1.8502893583470346}, "IV": {"m": 6.716218711834688e+21, "r": 970438.2401268284, "msmp": 0.000159995931775029, "rsrp": 0.062194982619214405, "a": 184291081.28718278, "aRp": 11.811138641892938, "e": 0.0, "inc": -0.07992661911073141, "pomega": 5.5630602584719355, "f": 5.255781769101916, "P": 296955.10704392457, "RHill": 6936923.097036116, "spacing": "logarithmic", "period_ratio": 1.360404597301079}, "V": {"m": 6.640755580241043e+21, "r": 973826.6983166453, "msmp": 0.00015819822467643327, "rsrp": 0.0624121474932965, "a": 332024173.62043726, "aRp": 21.27929099824354, "e": 0.0, "inc": -0.07992661911073141, "pomega": 5.17849086073277, "f": 3.6666052872680157, "P": 718107.1789468494, "RHill": 12450777.954307577, "spacing": "logarithmic", "period_ratio": 2.4182348170244787}}