{"Planet": {"m": 6.355885290608586e+25, "Rp": 20697075.000000004, "Rstar": 1182690000.0, "RpRstar": 0.0175, "rhostar": 364.4250716203048, "impact": 0.22295016237282328, "q1": 0.31292836, "q2": 0.2426707186271005, "a": 173835289422.5116, "Pp": 405.98491833453085, "rhoplan": 1711.4354399510235, "aRp": null, "e": null, "inc": null, "pomega": null, "f": null, "P": 35077096.944103464, "RHill": 3532262737.039641}, "I": {"m": 1.0340960612799813e+23, "r": 2553264.4556779126, "msmp": 0.0016269898118015987, "rsrp": 0.12336354077462212, "a": 98876051.26800793, "aRp": 4.777295886882949, "e": 0.0, "inc": -0.15627495542659497, "pomega": 4.041120583105503, "f": 5.871595510579664, "P": 94770.38458578777, "RHill": 8063290.505659673, "spacing": "linear", "period_ratio": NaN}, "II": {"m": 2.616387624925257e+22, "r": 1419917.189399886, "msmp": 0.00041164802467269414, "rsrp": 0.0686047274506125, "a": 316525051.72952574, "aRp": 15.293226300311792, "e": 0.0, "inc": -0.15627495542659497, "pomega": 0.4342115258786973, "f": 1.7977990962937092, "P": 543139.9451077568, "RHill": 16325870.556885049, "spacing": "linear", "period_ratio": 5.731114709322481}, "III": {"m": 8.098342648578172e+22, "r": 1685500.3841294046, "msmp": 0.0012741486477964336, "rsrp": 0.08143664668217147, "a": 562751484.7411822, "aRp": 27.189904116460035, "e": 0.0, "inc": -0.15627495542659497, "pomega": 2.0208744822371787, "f": 4.685211486181718, "P": 1287026.3950412178, "RHill": 42300898.983362064, "spacing": "linear", "period_ratio": 2.3696036475201194}, "IV": {"m": 3.4885168332336727e+22, "r": 1540409.5880054196, "msmp": 0.000548864032896925, "rsrp": 0.0744264389052762, "a": 1092358930.8100748, "aRp": 52.778420661377254, "e": 0.0, "inc": -0.15627495542659497, "pomega": 5.317991524618546, "f": 5.955170232637358, "P": 3481912.6765269386, "RHill": 62012589.89044675, "spacing": "linear", "period_ratio": 2.7053933702854853}, "V": {"m": 7.475393214072154e+22, "r": 1922165.2349141783, "msmp": 0.0011761372133505534, "rsrp": 0.09287134703402186, "a": 1567627155.6163826, "aRp": 75.74148306542747, "e": 0.0, "inc": -0.15627495542659497, "pomega": 2.4582279149601503, "f": 2.6234922149689743, "P": 5984087.062244454, "RHill": 114733001.96074839, "spacing": "linear", "period_ratio": 1.7186206600141762}}