{"Planet": {"m": 1.2605248911075387e+25, "Rp": 8174475.0, "Rstar": 695700000.0, "RpRstar": 0.01175, "rhostar": 1381.5842278213752, "impact": 0.06914111119014554, "q1": 0.25, "q2": 0.2, "a": 26014818469.453197, "Pp": 26.756362177484984, "rhoplan": 5509.132361008863, "aRp": null, "e": null, "inc": null, "pomega": null, "f": null, "P": 2311749.6921347026, "RHill": 336088403.84548455}, "I": {"m": 6.229352000284771e+22, "r": 2058281.9536432945, "msmp": 0.00494187147293177, "rsrp": 0.2517937792510583, "a": 31236030.075100303, "aRp": 3.8211665061181668, "e": 0.0, "inc": -0.09326226816087312, "pomega": 4.538170245869685, "f": 2.083712619122663, "P": 37723.72507844327, "RHill": 3689033.191978445, "spacing": "logarithmic", "period_ratio": NaN}, "II": {"m": 3.619758594760069e+22, "r": 1651877.3077570428, "msmp": 0.0028716280180549466, "rsrp": 0.20207747993076533, "a": 55495278.33644855, "aRp": 6.788849233308384, "e": 0.0, "inc": -0.09326226816087312, "pomega": 3.315340102078158, "f": 3.7847409846127262, "P": 89425.76663385994, "RHill": 5469215.169678781, "spacing": "logarithmic", "period_ratio": 2.3705444371653828}}