{"Planet": {"m": 2.031120128815296e+25, "Rp": 9984686.4, "Rstar": 361764000.0, "RpRstar": 0.0276, "rhostar": 5414.209043056326, "impact": 0.41839964843850286, "q1": 0.15888196000000002, "q2": 0.16821374811841444, "a": 31307646684.50643, "Pp": 47.58663082291493, "rhoplan": 4871.28695676081, "aRp": null, "e": null, "inc": null, "pomega": null, "f": null, "P": 4111484.90309985, "RHill": 578391611.6191053}, "I": {"m": 1.5837610314102873e+22, "r": 1223106.6581746906, "msmp": 0.0007797475929373302, "rsrp": 0.12249825474485514, "a": 48989244.539701216, "aRp": 4.90643797683032, "e": 0.0, "inc": 0.0489962917326541, "pomega": 5.327417245151369, "f": 3.8362682568588236, "P": 58491.27130312517, "RHill": 3126403.332501087, "spacing": "linear", "period_ratio": NaN}, "II": {"m": 7.56685826118248e+22, "r": 1778130.0907274578, "msmp": 0.003725460721811687, "rsrp": 0.17808572242463797, "a": 116602315.14031684, "aRp": 11.678114912083451, "e": 0.0, "inc": 0.0489962917326541, "pomega": 4.911428778969462, "f": 4.167425238245326, "P": 214467.9947781256, "RHill": 12533145.595570358, "spacing": "linear", "period_ratio": 3.6666666666666665}, "III": {"m": 4.31134947439467e+22, "r": 1886856.1077648948, "msmp": 0.0021226462252182873, "rsrp": 0.18897499953177246, "a": 293662942.60784984, "aRp": 29.41133360060761, "e": 0.0, "inc": 0.0489962917326541, "pomega": 0.9023556456755562, "f": 3.1456771324873496, "P": 857871.9791125024, "RHill": 26167843.509016514, "spacing": "linear", "period_ratio": 4.0}, "IV": {"m": 2.815575166951622e+22, "r": 1394712.225054817, "msmp": 0.0013862179429996982, "rsrp": 0.1396851307272722, "a": 540799228.2477063, "aRp": 54.162865670744175, "e": 0.0, "inc": 0.0489962917326541, "pomega": 3.2393059564467217, "f": 2.3847072948041337, "P": 2144679.947781256, "RHill": 41809292.35354642, "spacing": "linear", "period_ratio": 2.5}}