{"Planet": {"m": 1.6852469043771235e+25, "Rp": 9022533.3, "Rstar": 765270000.0000001, "RpRstar": 0.011789999999999998, "rhostar": 1069.7803324948159, "impact": 0.4330504447555066, "q1": 0.25, "q2": 0.2, "a": 81879094977.15169, "Pp": 147.16595408883853, "rhoplan": 5477.589065650139, "aRp": null, "e": null, "inc": null, "pomega": null, "f": null, "P": 12715138.43327565, "RHill": 1153660527.3004386}, "I": {"m": 3.5555170308564657e+22, "r": 1629510.6280600491, "msmp": 0.002109789978917424, "rsrp": 0.1806045568222008, "a": 60002492.37002967, "aRp": 6.650293257441307, "e": 0.0, "inc": 0.05332514116254303, "pomega": 1.2976075266852531, "f": 3.084095758339575, "P": 86984.42973642894, "RHill": 5335911.450820012, "spacing": "logarithmic", "period_ratio": NaN}, "II": {"m": 3.866624771056405e+22, "r": 1564787.1738693449, "msmp": 0.002294396602072698, "rsrp": 0.1734310222905295, "a": 102843227.26666814, "aRp": 11.398486860299881, "e": 0.0, "inc": 0.05332514116254303, "pomega": 1.9580363453516942, "f": 2.806979574674589, "P": 195169.13221151874, "RHill": 9404985.029023476, "spacing": "logarithmic", "period_ratio": 2.243724914940521}, "III": {"m": 5.777715175141755e+21, "r": 901113.5697053832, "msmp": 0.0003428408715740813, "rsrp": 0.09987367624405255, "a": 219659971.75193, "aRp": 24.345709175928448, "e": 0.0, "inc": 0.05332514116254303, "pomega": 1.5508452183337553, "f": 4.005931226449632, "P": 609813.7161295185, "RHill": 10659611.303275568, "spacing": "logarithmic", "period_ratio": 3.124539773372665}, "IV": {"m": 6.22215480399881e+21, "r": 880574.5891922683, "msmp": 0.00036921324631054896, "rsrp": 0.09759726674461465, "a": 405112071.57065487, "aRp": 44.90003617616516, "e": 0.0, "inc": 0.05332514116254303, "pomega": 4.437000845484055, "f": 1.875090004662855, "P": 1527312.3216232518, "RHill": 20150872.613646332, "spacing": "logarithmic", "period_ratio": 2.504555540857768}}