{"Planet": {"m": 2.0747503205597942e+23, "Rp": 2521634.22, "Rstar": 146097000.0, "RpRstar": 0.01726, "rhostar": 27400.968402478637, "impact": 0.13799722928010139, "q1": 0.11235904, "q2": 0.15244630071599044, "a": 64311113836.46238, "Pp": 242.66267321895984, "rhoplan": 3089.0928528369486, "aRp": null, "e": null, "inc": null, "pomega": null, "f": null, "P": 20966054.96611813, "RHill": 371798889.3830819}, "I": {"m": 2.0161038146034213e+21, "r": 700438.008484993, "msmp": 0.009717332223664632, "rsrp": 0.27777145587951013, "a": 34662442.22851204, "aRp": 13.746023096288738, "e": 0.0, "inc": 0.06746372196177702, "pomega": 2.5223228145833443, "f": 5.08109174856027, "P": 342912.18605507526, "RHill": 5128626.721728985, "spacing": "logarithmic", "period_ratio": NaN}}