{"Planet": {"m": 3.34139487626958e+25, "Rp": 13770268.379999999, "Rstar": 459162000.0, "RpRstar": 0.02999, "rhostar": 3677.7376667176036, "impact": 0.3465419484075687, "q1": 0.40411449000000005, "q2": 0.2892873997168476, "a": 65153775883.30874, "Pp": 121.22276795491977, "rhoplan": 3055.005377548317, "aRp": null, "e": null, "inc": null, "pomega": null, "f": null, "P": 10473647.151305068, "RHill": 1273559913.8700309}, "I": {"m": 3.0273278819775925e+22, "r": 1606234.9827848882, "msmp": 0.0009060072197624783, "rsrp": 0.1166451472447546, "a": 326394499.004439, "aRp": 23.7028422393347, "e": 0.0, "inc": -0.10390984135535797, "pomega": 1.7154811369737246, "f": 4.727313037894993, "P": 784206.97979869, "RHill": 21898429.285889696, "spacing": "linear", "period_ratio": NaN}, "II": {"m": 2.5843042894930663e+22, "r": 1204664.1008753027, "msmp": 0.000773420797358213, "rsrp": 0.08748297909901033, "a": 518096092.2798801, "aRp": 37.624255241994064, "e": 0.0, "inc": -0.10390984135535797, "pomega": 5.758486864185792, "f": 6.267475772958216, "P": 1568413.95959738, "RHill": 32974269.29691229, "spacing": "linear", "period_ratio": 2.0}}