{"Planet": {"m": 2.0306005478469095e+26, "Rp": 40550892.03, "Rstar": 1300959000.0, "RpRstar": 0.03117, "rhostar": 303.98040132315987, "impact": 0.36665943413510105, "q1": 0.379456, "q2": 0.25681818181818183, "a": 91665726746.98878, "Pp": 147.53515075466143, "rhoplan": 727.0004056796336, "aRp": null, "e": null, "inc": null, "pomega": null, "f": null, "P": 12747037.025202747, "RHill": 2649311714.0179205}, "I": {"m": 1.2050472075921732e+23, "r": 2370512.3122385736, "msmp": 0.0005934437518348507, "rsrp": 0.05845771063395701, "a": 73342796.10932322, "aRp": 1.8086604865575682, "e": 0.0, "inc": 0.04822827005960928, "pomega": 2.2841662757873586, "f": 0.8464297038474751, "P": 33890.04339537679, "RHill": 4273432.9921018565, "spacing": "logarithmic", "period_ratio": NaN}, "II": {"m": 1.0902808068691083e+23, "r": 1960284.6311590266, "msmp": 0.0005369252992791502, "rsrp": 0.04834134424734199, "a": 152556291.2389866, "aRp": 3.7620945829286265, "e": 0.0, "inc": 0.04822827005960928, "pomega": 4.940334321936785, "f": 5.672398616652678, "P": 101670.13018613038, "RHill": 8597278.454423238, "spacing": "logarithmic", "period_ratio": 3.0}, "III": {"m": 4.3037400271149e+23, "r": 2950267.904346802, "msmp": 0.0021194419708387502, "rsrp": 0.07275469802647401, "a": 416038881.611709, "aRp": 10.25967274169749, "e": 0.0, "inc": 0.04822827005960928, "pomega": 0.8822474418722012, "f": 3.242447863290996, "P": 457515.5858375867, "RHill": 37053907.42215591, "spacing": "logarithmic", "period_ratio": 4.5}, "IV": {"m": 4.7054224296456236e+23, "r": 3188501.97888577, "msmp": 0.0023172565547837, "rsrp": 0.07862963844363474, "a": 745824515.3776666, "aRp": 18.392308480560608, "e": 0.0, "inc": 0.04822827005960928, "pomega": 0.9048691711509755, "f": 3.814903290317759, "P": 1098037.4060102082, "RHill": 68431218.96079212, "spacing": "logarithmic", "period_ratio": 2.4}, "V": {"m": 4.7054224296456236e+23, "r": 3052490.7656647963, "msmp": 0.0023172565547837, "rsrp": 0.07527555160578292, "a": 1879360012.9039295, "aRp": 46.34571322163661, "e": 0.0, "inc": 0.04822827005960928, "pomega": 1.482980030497432, "f": 2.141523705057309, "P": 4392149.624040833, "RHill": 172435866.47733435, "spacing": "logarithmic", "period_ratio": 4.0}}