{"Planet": {"m": 2.8305037738601235e+25, "Rp": 12096831.6, "Rstar": 973979999.9999999, "RpRstar": 0.01242, "rhostar": 508.63047597100973, "impact": 0.39403535512808874, "q1": 0.3848961600000001, "q2": 0.36355577047066406, "a": 108841519831.76936, "Pp": 227.81456443197422, "rhoplan": 3817.3345612277913, "aRp": null, "e": null, "inc": null, "pomega": null, "f": null, "P": 19683178.366922572, "RHill": 1835108402.33011}, "I": {"m": 2.249226114056295e+22, "r": 1538229.600271181, "msmp": 0.0007946380905152067, "rsrp": 0.12715971017329702, "a": 178848617.8065128, "aRp": 14.784748909500633, "e": 0.0, "inc": 0.1552974732972652, "pomega": 1.7293055270885311, "f": 0.07100709468059739, "P": 345621.72598534153, "RHill": 11485986.359742682, "spacing": "linear", "period_ratio": NaN}, "II": {"m": 6.359880736297109e+22, "r": 1885422.8862017773, "msmp": 0.0022469077042154115, "rsrp": 0.1558608856059282, "a": 622209999.5363034, "aRp": 51.43578253468482, "e": 0.0, "inc": 0.1552974732972652, "pomega": 0.12190598555783977, "f": 2.750425251477653, "P": 2241110.418102237, "RHill": 56505620.18217919, "spacing": "linear", "period_ratio": 6.484286865106641}}