{"Planet": {"m": 3.447173711320082e+25, "Rp": 13890346.2, "Rstar": 932238000.0, "RpRstar": 0.0149, "rhostar": 603.495617411696, "impact": 0.062486601091749194, "q1": 0.26163225000000007, "q2": 0.21691104594330396, "a": 100506628430.04674, "Pp": 198.18925192712462, "rhoplan": 3070.685578940919, "aRp": null, "e": null, "inc": null, "pomega": null, "f": null, "P": 17123551.366503567, "RHill": 1785915737.4005663}, "I": {"m": 5.968098469101496e+22, "r": 1917326.335428657, "msmp": 0.0017313019211950404, "rsrp": 0.13803301284374447, "a": 69064887.7545183, "aRp": 4.97215020850368, "e": 0.0, "inc": -0.07458537747546524, "pomega": 0.28088647187811533, "f": 0.06535166236090378, "P": 75120.0321447657, "RHill": 5750088.05965156, "spacing": "logarithmic", "period_ratio": NaN}, "II": {"m": 4.131760478608728e+22, "r": 1743164.6463335818, "msmp": 0.0011985936377504128, "rsrp": 0.12549468683030965, "a": 113131283.27613637, "aRp": 8.1445978125539, "e": 0.0, "inc": -0.07458537747546524, "pomega": 5.830122340235244, "f": 4.0159853283513085, "P": 157528.5867243801, "RHill": 8332326.600983027, "spacing": "logarithmic", "period_ratio": 2.0970250175186664}, "III": {"m": 1.0099858947710223e+22, "r": 952989.5602044979, "msmp": 0.00029298955589454525, "rsrp": 0.06860804953907469, "a": 212785072.82716933, "aRp": 15.318917884650661, "e": 0.0, "inc": -0.07458537747546524, "pomega": 3.563550742775821, "f": 0.01193924600824204, "P": 406530.8863725149, "RHill": 9799068.341508372, "spacing": "logarithmic", "period_ratio": 2.5806800836968193}, "IV": {"m": 3.489042181936259e+22, "r": 1348973.9653777624, "msmp": 0.001012145738544793, "rsrp": 0.09711593548170618, "a": 423824077.03728056, "aRp": 30.512132018515175, "e": 0.0, "inc": -0.07458537747546524, "pomega": 2.0120771430732107, "f": 6.163792847097167, "P": 1142363.1514428381, "RHill": 29504814.622543648, "spacing": "logarithmic", "period_ratio": 2.8100279455668735}, "V": {"m": 1.101802794295661e+22, "r": 1271057.8917661763, "msmp": 0.00031962497006677676, "rsrp": 0.091506566752539, "a": 608814330.5684497, "aRp": 43.8300328733671, "e": 0.0, "inc": -0.07458537747546524, "pomega": 5.5266141390783545, "f": 2.5418026370178444, "P": 1967448.2920398458, "RHill": 28861884.32347131, "spacing": "logarithmic", "period_ratio": 1.722261690211997}}