{"Planet": {"m": 3.272802470448566e+25, "Rp": 13843734.3, "Rstar": 626130000.0, "RpRstar": 0.02211, "rhostar": 1740.4689188981797, "impact": 0.41105533290424656, "q1": 0.3701505600000001, "q2": 0.22016765285996057, "a": 46977124969.75647, "Pp": 67.75084780903744, "rhoplan": 2944.905878037059, "aRp": null, "e": null, "inc": null, "pomega": null, "f": null, "P": 5853673.250700834, "RHill": 858163042.6370177}, "I": {"m": 4.664370400207952e+22, "r": 1817292.2174186318, "msmp": 0.0014251915422102024, "rsrp": 0.13127182146356506, "a": 123341467.543275, "aRp": 8.909551777750819, "e": 0.0, "inc": -0.051405086979931, "pomega": 2.055435457524195, "f": 0.7465170661995548, "P": 184022.75170841158, "RHill": 9624092.13469242, "spacing": "linear", "period_ratio": NaN}, "II": {"m": 2.9985238287051116e+22, "r": 1519271.5130210652, "msmp": 0.0009161945628494157, "rsrp": 0.10974434210436017, "a": 211750214.1199512, "aRp": 15.295743874537608, "e": 0.0, "inc": -0.051405086979931, "pomega": 2.8164052952074115, "f": 2.9050070682159443, "P": 414051.19134392607, "RHill": 14259775.119470414, "spacing": "linear", "period_ratio": 2.25}, "III": {"m": 6.219160533610601e+22, "r": 1711837.7022508383, "msmp": 0.0019002553896136027, "rsrp": 0.1236543309163943, "a": 533751910.80323213, "aRp": 38.55548649205382, "e": 0.0, "inc": -0.051405086979931, "pomega": 2.068631466270147, "f": 1.1637622951191713, "P": 1656204.7653757043, "RHill": 45839128.15200859, "spacing": "linear", "period_ratio": 4.0}}