{"Planet": {"m": 5.2735610556042505e+25, "Rp": 18737705.52, "Rstar": 911367000.0, "RpRstar": 0.02056, "rhostar": 758.7920539747305, "impact": 0.4292276873294887, "q1": 0.29822521, "q2": 0.23274125618018676, "a": 168051244442.08154, "Pp": 395.3442834679394, "rhoplan": 1913.6660014706495, "aRp": null, "e": null, "inc": null, "pomega": null, "f": null, "P": 34157746.09162997, "RHill": 3260910510.089319}, "I": {"m": 1.838081800419599e+23, "r": 2306893.9912387757, "msmp": 0.00348546604664083, "rsrp": 0.12311507344250203, "a": 63102389.95930004, "aRp": 3.367668997249779, "e": 0.0, "inc": -0.14758234649076962, "pomega": 3.2908332286928186, "f": 0.6378070893876668, "P": 52995.4014212692, "RHill": 6633748.596220845, "spacing": "logarithmic", "period_ratio": NaN}, "II": {"m": 5.061384667822084e+22, "r": 1836431.985439706, "msmp": 0.0009597660128431271, "rsrp": 0.09800730316097453, "a": 171852555.8423351, "aRp": 9.171483437975127, "e": 0.0, "inc": -0.14758234649076962, "pomega": 2.5650527476654736, "f": 1.4854935559728515, "P": 238479.30639571138, "RHill": 11753594.392285544, "spacing": "logarithmic", "period_ratio": 4.5}, "III": {"m": 1.5983320003648684e+23, "r": 2779751.245916996, "msmp": 0.0030308400405572433, "rsrp": 0.14835067415004377, "a": 468738068.8054091, "aRp": 25.01576664790114, "e": 0.0, "inc": -0.14758234649076962, "pomega": 1.5451897860140618, "f": 2.3847072948041337, "P": 1073156.8787807012, "RHill": 47033880.729571216, "spacing": "logarithmic", "period_ratio": 4.5}}