{"Planet": {"m": 3.591343640263126e+27, "Rp": 57467602.800000004, "Rstar": 744399000.0, "RpRstar": 0.0772, "rhostar": 1139.2922746911336, "impact": 0.3569995032812108, "q1": 0.29822521, "q2": 0.23274125618018676, "a": 26443666052.462444, "Pp": 27.257085023635025, "rhoplan": 4517.509863313047, "aRp": null, "e": null, "inc": null, "pomega": null, "f": null, "P": 2355012.146042066, "RHill": 2240370600.947307}, "I": {"m": 2.1884367154356753e+25, "r": 14546119.281159574, "msmp": 0.006093643311936965, "rsrp": 0.25311860200230196, "a": 620307773.0344331, "aRp": 10.794042953092053, "e": 0.0, "inc": 0.05919003393852157, "pomega": 6.083988413252601, "f": 6.156252270670908, "P": 197669.72475163365, "RHill": 78558373.22269402, "spacing": "linear", "period_ratio": NaN}}