{"Planet": {"m": 4.65646057712719e+25, "Rp": 17213009.4, "Rstar": 619173000.0, "RpRstar": 0.0278, "rhostar": 1739.8047958811626, "impact": 0.36206968352434055, "q1": 0.37871715999999994, "q2": 0.34367890802729933, "a": 214597503839.37698, "Pp": 672.7935769393395, "rhoplan": 2179.700899343157, "aRp": null, "e": null, "inc": null, "pomega": null, "f": null, "P": 58129365.047558926, "RHill": 4459243318.588624}, "I": {"m": 4.2009435659402855e+21, "r": 914827.9371973295, "msmp": 9.021752673211858e-05, "rsrp": 0.05314747212055375, "a": 280866634.46349674, "aRp": 16.317113872226013, "e": 0.0, "inc": -0.12921964648978918, "pomega": 3.3920026290784486, "f": 5.023280662625624, "P": 530493.0237883446, "RHill": 8734204.79927169, "spacing": "linear", "period_ratio": NaN}, "II": {"m": 3.950140964988626e+21, "r": 819937.4658025457, "msmp": 8.483140573318612e-05, "rsrp": 0.04763475385091846, "a": 584191877.9348865, "aRp": 33.93897396784588, "e": 0.0, "inc": -0.12921964648978918, "pomega": 2.1063343484014374, "f": 2.3815653879598595, "P": 1591343.3483135118, "RHill": 17797840.796672594, "spacing": "linear", "period_ratio": 2.999744156764678}, "III": {"m": 2.9469305611819905e+21, "r": 829407.750493096, "msmp": 6.32869217374563e-05, "rsrp": 0.04818493566227275, "a": 1118899702.8500671, "aRp": 65.00314249814255, "e": 0.0, "inc": -0.12921964648978918, "pomega": 2.4896469834028925, "f": 4.564562263361588, "P": 4218150.169675021, "RHill": 30916386.715571105, "spacing": "linear", "period_ratio": 2.650685142301547}, "IV": {"m": 1.191312354520379e+21, "r": 678586.9242312146, "msmp": 2.558407474492914e-05, "rsrp": 0.03942291022226564, "a": 2151411418.5333676, "aRp": 124.98752359557578, "e": 0.0, "inc": -0.12921964648978918, "pomega": 2.141523705057309, "f": 5.2601804386839, "P": 11246792.686416898, "RHill": 43954798.09340396, "spacing": "linear", "period_ratio": 2.6662855123726863}}