{"Planet": {"m": 2.1609689315829795e+26, "Rp": 42385870.35000001, "Rstar": 939195000.0000001, "RpRstar": 0.04513, "rhostar": 687.5926593177992, "impact": 0.3537043616305764, "q1": 0.31292836, "q2": 0.2426707186271005, "a": 140818538623.342, "Pp": 304.50173413195904, "rhoplan": 677.4801852698744, "aRp": null, "e": null, "inc": null, "pomega": null, "f": null, "P": 26308949.829001263, "RHill": 4384699857.782708}, "I": {"m": 1.2527220248218938e+23, "r": 2095755.8602828279, "msmp": 0.0005797038571508914, "rsrp": 0.04944468151714684, "a": 1997571265.7564023, "aRp": 47.12823517038861, "e": 0.0, "inc": -0.029656109602343883, "pomega": 0.5473201722725692, "f": 4.338344970573844, "P": 4669606.918429549, "RHill": 115486333.6529509, "spacing": "logarithmic", "period_ratio": NaN}}