{"Planet": {"m": 1.0031184694896603e+26, "Rp": 26587775.610000007, "Rstar": 772227000.0000001, "RpRstar": 0.03443, "rhostar": 1144.2089313428498, "impact": 0.3146554068958832, "q1": 0.29822521, "q2": 0.23274125618018676, "a": 43463225565.137924, "Pp": 54.290254964284195, "rhoplan": 1274.1413285837282, "aRp": null, "e": null, "inc": null, "pomega": null, "f": null, "P": 4690678.0289141545, "RHill": 1075447748.5928187}, "I": {"m": 1.0678774231005527e+23, "r": 2137185.080095638, "msmp": 0.0010645576326032942, "rsrp": 0.08038224451133907, "a": 52821369.56816779, "aRp": 1.9866787783593671, "e": 0.0, "inc": -0.17236850048448848, "pomega": 0.5787392407153115, "f": 3.3857188153899003, "P": 29463.500053825912, "RHill": 3739604.140706842, "spacing": "logarithmic", "period_ratio": NaN}, "II": {"m": 1.3232394155811197e+23, "r": 2131300.9444133127, "msmp": 0.0013191257621388648, "rsrp": 0.08016093469706066, "a": 119444386.52034146, "aRp": 4.4924550392029365, "e": 0.0, "inc": -0.17236850048448848, "pomega": 2.3759099556401657, "f": 2.1465507560081476, "P": 100175.9001830081, "RHill": 9082820.398765543, "spacing": "logarithmic", "period_ratio": 3.4}, "III": {"m": 1.0910921496896953e+23, "r": 1851316.453178423, "msmp": 0.0010877001898338008, "rsrp": 0.06963036247688652, "a": 248435193.7008868, "aRp": 9.343963080817002, "e": 0.0, "inc": -0.17236850048448848, "pomega": 5.354437644012127, "f": 3.999647412761083, "P": 300527.7005490243, "RHill": 17715052.151913848, "spacing": "logarithmic", "period_ratio": 3.0}}