{"Planet": {"m": 1.9470910512487561e+28, "Rp": 66052540.8, "Rstar": 598302000.0, "RpRstar": 0.1104, "rhostar": 2127.7821942332507, "impact": 0.3619599023069512, "q1": 0.37871715999999994, "q2": 0.34367890802729933, "a": 41898112535.67929, "Pp": 54.97467283510504, "rhoplan": 16129.8031594413, "aRp": null, "e": null, "inc": null, "pomega": null, "f": null, "P": 4749811.732953075, "RHill": 6300239798.506935}, "I": {"m": 3.258559368470683e+25, "r": 25919337.171449106, "msmp": 0.001673552639657413, "rsrp": 0.3924048470736361, "a": 796933786.0436296, "aRp": 12.065149597449395, "e": 0.0, "inc": 0.0445278019985752, "pomega": 4.23529042608165, "f": 4.345885547000102, "P": 123895.10020780237, "RHill": 65603691.8432797, "spacing": "linear", "period_ratio": NaN}, "II": {"m": 2.3113037381013e+25, "r": 10259806.19177446, "msmp": 0.0011870547792918868, "rsrp": 0.15532795661623452, "a": 1264848691.2901294, "aRp": 19.149130010304305, "e": 0.0, "inc": 0.0445278019985752, "pomega": 2.5172957636325055, "f": 1.0908700563320095, "P": 247790.20041560475, "RHill": 92858517.21209472, "spacing": "linear", "period_ratio": 2.0}}