{"Planet": {"m": 2.499284467823272e+25, "Rp": 11128417.2, "Rstar": 897453000.0, "RpRstar": 0.0124, "rhostar": 755.231334372913, "impact": 0.37570975499615067, "q1": 0.25, "q2": 0.2, "a": 87172724110.66982, "Pp": 151.50603824390788, "rhoplan": 4329.391742249009, "aRp": null, "e": null, "inc": null, "pomega": null, "f": null, "P": 13090121.704273641, "RHill": 1341356380.1112041}, "I": {"m": 8.112422423435609e+21, "r": 1206984.1188293076, "msmp": 0.0003245897987155118, "rsrp": 0.10845963959989816, "a": 50112769.884731196, "aRp": 4.503135440027464, "e": 0.0, "inc": -0.07685453241855218, "pomega": 2.5876744769442483, "f": 3.3524146028405934, "P": 54565.89730842771, "RHill": 2387919.1155985747, "spacing": "logarithmic", "period_ratio": NaN}, "II": {"m": 6.459891929772796e+21, "r": 879612.9176091662, "msmp": 0.00025846965453272223, "rsrp": 0.07904205079669069, "a": 98361988.89316809, "aRp": 8.838812126235535, "e": 0.0, "inc": -0.07685453241855218, "pomega": 5.03961857821585, "f": 5.612074005242613, "P": 150056.2175981762, "RHill": 4344335.97073763, "spacing": "logarithmic", "period_ratio": 2.75}, "III": {"m": 3.455291032204057e+21, "r": 777212.0726035729, "msmp": 0.00013825121056401435, "rsrp": 0.06984030690398388, "a": 181177073.69482234, "aRp": 16.280578849508117, "e": 0.0, "inc": -0.07685453241855218, "pomega": 4.81779995501009, "f": 4.884408380108703, "P": 375140.54399544053, "RHill": 6495597.961395604, "spacing": "logarithmic", "period_ratio": 2.5}, "IV": {"m": 1.021564305173373e+22, "r": 992384.5425794226, "msmp": 0.00040874270949360744, "rsrp": 0.08917571337812737, "a": 481604407.5219093, "aRp": 43.27699068668178, "e": 0.0, "inc": -0.07685453241855218, "pomega": 4.9151990671825905, "f": 4.677042528386605, "P": 1625609.0239802422, "RHill": 24781830.054611567, "spacing": "logarithmic", "period_ratio": 4.333333333333333}, "V": {"m": 1.0065413006855296e+22, "r": 1143035.2721618847, "msmp": 0.00040273178729517223, "rsrp": 0.10271319376504727, "a": 1056684061.988004, "aRp": 94.95367067906153, "e": 0.0, "inc": -0.07685453241855218, "pomega": 0.737719727035587, "f": 4.749306385804912, "P": 5283229.327935787, "RHill": 54105744.237673044, "spacing": "logarithmic", "period_ratio": 3.25}}