{"Planet": {"m": 5.274910430774577e+24, "Rp": 6203974.32, "Rstar": 1092249000.0, "RpRstar": 0.00568, "rhostar": 480.868429200997, "impact": 0.4236080229693645, "q1": 0.22127616000000003, "q2": 0.19313350340136054, "a": 209353324973.31805, "Pp": 526.3113079472483, "rhoplan": 5273.713175496053, "aRp": null, "e": null, "inc": null, "pomega": null, "f": null, "P": 45473297.00664226, "RHill": 1831827300.6344259}, "I": {"m": 1.3429453293498658e+21, "r": 567299.4121537515, "msmp": 0.00025459111523769805, "rsrp": 0.0914412895496562, "a": 31648364.755856484, "aRp": 5.101304925429878, "e": 0.0, "inc": 0.08313834610710061, "pomega": 3.071528130962478, "f": 5.7440340927021305, "P": 59613.01645637052, "RHill": 1390780.5385805664, "spacing": "logarithmic", "period_ratio": NaN}, "II": {"m": 1.2734826399007339e+21, "r": 752421.7670883546, "msmp": 0.00024142260927712727, "rsrp": 0.12128060631436569, "a": 77347726.82055357, "aRp": 12.467447934335352, "e": 0.0, "inc": 0.08313834610710061, "pomega": 5.184146293052464, "f": 3.8412953078096623, "P": 227765.72782007398, "RHill": 3339384.673638221, "spacing": "logarithmic", "period_ratio": 3.820738176984733}, "III": {"m": 6.714726646749329e+20, "r": 720058.8448730006, "msmp": 0.00012729555761884902, "rsrp": 0.11606412401671588, "a": 155106750.97597477, "aRp": 25.001191651608057, "e": 0.0, "inc": 0.08313834610710061, "pomega": 2.1471791373770026, "f": 1.1901543126110747, "P": 646826.6019210692, "RHill": 5409968.027559433, "spacing": "logarithmic", "period_ratio": 2.839876780900228}, "IV": {"m": 1.6207960871463887e+21, "r": 698446.9345098741, "msmp": 0.0003072651390799802, "rsrp": 0.11258056505138371, "a": 836902725.3443426, "aRp": 134.89783841406077, "e": 0.0, "inc": 0.08313834610710061, "pomega": 6.199610585121892, "f": 3.222968040856496, "P": 8106160.966043463, "RHill": 39156661.843395084, "spacing": "logarithmic", "period_ratio": 12.532200966948851}}