{"Planet": {"m": 2.031120128815296e+25, "Rp": 10084867.200000001, "Rstar": 834840000.0, "RpRstar": 0.012080000000000002, "rhostar": 979.0137668802262, "impact": 0.3354498628145677, "q1": 0.37234403999999993, "q2": 0.25901343821697803, "a": 19106064155.01655, "Pp": 15.21859939111832, "rhoplan": 4727.553472340682, "aRp": null, "e": null, "inc": null, "pomega": null, "f": null, "P": 1314886.9873926227, "RHill": 270487353.5029457}, "I": {"m": 2.7353223964250824e+22, "r": 1455432.8248879262, "msmp": 0.0013467063605048957, "rsrp": 0.1443184918575751, "a": 33648096.45907665, "aRp": 3.336493757605122, "e": 0.0, "inc": -0.07741309363531204, "pomega": 1.8744616232940001, "f": 1.6758931107358692, "P": 33285.70157229486, "RHill": 2576386.7236486143, "spacing": "logarithmic", "period_ratio": NaN}, "II": {"m": 2.699331312261594e+22, "r": 1454046.6290367292, "msmp": 0.0013289865399719364, "rsrp": 0.14418103879808442, "a": 46029676.96042356, "aRp": 4.564232334206994, "e": 0.0, "inc": -0.07741309363531204, "pomega": 2.0566922202619047, "f": 5.793676220841663, "P": 53257.122515671785, "RHill": 3508900.3617636547, "spacing": "logarithmic", "period_ratio": 1.6}, "III": {"m": 1.2236968615585893e+22, "r": 980784.5888870694, "msmp": 0.0006024738981206112, "rsrp": 0.09725309906778637, "a": 112061195.8607918, "aRp": 11.111816708978754, "e": 0.0, "inc": -0.07741309363531204, "pomega": 0.2846567600912444, "f": 2.960304628675171, "P": 202377.06555955278, "RHill": 6562373.022310481, "spacing": "logarithmic", "period_ratio": 3.8}}