{"Planet": {"m": 1.518841261662891e+26, "Rp": 35061610.32, "Rstar": 459162000.0, "RpRstar": 0.07636, "rhostar": 3530.6281600488996, "impact": 0.3384646312105942, "q1": 0.09235521000000001, "q2": 0.04886475814412636, "a": 92139569742.1339, "Pp": 208.06081466418996, "rhoplan": 841.2560523506597, "aRp": null, "e": null, "inc": null, "pomega": null, "f": null, "P": 17976454.386986014, "RHill": 3024338664.5806766}, "I": {"m": 8.040323773405006e+22, "r": 1983822.0314430231, "msmp": 0.0005293722244944888, "rsrp": 0.056581030173374625, "a": 88089674.51569188, "aRp": 2.512425234086963, "e": 0.0, "inc": -0.04588929496442737, "pomega": 5.548607486988274, "f": 0.8137538726670231, "P": 51581.43258322679, "RHill": 4940887.558627936, "spacing": "logarithmic", "period_ratio": NaN}, "II": {"m": 5.048575392603147e+22, "r": 1893496.6412670799, "msmp": 0.0003323965130546793, "rsrp": 0.05400483959480273, "a": 139824464.97219095, "aRp": 3.987964719704607, "e": 0.0, "inc": -0.04588929496442737, "pomega": 1.5728385662436748, "f": 0.07666252700029098, "P": 103162.86516645359, "RHill": 6715755.880769024, "spacing": "logarithmic", "period_ratio": 2.0}, "III": {"m": 7.572863088904725e+22, "r": 1887228.6105546635, "msmp": 0.0004985947695820192, "rsrp": 0.053826067694276496, "a": 290862714.1425812, "aRp": 8.2957602770648, "e": 0.0, "inc": -0.04588929496442737, "pomega": 2.64108689329691, "f": 0.3449813715013094, "P": 309488.59549936076, "RHill": 15991782.467829809, "spacing": "logarithmic", "period_ratio": 3.0}, "IV": {"m": 6.544449583004079e+22, "r": 1941186.305712372, "msmp": 0.00043088436877458425, "rsrp": 0.05536500714016184, "a": 792781056.2689978, "aRp": 22.611085145076068, "e": 0.0, "inc": -0.04588929496442737, "pomega": 3.7545786789076936, "f": 2.6040123925344743, "P": 1392698.6797471235, "RHill": 41517681.43625018, "spacing": "logarithmic", "period_ratio": 4.5}, "V": {"m": 7.292386678204544e+22, "r": 1800000.7538793567, "msmp": 0.0004801282966345366, "rsrp": 0.051338222558836445, "a": 1997715858.0953236, "aRp": 56.977299099002806, "e": 0.0, "inc": -0.04588929496442737, "pomega": 1.4942908951368195, "f": 3.253758727930383, "P": 5570794.718988494, "RHill": 108462364.0835957, "spacing": "logarithmic", "period_ratio": 4.0}}