{"Planet": {"m": 3.075358646928502e+25, "Rp": 12749815.62, "Rstar": 598302000.0, "RpRstar": 0.02131, "rhostar": 1750.9874306711126, "impact": 0.4475833069982461, "q1": 0.37871715999999994, "q2": 0.34367890802729933, "a": 75466633943.34033, "Pp": 147.23971943675735, "rhoplan": 3542.382453747943, "aRp": null, "e": null, "inc": null, "pomega": null, "f": null, "P": 12721511.759335835, "RHill": 1410269621.109348}, "I": {"m": 5.140545319508104e+22, "r": 1568090.283473795, "msmp": 0.001671527099657855, "rsrp": 0.12298925178290501, "a": 189136331.29906592, "aRp": 14.834436586077151, "e": 0.0, "inc": 0.04623839572490229, "pomega": 4.039863820367793, "f": 0.05906784867235535, "P": 360436.61132470454, "RHill": 15563443.132431688, "spacing": "linear", "period_ratio": NaN}, "II": {"m": 9.030687723460185e+22, "r": 1956762.6499318369, "msmp": 0.0029364665264259623, "rsrp": 0.15347379979851325, "a": 422224557.025775, "aRp": 33.116130429639504, "e": 0.0, "inc": 0.04623839572490229, "pomega": 2.655539664780571, "f": 2.2024766978362287, "P": 1201455.3710823485, "RHill": 41922266.58582039, "spacing": "linear", "period_ratio": 3.3333333333333335}, "III": {"m": 1.0697891610868209e+23, "r": 2231650.9053816125, "msmp": 0.00347858342361229, "rsrp": 0.17503397475653948, "a": 1151056724.7824972, "aRp": 90.28026436530517, "e": 0.0, "inc": 0.04623839572490229, "pomega": 3.4341041807917234, "f": 2.0736585172209856, "P": 5406549.169870568, "RHill": 120927140.25470893, "spacing": "linear", "period_ratio": 4.5}}