{"Planet": {"m": 3.074571939238869e+26, "Rp": 49739767.2, "Rstar": 500904000.0, "RpRstar": 0.0993, "rhostar": 3852.600471519408, "impact": 0.08122906100310268, "q1": 0.25, "q2": 0.2, "a": 48524660755.61886, "Pp": 66.8068614460834, "rhoplan": 596.4647806079812, "aRp": null, "e": null, "inc": null, "pomega": null, "f": null, "P": 5772112.828941606, "RHill": 1793969059.9344282}, "I": {"m": 2.525688004477089e+24, "r": 4712725.360773895, "msmp": 0.008214763077237803, "rsrp": 0.09474763606802515, "a": 253783961.61990356, "aRp": 5.102234608365911, "e": 0.0, "inc": -0.1081688706331519, "pomega": 1.278127704250753, "f": 1.4641285894317868, "P": 176605.57518511123, "RHill": 35504938.80301166, "spacing": "logarithmic", "period_ratio": NaN}}