{"Planet": {"m": 1.5180642912959475e+28, "Rp": 72998409.6, "Rstar": 667872000.0, "RpRstar": 0.1093, "rhostar": 1513.7745418883703, "impact": 0.05392671514086289, "q1": 0.25, "q2": 0.2, "a": 23066588567.115276, "Pp": 22.598804045399504, "rhoplan": 9316.683889510026, "aRp": null, "e": null, "inc": null, "pomega": null, "f": null, "P": 1952536.6695225171, "RHill": 3203537661.8227687}, "I": {"m": 3.361410825749855e+25, "r": 28696087.96923579, "msmp": 0.002214274352557408, "rsrp": 0.3931056597873578, "a": 1061910673.3486613, "aRp": 14.547038478885728, "e": 0.0, "inc": 0.07364280542218299, "pomega": 5.690621676349468, "f": 6.000413691194907, "P": 215766.29842438633, "RHill": 95967617.0252072, "spacing": "linear", "period_ratio": NaN}}