{"Planet": {"m": 3.706532754861441e+25, "Rp": 15108377.76, "Rstar": 681786000.0, "RpRstar": 0.02216, "rhostar": 1572.7596659585947, "impact": 0.2602373474417705, "q1": 0.37234403999999993, "q2": 0.25901343821697803, "a": 89152982942.33022, "Pp": 163.98934165321734, "rhoplan": 2565.817292346835, "aRp": null, "e": null, "inc": null, "pomega": null, "f": null, "P": 14168679.118837979, "RHill": 1612574067.40851}, "I": {"m": 1.505913781515457e+22, "r": 1122363.2999220036, "msmp": 0.0004062863816703953, "rsrp": 0.07428747928804791, "a": 82640687.23922166, "aRp": 5.469858415773532, "e": 0.0, "inc": -0.12604282956946747, "pomega": 6.276273112122183, "f": 6.240455374097457, "P": 94884.60619821653, "RHill": 4243891.352357734, "spacing": "logarithmic", "period_ratio": NaN}, "II": {"m": 1.2348493008426741e+22, "r": 1221769.2382175548, "msmp": 0.00033315483296972396, "rsrp": 0.0808670035675329, "a": 108287296.15107834, "aRp": 7.167367527556337, "e": 0.0, "inc": -0.12604282956946747, "pomega": 5.639722785472226, "f": 0.5184146293052464, "P": 142326.90929732478, "RHill": 5204980.788667079, "spacing": "logarithmic", "period_ratio": 1.5}, "III": {"m": 1.8673330890791673e+22, "r": 1069782.9120284172, "msmp": 0.0005037951132712903, "rsrp": 0.07080726528169741, "a": 272882402.35673636, "aRp": 18.061661330656083, "e": 0.0, "inc": -0.12604282956946747, "pomega": 5.74654761817755, "f": 0.6591720559287315, "P": 569307.6371892991, "RHill": 15055196.504398476, "spacing": "logarithmic", "period_ratio": 4.0}}