{"Planet": {"m": 3.705584586483408e+26, "Rp": 51655725.0, "Rstar": 688743000.0, "RpRstar": 0.075, "rhostar": 1452.933399197078, "impact": 0.3835913402483113, "q1": 0.25, "q2": 0.2, "a": 95967826186.30692, "Pp": 187.654218340591, "rhoplan": 641.8192488414702, "aRp": null, "e": null, "inc": null, "pomega": null, "f": null, "P": 16213324.464627063, "RHill": 3800745992.220207}, "I": {"m": 1.481064997866732e+23, "r": 2506987.0507639316, "msmp": 0.00039968457426909243, "rsrp": 0.04853260796869915, "a": 222745719.4595897, "aRp": 4.312120669288635, "e": 0.0, "inc": -0.07259550314075824, "pomega": 5.473830104094548, "f": 4.7436509534852185, "P": 132793.22497258484, "RHill": 11376484.453514175, "spacing": "linear", "period_ratio": NaN}, "II": {"m": 2.5286475573334455e+23, "r": 1969148.9772755683, "msmp": 0.000682388297532597, "rsrp": 0.03812063381697901, "a": 399323097.7077494, "aRp": 7.730471263499823, "e": 0.0, "inc": -0.07259550314075824, "pomega": 3.4655232492344656, "f": 0.41661684755076167, "P": 318703.7399342036, "RHill": 24375930.520766284, "spacing": "linear", "period_ratio": 2.4}, "III": {"m": 2.8176358496001244e+23, "r": 2869057.8871975024, "msmp": 0.0007603755315363223, "rsrp": 0.05554191499969272, "a": 891089945.3291113, "aRp": 17.250555390116222, "e": 0.0, "inc": -0.07259550314075824, "pomega": 4.710975122304767, "f": 0.7911321433882488, "P": 1062345.7997806787, "RHill": 56392823.04709467, "spacing": "linear", "period_ratio": 3.3333333333333335}, "IV": {"m": 1.192076705600053e+23, "r": 2267444.5341046555, "msmp": 0.0003216973402653672, "rsrp": 0.04389531913654596, "a": 1218815758.9927034, "aRp": 23.594979239817143, "e": 0.0, "inc": -0.07259550314075824, "pomega": 4.993746738289446, "f": 2.8779866693551863, "P": 1699753.279649086, "RHill": 57904653.35816438, "spacing": "linear", "period_ratio": 1.6}, "V": {"m": 5.057295114666891e+22, "r": 1688313.4227473973, "msmp": 0.0001364776595065194, "rsrp": 0.032683955606999944, "a": 3321897768.830788, "aRp": 64.30841438835266, "e": 0.0, "inc": -0.07259550314075824, "pomega": 6.102211472949391, "f": 3.758348967120823, "P": 7648889.758420887, "RHill": 118585894.37462609, "spacing": "linear", "period_ratio": 4.5}}