{"Planet": {"m": 1.1604608810056897e+24, "Rp": 4063931.5499999993, "Rstar": 243494999.99999997, "RpRstar": 0.01669, "rhostar": 10850.783487381543, "impact": 0.054486769961763604, "q1": 0.11235904, "q2": 0.15244630071599044, "a": 13538438579.984594, "Pp": 17.310348980961518, "rhoplan": 4127.648840020334, "aRp": null, "e": null, "inc": null, "pomega": null, "f": null, "P": 1495614.151955075, "RHill": 113518082.27257963}, "I": {"m": 4.6800956664976496e+21, "r": 794875.1674355736, "msmp": 0.004032962888367026, "rsrp": 0.1955926564352625, "a": 19263723.294141203, "aRp": 4.740169231969768, "e": 0.0, "inc": 0.004171754087675228, "pomega": 5.437383984700967, "f": 6.094670896523134, "P": 60241.82435598315, "RHill": 2126055.2922145007, "spacing": "logarithmic", "period_ratio": NaN}}