{"Planet": {"m": 9.428428540498918e+24, "Rp": 7299006.119999999, "Rstar": 584388000.0, "RpRstar": 0.01249, "rhostar": 2116.9150935942694, "impact": 0.19525540935863528, "q1": 0.37871715999999994, "q2": 0.34367890802729933, "a": 139494571698.33316, "Pp": 348.6182434374297, "rhoplan": 5788.41314569975, "aRp": null, "e": null, "inc": null, "pomega": null, "f": null, "P": 30120616.232993927, "RHill": 1689265925.0905745}, "I": {"m": 9.798029770171047e+21, "r": 1180639.5807555977, "msmp": 0.0010392007244987372, "rsrp": 0.16175347182139338, "a": 53491613.615057856, "aRp": 7.328616079453001, "e": 0.0, "inc": 0.13285029439872828, "pomega": 1.016721054807138, "f": 2.919459839699606, "P": 97940.05771021932, "RHill": 3756745.379688793, "spacing": "logarithmic", "period_ratio": NaN}, "II": {"m": 2.204556698288485e+22, "r": 1280617.123395312, "msmp": 0.002338201630122158, "rsrp": 0.17545089048306103, "a": 72218080.64419991, "aRp": 9.89423483922218, "e": 0.0, "inc": 0.13285029439872828, "pomega": 2.170429248024632, "f": 2.039097541933969, "P": 153539.1461471571, "RHill": 6646089.365509741, "spacing": "logarithmic", "period_ratio": 1.5676848649756965}, "III": {"m": 3.625271014963286e+22, "r": 1325249.6808081048, "msmp": 0.003845042680645326, "rsrp": 0.1815657719722675, "a": 565071832.0853708, "aRp": 77.41764053834919, "e": 0.0, "inc": 0.13285029439872828, "pomega": 1.2611614072916721, "f": 3.401428349611271, "P": 3357990.7751097963, "RHill": 61380482.17182051, "spacing": "logarithmic", "period_ratio": 21.87058388283197}}