{"Planet": {"m": 1.2734082922525788e+26, "Rp": 31416838.02, "Rstar": 820926000.0, "RpRstar": 0.03827, "rhostar": 969.5801429719589, "impact": 0.13028448818509974, "q1": 0.29822521, "q2": 0.23274125618018676, "a": 16918846201.942507, "Pp": 13.068173588994988, "rhoplan": 980.3736853271424, "aRp": null, "e": null, "inc": null, "pomega": null, "f": null, "P": 1129090.198089167, "RHill": 450600252.6560538}, "I": {"m": 2.416552612317014e+23, "r": 2456103.959579069, "msmp": 0.0018977044731209385, "rsrp": 0.07817794897167914, "a": 55977431.5945332, "aRp": 1.7817652928311212, "e": 0.0, "inc": 0.041106614545921044, "pomega": 2.8402837872238957, "f": 1.6193387875389333, "P": 28516.809262242634, "RHill": 4805243.612598915, "spacing": "logarithmic", "period_ratio": NaN}, "II": {"m": 3.429945643288664e+23, "r": 2720966.8678602222, "msmp": 0.0026935160263652025, "rsrp": 0.0866085525897944, "a": 131521345.57497315, "aRp": 4.186332994149395, "e": 0.0, "inc": 0.041106614545921044, "pomega": 3.8161600530554685, "f": 4.542568915451668, "P": 102660.51334407348, "RHill": 12688073.326000866, "spacing": "logarithmic", "period_ratio": 3.6}, "III": {"m": 5.066965154858255e+22, "r": 1528416.9271568973, "msmp": 0.00039790577662213226, "rsrp": 0.048649610319915236, "a": 331159913.20018053, "aRp": 10.540841601862152, "e": 0.0, "inc": 0.041106614545921044, "pomega": 5.053442968330657, "f": 0.8973285947247175, "P": 410642.0533762939, "RHill": 16888487.492200166, "spacing": "logarithmic", "period_ratio": 4.0}}