{"Planet": {"m": 4.754052117246043e+25, "Rp": 17584095.78, "Rstar": 598302000.0, "RpRstar": 0.029390000000000003, "rhostar": 2083.453398520058, "impact": 0.4823376249865188, "q1": 0.39904488999999993, "q2": 0.24908975779642237, "a": 208117007032.34793, "Pp": 618.1618748427417, "rhoplan": 2087.4457960501663, "aRp": null, "e": null, "inc": null, "pomega": null, "f": null, "P": 53409185.98641288, "RHill": 4243692216.7570405}, "I": {"m": 6.073778963043631e+22, "r": 1773952.5802145866, "msmp": 0.0012776004160766517, "rsrp": 0.10088392388264086, "a": 88882294.63356383, "aRp": 5.054698049055089, "e": 0.0, "inc": 0.006755099715189589, "pomega": 5.3161063805119815, "f": 1.2837831365704466, "P": 93409.4196983922, "RHill": 6687131.36371773, "spacing": "logarithmic", "period_ratio": NaN}, "II": {"m": 7.868304565761064e+22, "r": 1771865.8890403658, "msmp": 0.0016550732662811163, "rsrp": 0.10076525464878727, "a": 233236102.8717217, "aRp": 13.264037331791746, "e": 0.0, "inc": 0.006755099715189589, "pomega": 5.137646071757206, "f": 4.979293966805785, "P": 396990.0337181669, "RHill": 19129095.377440147, "spacing": "logarithmic", "period_ratio": 4.25}, "III": {"m": 7.45418327282627e+22, "r": 1715070.2111793808, "msmp": 0.0015679641470031625, "rsrp": 0.09753530876066353, "a": 448499890.1500111, "aRp": 25.5059967689741, "e": 0.0, "inc": 0.006755099715189589, "pomega": 2.6743911058462166, "f": 1.6752647293670144, "P": 1058640.0899151117, "RHill": 36127171.888256736, "spacing": "logarithmic", "period_ratio": 2.6666666666666665}, "IV": {"m": 7.178102410869746e+22, "r": 1825595.7801869714, "msmp": 0.001509891400817861, "rsrp": 0.10382085055879804, "a": 1192070696.0050533, "aRp": 67.79255020669895, "e": 0.0, "inc": 0.006755099715189589, "pomega": 2.5933299092639417, "f": 6.1612793216217465, "P": 4587440.3896321505, "RHill": 94822229.93872945, "spacing": "logarithmic", "period_ratio": 4.333333333333333}, "V": {"m": 7.45418327282627e+22, "r": 1700607.2081259578, "msmp": 0.0015679641470031625, "rsrp": 0.09671280396801601, "a": 3168534725.4684014, "aRp": 180.19321352152014, "e": 0.0, "inc": 0.006755099715189589, "pomega": 0.23187272510743748, "f": 0.1809738342301951, "P": 19878908.35507265, "RHill": 255229045.0341473, "spacing": "logarithmic", "period_ratio": 4.333333333333333}}