{"Planet": {"m": 3.8635261704263866e+25, "Rp": 15297399.45, "Rstar": 744399000.0, "RpRstar": 0.02055, "rhostar": 1231.3562968883969, "impact": 0.03424750175098734, "q1": 0.25, "q2": 0.2, "a": 33063338199.253654, "Pp": 36.688886064256316, "rhoplan": 2576.5728565352374, "aRp": null, "e": null, "inc": null, "pomega": null, "f": null, "P": 3169919.755951746, "RHill": 602565604.8320969}, "I": {"m": 4.39347433414155e+21, "r": 896380.8664474698, "msmp": 0.0001137166966221605, "rsrp": 0.05859694449225289, "a": 72967999.660941, "aRp": 4.769961057723508, "e": 0.0, "inc": -0.028922998005346562, "pomega": 0.2507241661730828, "f": 1.766380027850967, "P": 77118.58396197777, "RHill": 2451132.382443385, "spacing": "logarithmic", "period_ratio": NaN}, "II": {"m": 4.1937709553169334e+21, "r": 711378.2907950649, "msmp": 0.00010854775586660774, "rsrp": 0.046503217303060285, "a": 282034877.78749985, "aRp": 18.43678585431067, "e": 0.0, "inc": -0.028922998005346562, "pomega": 2.217557850688745, "f": 2.6348030796083615, "P": 586024.4495938761, "RHill": 9328303.83994555, "spacing": "logarithmic", "period_ratio": 7.599004279990504}}