{"Planet": {"m": 1.9280923600189255e+26, "Rp": 40072320.0, "Rstar": 1001808000.0, "RpRstar": 0.04, "rhostar": 561.8375687632471, "impact": 0.1531661653706372, "q1": 0.26163225000000007, "q2": 0.21691104594330396, "a": 116816451711.69124, "Pp": 231.03360267821233, "rhoplan": 715.3288881197664, "aRp": null, "e": null, "inc": null, "pomega": null, "f": null, "P": 19961303.271397546, "RHill": 3511466904.4357734}, "I": {"m": 1.7404372989003142e+24, "r": 4205325.971541981, "msmp": 0.009026731991631514, "rsrp": 0.10494341160037605, "a": 1065954499.6420631, "aRp": 26.600768301961633, "e": 0.0, "inc": 0.018973626331811544, "pomega": 0.999754757848057, "f": 1.1587352441683325, "P": 1918976.9332013642, "RHill": 153889302.66524118, "spacing": "linear", "period_ratio": NaN}}