{"Planet": {"m": 4.956682094789719e+24, "Rp": 5995820.88, "Rstar": 563517000.0, "RpRstar": 0.01064, "rhostar": 2281.364533230353, "impact": 0.2591787132634428, "q1": 0.39904488999999993, "q2": 0.24908975779642237, "a": 43135469471.382935, "Pp": 60.983486164372394, "rhoplan": 5489.799782929328, "aRp": null, "e": null, "inc": null, "pomega": null, "f": null, "P": 5268973.204601775, "RHill": 426438439.5948884}, "I": {"m": 3.937314409257345e+21, "r": 868631.3971616647, "msmp": 0.0007943447519856286, "rsrp": 0.1448728063340119, "a": 39919246.27196232, "aRp": 6.657845034216954, "e": 0.0, "inc": -0.017367762833626926, "pomega": 2.830229685322218, "f": 2.889925915363428, "P": 87092.85980481048, "RHill": 2563371.7350819716, "spacing": "logarithmic", "period_ratio": NaN}, "II": {"m": 3.4584518459692894e+21, "r": 803356.1366499955, "msmp": 0.0006977352551225115, "rsrp": 0.13398601337970514, "a": 180494809.0150823, "aRp": 30.103435814293757, "e": 0.0, "inc": -0.017367762833626926, "pomega": 1.0010115205857668, "f": 1.2825263738327368, "P": 837388.6875356088, "RHill": 11099954.2084924, "spacing": "logarithmic", "period_ratio": 9.614894830785618}}