{"Planet": {"m": 2.71548696392384e+25, "Rp": 11747868.48, "Rstar": 667872000.0, "RpRstar": 0.01759, "rhostar": 1513.7745418883703, "impact": 0.20399149876710432, "q1": 0.37871715999999994, "q2": 0.34367890802729933, "a": 200845764899.5782, "Pp": 582.9608669957039, "rhoplan": 3998.3599198811203, "aRp": null, "e": null, "inc": null, "pomega": null, "f": null, "P": 50367818.90842882, "RHill": 3386062700.497983}, "I": {"m": 8.169735923913094e+22, "r": 2021798.3850589201, "msmp": 0.0030085712185146866, "rsrp": 0.17209916747884124, "a": 81101724.70239091, "aRp": 6.9035267836426195, "e": 0.0, "inc": 0.08338271663943306, "pomega": 5.894845621227293, "f": 2.3168421069678105, "P": 107633.12711687539, "RHill": 8117888.910580225, "spacing": "logarithmic", "period_ratio": NaN}, "II": {"m": 1.4085751592953607e+22, "r": 1370597.714438413, "msmp": 0.0005187191756059803, "rsrp": 0.1166677782247706, "a": 308069603.05410206, "aRp": 26.223446711083888, "e": 0.0, "inc": 0.08338271663943306, "pomega": 0.2934540992552122, "f": 5.913697062292938, "P": 797836.3324869713, "RHill": 17162710.033105556, "spacing": "logarithmic", "period_ratio": 7.412553679878001}, "III": {"m": 4.413535499125465e+22, "r": 1767047.2841522538, "msmp": 0.0016253200835654057, "rsrp": 0.1504142889546763, "a": 1617126354.9037569, "aRp": 137.65274591359375, "e": 0.0, "inc": 0.08338271663943306, "pomega": 2.4450319062141985, "f": 4.393642531033071, "P": 9589951.939417971, "RHill": 131830683.59224638, "spacing": "logarithmic", "period_ratio": 12.019948890425564}}