{"Planet": {"m": 2.889826346880522e+25, "Rp": 12877685.28, "Rstar": 640044000.0, "RpRstar": 0.02012, "rhostar": 1774.2462036417346, "impact": 0.3160550585205463, "q1": 0.37871715999999994, "q2": 0.34367890802729933, "a": 146473278571.37164, "Pp": 357.4634600271268, "rhoplan": 3230.499779271236, "aRp": null, "e": null, "inc": null, "pomega": null, "f": null, "P": 30884842.946343757, "RHill": 2495157155.35746}, "I": {"m": 2.350538063997447e+22, "r": 1370146.9898498391, "msmp": 0.000813383844511896, "rsrp": 0.10639699294234027, "a": 477743116.5310089, "aRp": 37.09852400826874, "e": 0.0, "inc": 0.1288705457293143, "pomega": 4.937820796461366, "f": 3.3517862214717384, "P": 1493331.5430282592, "RHill": 30920929.0420845, "spacing": "linear", "period_ratio": NaN}, "II": {"m": 6.5374339904929e+22, "r": 1765485.7984391775, "msmp": 0.002262223817548711, "rsrp": 0.1370965169634257, "a": 994225033.1854346, "aRp": 77.20525945214237, "e": 0.0, "inc": 0.1288705457293143, "pomega": 5.64663498052963, "f": 2.6222354522312648, "P": 4479994.629084777, "RHill": 90494628.00362943, "spacing": "linear", "period_ratio": 3.0}}