{"Planet": {"m": 4.19881752820264e+24, "Rp": 5824400.4, "Rstar": 904410000.0, "RpRstar": 0.00644, "rhostar": 795.6882030684259, "impact": 0.3874810831333625, "q1": 0.29822521, "q2": 0.23274125618018676, "a": 161254309619.48215, "Pp": 367.08453794668566, "rhoplan": 5073.231999925257, "aRp": null, "e": null, "inc": null, "pomega": null, "f": null, "P": 31716104.07859364, "RHill": 1335172505.8248947}, "I": {"m": 5.118970034551966e+21, "r": 851591.3797148837, "msmp": 0.0012191456285415693, "rsrp": 0.1462109953352252, "a": 38435558.32340443, "aRp": 6.599058389496098, "e": 0.0, "inc": 0.164164632613328, "pomega": 4.043005727212067, "f": 5.207396403700093, "P": 89381.72337490256, "RHill": 2846937.7498748023, "spacing": "logarithmic", "period_ratio": NaN}, "II": {"m": 7.587044872639522e+21, "r": 999876.9583711402, "msmp": 0.001806947985159826, "rsrp": 0.1716703677122095, "a": 58288295.95845446, "aRp": 10.007604552471093, "e": 0.0, "inc": 0.164164632613328, "pomega": 4.79832013257559, "f": 0.6685977764615542, "P": 166875.86297935084, "RHill": 4922542.689876282, "spacing": "logarithmic", "period_ratio": 1.8670020746792606}, "III": {"m": 2.1938443005222718e+21, "r": 635854.1398881766, "msmp": 0.0005224909836606727, "rsrp": 0.10917074655241363, "a": 102058849.57529444, "aRp": 17.522636248581815, "e": 0.0, "inc": 0.164164632613328, "pomega": 2.173571154868906, "f": 3.89030905458034, "P": 386879.82327491126, "RHill": 5699496.83945668, "spacing": "logarithmic", "period_ratio": 2.318368974204398}, "IV": {"m": 2.742305375652839e+21, "r": 664833.5944705367, "msmp": 0.0006531137295758407, "rsrp": 0.11414627237346811, "a": 176874828.74225914, "aRp": 30.367903405517783, "e": 0.0, "inc": 0.164164632613328, "pomega": 1.0971538700205579, "f": 5.32239019420053, "P": 882613.9325943219, "RHill": 10640332.969630824, "spacing": "logarithmic", "period_ratio": 2.281364598244114}, "V": {"m": 2.1938443005222718e+21, "r": 624006.149130152, "msmp": 0.0005224909836606727, "rsrp": 0.10713654733114707, "a": 502011363.3655772, "aRp": 86.19108043560624, "e": 0.0, "inc": 0.164164632613328, "pomega": 0.923092230847766, "f": 3.2914616100616736, "P": 4220563.119509181, "RHill": 28034924.8573743, "spacing": "logarithmic", "period_ratio": 4.781890432098004}}