{"Planet": {"m": 2.889826346880522e+25, "Rp": 12596900.76, "Rstar": 549603000.0, "RpRstar": 0.02292, "rhostar": 2373.2752463298975, "impact": 0.41219489993155856, "q1": 0.39904488999999993, "q2": 0.24908975779642237, "a": 31548077863.746033, "Pp": 38.826372469904186, "rhoplan": 3451.373920489355, "aRp": null, "e": null, "inc": null, "pomega": null, "f": null, "P": 3354598.5813997216, "RHill": 568017522.9971352}, "I": {"m": 1.8847032179763072e+23, "r": 2178849.1734902905, "msmp": 0.006521856304655765, "rsrp": 0.17296708253898244, "a": 227437536.84748635, "aRp": 18.055039186280478, "e": 0.0, "inc": 0.04065278355730367, "pomega": 0.4430088650426651, "f": 0.49076584907563325, "P": 489128.2464055851, "RHill": 29463124.45874787, "spacing": "linear", "period_ratio": NaN}}