{"Planet": {"m": 1.1844790996521293e+25, "Rp": 7947050.670000001, "Rstar": 702657000.0, "RpRstar": 0.01131, "rhostar": 1313.5856718912478, "impact": 0.1634925717375174, "q1": 0.25, "q2": 0.2, "a": 67531558397.71808, "Pp": 113.06638389736459, "rhoplan": 5634.051940234313, "aRp": null, "e": null, "inc": null, "pomega": null, "f": null, "P": 9768935.5687323, "RHill": 860431774.3513023}, "I": {"m": 3.405417097758176e+22, "r": 1605596.1265645109, "msmp": 0.002875033505241516, "rsrp": 0.2020367295033883, "a": 69592997.62729345, "aRp": 8.757084925858846, "e": 0.0, "inc": -0.017332852757579453, "pomega": 1.589176481833901, "f": 3.7520651534322744, "P": 129550.23677070174, "RHill": 6861295.051823179, "spacing": "logarithmic", "period_ratio": NaN}, "II": {"m": 1.702708548879088e+22, "r": 1180975.9578979886, "msmp": 0.001437516752620758, "rsrp": 0.14860556537737396, "a": 175279536.841847, "aRp": 22.05592289772666, "e": 0.0, "inc": -0.017332852757579453, "pomega": 1.520054531259868, "f": 5.3091941854545786, "P": 518200.94708280696, "RHill": 13716030.33455322, "spacing": "logarithmic", "period_ratio": 4.0}, "III": {"m": 2.019491534717059e+22, "r": 1387685.568887727, "msmp": 0.0017049617298525279, "rsrp": 0.17461642394281185, "a": 364628582.6856488, "aRp": 45.88225214948186, "e": 0.0, "inc": -0.017332852757579453, "pomega": 1.568439896661691, "f": 1.1486811422666552, "P": 1554602.841248421, "RHill": 30202890.13021649, "spacing": "logarithmic", "period_ratio": 3.0}}