{"Planet": {"m": 1.2093037787531302e+25, "Rp": 8069563.4399999995, "Rstar": 751356000.0, "RpRstar": 0.01074, "rhostar": 1186.2763979115682, "impact": 0.1113361252410181, "q1": 0.37234403999999993, "q2": 0.25901343821697803, "a": 80555280796.58606, "Pp": 140.1835823678934, "rhoplan": 5494.101519385229, "aRp": null, "e": null, "inc": null, "pomega": null, "f": null, "P": 12111861.516585989, "RHill": 999911298.4521761}, "I": {"m": 1.7748517217695566e+21, "r": 624719.8700662011, "msmp": 0.00014676640832128572, "rsrp": 0.07741681129483767, "a": 65402724.034016415, "aRp": 8.104865216105969, "e": 0.0, "inc": -0.13773770504537708, "pomega": 6.192698390064489, "f": 6.072049167244359, "P": 116969.11114369813, "RHill": 2392017.252302364, "spacing": "linear", "period_ratio": NaN}, "II": {"m": 1.2161021056569183e+21, "r": 622828.3408181821, "msmp": 0.00010056216866458465, "rsrp": 0.07718240837303364, "a": 118944877.63986537, "aRp": 14.739939592056219, "e": 0.0, "inc": -0.13773770504537708, "pomega": 4.6720154774357665, "f": 5.972764910965293, "P": 286883.837567369, "RHill": 3835160.430214305, "spacing": "linear", "period_ratio": 2.452646128215237}, "III": {"m": 2.0049250931100554e+21, "r": 710194.1869568488, "msmp": 0.00016579168347404503, "rsrp": 0.08800899729426365, "a": 208975874.16687104, "aRp": 25.89680045527606, "e": 0.0, "inc": -0.13773770504537708, "pomega": 1.4107161730791251, "f": 3.9217281230230823, "P": 668063.168891019, "RHill": 7959943.397528973, "spacing": "linear", "period_ratio": 2.3286887632146147}, "IV": {"m": 2.3993365868366224e+21, "r": 749007.1284279346, "msmp": 0.0001984064408787751, "rsrp": 0.09281879174716974, "a": 313198902.94213164, "aRp": 38.81237259870054, "e": 0.0, "inc": -0.13773770504537708, "pomega": 5.602019903340936, "f": 1.4119729358168347, "P": 1225734.9532141767, "RHill": 12665774.047456734, "spacing": "linear", "period_ratio": 1.834759062154092}, "V": {"m": 2.103527966541697e+21, "r": 745004.1775774338, "msmp": 0.00017394537282522753, "rsrp": 0.09232273630622004, "a": 420744466.63289297, "aRp": 52.139681379454274, "e": 0.0, "inc": -0.13773770504537708, "pomega": 5.512789748963548, "f": 5.083605274035689, "P": 1908530.711015727, "RHill": 16284794.71899071, "spacing": "linear", "period_ratio": 1.5570500833080536}}