{"Planet": {"m": 2.6590628538077622e+26, "Rp": 46870839.54, "Rstar": 876582000.0, "RpRstar": 0.05347, "rhostar": 690.6622694040396, "impact": 0.43795753696860296, "q1": 0.3848961600000001, "q2": 0.36355577047066406, "a": 13989834460.848478, "Pp": 10.55082707471454, "rhoplan": 616.498176119131, "aRp": null, "e": null, "inc": null, "pomega": null, "f": null, "P": 911591.4592553363, "RHill": 499387533.2381622}, "I": {"m": 6.571665710782383e+23, "r": 3294999.829873478, "msmp": 0.0024714217271591746, "rsrp": 0.07029956924627935, "a": 65776102.21777823, "aRp": 1.4033480702141958, "e": 0.0, "inc": 0.05067197538293369, "pomega": 1.2599046445539626, "f": 0.12630465513982367, "P": 25129.21407775527, "RHill": 6166092.037677727, "spacing": "logarithmic", "period_ratio": NaN}, "II": {"m": 4.994465940194612e+23, "r": 2690077.4707535547, "msmp": 0.0018782805126409728, "rsrp": 0.0573934134134256, "a": 160141854.1139074, "aRp": 3.4166628053939783, "e": 0.0, "inc": 0.05067197538293369, "pomega": 0.7213818114453611, "f": 0.185372503812179, "P": 95491.01349547002, "RHill": 13699916.444906808, "spacing": "logarithmic", "period_ratio": 3.8}, "III": {"m": 8.411732109801453e+23, "r": 3919514.3772809776, "msmp": 0.003163419810763744, "rsrp": 0.0836237288631459, "a": 225210997.43663868, "aRp": 4.804927747121781, "e": 0.0, "inc": 0.05067197538293369, "pomega": 6.140542736449537, "f": 1.1656474392257359, "P": 159151.6891591167, "RHill": 22922823.95854258, "spacing": "logarithmic", "period_ratio": 1.6666666666666667}, "IV": {"m": 5.388765882841553e+23, "r": 3313980.91698356, "msmp": 0.0020265658162705227, "rsrp": 0.07070453504796685, "a": 468280722.7691761, "aRp": 9.990875507351241, "e": 0.0, "inc": 0.05067197538293369, "pomega": 0.2752310395584217, "f": 5.025165806732189, "P": 477455.0674773501, "RHill": 41088419.17789765, "spacing": "logarithmic", "period_ratio": 3.0}}