{"Planet": {"m": 5.49692731649152e+25, "Rp": 19137315.6, "Rstar": 723528000.0, "RpRstar": 0.02645, "rhostar": 1127.9602173034011, "impact": 0.18316978671237327, "q1": 0.37871715999999994, "q2": 0.34367890802729933, "a": 199712956406.9332, "Pp": 593.8704900072285, "rhoplan": 1872.3555748629276, "aRp": null, "e": null, "inc": null, "pomega": null, "f": null, "P": 51310410.33662454, "RHill": 4336669717.500713}, "I": {"m": 5.244513925390137e+22, "r": 1583752.0614587239, "msmp": 0.0009540810026095653, "rsrp": 0.08275727351534735, "a": 66489013.29796635, "aRp": 3.474312421224132, "e": 0.0, "inc": 0.1111013170211412, "pomega": 3.7432678142683065, "f": 4.064370693753132, "P": 56212.74119587192, "RHill": 4538418.622395752, "spacing": "logarithmic", "period_ratio": NaN}, "II": {"m": 1.3985370467707033e+22, "r": 1071127.2045656089, "msmp": 0.0002544216006958841, "rsrp": 0.055970608780972854, "a": 107768042.72024311, "aRp": 5.631304043511887, "e": 0.0, "inc": 0.1111013170211412, "pomega": 0.1552101981071465, "f": 2.7856146081335242, "P": 116037.07218707622, "RHill": 4734791.986750231, "spacing": "logarithmic", "period_ratio": 2.0642485977111114}, "III": {"m": 9.5566698195998e+22, "r": 1551449.0083149297, "msmp": 0.001738547604755207, "rsrp": 0.0810693119527657, "a": 242473161.9326409, "aRp": 12.670176267179336, "e": 0.0, "inc": 0.1111013170211412, "pomega": 1.8399006480069837, "f": 5.840176442136921, "P": 391322.9600992126, "RHill": 20215544.958284624, "spacing": "logarithmic", "period_ratio": 3.3723960172686662}, "IV": {"m": 3.962521632516991e+22, "r": 1608619.9351203304, "msmp": 0.0007208612019716713, "rsrp": 0.08405671771020645, "a": 538502894.2986577, "aRp": 28.138893957450207, "e": 0.0, "inc": 0.1111013170211412, "pomega": 4.292473130647441, "f": 2.164145434336083, "P": 1295813.7841433526, "RHill": 33478411.317522384, "spacing": "logarithmic", "period_ratio": 3.3113666108802393}, "V": {"m": 7.925043265033982e+22, "r": 2049905.7722055276, "msmp": 0.0014417224039433426, "rsrp": 0.10711563810995141, "a": 974703459.8498722, "aRp": 50.93208892107481, "e": 0.0, "inc": 0.1111013170211412, "pomega": 2.4261804651485535, "f": 5.841433204874631, "P": 3154372.153543405, "RHill": 76347116.3912584, "spacing": "logarithmic", "period_ratio": 2.4342789003658605}}