{"Planet": {"m": 1.136057399657336e+26, "Rp": 28148578.560000002, "Rstar": 403506000.0, "RpRstar": 0.06976, "rhostar": 4696.568564721246, "impact": 0.4391506411446571, "q1": 0.3701505600000001, "q2": 0.22016765285996057, "a": 15543765538.74681, "Pp": 15.172910624839577, "rhoplan": 1216.0243150086824, "aRp": null, "e": null, "inc": null, "pomega": null, "f": null, "P": 1310939.4779861395, "RHill": 479191921.4357934}, "I": {"m": 1.0837015535924712e+24, "r": 3947596.130860343, "msmp": 0.009539144359425353, "rsrp": 0.14024140233034713, "a": 90801590.58368859, "aRp": 3.225796655775736, "e": 0.0, "inc": -0.03845344876631171, "pomega": 1.5464465487517713, "f": 2.2496053005003422, "P": 62137.7426135848, "RHill": 13352302.976372099, "spacing": "logarithmic", "period_ratio": NaN}}