{"Planet": {"m": 2.8305037738601235e+25, "Rp": 12480857.999999998, "Rstar": 960065999.9999999, "RpRstar": 0.013, "rhostar": 649.0817555272863, "impact": 0.2531186583391969, "q1": 0.31292836, "q2": 0.2426707186271005, "a": 19836367798.492867, "Pp": 16.032760218596895, "rhoplan": 3475.6961494085604, "aRp": null, "e": null, "inc": null, "pomega": null, "f": null, "P": 1385230.4828867717, "RHill": 312808985.5559387}, "I": {"m": 3.78704565336548e+22, "r": 1215448.5343840383, "msmp": 0.0013379405066826194, "rsrp": 0.09738501426616972, "a": 51182859.74953851, "aRp": 4.10090874758278, "e": 0.0, "inc": 0.07416645656289536, "pomega": 3.6427267952515314, "f": 1.1568501000617681, "P": 52898.28875581265, "RHill": 3910476.948931316, "spacing": "linear", "period_ratio": NaN}, "II": {"m": 6.437977610721317e+22, "r": 1955908.573222506, "msmp": 0.0022744988613604532, "rsrp": 0.15671266937116873, "a": 118024430.4905297, "aRp": 9.456435646534054, "e": 0.0, "inc": 0.07416645656289536, "pomega": 2.672505961739652, "f": 6.12923187181015, "P": 185144.01064534427, "RHill": 10762010.295076488, "spacing": "linear", "period_ratio": 3.5}}