{"Planet": {"m": 3.4114248629341594e+25, "Rp": 13922765.82, "Rstar": 653958000.0, "RpRstar": 0.02129, "rhostar": 1663.3889261307406, "impact": 0.46386729278965766, "q1": 0.25, "q2": 0.2, "a": 212229449718.8168, "Pp": 623.4504482683038, "rhoplan": 3017.662359959759, "aRp": null, "e": null, "inc": null, "pomega": null, "f": null, "P": 53866118.73038145, "RHill": 3820907328.4753175}, "I": {"m": 1.4456373257326006e+23, "r": 1914585.7358974305, "msmp": 0.004237634958459003, "rsrp": 0.13751475537620084, "a": 431178839.56859124, "aRp": 30.969337927756026, "e": 0.0, "inc": -0.08851449781841429, "pomega": 5.229389751610013, "f": 2.6517693765674424, "P": 1176459.5890169875, "RHill": 48379146.46675408, "spacing": "linear", "period_ratio": NaN}, "II": {"m": 1.220760408396418e+23, "r": 2070774.4634546586, "msmp": 0.0035784472982542683, "rsrp": 0.14873298094836868, "a": 1618168912.6056418, "aRp": 116.22467356889307, "e": 0.0, "inc": -0.08851449781841429, "pomega": 3.3775498575947873, "f": 1.3365671715542535, "P": 8555969.320619328, "RHill": 171612259.89825028, "spacing": "linear", "period_ratio": 7.272641916896122}}