{"Planet": {"m": 4.754052117246043e+25, "Rp": 17264491.2, "Rstar": 653958000.0, "RpRstar": 0.0264, "rhostar": 1527.602075018027, "impact": 0.15106911008732238, "q1": 0.39904488999999993, "q2": 0.24908975779642237, "a": 156544216650.2092, "Pp": 412.1343634972668, "rhoplan": 2205.5351199229535, "aRp": null, "e": null, "inc": null, "pomega": null, "f": null, "P": 35608409.00616385, "RHill": 3238683055.093119}, "I": {"m": 4.771962097749236e+21, "r": 863534.8903895854, "msmp": 0.0001003767308405859, "rsrp": 0.05001797506720531, "a": 148527122.16029942, "aRp": 8.603040798578496, "e": 0.0, "inc": 0.05018323431826879, "pomega": 1.6740079666293048, "f": 5.145186648183464, "P": 201897.94164570043, "RHill": 4786040.438516333, "spacing": "linear", "period_ratio": NaN}, "II": {"m": 9.35678842695929e+20, "r": 705913.4285839932, "msmp": 1.9681711929526657e-05, "rsrp": 0.04088816869297563, "a": 207693617.81631297, "aRp": 12.030103604577294, "e": 0.0, "inc": 0.05018323431826879, "pomega": 3.1155148267823174, "f": 2.592073146526232, "P": 333868.5343106874, "RHill": 3888096.3941098996, "spacing": "linear", "period_ratio": 1.6536500153952778}, "III": {"m": 3.742715370783716e+21, "r": 768249.7277588968, "msmp": 7.872684771810663e-05, "rsrp": 0.044498833985845865, "a": 462261346.31595474, "aRp": 26.775266120553542, "e": 0.0, "inc": 0.05018323431826879, "pomega": 3.9606877678920824, "f": 3.3718944252750935, "P": 1108560.2767834784, "RHill": 13736880.355899889, "spacing": "linear", "period_ratio": 3.3203496671893244}, "IV": {"m": 2.245629222470229e+21, "r": 720834.0806951575, "msmp": 4.723610863086396e-05, "rsrp": 0.041752408011604625, "a": 604962169.261027, "aRp": 35.04083394366276, "e": 0.0, "inc": 0.05018323431826879, "pomega": 0.9777614099381375, "f": 4.143546746228842, "P": 1659690.493098901, "RHill": 15162791.738539934, "spacing": "linear", "period_ratio": 1.4971585468627322}, "V": {"m": 8.046838047184982e+21, "r": 1077376.7840346275, "msmp": 0.00016926272259392908, "rsrp": 0.06240420129118126, "a": 1026662846.7164267, "aRp": 59.46673057567006, "e": 0.0, "inc": 0.05018323431826879, "pomega": 4.019127235195583, "f": 2.7435130564202495, "P": 3669019.7903368254, "RHill": 39376870.895136744, "spacing": "linear", "period_ratio": 2.2106650641145706}}