{"Planet": {"m": 9.827777824015046e+24, "Rp": 7475157.36, "Rstar": 612216000.0, "RpRstar": 0.01221, "rhostar": 1882.5419681510737, "impact": 0.39938505062219865, "q1": 0.25, "q2": 0.2, "a": 183281581018.56732, "Pp": 519.2382374675162, "rhoplan": 5617.01653323934, "aRp": null, "e": null, "inc": null, "pomega": null, "f": null, "P": 44862183.7171934, "RHill": 2233817796.8580256}, "I": {"m": 1.3282365558007058e+22, "r": 1161718.8504305026, "msmp": 0.001351512599882999, "rsrp": 0.15541062140670475, "a": 333121185.9019474, "aRp": 44.56376900966635, "e": 0.0, "inc": 0.053464781466732975, "pomega": 2.8698177115600734, "f": 2.135868272737615, "P": 1490594.2561080751, "RHill": 25536921.137074213, "spacing": "linear", "period_ratio": NaN}, "II": {"m": 1.0042764202395591e+22, "r": 1235355.5432566616, "msmp": 0.0010218753803993418, "rsrp": 0.1652614766168162, "a": 692843946.9211535, "aRp": 92.68620225021638, "e": 0.0, "inc": 0.053464781466732975, "pomega": 4.431973794533215, "f": 1.5451897860140618, "P": 4471782.768324225, "RHill": 48386883.85427559, "spacing": "linear", "period_ratio": 3.0}, "III": {"m": 1.3282365558007058e+22, "r": 1274484.1085885447, "msmp": 0.001351512599882999, "rsrp": 0.17049595710297458, "a": 1441331661.682132, "aRp": 192.81623011640949, "e": 0.0, "inc": 0.053464781466732975, "pomega": 1.0833294799057513, "f": 2.701411504706975, "P": 13415348.304972675, "RHill": 110491840.61075823, "spacing": "linear", "period_ratio": 3.0}}