{"Planet": {"m": 3.785183702133957e+24, "Rp": 5614299.0, "Rstar": 521775000.0, "RpRstar": 0.01076, "rhostar": 1670.8501621422527, "impact": 0.40789251585267816, "q1": 0.15888196000000002, "q2": 0.16821374811841444, "a": 180154771157.0246, "Pp": 682.642200293221, "rhoplan": 5106.363627213517, "aRp": null, "e": null, "inc": null, "pomega": null, "f": null, "P": 58980286.10533429, "RHill": 1950483881.284685}, "I": {"m": 3.436391975773471e+21, "r": 863841.6720320035, "msmp": 0.0009078534217074197, "rsrp": 0.1538645647536769, "a": 42672198.5290941, "aRp": 7.600628062220074, "e": 0.0, "inc": -0.0872577350807046, "pomega": 3.209143650741689, "f": 2.424295321041989, "P": 110142.26562338563, "RHill": 2864902.494458144, "spacing": "logarithmic", "period_ratio": NaN}, "II": {"m": 6.517295126466927e+20, "r": 704061.0300322267, "msmp": 0.00017217909722037265, "rsrp": 0.1254049757649578, "a": 60421829.0277942, "aRp": 10.76213237445925, "e": 0.0, "inc": -0.0872577350807046, "pomega": 5.335586202946482, "f": 2.756709065166201, "P": 185646.57540627566, "RHill": 2330667.1673542224, "spacing": "logarithmic", "period_ratio": 1.685516221729679}, "III": {"m": 1.0072183377267064e+21, "r": 558049.3381675603, "msmp": 0.0002660949684314849, "rsrp": 0.09939786572955239, "a": 139153301.41834158, "aRp": 24.78551666349469, "e": 0.0, "inc": -0.0872577350807046, "pomega": 2.3124434373858263, "f": 0.3160758285339866, "P": 648807.7417586043, "RHill": 6205812.508042342, "spacing": "logarithmic", "period_ratio": 3.4948543507400016}, "IV": {"m": 3.258647563233462e+21, "r": 843119.0895511983, "msmp": 0.0008608954861018628, "rsrp": 0.15017352826260202, "a": 185195679.84830204, "aRp": 32.98642980153035, "e": 0.0, "inc": -0.0872577350807046, "pomega": 1.7657516464821121, "f": 2.56065407808349, "P": 995847.7404968602, "RHill": 12215387.362594746, "spacing": "logarithmic", "period_ratio": 1.5348888066557254}, "V": {"m": 3.732632663340149e+21, "r": 671171.1178675735, "msmp": 0.0009861166477166798, "rsrp": 0.1195467355528399, "a": 661758714.8329091, "aRp": 117.87023007376506, "e": 0.0, "inc": -0.0872577350807046, "pomega": 2.4532008640093115, "f": 2.2075037487870675, "P": 6726188.013892665, "RHill": 45670456.01016941, "spacing": "logarithmic", "period_ratio": 6.754233343479551}}