{"Planet": {"m": 1.518841261662891e+26, "Rp": 33706665.0, "Rstar": 1043550000.0, "RpRstar": 0.0323, "rhostar": 534.6720518855209, "impact": 0.18625246184426092, "q1": 0.22127616000000003, "q2": 0.19313350340136054, "a": 52076624524.98879, "Pp": 66.30657660479248, "rhoplan": 946.8396219888627, "aRp": null, "e": null, "inc": null, "pomega": null, "f": null, "P": 5728888.21865407, "RHill": 1411024573.872498}, "I": {"m": 5.976653837773377e+22, "r": 1872229.8155932904, "msmp": 0.0003935008870663605, "rsrp": 0.055544795535045974, "a": 93207813.58672732, "aRp": 2.7652635936164947, "e": 0.0, "inc": -0.09448412082253531, "pomega": 4.744279334854073, "f": 6.054454488916424, "P": 56145.35901972833, "RHill": 4735804.955977291, "spacing": "logarithmic", "period_ratio": NaN}, "II": {"m": 1.2617380324188236e+23, "r": 2468310.1940035042, "msmp": 0.0008307240949178718, "rsrp": 0.07322914307907662, "a": 193639797.42716128, "aRp": 5.744851869123251, "e": 0.0, "inc": -0.09448412082253531, "pomega": 1.0625928947335415, "f": 2.790641659084363, "P": 168086.34280246118, "RHill": 12621369.187911639, "spacing": "logarithmic", "period_ratio": 2.9937709142335183}, "III": {"m": 5.7552962882262155e+22, "r": 1787017.0654473167, "msmp": 0.00037892678013797676, "rsrp": 0.05301672726884481, "a": 625824138.21293, "aRp": 18.566777170418074, "e": 0.0, "inc": -0.09448412082253531, "pomega": 3.346130789152045, "f": 2.3671126164761978, "P": 976825.5504227654, "RHill": 31400048.937718045, "spacing": "logarithmic", "period_ratio": 5.811451032465812}}