{"Planet": {"m": 4.28572103274945e+25, "Rp": 16162502.4, "Rstar": 667872000.0, "RpRstar": 0.0242, "rhostar": 1465.9711353024218, "impact": 0.22290516174178943, "q1": 0.25, "q2": 0.2, "a": 38947813218.9775, "Pp": 50.58665067816264, "rhoplan": 2423.312831879402, "aRp": null, "e": null, "inc": null, "pomega": null, "f": null, "P": 4370686.618593252, "RHill": 772715067.110915}, "I": {"m": 2.5077038616577562e+22, "r": 1543012.4079413596, "msmp": 0.0005851299798785481, "rsrp": 0.09546865762206226, "a": 134598929.30386764, "aRp": 8.3278520845799, "e": 0.0, "inc": 0.15763644839244714, "pomega": 4.230263375130811, "f": 2.2891933267381974, "P": 183400.4694241084, "RHill": 7805821.882258233, "spacing": "linear", "period_ratio": NaN}, "II": {"m": 4.720383739591071e+21, "r": 892946.320180543, "msmp": 0.00011014211385949142, "rsrp": 0.0552480239805281, "a": 213628667.3734946, "aRp": 13.217548996218222, "e": 0.0, "inc": 0.15763644839244714, "pomega": 1.2894385688901402, "f": 2.938311280765251, "P": 366800.9388482168, "RHill": 7100194.550346879, "spacing": "linear", "period_ratio": 2.0}, "III": {"m": 3.835311788417747e+21, "r": 766127.4670034883, "msmp": 8.949046751083682e-05, "rsrp": 0.047401537710118964, "a": 507969334.96911216, "aRp": 31.428879167195802, "e": 0.0, "inc": 0.15763644839244714, "pomega": 4.727941419263847, "f": 3.1305959796348337, "P": 1344936.7757767949, "RHill": 15753945.41480138, "spacing": "linear", "period_ratio": 3.6666666666666665}}