{"Planet": {"m": 4.28572103274945e+25, "Rp": 16048129.32, "Rstar": 653958000.0, "RpRstar": 0.02454, "rhostar": 1765.2290644652758, "impact": 0.3434107644529183, "q1": 0.37234403999999993, "q2": 0.25901343821697803, "a": 210344437024.7372, "Pp": 597.1530915931662, "rhoplan": 2475.4949406601086, "aRp": null, "e": null, "inc": null, "pomega": null, "f": null, "P": 51594027.11364956, "RHill": 4006072721.8997335}, "I": {"m": 4.2902231459237294e+22, "r": 1517188.601790291, "msmp": 0.0010010504914202013, "rsrp": 0.09453990378177554, "a": 64149271.29856344, "aRp": 3.9973052322439435, "e": 0.0, "inc": -0.06962814667672147, "pomega": 0.5705702829201985, "f": 1.3384523156608181, "P": 60330.28567364814, "RHill": 4449418.984875605, "spacing": "logarithmic", "period_ratio": NaN}, "II": {"m": 8.852841412223573e+21, "r": 1018036.7087968335, "msmp": 0.00020656597442004162, "rsrp": 0.06343647215804175, "a": 118638785.18976058, "aRp": 7.392686264180764, "e": 0.0, "inc": -0.06962814667672147, "pomega": 2.492160508878312, "f": 3.2990021864879315, "P": 151795.970553731, "RHill": 4862644.664055726, "spacing": "logarithmic", "period_ratio": 2.516082409668324}, "III": {"m": 1.974864622726797e+22, "r": 1381271.886069253, "msmp": 0.0004608010198600928, "rsrp": 0.08607058545744901, "a": 284383120.31722337, "aRp": 17.72063987313528, "e": 0.0, "inc": -0.06962814667672147, "pomega": 4.33394630099186, "f": 0.5529756045922628, "P": 563275.3438103434, "RHill": 15230045.7308915, "spacing": "logarithmic", "period_ratio": 3.710739763088518}, "IV": {"m": 4.698815826487895e+22, "r": 1680876.70385058, "msmp": 0.0010963886334602205, "rsrp": 0.10473972824706648, "a": 550514181.5368905, "aRp": 34.30394724267404, "e": 0.0, "inc": -0.06962814667672147, "pomega": 2.830229685322218, "f": 6.193326771433344, "P": 1516630.818037591, "RHill": 39359502.559866264, "spacing": "logarithmic", "period_ratio": 2.692521223773369}, "V": {"m": 5.584099967710248e+22, "r": 1881429.1210140286, "msmp": 0.0013029546078802611, "rsrp": 0.11723666251052048, "a": 1628776420.8235893, "aRp": 101.49322630356204, "e": 0.0, "inc": -0.06962814667672147, "pomega": 1.0104372411185893, "f": 3.780970696399597, "P": 7717462.339912466, "RHill": 123347632.27265114, "spacing": "logarithmic", "period_ratio": 5.088556983101726}}