{"Planet": {"m": 8.325134636762747e+24, "Rp": 7054258.86, "Rstar": 841797000.0, "RpRstar": 0.00838, "rhostar": 970.8564286836191, "impact": 0.054344548089583666, "q1": 0.29822521, "q2": 0.23274125618018676, "a": 25097656165.77392, "Pp": 22.72371826701509, "rhoplan": 5661.7211995707985, "aRp": null, "e": null, "inc": null, "pomega": null, "f": null, "P": 1963329.258270104, "RHill": 262483044.81600627}, "I": {"m": 3.881766823102122e+22, "r": 1536863.5844587511, "msmp": 0.004662707562662984, "rsrp": 0.21786322489145954, "a": 36817910.386498496, "aRp": 5.219245723355621, "e": 0.0, "inc": 0.0853376808980926, "pomega": 3.835011494121114, "f": 2.503471373517699, "P": 59410.05264527548, "RHill": 4264794.513193475, "spacing": "logarithmic", "period_ratio": NaN}, "II": {"m": 2.407678156101316e+22, "r": 1438995.5872853147, "msmp": 0.0028920591211453956, "rsrp": 0.20398962043268634, "a": 100294884.46889283, "aRp": 14.217635964225563, "e": 0.0, "inc": 0.0853376808980926, "pomega": 3.3756647134882227, "f": 4.094532999458164, "P": 267345.2369037396, "RHill": 9907728.255826648, "spacing": "logarithmic", "period_ratio": 4.5}, "III": {"m": 1.7197701115009393e+22, "r": 1372823.0528600512, "msmp": 0.002065756515103853, "rsrp": 0.19460911204214743, "a": 208564455.10885954, "aRp": 29.56575017277712, "e": 0.0, "inc": 0.0853376808980926, "pomega": 4.559535212410749, "f": 2.9785276883719614, "P": 802035.7107112189, "RHill": 18417312.364224542, "spacing": "logarithmic", "period_ratio": 3.0}}