{"Planet": {"m": 1.136057399657336e+26, "Rp": 28968948.0, "Rstar": 1043550000.0, "RpRstar": 0.02776, "rhostar": 467.8380453998308, "impact": 0.2566204593702818, "q1": 0.379456, "q2": 0.25681818181818183, "a": 70009155807.87918, "Pp": 110.48987489645282, "rhoplan": 1115.6128112948736, "aRp": null, "e": null, "inc": null, "pomega": null, "f": null, "P": 9546325.191053523, "RHill": 1800279225.1270316}, "I": {"m": 9.184177687634132e+22, "r": 1868223.9700626847, "msmp": 0.0008084254977261109, "rsrp": 0.0644905700428847, "a": 79799163.11191663, "aRp": 2.754644839430021, "e": 0.0, "inc": 0.0751439386922251, "pomega": 3.2908332286928186, "f": 4.609805721919137, "P": 51416.07232390098, "RHill": 5154318.516614894, "spacing": "logarithmic", "period_ratio": NaN}, "II": {"m": 2.313052158367114e+23, "r": 2756149.4888154264, "msmp": 0.0020360345868657603, "rsrp": 0.09514151113859662, "a": 143103402.5789796, "aRp": 4.939889518217217, "e": 0.0, "inc": 0.0751439386922251, "pomega": 3.717504178145258, "f": 3.426563604365465, "P": 123398.57357736235, "RHill": 12575866.708605023, "spacing": "logarithmic", "period_ratio": 2.4}, "III": {"m": 2.0069129021126443e+23, "r": 2722960.9009741894, "msmp": 0.0017665594209570579, "rsrp": 0.09399585034893879, "a": 263575089.55433065, "aRp": 9.09853853009542, "e": 0.0, "inc": 0.0751439386922251, "pomega": 1.9599214894582588, "f": 5.583796843644145, "P": 308496.43394340586, "RHill": 22092254.006839003, "spacing": "logarithmic", "period_ratio": 2.5}, "IV": {"m": 1.5306962812723558e+23, "r": 2573869.8961093277, "msmp": 0.0013473758295435186, "rsrp": 0.0888492704708962, "a": 718321364.0073392, "aRp": 24.796253008819626, "e": 0.0, "inc": 0.0751439386922251, "pomega": 4.111499296417246, "f": 5.426701501430434, "P": 1388233.9527453263, "RHill": 55009954.08077566, "spacing": "logarithmic", "period_ratio": 4.5}, "V": {"m": 2.619191414621585e+23, "r": 2630804.5223591425, "msmp": 0.0023055097527744637, "rsrp": 0.09081463787912293, "a": 1624712465.1443868, "aRp": 56.08462085486801, "e": 0.0, "inc": 0.0751439386922251, "pomega": 0.7949024316013779, "f": 1.879488674244839, "P": 4719995.439334109, "RHill": 148819011.4942818, "spacing": "logarithmic", "period_ratio": 3.4}}