{"Planet": {"m": 2.687615103409245e+25, "Rp": 11840118.3, "Rstar": 424377000.0, "RpRstar": 0.0279, "rhostar": 4037.152386322607, "impact": 0.22099804113818078, "q1": 0.09235521000000001, "q2": 0.04886475814412636, "a": 122800856665.728, "Pp": 336.9389435689457, "rhoplan": 3865.5414875857564, "aRp": null, "e": null, "inc": null, "pomega": null, "f": null, "P": 29111524.72435691, "RHill": 2341407006.2525992}, "I": {"m": 4.457022171376416e+21, "r": 889344.4015216908, "msmp": 0.000165835582845277, "rsrp": 0.07511279693224777, "a": 66850457.94179037, "aRp": 5.646097129096283, "e": 0.0, "inc": -0.1425203854638834, "pomega": 0.999754757848057, "f": 4.602893526861734, "P": 81080.05641884892, "RHill": 2546575.4161504256, "spacing": "linear", "period_ratio": NaN}, "II": {"m": 1.8233272519267155e+22, "r": 1308643.5218048934, "msmp": 0.0006784182934579514, "rsrp": 0.11052622014806164, "a": 252359249.10313404, "aRp": 21.313912809733836, "e": 0.0, "inc": -0.1425203854638834, "pomega": 4.29624341886057, "f": 0.8797339163967818, "P": 594531.7372516344, "RHill": 15374865.489811633, "spacing": "linear", "period_ratio": 7.332650759150456}, "III": {"m": 2.066437552183611e+22, "r": 1132453.780767332, "msmp": 0.0007688740659190115, "rsrp": 0.09564547853946122, "a": 338839126.82517064, "aRp": 28.617883558238656, "e": 0.0, "inc": -0.1425203854638834, "pomega": 0.5152727224609722, "f": 0.48888070496906877, "P": 924947.1236120992, "RHill": 21523102.46050368, "spacing": "linear", "period_ratio": 1.5557573560124633}, "IV": {"m": 1.6207353350459696e+22, "r": 1151536.1819754636, "msmp": 0.0006030384830737346, "rsrp": 0.09725715172756877, "a": 608820424.1096425, "aRp": 51.42013016116929, "e": 0.0, "inc": -0.1425203854638834, "pomega": 0.9827884608889762, "f": 4.754333436755751, "P": 2227903.528359068, "RHill": 35664034.473688796, "spacing": "linear", "period_ratio": 2.408682044070443}}