{"Planet": {"m": 3.272802470448566e+25, "Rp": 13662017.46, "Rstar": 577431000.0, "RpRstar": 0.02366, "rhostar": 1183.4727191552315, "impact": 0.020934787138328637, "q1": 0.40411449000000005, "q2": 0.2892873997168476, "a": 122903502008.31125, "Pp": 392.58041610005904, "rhoplan": 3063.9852969818367, "aRp": null, "e": null, "inc": null, "pomega": null, "f": null, "P": 33918947.9510451, "RHill": 2768522485.4254365}, "I": {"m": 1.476409733379239e+22, "r": 1106085.5860105504, "msmp": 0.00045111483100808224, "rsrp": 0.08096063332146776, "a": 73902633.00082159, "aRp": 5.4093499160863745, "e": 0.0, "inc": -0.04344558964110298, "pomega": 0.96770730803646, "f": 4.088249185769616, "P": 85390.39856778207, "RHill": 3929903.279573047, "spacing": "logarithmic", "period_ratio": NaN}, "II": {"m": 4.376500281088459e+22, "r": 1343906.473040532, "msmp": 0.0013372332490596724, "rsrp": 0.09836808340900276, "a": 170411973.31095633, "aRp": 12.473412057179168, "e": 0.0, "inc": -0.04344558964110298, "pomega": 2.0648611780570176, "f": 0.5052186205592947, "P": 298866.3949872373, "RHill": 13017534.65972568, "spacing": "logarithmic", "period_ratio": 3.5}, "III": {"m": 3.6910243334480978e+22, "r": 1731863.4659606037, "msmp": 0.0011277870775202056, "rsrp": 0.12676484062703017, "a": 414946609.2490876, "aRp": 30.37227923796604, "e": 0.0, "inc": -0.04344558964110298, "pomega": 2.132726365893341, "f": 5.475715248201112, "P": 1135692.3009515016, "RHill": 29947518.36083389, "spacing": "logarithmic", "period_ratio": 3.8}, "IV": {"m": 3.849211090595872e+22, "r": 1518973.1506855194, "msmp": 0.0011761208094139284, "rsrp": 0.11118219949087368, "a": 814493591.5326093, "aRp": 59.61737305030565, "e": 0.0, "inc": -0.04344558964110298, "pomega": 0.40467760154251964, "f": 3.4950571735706433, "P": 3123153.827616629, "RHill": 59611662.14966401, "spacing": "logarithmic", "period_ratio": 2.75}, "V": {"m": 1.370951895280723e+22, "r": 1243144.5420619326, "msmp": 0.00041889234307893383, "rsrp": 0.09099275020703512, "a": 1144662104.865091, "aRp": 83.78426599266628, "e": 0.0, "inc": -0.04344558964110298, "pomega": 2.342605743090859, "f": 4.606035433706007, "P": 5205256.379361049, "RHill": 59384216.07136807, "spacing": "logarithmic", "period_ratio": 1.6666666666666667}}