{"Planet": {"m": 4.284624702181485e+26, "Rp": 52720146.0, "Rstar": 626130000.0, "RpRstar": 0.0842, "rhostar": 1721.1303753548666, "impact": 0.14746634324864172, "q1": 0.3948865600000001, "q2": 0.3804901336728198, "a": 25877155335.09721, "Pp": 27.850791184125384, "rhoplan": 698.0625913499285, "aRp": null, "e": null, "inc": null, "pomega": null, "f": null, "P": 2406308.358308433, "RHill": 1118274455.892249}, "I": {"m": 5.217097805889437e+23, "r": 3725702.291887037, "msmp": 0.0012176323875538481, "rsrp": 0.07066942287843886, "a": 95522126.07470949, "aRp": 1.8118714252936532, "e": 0.0, "inc": 0.08771156606932198, "pomega": 4.862415032198784, "f": 4.893834100641526, "P": 34666.68693123729, "RHill": 7072434.907215342, "spacing": "logarithmic", "period_ratio": NaN}, "II": {"m": 1.1518267883132529e+23, "r": 2359595.248189263, "msmp": 0.0002688279297196809, "rsrp": 0.04475699381009421, "a": 223020611.960006, "aRp": 4.230273033765991, "e": 0.0, "inc": 0.08771156606932198, "pomega": 1.9649485404090976, "f": 4.624258493402798, "P": 123731.34965987288, "RHill": 9979973.331359051, "spacing": "logarithmic", "period_ratio": 3.569171461504204}, "III": {"m": 3.184462297101347e+23, "r": 2936664.6489890735, "msmp": 0.000743230158636765, "rsrp": 0.05570289295080999, "a": 427364691.4400612, "aRp": 8.106288086532636, "e": 0.0, "inc": 0.08771156606932198, "pomega": 2.8000673796171855, "f": 3.5333884370707884, "P": 328138.538736751, "RHill": 26841039.302901, "spacing": "logarithmic", "period_ratio": 2.652024241542474}}