{"Planet": {"m": 4.023049997846055e+29, "Rp": 163959793.2, "Rstar": 925281000.0, "RpRstar": 0.1772, "rhostar": 701.1036528116343, "impact": 0.41866680433850056, "q1": 0.29822521, "q2": 0.23274125618018676, "a": 111558958734.2707, "Pp": 200.78834567486842, "rhoplan": 21789.874806552798, "aRp": null, "e": null, "inc": null, "pomega": null, "f": null, "P": 17348113.066308632, "RHill": 43094176532.0974}, "I": {"m": 3.904257129042721e+27, "r": 78577105.35744853, "msmp": 0.00970471938239163, "rsrp": 0.4792461848350791, "a": 10730087057.427835, "aRp": 65.4434044347638, "e": 0.0, "inc": 0.06948850637253151, "pomega": 4.066884219228552, "f": 5.441154272914096, "P": 1341241.4510975927, "RHill": 1586927750.4986267, "spacing": "linear", "period_ratio": NaN}}