{"Planet": {"m": 5.494115337556025e+27, "Rp": 112007700.0, "Rstar": 1120077000.0, "RpRstar": 0.1, "rhostar": 368.2138845898953, "impact": 0.240448674909837, "q1": 0.31292836, "q2": 0.2426707186271005, "a": 96557180730.2336, "Pp": 181.18580474972595, "rhoplan": 933.3951175402368, "aRp": null, "e": null, "inc": null, "pomega": null, "f": null, "P": 15654453.530376323, "RHill": 9128497056.681103}, "I": {"m": 4.4124097849980176e+23, "r": 2824045.2332532066, "msmp": 8.031156089564025e-05, "rsrp": 0.025212956191879726, "a": 1231441857.1909575, "aRp": 10.994260726637165, "e": 0.0, "inc": -0.06414726473726533, "pomega": 0.3732585330997774, "f": 6.163164465728311, "P": 448364.8400380631, "RHill": 36838294.487943746, "spacing": "linear", "period_ratio": NaN}, "II": {"m": 5.703846795241342e+23, "r": 3578826.4872852433, "msmp": 0.00010381738359680327, "rsrp": 0.03195161124891631, "a": 2561522354.4758067, "aRp": 22.869163052859818, "e": 0.0, "inc": -0.06414726473726533, "pomega": 4.310696190344231, "f": 1.73433257803937, "P": 1345094.5201141895, "RHill": 83473333.74303621, "spacing": "linear", "period_ratio": 3.0}, "III": {"m": 4.089550532437188e+23, "r": 2733903.8639745726, "msmp": 7.443510522034951e-05, "rsrp": 0.024408177866116102, "a": 5328129032.13586, "aRp": 47.569310253990224, "e": 0.0, "inc": -0.06414726473726533, "pomega": 1.2668168396113657, "f": 4.749306385804912, "P": 4035283.5603425684, "RHill": 155403305.0560625, "spacing": "linear", "period_ratio": 3.0}, "IV": {"m": 4.8428887884124605e+23, "r": 3061535.310776582, "msmp": 8.814683512936129e-05, "rsrp": 0.027333257541906332, "a": 8457916284.958751, "aRp": 75.51191824275251, "e": 0.0, "inc": -0.06414726473726533, "pomega": 5.701304159620001, "f": 1.4056891221282863, "P": 8070567.120685137, "RHill": 260990804.0100866, "spacing": "linear", "period_ratio": 2.0}}