{"Planet": {"m": 4.852447388536552e+26, "Rp": 53498843.01, "Rstar": 605259000.0, "RpRstar": 0.08839, "rhostar": 1926.7973598856393, "impact": 0.2188632477719088, "q1": 0.39904488999999993, "q2": 0.24908975779642237, "a": 94313759647.82895, "Pp": 192.70490479803124, "rhoplan": 756.5524751025712, "aRp": null, "e": null, "inc": null, "pomega": null, "f": null, "P": 16649703.7745499, "RHill": 4232582622.1335597}, "I": {"m": 9.41605311120986e+23, "r": 3826989.882496094, "msmp": 0.0019404750545991278, "rsrp": 0.0715340681625723, "a": 106482603.96715152, "aRp": 1.990372089864594, "e": 0.0, "inc": 0.021522061883278404, "pomega": 1.0544239369384285, "f": 5.279031879749546, "P": 38326.011259557185, "RHill": 9208896.660447089, "spacing": "logarithmic", "period_ratio": NaN}, "II": {"m": 6.459850390248631e+23, "r": 3368306.939047547, "msmp": 0.001331256142108705, "rsrp": 0.06296036978627638, "a": 196102871.3506317, "aRp": 3.6655535020444496, "e": 0.0, "inc": 0.021522061883278404, "pomega": 0.3449813715013094, "f": 4.552623017353346, "P": 95815.02814889296, "RHill": 14957674.42479788, "spacing": "logarithmic", "period_ratio": 2.5}, "III": {"m": 6.131383421252937e+23, "r": 3338357.4852452204, "msmp": 0.0012635651518319911, "rsrp": 0.06240055480491821, "a": 331708005.7542207, "aRp": 6.200283727485806, "e": 0.0, "inc": 0.021522061883278404, "pomega": 2.706438555657814, "f": 4.344628784262392, "P": 210793.06192756453, "RHill": 24864596.448469684, "spacing": "logarithmic", "period_ratio": 2.2}, "IV": {"m": 1.7518238346436966e+23, "r": 2096227.0653682104, "msmp": 0.0003610186148091404, "rsrp": 0.03918266166945674, "a": 890417841.2624329, "aRp": 16.64368407174705, "e": 0.0, "inc": 0.021522061883278404, "pomega": 6.242968899572877, "f": 5.2067680223312385, "P": 927489.472481284, "RHill": 43960568.51908775, "spacing": "logarithmic", "period_ratio": 4.4}, "V": {"m": 2.518246762300314e+23, "r": 2820538.1307432307, "msmp": 0.0005189642587881393, "rsrp": 0.052721479046117244, "a": 1852241219.7248244, "aRp": 34.62207994626358, "e": 0.0, "inc": 0.021522061883278404, "pomega": 4.35468288616407, "f": 3.5824021838414666, "P": 2782468.417443852, "RHill": 103205523.90563154, "spacing": "logarithmic", "period_ratio": 3.0}}