{"Planet": {"m": 1.4275767753768167e+25, "Rp": 8585633.7, "Rstar": 570474000.0, "RpRstar": 0.01505, "rhostar": 2352.3262836488943, "impact": 0.04830401752629332, "q1": 0.39904488999999993, "q2": 0.24908975779642237, "a": 29085367273.257397, "Pp": 32.64574086128908, "rhoplan": 5385.100312789708, "aRp": null, "e": null, "inc": null, "pomega": null, "f": null, "P": 2820592.010415376, "RHill": 400008646.8077962}, "I": {"m": 6.1213636051851865e+22, "r": 1810031.772415843, "msmp": 0.004287940032906054, "rsrp": 0.2108209872051545, "a": 71537520.79112162, "aRp": 8.33223537024665, "e": 0.0, "inc": 0.11752477101387962, "pomega": 1.8744616232940001, "f": 3.3674957556931098, "P": 122899.17667720075, "RHill": 8058292.634142394, "spacing": "logarithmic", "period_ratio": NaN}}