{"Planet": {"m": 1.0031184694896603e+26, "Rp": 26540955.000000004, "Rstar": 758313000.0, "RpRstar": 0.035, "rhostar": 1164.8112992134172, "impact": 0.44020490656927946, "q1": 0.37234403999999993, "q2": 0.25901343821697803, "a": 31040549718.10138, "Pp": 33.37354095480344, "rhoplan": 1280.896327574407, "aRp": null, "e": null, "inc": null, "pomega": null, "f": null, "P": 2883473.938495017, "RHill": 777516889.7889289}, "I": {"m": 4.414331528839657e+23, "r": 3035179.7978759515, "msmp": 0.004400608365914608, "rsrp": 0.11435834912029168, "a": 108739879.58479217, "aRp": 4.0970597924902155, "e": 0.0, "inc": -0.017821593822244325, "pomega": 1.8757183860317097, "f": 0.66545586961728, "P": 86882.17435073668, "RHill": 12355282.205517055, "spacing": "logarithmic", "period_ratio": NaN}, "II": {"m": 7.357219214732762e+22, "r": 1873923.6365193962, "msmp": 0.0007334347276524348, "rsrp": 0.07060498149065834, "a": 258249971.52383655, "aRp": 9.730244127381118, "e": 0.0, "inc": -0.017821593822244325, "pomega": 0.794274050232523, "f": 0.3487516597144385, "P": 318567.9726193678, "RHill": 16148059.982924728, "spacing": "logarithmic", "period_ratio": 3.6666666666666665}}