{"Planet": {"m": 1.4272115868717764e+26, "Rp": 33310115.999999996, "Rstar": 793097999.9999999, "RpRstar": 0.042, "rhostar": 989.6236745448176, "impact": 0.27147388213193924, "q1": 0.37871715999999994, "q2": 0.34367890802729933, "a": 19962637949.097828, "Pp": 17.45844457749311, "rhoplan": 921.8734730315413, "aRp": null, "e": null, "inc": null, "pomega": null, "f": null, "P": 1508409.6114954047, "RHill": 567754453.8320774}, "I": {"m": 1.2411419369751104e+24, "r": 3539147.176119028, "msmp": 0.008696271445606033, "rsrp": 0.1062484194326741, "a": 210593610.03552377, "aRp": 6.3222118480621265, "e": 0.0, "inc": 0.12325002348566819, "pomega": 1.3290265951279954, "f": 1.2328842456932043, "P": 195893.6694522598, "RHill": 30027266.6263935, "spacing": "linear", "period_ratio": NaN}}