{"Planet": {"m": 4.375542498899137e+25, "Rp": 16296076.8, "Rstar": 667872000.0, "RpRstar": 0.0244, "rhostar": 1561.5779484743189, "impact": 0.24056026196050118, "q1": 0.25, "q2": 0.2, "a": 158701286965.46024, "Pp": 403.1466618715981, "rhoplan": 2413.7601271651165, "aRp": null, "e": null, "inc": null, "pomega": null, "f": null, "P": 34831871.58570608, "RHill": 3104368994.3981214}, "I": {"m": 3.1354212103022013e+22, "r": 1479063.0835257263, "msmp": 0.0007165788496148892, "rsrp": 0.09076191169679111, "a": 76940978.77367827, "aRp": 4.721441836459575, "e": 0.0, "inc": -0.09095820314173868, "pomega": 4.15485761086823, "f": 1.2064922282013009, "P": 78440.80933663964, "RHill": 4773884.97129768, "spacing": "logarithmic", "period_ratio": NaN}, "II": {"m": 1.3064255042925837e+22, "r": 1261063.2571389237, "msmp": 0.00029857452067287045, "rsrp": 0.07738446944106962, "a": 1131766153.8080323, "aRp": 69.45022214230312, "e": 0.0, "inc": -0.09095820314173868, "pomega": 5.296626558077481, "f": 2.5826474259934096, "P": 4426202.521692027, "RHill": 52448595.74969999, "spacing": "logarithmic", "period_ratio": 56.42729287374336}}