{"Planet": {"m": 7.198203138900064e+25, "Rp": 22627503.36, "Rstar": 535689000.0, "RpRstar": 0.04224, "rhostar": 2501.2905040579667, "impact": 0.2578151349293405, "q1": 0.39050001, "q2": 0.361577852456393, "a": 55645642630.2695, "Pp": 92.06717941631315, "rhoplan": 1483.2883139092066, "aRp": null, "e": null, "inc": null, "pomega": null, "f": null, "P": 7954604.301569456, "RHill": 1369204970.8680756}, "I": {"m": 5.1683027520261424e+22, "r": 1649778.1771196732, "msmp": 0.0007179990134059895, "rsrp": 0.07291030525427235, "a": 175793918.16697365, "aRp": 7.769037324627478, "e": 0.0, "inc": 0.017297942681531953, "pomega": 5.990987970662084, "f": 0.060952992778919884, "P": 211210.1916485667, "RHill": 10914521.739679608, "spacing": "linear", "period_ratio": NaN}, "II": {"m": 1.181326343320262e+23, "r": 2109171.8696126407, "msmp": 0.0016411406020708343, "rsrp": 0.09321275246570733, "a": 279141231.87701476, "aRp": 12.336369038860449, "e": 0.0, "inc": 0.017297942681531953, "pomega": 4.9177125926580105, "f": 0.9758762658315729, "P": 422420.3832971334, "RHill": 22829628.05245532, "spacing": "linear", "period_ratio": 2.0}, "III": {"m": 1.2108595019032677e+23, "r": 2556136.7916936246, "msmp": 0.001682169117122604, "rsrp": 0.11296592253355982, "a": 443115135.1535144, "aRp": 19.583032564557506, "e": 0.0, "inc": 0.017297942681531953, "pomega": 6.201495729228457, "f": 5.697533871406872, "P": 844840.7665942668, "RHill": 36539790.33876945, "spacing": "linear", "period_ratio": 2.0}}