{"Planet": {"m": 9.042992834335369e+25, "Rp": 25318192.68, "Rstar": 688743000.0, "RpRstar": 0.03676, "rhostar": 1452.933399197078, "impact": 0.04973891915560136, "q1": 0.25, "q2": 0.2, "a": 43621373224.0607, "Pp": 57.51080325982105, "rhoplan": 1330.226132596324, "aRp": null, "e": null, "inc": null, "pomega": null, "f": null, "P": 4968933.401648539, "RHill": 1079595354.5894873}, "I": {"m": 6.581474151223177e+23, "r": 3121016.942901858, "msmp": 0.007277982269579996, "rsrp": 0.12327171146648601, "a": 138704391.4445964, "aRp": 5.478447581061556, "e": 0.0, "inc": 0.05042760485060124, "pomega": 0.8552270430114429, "f": 3.109231013093769, "P": 131638.08614780236, "RHill": 18637462.848904423, "spacing": "logarithmic", "period_ratio": NaN}}