{"Planet": {"m": 1.2866141483495947e+26, "Rp": 31063770.270000003, "Rstar": 744399000.0, "RpRstar": 0.04173, "rhostar": 1185.324285789765, "impact": 0.461549663307663, "q1": 0.25, "q2": 0.2, "a": 83721814277.89163, "Pp": 150.67319660175585, "rhoplan": 1024.7011327060684, "aRp": null, "e": null, "inc": null, "pomega": null, "f": null, "P": 13018164.186391706, "RHill": 2307632297.8200336}, "I": {"m": 6.770586400911648e+22, "r": 1680188.8423346006, "msmp": 0.0005262328577372341, "rsrp": 0.054088374583340634, "a": 82000013.89231399, "aRp": 2.639731532250801, "e": 0.0, "inc": 0.04176990599082339, "pomega": 3.688598635177935, "f": 2.46074144043557, "P": 50333.77391906558, "RHill": 4590212.891115771, "spacing": "logarithmic", "period_ratio": NaN}, "II": {"m": 2.7300751616579207e+22, "r": 1554122.7389367314, "msmp": 0.00021219066844243293, "rsrp": 0.050030074438119104, "a": 130153288.08864805, "aRp": 4.189874151057068, "e": 0.0, "inc": 0.04176990599082339, "pomega": 2.0981653906063245, "f": 0.5360093076331821, "P": 100667.54783813116, "RHill": 5382575.781464979, "spacing": "logarithmic", "period_ratio": 2.0}, "III": {"m": 4.1497142457200395e+22, "r": 1409008.5103410983, "msmp": 0.0003225298160324981, "rsrp": 0.045358580046603536, "a": 354769374.60535866, "aRp": 11.420679831255995, "e": 0.0, "inc": 0.04176990599082339, "pomega": 3.241819481922141, "f": 2.4871334579274733, "P": 453003.9652715902, "RHill": 16869245.571122475, "spacing": "logarithmic", "period_ratio": 4.5}, "IV": {"m": 6.442977381512694e+22, "r": 1638812.272245575, "msmp": 0.0005007699775241418, "rsrp": 0.05275638655582856, "a": 894015898.9265398, "aRp": 28.780019011083798, "e": 0.0, "inc": 0.04176990599082339, "pomega": 1.5074869038827712, "f": 0.387082923214584, "P": 1812015.8610863609, "RHill": 49224833.06019791, "spacing": "logarithmic", "period_ratio": 4.0}, "V": {"m": 3.385293200455824e+22, "r": 1548849.839689074, "msmp": 0.00026311642886861703, "rsrp": 0.04986033009601812, "a": 1419049402.8597229, "aRp": 45.6818148771264, "e": 0.0, "inc": 0.04176990599082339, "pomega": 2.786242989502379, "f": 6.02806247142452, "P": 3624031.7221727218, "RHill": 63048257.135547474, "spacing": "logarithmic", "period_ratio": 2.0}}