{"Planet": {"m": 1.831030464417182e+25, "Rp": 9432022.32, "Rstar": 584388000.0, "RpRstar": 0.01614, "rhostar": 2093.129530744896, "impact": 0.11885062793130363, "q1": 0.39904488999999993, "q2": 0.24908975779642237, "a": 50993568879.32544, "Pp": 77.48895648170625, "rhoplan": 5209.457524806851, "aRp": null, "e": null, "inc": null, "pomega": null, "f": null, "P": 6695045.840019421, "RHill": 773352188.5283931}, "I": {"m": 4.443004402943544e+22, "r": 1633560.3784701612, "msmp": 0.002426504904907606, "rsrp": 0.17319301450403704, "a": 47995788.057762, "aRp": 5.088599923686567, "e": 0.0, "inc": -0.12827707443650693, "pomega": 1.8442993175889675, "f": 2.3356935480334555, "P": 59690.83321850512, "RHill": 4471876.143455781, "spacing": "logarithmic", "period_ratio": NaN}, "II": {"m": 1.2861328534836578e+22, "r": 1184152.5404790398, "msmp": 0.0007024093145785177, "rsrp": 0.12554598582407084, "a": 120872430.73843478, "aRp": 12.815112882221717, "e": 0.0, "inc": -0.12827707443650693, "pomega": 0.9809033167824117, "f": 3.7105919830878547, "P": 238763.33287402047, "RHill": 7449896.827076279, "spacing": "logarithmic", "period_ratio": 4.0}, "III": {"m": 9.353693479881146e+22, "r": 2462298.852650701, "msmp": 0.0051084313787528556, "rsrp": 0.26105736067116314, "a": 305025799.1455409, "aRp": 32.3393847890662, "e": 0.0, "inc": -0.12827707443650693, "pomega": 5.62589839535742, "f": 4.937820796461366, "P": 955053.3314960819, "RHill": 36424366.7384742, "spacing": "logarithmic", "period_ratio": 4.0}}