{"Planet": {"m": 4.8536890110289e+25, "Rp": 17580825.99, "Rstar": 633087000.0, "RpRstar": 0.027769999999999996, "rhostar": 1833.3829563788615, "impact": 0.39841446463133157, "q1": 0.25, "q2": 0.2, "a": 38637301254.541145, "Pp": 48.428613843520615, "rhoplan": 2132.3844697413497, "aRp": null, "e": null, "inc": null, "pomega": null, "f": null, "P": 4184232.2360801813, "RHill": 782371495.7416462}, "I": {"m": 9.887617206879357e+22, "r": 1868677.952198428, "msmp": 0.0020371344732660053, "rsrp": 0.10629068015696959, "a": 40532198.26833747, "aRp": 2.305477472525594, "e": 0.0, "inc": 0.11906081435996921, "pomega": 1.31017515406235, "f": 0.528468731206924, "P": 28457.67155955011, "RHill": 3562593.787195144, "spacing": "logarithmic", "period_ratio": NaN}, "II": {"m": 2.532194650542276e+22, "r": 1289306.970350836, "msmp": 0.0005217051699827577, "rsrp": 0.07333597244430926, "a": 85751373.33071294, "aRp": 4.877550882961271, "e": 0.0, "inc": 0.11906081435996921, "pomega": 2.6492558510920228, "f": 5.5159316558078215, "P": 87637.38337280418, "RHill": 4786400.61944257, "spacing": "logarithmic", "period_ratio": 3.0795697107339044}, "III": {"m": 7.596583951626827e+22, "r": 1916597.8225826153, "msmp": 0.001565115509948273, "rsrp": 0.10901636951942868, "a": 183576084.64088437, "aRp": 10.441835027848107, "e": 0.0, "inc": 0.11906081435996921, "pomega": 0.5133875783544076, "f": 0.2972243874683413, "P": 274363.0314631509, "RHill": 14778300.15436077, "spacing": "logarithmic", "period_ratio": 3.130662063425913}}