{"Planet": {"m": 2.3977266711981466e+25, "Rp": 10905097.499999998, "Rstar": 793097999.9999999, "RpRstar": 0.01375, "rhostar": 1056.2329603314881, "impact": 0.2677668689724587, "q1": 0.37234403999999993, "q2": 0.25901343821697803, "a": 21086428649.8571, "Pp": 18.346406274531784, "rhoplan": 4413.899152570659, "aRp": null, "e": null, "inc": null, "pomega": null, "f": null, "P": 1585129.502119546, "RHill": 323806980.96532005}, "I": {"m": 5.423757947502184e+22, "r": 1506384.732517107, "msmp": 0.0022620417967790826, "rsrp": 0.1381358334959506, "a": 45866641.26877522, "aRp": 4.205981768505529, "e": 0.0, "inc": 0.09720710675423963, "pomega": 4.113384440523809, "f": 3.6754026264319832, "P": 48733.986208445946, "RHill": 4174681.963475548, "spacing": "logarithmic", "period_ratio": NaN}, "II": {"m": 3.912218847378624e+22, "r": 1751370.4344199768, "msmp": 0.0016316367058734364, "rsrp": 0.16060107985462552, "a": 67855886.01789814, "aRp": 6.222400672520182, "e": 0.0, "inc": 0.09720710675423963, "pomega": 3.010575138183558, "f": 3.5811454211037566, "P": 87721.1751752027, "RHill": 5538875.409280524, "spacing": "logarithmic", "period_ratio": 1.8}, "III": {"m": 3.1119922649602676e+22, "r": 1523996.156559378, "msmp": 0.0012978928342175055, "rsrp": 0.13975080521374322, "a": 182182951.16159964, "aRp": 16.70621937691063, "e": 0.0, "inc": 0.09720710675423963, "pomega": 5.754716575972663, "f": 4.231520137868521, "P": 385973.17077089194, "RHill": 13778869.687862238, "spacing": "logarithmic", "period_ratio": 4.4}}