{"Planet": {"m": 3.34139487626958e+25, "Rp": 13835316.33, "Rstar": 702657000.0, "RpRstar": 0.01969, "rhostar": 1382.0015923022504, "impact": 0.03594029754129224, "q1": 0.25, "q2": 0.2, "a": 35293881339.8397, "Pp": 41.64809495857149, "rhoplan": 3012.117526962018, "aRp": null, "e": null, "inc": null, "pomega": null, "f": null, "P": 3598395.404420577, "RHill": 624730212.122163}, "I": {"m": 1.0782882861828352e+23, "r": 1821514.1940347038, "msmp": 0.003227060332919, "rsrp": 0.1316568519712844, "a": 35474830.81863854, "aRp": 2.564078042922387, "e": 0.0, "inc": -0.12621737994970494, "pomega": 3.6345578374564185, "f": 4.225236324179972, "P": 28066.870176395994, "RHill": 3634814.7052519377, "spacing": "linear", "period_ratio": NaN}, "II": {"m": 1.6473848816682209e+22, "r": 1406760.9251069895, "msmp": 0.0004930231064181807, "rsrp": 0.10167898525432482, "a": 78353553.12207331, "aRp": 5.66330044454237, "e": 0.0, "inc": -0.12621737994970494, "pomega": 1.060079369258122, "f": 0.5416647399528757, "P": 92255.8928167304, "RHill": 4291812.118091986, "spacing": "linear", "period_ratio": 3.2870032261137845}, "III": {"m": 8.53644893228078e+22, "r": 1935615.3013757074, "msmp": 0.002554756096894209, "rsrp": 0.13990394257763294, "a": 252053183.0145362, "aRp": 18.21810047580865, "e": 0.0, "inc": -0.12621737994970494, "pomega": 2.041611067409389, "f": 0.6503747167647637, "P": 531737.5545287589, "RHill": 23891032.334665447, "spacing": "linear", "period_ratio": 5.763724552371677}}