{"Planet": {"m": 1.0907308382202335e+23, "Rp": 2107901.43, "Rstar": 285237000.0, "RpRstar": 0.007390000000000001, "rhostar": 8795.654799730648, "impact": 0.21488409035933187, "q1": 0.15374241, "q2": 0.16284111196123438, "a": 43343342648.189476, "Pp": 86.86796648570622, "rhoplan": 2780.2131131090464, "aRp": null, "e": null, "inc": null, "pomega": null, "f": null, "P": 7505392.304365017, "RHill": 151285181.85477662}, "I": {"m": 4.109661737743214e+20, "r": 514896.2729436758, "msmp": 0.0037678055792839124, "rsrp": 0.2442696160340267, "a": 23780495.399937645, "aRp": 11.281597451137761, "e": 0.0, "inc": -0.04665731663747216, "pomega": 0.4197587543950359, "f": 4.4087236838855866, "P": 269546.02142507833, "RHill": 2565724.2231283546, "spacing": "logarithmic", "period_ratio": NaN}, "II": {"m": 3.677065765349191e+20, "r": 597148.501288826, "msmp": 0.003371194465675079, "rsrp": 0.2832905243054112, "a": 52169810.66073777, "aRp": 24.749644323139798, "e": 0.0, "inc": -0.04665731663747216, "pomega": 5.320505050093965, "f": 2.1710576293934865, "P": 876024.5696315046, "RHill": 5423838.848325498, "spacing": "logarithmic", "period_ratio": 3.25}}