{"Planet": {"m": 1.369567551662184e+25, "Rp": 8332538.039999999, "Rstar": 751356000.0, "RpRstar": 0.01109, "rhostar": 1186.2763979115682, "impact": 0.11543633283020582, "q1": 0.37234403999999993, "q2": 0.25901343821697803, "a": 157870093506.60785, "Pp": 384.59688690414606, "rhoplan": 5651.489612428281, "aRp": null, "e": null, "inc": null, "pomega": null, "f": null, "P": 33229171.02851822, "RHill": 2042600068.2286675}, "I": {"m": 3.373939740387389e+22, "r": 1381919.5417642847, "msmp": 0.0024635073577003092, "rsrp": 0.16584617257436304, "a": 40376297.74069621, "aRp": 4.845618171422859, "e": 0.0, "inc": -0.09238951625968583, "pomega": 3.2550154906680926, "f": 0.9067543152575401, "P": 53252.58974954096, "RHill": 3780976.957318517, "spacing": "linear", "period_ratio": NaN}, "II": {"m": 3.018788188767662e+22, "r": 1566645.2067524507, "msmp": 0.0022041907937318545, "rsrp": 0.18801536809455127, "a": 88581823.41035241, "aRp": 10.630833364950641, "e": 0.0, "inc": -0.09238951625968583, "pomega": 0.9419436719134113, "f": 6.101583091580537, "P": 173070.9166860081, "RHill": 7993198.390154274, "spacing": "linear", "period_ratio": 3.25}, "III": {"m": 1.154242542764107e+22, "r": 960390.4032020057, "msmp": 0.0008427788328974745, "rsrp": 0.11525784804001996, "a": 223111090.29673153, "aRp": 26.77588619766224, "e": 0.0, "inc": -0.09238951625968583, "pomega": 1.5005747088253678, "f": 0.7270372437650546, "P": 692283.6667440324, "RHill": 14612301.124863347, "spacing": "linear", "period_ratio": 4.0}, "IV": {"m": 1.7313638141461591e+22, "r": 1247427.058768477, "msmp": 0.0012641682493462108, "rsrp": 0.14970553422981758, "a": 383151422.34512424, "aRp": 45.98255903613304, "e": 0.0, "inc": -0.09238951625968583, "pomega": 0.7471454475684097, "f": 3.2600425416189314, "P": 1557638.250174073, "RHill": 28725327.137705125, "spacing": "linear", "period_ratio": 2.25}, "V": {"m": 2.219697197623282e+22, "r": 1495536.330016591, "msmp": 0.0016207285248028352, "rsrp": 0.17948148845373782, "a": 840770681.7161661, "aRp": 100.90211141912366, "e": 0.0, "inc": -0.09238951625968583, "pomega": 2.2181862320576, "f": 4.87623942231359, "P": 5062324.3130657375, "RHill": 68476344.17886458, "spacing": "linear", "period_ratio": 3.25}}