{"Planet": {"m": 3.6304447711526203e+25, "Rp": 14402033.550000003, "Rstar": 772227000.0000001, "RpRstar": 0.01865, "rhostar": 979.2779142123488, "impact": 0.08091955303981446, "q1": 0.39904488999999993, "q2": 0.24908975779642237, "a": 57903326348.353386, "Pp": 90.2401072269183, "rhoplan": 2901.3476468189065, "aRp": null, "e": null, "inc": null, "pomega": null, "f": null, "P": 7796745.264405741, "RHill": 1075407847.187672}, "I": {"m": 4.915861787853709e+21, "r": 979900.7955563766, "msmp": 0.00013540659885298255, "rsrp": 0.06803905796736437, "a": 66566586.81983364, "aRp": 4.622026923401635, "e": 0.0, "inc": 0.053464781466732975, "pomega": 4.41312235346757, "f": 5.111882435634157, "P": 69318.97335498984, "RHill": 2370077.13682384, "spacing": "logarithmic", "period_ratio": NaN}, "II": {"m": 6.349654809311043e+21, "r": 1036330.5982083991, "msmp": 0.00017490019018510253, "rsrp": 0.0719572409417418, "a": 179991486.32616687, "aRp": 12.497643871005065, "e": 0.0, "inc": 0.053464781466732975, "pomega": 1.5910616259404653, "f": 1.0380860213482026, "P": 308203.13961548125, "RHill": 6979242.774392569, "spacing": "logarithmic", "period_ratio": 4.44615845703802}, "III": {"m": 8.705171915990942e+21, "r": 970619.7581532234, "msmp": 0.00023978251880215658, "rsrp": 0.06739463248599524, "a": 493914634.02063525, "aRp": 34.29478429597431, "e": 0.0, "inc": 0.053464781466732975, "pomega": 3.862660274350727, "f": 5.00065893334685, "P": 1400950.750907102, "RHill": 21275706.063290548, "spacing": "logarithmic", "period_ratio": 4.545543412227885}}