{"Planet": {"m": 2.447352750272291e+26, "Rp": 45468308.339999996, "Rstar": 681786000.0, "RpRstar": 0.06669, "rhostar": 1467.909021561355, "impact": 0.23705827916721, "q1": 0.25, "q2": 0.2, "a": 166417030823.5651, "Pp": 432.8791362481432, "rhoplan": 621.5578737724389, "aRp": null, "e": null, "inc": null, "pomega": null, "f": null, "P": 37400757.371839575, "RHill": 5778461347.4448185}, "I": {"m": 1.650315991396689e+23, "r": 2367105.260715865, "msmp": 0.0006743269809442369, "rsrp": 0.052060552660443786, "a": 113626151.2629896, "aRp": 2.499018666217429, "e": 0.0, "inc": 0.14761725656681715, "pomega": 5.936318791571713, "f": 5.267721015110158, "P": 59525.05246900082, "RHill": 6908674.379073209, "spacing": "logarithmic", "period_ratio": NaN}, "II": {"m": 3.726519980573167e+23, "r": 2354764.630222599, "msmp": 0.0015226738279385988, "rsrp": 0.05178914096856851, "a": 171245366.22916612, "aRp": 3.7662576964297534, "e": 0.0, "inc": 0.14761725656681715, "pomega": 5.801216797267921, "f": 1.8015693845068381, "P": 110084.60057859385, "RHill": 13659895.32605075, "spacing": "logarithmic", "period_ratio": 1.8493826718745556}, "III": {"m": 2.022967989454005e+23, "r": 2632506.751782184, "msmp": 0.0008265943637380965, "rsrp": 0.05789761809691696, "a": 394367228.01594007, "aRp": 8.673452838116742, "e": 0.0, "inc": 0.14761725656681715, "pomega": 3.1588731412333013, "f": 1.519426149891013, "P": 384858.009354194, "RHill": 25662042.08079933, "spacing": "logarithmic", "period_ratio": 3.496020400050671}, "IV": {"m": 3.194159983348428e+23, "r": 2761338.6114552435, "msmp": 0.0013051489953759413, "rsrp": 0.060731061089994445, "a": 589684065.8000252, "aRp": 12.969122611523693, "e": 0.0, "inc": 0.14761725656681715, "pomega": 2.6668505294199587, "f": 3.162015048077576, "P": 703516.9819506066, "RHill": 44681972.69617096, "spacing": "logarithmic", "period_ratio": 1.8279910118828868}, "V": {"m": 3.0876879839034825e+23, "r": 2879142.8289640024, "msmp": 0.001261644028863411, "rsrp": 0.06332196939095541, "a": 1728936453.247093, "aRp": 38.02508860278159, "e": 0.0, "inc": 0.14761725656681715, "pomega": 2.032813728245421, "f": 2.59961372295249, "P": 3532022.6331405337, "RHill": 129534133.74021815, "spacing": "logarithmic", "period_ratio": 5.020522210206597}}