{"Planet": {"m": 2.5516652442456245e+25, "Rp": 11367111.87, "Rstar": 758313000.0, "RpRstar": 0.014989999999999998, "rhostar": 1153.9252123048805, "impact": 0.1523712776824112, "q1": 0.37234403999999993, "q2": 0.25901343821697803, "a": 22869731055.13202, "Pp": 21.20539338243957, "rhoplan": 4147.483686575111, "aRp": null, "e": null, "inc": null, "pomega": null, "f": null, "P": 1832145.988242779, "RHill": 364103298.51743436}, "I": {"m": 2.951743888709965e+22, "r": 1534537.719846771, "msmp": 0.0011567911956188517, "rsrp": 0.13499803093314425, "a": 145577627.88286197, "aRp": 12.806914328614061, "e": 0.0, "inc": 0.13218700295382593, "pomega": 2.488390220665183, "f": 1.9888270324255817, "P": 267273.6018151453, "RHill": 10595933.201089645, "spacing": "logarithmic", "period_ratio": NaN}}