{"Planet": {"m": 1.0241421364439202e+26, "Rp": 27748690.2, "Rstar": 1071378000.0, "RpRstar": 0.0259, "rhostar": 432.3218155161918, "impact": 0.0359499097323005, "q1": 0.26163225000000007, "q2": 0.21691104594330396, "a": 59239377157.59955, "Pp": 86.00170025596954, "rhoplan": 1144.3112315860112, "aRp": null, "e": null, "inc": null, "pomega": null, "f": null, "P": 7430546.902115768, "RHill": 1471574203.287746}, "I": {"m": 5.022199292940357e+23, "r": 3174706.079886293, "msmp": 0.004903810822957348, "rsrp": 0.11440922281392198, "a": 372096470.6547043, "aRp": 13.40951475449116, "e": 0.0, "inc": -0.0606562571325162, "pomega": 2.402301973132069, "f": 1.9460970993434523, "P": 544149.16700945, "RHill": 43832176.38868098, "spacing": "logarithmic", "period_ratio": NaN}}