{"Planet": {"m": 4.560872403498204e+25, "Rp": 16994559.599999998, "Rstar": 862668000.0, "RpRstar": 0.0197, "rhostar": 850.3232928745545, "impact": 0.08835599018443119, "q1": 0.29822521, "q2": 0.23274125618018676, "a": 213981622364.31158, "Pp": 582.6688105360645, "rhoplan": 2218.3474516396254, "aRp": null, "e": null, "inc": null, "pomega": null, "f": null, "P": 50342585.23031597, "RHill": 4023624540.232989}, "I": {"m": 4.326384663208012e+22, "r": 1689716.979576142, "msmp": 0.0009485870860780189, "rsrp": 0.09942693540444215, "a": 225930115.88891673, "aRp": 13.294261293415145, "e": 0.0, "inc": 0.0033339122625354323, "pomega": 3.149447420700479, "f": 4.690866918501412, "P": 386552.376390534, "RHill": 15391919.245841913, "spacing": "logarithmic", "period_ratio": NaN}, "II": {"m": 2.315529819745134e+22, "r": 1451490.1203275344, "msmp": 0.0005076944967741512, "rsrp": 0.08540910470710489, "a": 1154508130.1059442, "aRp": 67.93398342054974, "e": 0.0, "inc": 0.0033339122625354323, "pomega": 5.896730765333857, "f": 0.2746026581895669, "P": 4466201.593810827, "RHill": 63859286.613119856, "spacing": "logarithmic", "period_ratio": 11.553936456203859}}