{"Planet": {"m": 2.8297797025110295e+26, "Rp": 48015544.32, "Rstar": 1780992000.0, "RpRstar": 0.02696, "rhostar": 118.48149015150135, "impact": 0.039386738884169326, "q1": 0.3848961600000001, "q2": 0.36355577047066406, "a": 106643807086.20338, "Pp": 185.13234299400415, "rhoplan": 610.2649793306056, "aRp": null, "e": null, "inc": null, "pomega": null, "f": null, "P": 15995434.434681958, "RHill": 3442741571.5697207}, "I": {"m": 7.624564121244391e+22, "r": 1985100.7897860797, "msmp": 0.000269440201103947, "rsrp": 0.04134287797627283, "a": 167933108.60461587, "aRp": 3.49747380734506, "e": 0.0, "inc": -0.035555912454369926, "pomega": 0.01508115285251626, "f": 2.7409995309448303, "P": 99482.49838887053, "RHill": 7520557.5736637935, "spacing": "linear", "period_ratio": NaN}, "II": {"m": 2.6188720242535086e+23, "r": 2642058.9358896874, "msmp": 0.0009254685168352964, "rsrp": 0.055025075177356386, "a": 535103160.85774577, "aRp": 11.144373523947708, "e": 0.0, "inc": -0.035555912454369926, "pomega": 5.808128992325324, "f": 2.2351525290166805, "P": 565660.818362469, "RHill": 36156327.75021643, "spacing": "linear", "period_ratio": 5.68603349858925}, "III": {"m": 6.298552969723629e+22, "r": 2084135.3966716556, "msmp": 0.00022258103569456497, "rsrp": 0.043405431015879306, "a": 821051298.9041626, "aRp": 17.099697827692204, "e": 0.0, "inc": -0.035555912454369926, "pomega": 3.5333884370707884, "f": 4.817171573641235, "P": 1075493.5352485813, "RHill": 34500542.74383775, "spacing": "linear", "period_ratio": 1.9013046340420514}, "IV": {"m": 1.2928608727327444e+23, "r": 2048180.399207309, "msmp": 0.0004568768627414753, "rsrp": 0.042656611066557805, "a": 1552904233.27872, "aRp": 32.34169799116254, "e": 0.0, "inc": -0.035555912454369926, "pomega": 1.9253605141712424, "f": 0.3619476684603902, "P": 2797167.778740812, "RHill": 82928531.94372553, "spacing": "linear", "period_ratio": 2.600822494106667}}