{"Planet": {"m": 1.0675205665450538e+26, "Rp": 28115671.95, "Rstar": 911367000.0, "RpRstar": 0.03085, "rhostar": 658.4559146061711, "impact": 0.050687732287047704, "q1": 0.26163225000000007, "q2": 0.21691104594330396, "a": 28185447046.06598, "Pp": 29.150227465607497, "rhoplan": 1146.680004123626, "aRp": null, "e": null, "inc": null, "pomega": null, "f": null, "P": 2518579.6530284877, "RHill": 725345391.9763321}, "I": {"m": 9.933712588811645e+23, "r": 3887202.4524313603, "msmp": 0.009305406284547119, "rsrp": 0.13825749778786134, "a": 314609829.5945458, "aRp": 11.18983854108263, "e": 0.0, "inc": 0.08565187158252, "pomega": 3.079697088757591, "f": 0.7716523209537486, "P": 413462.3918014262, "RHill": 45882138.24692546, "spacing": "logarithmic", "period_ratio": NaN}}