{"Planet": {"m": 5.49692731649152e+25, "Rp": 18982174.5, "Rstar": 521775000.0, "RpRstar": 0.03638, "rhostar": 2539.692246456224, "impact": 0.016492647284673256, "q1": 0.39050001, "q2": 0.361577852456393, "a": 159623544369.48328, "Pp": 461.7862943076965, "rhoplan": 1918.6400280002451, "aRp": null, "e": null, "inc": null, "pomega": null, "f": null, "P": 39898335.82818498, "RHill": 3667105143.646821}, "I": {"m": 4.027634983201174e+22, "r": 1608982.9883790053, "msmp": 0.0007327066106764279, "rsrp": 0.08476283833440712, "a": 107950436.67185901, "aRp": 5.686937324902319, "e": 0.0, "inc": 0.02473378887964761, "pomega": 6.082103269146036, "f": 6.283185307179586, "P": 116303.97749604756, "RHill": 6747776.485294688, "spacing": "logarithmic", "period_ratio": NaN}, "II": {"m": 7.249742969762111e+22, "r": 1940068.0941436652, "msmp": 0.0013188718992175699, "rsrp": 0.10220473392780502, "a": 250134326.79263604, "aRp": 13.177327328469984, "e": 0.0, "inc": 0.02473378887964761, "pomega": 3.3857188153899003, "f": 4.022897523408712, "P": 410100.92785620387, "RHill": 19019557.806617677, "spacing": "logarithmic", "period_ratio": 3.52611266343097}, "III": {"m": 3.181831636728927e+23, "r": 3115480.4883542843, "msmp": 0.00578838222434378, "rsrp": 0.1641266383023865, "a": 1659390984.4350073, "aRp": 87.4183821476832, "e": 0.0, "inc": 0.02473378887964761, "pomega": 4.834137870600316, "f": 2.584532570099974, "P": 6991764.490851605, "RHill": 206582743.96158752, "spacing": "logarithmic", "period_ratio": 17.048887276117476}}