{"Planet": {"m": 4.197743428425663e+25, "Rp": 15891179.399999999, "Rstar": 751356000.0, "RpRstar": 0.02115, "rhostar": 1119.1286772750643, "impact": 0.033486689877822995, "q1": 0.37871715999999994, "q2": 0.34367890802729933, "a": 137794295812.97614, "Pp": 322.88850507913264, "rhoplan": 2497.2319885850443, "aRp": null, "e": null, "inc": null, "pomega": null, "f": null, "P": 27897566.83883706, "RHill": 2640548496.3812375}, "I": {"m": 7.933779238667201e+22, "r": 1673356.955337933, "msmp": 0.0018900105196859814, "rsrp": 0.10530099202944831, "a": 91054141.40162612, "aRp": 5.729854223508806, "e": 0.0, "inc": 0.0037179230990578294, "pomega": 1.4427636228907221, "f": 3.2267383290696245, "P": 103040.65089324414, "RHill": 7805739.0010437975, "spacing": "logarithmic", "period_ratio": NaN}, "II": {"m": 8.078029770279335e+22, "r": 1939338.933512799, "msmp": 0.0019243743473166364, "rsrp": 0.12203870365422967, "a": 307147734.8900837, "aRp": 19.32819000772741, "e": 0.0, "inc": 0.0037179230990578294, "pomega": 4.177479340147004, "f": 0.17971707149248542, "P": 638370.1416294639, "RHill": 26489275.790618036, "spacing": "logarithmic", "period_ratio": 6.19532326412467}, "III": {"m": 9.520535086400646e+22, "r": 2410957.2981203417, "msmp": 0.002268012623623179, "rsrp": 0.1517167000279628, "a": 826998617.760072, "aRp": 52.041361874001126, "e": 0.0, "inc": 0.0037179230990578294, "pomega": 2.0793139495406794, "f": 4.038607057630084, "P": 2819903.8586262506, "RHill": 75337786.24886923, "spacing": "logarithmic", "period_ratio": 4.417349237901917}}