{"Planet": {"m": 1.7920669428631352e+28, "Rp": 67175400.6, "Rstar": 841797000.0, "RpRstar": 0.0798, "rhostar": 859.4466745723843, "impact": 0.0673213160538002, "q1": 0.26163225000000007, "q2": 0.21691104594330396, "a": 61847310035.86456, "Pp": 93.04115369081462, "rhoplan": 14113.503145224588, "aRp": null, "e": null, "inc": null, "pomega": null, "f": null, "P": 8038755.678886384, "RHill": 8698050364.856531}, "I": {"m": 1.7094707981483003e+25, "r": 12346446.128288262, "msmp": 0.0009539101231436849, "rsrp": 0.18379415705766944, "a": 866746924.2796259, "aRp": 12.90274291687106, "e": 0.0, "inc": 0.07469010770360773, "pomega": 5.493938307897903, "f": 0.06472328099204895, "P": 146531.6080911414, "RHill": 59159029.86844606, "spacing": "linear", "period_ratio": NaN}, "II": {"m": 7.448408477646166e+25, "r": 23860385.484139677, "msmp": 0.00415632267941177, "rsrp": 0.35519528385424587, "a": 1377340724.1104429, "aRp": 20.503647344239923, "e": 0.0, "inc": 0.07469010770360773, "pomega": 4.536913483131975, "f": 2.82268910889596, "P": 293063.2161822828, "RHill": 153545604.7667985, "spacing": "linear", "period_ratio": 2.0}, "III": {"m": 4.7620972234131194e+25, "r": 27496332.566385116, "msmp": 0.002657321057328835, "rsrp": 0.40932145280552473, "a": 3322864518.711351, "aRp": 49.4654961344786, "e": 0.0, "inc": 0.07469010770360773, "pomega": 4.694637206714541, "f": 5.457492188504322, "P": 1098987.0606835603, "RHill": 319119658.94619924, "spacing": "linear", "period_ratio": 3.75}}