{"Planet": {"m": 9.232518673407543e+25, "Rp": 26255718.0, "Rstar": 591345000.0, "RpRstar": 0.0444, "rhostar": 2157.8555421926712, "impact": 0.20924758350120298, "q1": 0.37871715999999994, "q2": 0.34367890802729933, "a": 30330738872.144672, "Pp": 34.39221454853191, "rhoplan": 1217.7549058651575, "aRp": null, "e": null, "inc": null, "pomega": null, "f": null, "P": 2971487.336993157, "RHill": 771622202.4380314}, "I": {"m": 2.163411587985639e+23, "r": 2366023.4550482924, "msmp": 0.0023432517869873596, "rsrp": 0.0901145973249824, "a": 49185056.96143167, "aRp": 1.8733083955819325, "e": 0.0, "inc": -0.17338089268986573, "pomega": 0.06283813688548441, "f": 5.112510817003012, "P": 27577.725329424535, "RHill": 4529661.4741666205, "spacing": "logarithmic", "period_ratio": NaN}, "II": {"m": 3.225450003905861e+23, "r": 2908183.5822114297, "msmp": 0.003493575391508426, "rsrp": 0.11076381846466471, "a": 132780035.45599335, "aRp": 5.057185465504823, "e": 0.0, "inc": -0.17338089268986573, "pomega": 5.345011923479304, "f": 2.5254647214276185, "P": 122252.7906237884, "RHill": 13969549.53430766, "spacing": "logarithmic", "period_ratio": 4.4330266243296235}, "III": {"m": 3.146780491615477e+23, "r": 2715669.115866695, "msmp": 0.00340836623561798, "rsrp": 0.10343153121414143, "a": 270468413.5392969, "aRp": 10.301314690357998, "e": 0.0, "inc": -0.17338089268986573, "pomega": 1.8556101822283548, "f": 6.141799499187247, "P": 355429.01723761327, "RHill": 28222244.729032934, "spacing": "logarithmic", "period_ratio": 2.9073284578949528}}