{"Planet": {"m": 7.350945751195064e+24, "Rp": 6783909.840000001, "Rstar": 709614000.0, "RpRstar": 0.00956, "rhostar": 1355.0363555435656, "impact": 0.16123275456928698, "q1": 0.25, "q2": 0.2, "a": 182052422088.49188, "Pp": 485.51665001148325, "rhoplan": 5621.010625494031, "aRp": null, "e": null, "inc": null, "pomega": null, "f": null, "P": 41948638.56099215, "RHill": 1938958088.1089344}, "I": {"m": 4.4732292125540347e+21, "r": 968036.500674718, "msmp": 0.0006085243129194375, "rsrp": 0.14269595609406238, "a": 82699398.83542672, "aRp": 12.19052151132756, "e": 0.0, "inc": -0.01935763716833394, "pomega": 0.8363756019457975, "f": 4.179992865622423, "P": 213268.55544859768, "RHill": 4859085.928236886, "spacing": "linear", "period_ratio": NaN}, "II": {"m": 1.9619426370851032e+21, "r": 714548.8775856646, "msmp": 0.00026689662847343754, "rsrp": 0.1053299490173744, "a": 116695366.06184657, "aRp": 17.2017861106843, "e": 0.0, "inc": -0.01935763716833394, "pomega": 1.3013778148983821, "f": 6.220975551662957, "P": 357542.6589488402, "RHill": 5209478.160180417, "spacing": "linear", "period_ratio": 1.6764902739495309}, "III": {"m": 5.807350205771904e+21, "r": 927258.7169114243, "msmp": 0.0007900140202813749, "rsrp": 0.13668500006353626, "a": 427470553.50517994, "aRp": 63.01241667226814, "e": 0.0, "inc": -0.01935763716833394, "pomega": 5.473830104094548, "f": 5.539181766455451, "P": 2506070.1367558334, "RHill": 27399589.200589, "spacing": "linear", "period_ratio": 7.0091500245692915}, "IV": {"m": 4.865617739971058e+21, "r": 944205.052367196, "msmp": 0.0006619036386141254, "rsrp": 0.13918301903127825, "a": 946667986.6056376, "aRp": 139.54607430420057, "e": 0.0, "inc": -0.01935763716833394, "pomega": 4.289331223803166, "f": 1.313945442275479, "P": 8259585.457642252, "RHill": 57203446.459312715, "spacing": "linear", "period_ratio": 3.295831723342938}}