{"Planet": {"m": 7.05043788242228e+25, "Rp": 21877190.910000004, "Rstar": 772227000.0000001, "RpRstar": 0.02833, "rhostar": 1030.8188570656303, "impact": 0.048717286860433084, "q1": 0.25, "q2": 0.2, "a": 53875712979.82782, "Pp": 78.9390972212185, "rhoplan": 1607.5067725407491, "aRp": null, "e": null, "inc": null, "pomega": null, "f": null, "P": 6820337.999913279, "RHill": 1227220700.9446821}, "I": {"m": 6.0891884398689424e+22, "r": 1747228.7445249837, "msmp": 0.0008636610294872797, "rsrp": 0.07986531505406072, "a": 55090831.21007198, "aRp": 2.518185787046824, "e": 0.0, "inc": 0.08083428108796617, "pomega": 2.415497981878021, "f": 5.089889087724238, "P": 37436.95247708336, "RHill": 3637642.495172974, "spacing": "linear", "period_ratio": NaN}, "II": {"m": 1.3824103485107874e+23, "r": 2225254.403370615, "msmp": 0.001960743958835987, "rsrp": 0.10171572815381236, "a": 120918706.87409261, "aRp": 5.527158736765468, "e": 0.0, "inc": 0.08083428108796617, "pomega": 4.683954723444009, "f": 1.5740953289813846, "P": 121670.09555052091, "RHill": 10493653.130034547, "spacing": "linear", "period_ratio": 3.25}, "III": {"m": 3.785171192350963e+22, "r": 1541832.4050444907, "msmp": 0.0005368703696812818, "rsrp": 0.07047670843059305, "a": 262454652.9290522, "aRp": 11.996725448379431, "e": 0.0, "inc": 0.08083428108796617, "pomega": 3.7036797880304513, "f": 1.5458181673829166, "P": 389344.30576166697, "RHill": 14790073.656414751, "spacing": "linear", "period_ratio": 3.2}, "IV": {"m": 6.0891884398689424e+22, "r": 1857913.5737682634, "msmp": 0.0008636610294872797, "rsrp": 0.084924686236523, "a": 545987107.4852111, "aRp": 24.95691104636482, "e": 0.0, "inc": 0.08083428108796617, "pomega": 5.5649454025785, "f": 5.666114802964129, "P": 1168032.917285001, "RHill": 36051478.2656187, "spacing": "linear", "period_ratio": 3.0}}