{"Planet": {"m": 4.375542498899137e+25, "Rp": 16524822.959999999, "Rstar": 500904000.0, "RpRstar": 0.03299, "rhostar": 2908.335650068573, "impact": 0.029651135751418756, "q1": 0.40411449000000005, "q2": 0.2892873997168476, "a": 181413868688.87967, "Pp": 555.8587775177597, "rhoplan": 2314.903284468007, "aRp": null, "e": null, "inc": null, "pomega": null, "f": null, "P": 48026198.377534434, "RHill": 3845697827.3849564}, "I": {"m": 9.07380309827212e+22, "r": 1893854.8383616034, "msmp": 0.002073754991650759, "rsrp": 0.11460666434647258, "a": 67001982.875352286, "aRp": 4.054626366499499, "e": 0.0, "inc": 0.07465519762756023, "pomega": 4.651278892263556, "f": 3.2380491937090117, "P": 63700.47821435948, "RHill": 5924245.564842274, "spacing": "logarithmic", "period_ratio": NaN}, "II": {"m": 1.2962575854674469e+22, "r": 1241376.9662951964, "msmp": 0.0002962507130929658, "rsrp": 0.07512195254981398, "a": 168734530.51989186, "aRp": 10.21097357159776, "e": 0.0, "inc": 0.07465519762756023, "pomega": 1.8172789187282092, "f": 3.99147845496597, "P": 254801.9128574379, "RHill": 7799199.281309578, "spacing": "logarithmic", "period_ratio": 4.0}, "III": {"m": 7.306179118089248e+22, "r": 2055752.749252288, "msmp": 0.0016697767465239895, "rsrp": 0.12440391974113398, "a": 351142540.54979664, "aRp": 21.249398035898636, "e": 0.0, "inc": 0.07465519762756023, "pomega": 5.649776887373903, "f": 4.229634993761956, "P": 764405.7385723137, "RHill": 28884343.314827368, "spacing": "logarithmic", "period_ratio": 3.0}, "IV": {"m": 9.309486295629842e+22, "r": 2369047.195966539, "msmp": 0.0021276187576676625, "rsrp": 0.14336293960310842, "a": 783673986.6143131, "aRp": 47.42404735659045, "e": 0.0, "inc": 0.07465519762756023, "pomega": 2.750425251477653, "f": 5.421046069110741, "P": 2548019.1285743793, "RHill": 69886445.05363664, "spacing": "logarithmic", "period_ratio": 3.3333333333333335}, "V": {"m": 6.952654322052667e+22, "r": 1700766.5950916754, "msmp": 0.0015889810974986341, "rsrp": 0.10292192534882537, "a": 2082599044.8663328, "aRp": 126.02852387026923, "e": 0.0, "inc": 0.07465519762756023, "pomega": 0.13573037567264634, "f": 1.414486461292254, "P": 11041416.223822309, "RHill": 168501908.2743899, "spacing": "logarithmic", "period_ratio": 4.333333333333333}}