{"Planet": {"m": 5.729754449449248e+25, "Rp": 19640306.7, "Rstar": 758313000.0, "RpRstar": 0.0259, "rhostar": 1164.8112992134172, "impact": 0.11368359499500058, "q1": 0.37234403999999993, "q2": 0.25901343821697803, "a": 129514859309.93695, "Pp": 284.44085104229384, "rhoplan": 1805.5212536888969, "aRp": null, "e": null, "inc": null, "pomega": null, "f": null, "P": 24575689.53005419, "RHill": 2691708054.3183627}, "I": {"m": 5.4755811767125535e+22, "r": 1963973.156016853, "msmp": 0.0009556397617072183, "rsrp": 0.09999707163518241, "a": 126800170.41494346, "aRp": 6.456119670215917, "e": 0.0, "inc": 0.10370038089907305, "pomega": 4.0524314477448895, "f": 5.3091941854545786, "P": 145004.45376400306, "RHill": 8659859.037391653, "spacing": "logarithmic", "period_ratio": NaN}, "II": {"m": 9.403715499136778e+22, "r": 2170054.42340194, "msmp": 0.0016412074168450058, "rsrp": 0.11048984400034549, "a": 181474337.0775156, "aRp": 9.239893238404246, "e": 0.0, "inc": 0.10370038089907305, "pomega": 2.5568837898703607, "f": 4.7084615968293475, "P": 248185.11881917273, "RHill": 14842120.64135288, "spacing": "logarithmic", "period_ratio": 1.7115689372072513}, "III": {"m": 7.618199898034858e+22, "r": 1587168.7925779726, "msmp": 0.0013295857554187387, "rsrp": 0.08081181301399804, "a": 1057848828.0524952, "aRp": 53.86111552181083, "e": 0.0, "inc": 0.10370038089907305, "pomega": 2.365227472369633, "f": 0.2149064281483567, "P": 3493460.933694413, "RHill": 80653269.15960945, "spacing": "logarithmic", "period_ratio": 14.076029015421117}}