{"Planet": {"m": 1.8694057668743192e+25, "Rp": 9414908.1, "Rstar": 542646000.0, "RpRstar": 0.01735, "rhostar": 1990.4088114390881, "impact": 0.32200585481027666, "q1": 0.39904488999999993, "q2": 0.24908975779642237, "a": 59503249440.37454, "Pp": 111.93886135883658, "rhoplan": 5347.696028058111, "aRp": null, "e": null, "inc": null, "pomega": null, "f": null, "P": 9671517.62140348, "RHill": 995117933.7964467}, "I": {"m": 7.4620523874814316e+22, "r": 2007536.4692290945, "msmp": 0.0039916707863580205, "rsrp": 0.21322953425632424, "a": 81445503.82304505, "aRp": 8.650695573230825, "e": 0.0, "inc": -0.12771851321974706, "pomega": 4.841050065657719, "f": 5.6793108117100815, "P": 130485.07329238942, "RHill": 8958011.20116345, "spacing": "linear", "period_ratio": NaN}, "II": {"m": 7.54782310457892e+22, "r": 2003504.587538067, "msmp": 0.0040375520597644345, "rsrp": 0.21280128985412688, "a": 205232935.58028802, "aRp": 21.79871894663401, "e": 0.0, "inc": -0.12771851321974706, "pomega": 0.5341241635266175, "f": 6.121691295383892, "P": 521940.2931695577, "RHill": 22659275.372417428, "spacing": "linear", "period_ratio": 4.0}}