{"Planet": {"m": 1.7205668299202623e+25, "Rp": 9103999.77, "Rstar": 744399000.0, "RpRstar": 0.01223, "rhostar": 1081.752260817844, "impact": 0.44130561174090144, "q1": 0.25, "q2": 0.2, "a": 163403760290.9372, "Pp": 430.06832036710745, "rhoplan": 5443.600214608884, "aRp": null, "e": null, "inc": null, "pomega": null, "f": null, "P": 37157902.87971808, "RHill": 2374474749.2092047}, "I": {"m": 2.176033994353352e+22, "r": 1304365.4220928627, "msmp": 0.0012647192521165818, "rsrp": 0.14327388565969423, "a": 404187897.05852073, "aRp": 44.39673849624018, "e": 0.0, "inc": -0.15707788717568727, "pomega": 1.5753520917190942, "f": 3.3945161545538682, "P": 1505711.3846575296, "RHill": 30306859.100156438, "spacing": "linear", "period_ratio": NaN}, "II": {"m": 1.2833020992340284e+22, "r": 1244320.8388752972, "msmp": 0.0007458600717610612, "rsrp": 0.13667847872488437, "a": 621031184.2935483, "aRp": 68.21520210710071, "e": 0.0, "inc": -0.15707788717568727, "pomega": 1.1304580825698647, "f": 3.390117484971884, "P": 2868464.2713081683, "RHill": 39050396.05405765, "spacing": "linear", "period_ratio": 1.9050558430629077}}