{"Planet": {"m": 4.556207325710654e+29, "Rp": 179601912.0, "Rstar": 973979999.9999999, "RpRstar": 0.18440000000000004, "rhostar": 472.66670494275655, "impact": 0.3883507644122127, "q1": 0.3848961600000001, "q2": 0.36355577047066406, "a": 208215472617.93652, "Pp": 559.4917274595872, "rhoplan": 18775.088872786007, "aRp": null, "e": null, "inc": null, "pomega": null, "f": null, "P": 48340085.252508335, "RHill": 90832756570.14111}, "I": {"m": 6.876806625140268e+26, "r": 104624265.71738021, "msmp": 0.0015093269760430971, "rsrp": 0.5825342534069471, "a": 4800693915.46475, "aRp": 26.729637017810536, "e": 0.0, "inc": 0.1123231696828034, "pomega": 5.667999947070694, "f": 4.502352507844958, "P": 378707.4021339168, "RHill": 381819446.2336319, "spacing": "logarithmic", "period_ratio": NaN}, "II": {"m": 6.1891259626262426e+26, "r": 128463966.40473433, "msmp": 0.0013583942784387876, "rsrp": 0.7152705946957532, "a": 9608488016.542774, "aRp": 53.498806942226615, "e": 0.0, "inc": 0.1123231696828034, "pomega": 3.1375081746922366, "f": 3.7432678142683065, "P": 1072415.482740712, "RHill": 737830463.6629536, "spacing": "logarithmic", "period_ratio": 2.831778509471777}, "III": {"m": 1.2378251925252485e+27, "r": 63973187.29659492, "msmp": 0.0027167885568775752, "rsrp": 0.3561943555288817, "a": 16580795627.056408, "aRp": 92.31970552215729, "e": 0.0, "inc": 0.1123231696828034, "pomega": 4.338973351942699, "f": 5.080463367191415, "P": 2429372.8505658973, "RHill": 1604169400.0567136, "spacing": "logarithmic", "period_ratio": 2.265328027862192}, "IV": {"m": 9.62752927519638e+26, "r": 77018336.5951503, "msmp": 0.002113057766460337, "rsrp": 0.42882804385261947, "a": 31016667116.45748, "aRp": 172.69675345359065, "e": 0.0, "inc": 0.1123231696828034, "pomega": 2.6875871145921684, "f": 6.163164465728311, "P": 6217411.333815762, "RHill": 2759678567.762937, "spacing": "logarithmic", "period_ratio": 2.5592659983696944}}