{"Planet": {"m": 4.46724647110081e+25, "Rp": 16375108.32, "Rstar": 653958000.0, "RpRstar": 0.02504, "rhostar": 1629.4422133525622, "impact": 0.3241574928738251, "q1": 0.25, "q2": 0.2, "a": 43421408262.37794, "Pp": 58.2942162202893, "rhoplan": 2428.8391839022593, "aRp": null, "e": null, "inc": null, "pomega": null, "f": null, "P": 5036620.281432996, "RHill": 861161112.2659535}, "I": {"m": 3.273395772612479e+22, "r": 1706242.6052501665, "msmp": 0.000732754683178664, "rsrp": 0.1041973324332896, "a": 64899573.51603671, "aRp": 3.963306516682432, "e": 0.0, "inc": -0.12426241569104542, "pomega": 5.816297950120437, "f": 1.044369835036751, "P": 60139.6306068245, "RHill": 4056837.626371666, "spacing": "logarithmic", "period_ratio": NaN}, "II": {"m": 4.116543168588419e+22, "r": 1430483.1773943321, "msmp": 0.0009214945258155923, "rsrp": 0.08735717342688895, "a": 119645395.27362183, "aRp": 7.306540691855517, "e": 0.0, "inc": -0.12426241569104542, "pomega": 5.304795515872594, "f": 3.1833800146186406, "P": 150522.36200904218, "RHill": 8072718.780987664, "spacing": "logarithmic", "period_ratio": 2.5028813860383314}, "III": {"m": 2.1326669427626733e+22, "r": 1281810.958266881, "msmp": 0.00047740077843458356, "rsrp": 0.07827801399648275, "a": 222762147.79048258, "aRp": 13.603705296923653, "e": 0.0, "inc": -0.12426241569104542, "pomega": 5.531641190029193, "f": 5.799331653161357, "P": 382485.96402515646, "RHill": 12071521.695278762, "spacing": "logarithmic", "period_ratio": 2.541057414460316}, "IV": {"m": 4.166140074234067e+22, "r": 1721746.592737413, "msmp": 0.0009325968695001184, "rsrp": 0.10514413456639736, "a": 316673423.6700037, "aRp": 19.338707108473265, "e": 0.0, "inc": -0.12426241569104542, "pomega": 3.4818611648246915, "f": 2.2163010879510354, "P": 648144.8266749283, "RHill": 21452068.921396744, "spacing": "logarithmic", "period_ratio": 1.6945584613199014}}