{"Planet": {"m": 2.95039222072329e+25, "Rp": 12744110.879999999, "Rstar": 744399000.0, "RpRstar": 0.01712, "rhostar": 1254.3723024377127, "impact": 0.22369663169483367, "q1": 0.37234403999999993, "q2": 0.25901343821697803, "a": 83762211065.09366, "Pp": 146.57716015168083, "rhoplan": 3403.0044798579693, "aRp": null, "e": null, "inc": null, "pomega": null, "f": null, "P": 12664266.637105223, "RHill": 1386724419.3683524}, "I": {"m": 3.1872350441753075e+22, "r": 1810638.9652061122, "msmp": 0.0010802750298039884, "rsrp": 0.14207652320787972, "a": 188728264.39212823, "aRp": 14.809056996538644, "e": 0.0, "inc": 0.07793674477602444, "pomega": 5.651662031480468, "f": 6.163792847097167, "P": 366908.77313709253, "RHill": 13426865.555674238, "spacing": "linear", "period_ratio": NaN}, "II": {"m": 7.740427964425745e+22, "r": 1934771.0523093678, "msmp": 0.002623525072381114, "rsrp": 0.15181687216373058, "a": 279572442.1729232, "aRp": 21.937383063079817, "e": 0.0, "inc": 0.07793674477602444, "pomega": 6.0883870828345845, "f": 1.26995874645564, "P": 661012.5794756615, "RHill": 26735132.960236285, "spacing": "linear", "period_ratio": 1.8015720197256757}, "III": {"m": 8.802839645817513e+22, "r": 1713190.4627550945, "msmp": 0.002983616748982443, "rsrp": 0.13442997152855082, "a": 585292782.8673004, "aRp": 45.926529389024, "e": 0.0, "inc": 0.07793674477602444, "pomega": 3.0815822328641556, "f": 4.396784437877344, "P": 2001934.9576925756, "RHill": 58422539.31813074, "spacing": "linear", "period_ratio": 3.0285882899241963}}