{"Planet": {"m": 1.3982713717525024e+25, "Rp": 8532064.8, "Rstar": 779184000.0000001, "RpRstar": 0.01095, "rhostar": 1083.7297073245938, "impact": 0.060003083353008635, "q1": 0.25, "q2": 0.2, "a": 75088790485.84459, "Pp": 124.98551398834383, "rhoplan": 5374.52912954197, "aRp": null, "e": null, "inc": null, "pomega": null, "f": null, "P": 10798748.408592906, "RHill": 972199270.0672991}, "I": {"m": 5.349368245197619e+21, "r": 923669.3906103701, "msmp": 0.0003825701042919207, "rsrp": 0.1082586000296634, "a": 50242610.478927486, "aRp": 5.888681304779528, "e": 0.0, "inc": -0.058701292873856684, "pomega": 3.1714407686103985, "f": 3.7803423150307425, "P": 73232.94674520566, "RHill": 2528922.1155113634, "spacing": "logarithmic", "period_ratio": NaN}, "II": {"m": 9.401919946104909e+21, "r": 1190171.9421214324, "msmp": 0.0006723959408767093, "rsrp": 0.1394940111239465, "a": 86876975.60894299, "aRp": 10.182409257949256, "e": 0.0, "inc": -0.058701292873856684, "pomega": 5.4807422991519505, "f": 1.604257634686417, "P": 166491.61046222455, "RHill": 5277229.357811835, "spacing": "logarithmic", "period_ratio": 2.2734522897390343}, "III": {"m": 7.456695129669408e+21, "r": 1060956.799178879, "msmp": 0.0005332795393160107, "rsrp": 0.12434936021335409, "a": 118055179.63757296, "aRp": 13.836648268022174, "e": 0.0, "inc": -0.058701292873856684, "pomega": 2.935169373920977, "f": 4.1699387637207455, "P": 263750.3677161379, "RHill": 6637883.131951588, "spacing": "logarithmic", "period_ratio": 1.5841661149405513}, "IV": {"m": 1.4264981987193652e+22, "r": 1049676.23697459, "msmp": 0.0010201869447784553, "rsrp": 0.12302722278604704, "a": 321612858.7142196, "aRp": 37.69461042000286, "e": 0.0, "inc": -0.058701292873856684, "pomega": 1.946725480712307, "f": 1.1876407871356554, "P": 1185659.4367611029, "RHill": 22448443.817625225, "spacing": "logarithmic", "period_ratio": 4.495384962030355}}