{"Planet": {"m": 1.7552792576134008e+28, "Rp": 65505581.46, "Rstar": 883539000.0, "RpRstar": 0.07414, "rhostar": 702.005152744226, "impact": 0.2886532661965755, "q1": 0.37234403999999993, "q2": 0.25901343821697803, "a": 211062597552.7035, "Pp": 603.4703455031705, "rhoplan": 14908.11359976748, "aRp": null, "e": null, "inc": null, "pomega": null, "f": null, "P": 52139837.851473935, "RHill": 30045832375.81703}, "I": {"m": 1.0720750690503287e+25, "r": 6334547.529255963, "msmp": 0.0006107717985045845, "rsrp": 0.09670240898669161, "a": 846503003.3571808, "aRp": 12.922608798978224, "e": 0.0, "inc": -0.1328153843226808, "pomega": 2.519809289107925, "f": 3.8450655960227915, "P": 142926.92960970834, "RHill": 49798287.752052955, "spacing": "linear", "period_ratio": NaN}, "II": {"m": 3.2901614188096293e+25, "r": 17933343.016883917, "msmp": 0.0018744375885140696, "rsrp": 0.27376816779856605, "a": 2133951468.3674836, "aRp": 32.57663577370959, "e": 0.0, "inc": -0.1328153843226808, "pomega": 5.672398616652678, "f": 2.19744964688539, "P": 571707.7184388334, "RHill": 182432040.1325542, "spacing": "linear", "period_ratio": 4.0}, "III": {"m": 1.4787242331728676e+25, "r": 5340936.399039257, "msmp": 0.0008424438600063237, "rsrp": 0.08153406595284739, "a": 3156581555.632171, "aRp": 48.187978570340455, "e": 0.0, "inc": -0.1328153843226808, "pomega": 5.8521156881451635, "f": 1.5458181673829166, "P": 1029073.8931899001, "RHill": 206707826.00377142, "spacing": "linear", "period_ratio": 1.8}, "IV": {"m": 1.9593096089540493e+25, "r": 6467059.464133758, "msmp": 0.0011162381145083788, "rsrp": 0.09872531958338193, "a": 7954812345.915201, "aRp": 121.43716869031516, "e": 0.0, "inc": -0.1328153843226808, "pomega": 5.609560479767194, "f": 4.504866033320377, "P": 4116295.5727596004, "RHill": 572148113.174617, "spacing": "linear", "period_ratio": 4.0}, "V": {"m": 2.624735513881838e+25, "r": 12788856.26563458, "msmp": 0.0014953378515112235, "rsrp": 0.19523307755758038, "a": 15616122616.734045, "aRp": 238.39377147227975, "e": 0.0, "inc": -0.1328153843226808, "pomega": 6.173218567629989, "f": 3.365610611586545, "P": 11319812.825088901, "RHill": 1238167027.1259425, "spacing": "linear", "period_ratio": 2.75}}