{"Planet": {"m": 3.706532754861441e+25, "Rp": 14476125.600000001, "Rstar": 354807000.0, "RpRstar": 0.0408, "rhostar": 5526.4227833933655, "impact": 0.49898816926251466, "q1": 0.15888196000000002, "q2": 0.16821374811841444, "a": 66352742483.72922, "Pp": 149.61983438376998, "rhoplan": 2916.904466092719, "aRp": null, "e": null, "inc": null, "pomega": null, "f": null, "P": 12927153.690757727, "RHill": 1516950195.716096}, "I": {"m": 3.3514451567872135e+22, "r": 1576255.4228265071, "msmp": 0.0009041995251199388, "rsrp": 0.1088865533763058, "a": 75262727.0929699, "aRp": 5.19909326380602, "e": 0.0, "inc": 0.1367602229160473, "pomega": 1.8292181647364514, "f": 6.014238081309713, "P": 82445.46191783302, "RHill": 5046159.309398081, "spacing": "logarithmic", "period_ratio": NaN}, "II": {"m": 2.9372215980831747e+22, "r": 1258727.909604094, "msmp": 0.0007924445276332045, "rsrp": 0.08695198870090584, "a": 158274102.703668, "aRp": 10.933457409603298, "e": 0.0, "inc": 0.1367602229160473, "pomega": 0.3374407950750513, "f": 3.479976020718127, "P": 251440.86754812888, "RHill": 10155291.609977545, "spacing": "logarithmic", "period_ratio": 3.0497842052085344}, "III": {"m": 2.673624787998788e+22, "r": 1409362.1536218894, "msmp": 0.0007213277110507376, "rsrp": 0.09735769034926647, "a": 482811790.7248558, "aRp": 33.35227975121021, "e": 0.0, "inc": 0.1367602229160473, "pomega": 2.9138044073799123, "f": 3.0451361134705746, "P": 1339686.89372859, "RHill": 30022601.47736412, "spacing": "logarithmic", "period_ratio": 5.32803957762418}}