{"Planet": {"m": 3.072213023450511e+29, "Rp": 133449174.0, "Rstar": 960065999.9999999, "RpRstar": 0.139, "rhostar": 622.2601953815307, "impact": 0.04935355009855236, "q1": 0.31292836, "q2": 0.2426707186271005, "a": 170746932071.78836, "Pp": 388.4708021197211, "rhoplan": 30861.358994052833, "aRp": null, "e": null, "inc": null, "pomega": null, "f": null, "P": 33563877.3031439, "RHill": 60460949935.094795}, "I": {"m": 9.153691443550476e+24, "r": 7862943.982517806, "msmp": 2.9795106568715866e-05, "rsrp": 0.05892088910582396, "a": 1423912095.0036054, "aRp": 10.670070501924616, "e": 0.0, "inc": -0.11193915884628097, "pomega": 1.0619645133646867, "f": 1.4609866825875126, "P": 74553.77562569438, "RHill": 30607256.88031792, "spacing": "linear", "period_ratio": NaN}, "II": {"m": 2.8869334552736097e+25, "r": 16787319.21172458, "msmp": 9.396918225518075e-05, "rsrp": 0.12579560223973046, "a": 11193433962.14994, "aRp": 83.87788119355419, "e": 0.0, "inc": -0.11193915884628097, "pomega": 4.600380001386314, "f": 0.49893480687074626, "P": 1643145.2341926887, "RHill": 352845626.7058714, "spacing": "linear", "period_ratio": 22.03973199750854}, "III": {"m": 2.429248883096087e+25, "r": 9949564.762316657, "msmp": 7.907162897082284e-05, "rsrp": 0.0745569602575184, "a": 15146622062.43573, "aRp": 113.50105518401882, "e": 0.0, "inc": -0.11193915884628097, "pomega": 2.016475812655195, "f": 3.6383281256695477, "P": 2586472.4550100486, "RHill": 450763697.647231, "spacing": "linear", "period_ratio": 1.574098504007673}}