{"Planet": {"m": 7.499251047116855e+27, "Rp": 90823635.0, "Rstar": 1217475000.0, "RpRstar": 0.0746, "rhostar": 328.81162082974356, "impact": 0.14474839758203872, "q1": 0.3848961600000001, "q2": 0.36355577047066406, "a": 24667414245.020855, "Pp": 21.841705947167874, "rhoplan": 2389.640909434766, "aRp": null, "e": null, "inc": null, "pomega": null, "f": null, "P": 1887123.3938353043, "RHill": 2471442620.2356644}, "I": {"m": 1.3734917958889987e+25, "r": 5876430.405660292, "msmp": 0.0018315052893409245, "rsrp": 0.06470155489438727, "a": 271071413.91612464, "aRp": 2.9845911134929213, "e": 0.0, "inc": 0.0841158282364304, "pomega": 5.333701058839917, "f": 6.158137414777473, "P": 39600.101526581966, "RHill": 22995667.930442102, "spacing": "linear", "period_ratio": NaN}, "II": {"m": 3.099160975339281e+25, "r": 14181380.46188338, "msmp": 0.004132627319538499, "rsrp": 0.1561419608660607, "a": 1074584880.1658642, "aRp": 11.831555521488038, "e": 0.0, "inc": 0.0841158282364304, "pomega": 0.8219228304621361, "f": 5.167179996093384, "P": 312200.51078474126, "RHill": 119566372.86376916, "spacing": "linear", "period_ratio": 7.883831069856564}}