{"Planet": {"m": 4.560872403498204e+25, "Rp": 17113941.720000003, "Rstar": 1238346000.0, "RpRstar": 0.013820000000000002, "rhostar": 367.4587715438662, "impact": 0.38753725874912115, "q1": 0.25877569000000006, "q2": 0.04885000982897582, "a": 69271519283.97923, "Pp": 94.92493807008442, "rhoplan": 2172.2468045121072, "aRp": null, "e": null, "inc": null, "pomega": null, "f": null, "P": 8201514.649255294, "RHill": 1200206166.244844}, "I": {"m": 9.539224622445977e+22, "r": 1871191.258952159, "msmp": 0.0020915350789312503, "rsrp": 0.10933724618013708, "a": 63713729.348569915, "aRp": 3.7229137735178583, "e": 0.0, "inc": -0.16137182652952872, "pomega": 2.1019356788194536, "f": 2.3495179381482623, "P": 57856.06442144808, "RHill": 5649556.102517437, "spacing": "logarithmic", "period_ratio": NaN}, "II": {"m": 8.548136349984064e+22, "r": 1900685.5568371953, "msmp": 0.0018742327330682647, "rsrp": 0.11106065381863384, "a": 131417826.99006417, "aRp": 7.67899231750242, "e": 0.0, "inc": -0.16137182652952872, "pomega": 6.274387968015619, "f": 5.419789306373031, "P": 171406.72790303102, "RHill": 11234533.313527953, "spacing": "logarithmic", "period_ratio": 2.9626406430695287}, "III": {"m": 6.565959805060224e+22, "r": 2024759.3312503325, "msmp": 0.0014396280413422906, "rsrp": 0.11831051924666319, "a": 252818739.82067493, "aRp": 14.77267738531687, "e": 0.0, "inc": -0.16137182652952872, "pomega": 0.6145569787400376, "f": 0.08734501027082334, "P": 457461.5026882361, "RHill": 19793333.542045057, "spacing": "logarithmic", "period_ratio": 2.6688655006997934}, "IV": {"m": 3.46880895361672e+22, "r": 1456948.5455476712, "msmp": 0.0007605582105204548, "rsrp": 0.08513226055018207, "a": 415557488.9095967, "aRp": 24.281810450713433, "e": 0.0, "inc": -0.16137182652952872, "pomega": 0.911152984839524, "f": 3.8469507401293557, "P": 964349.8669592892, "RHill": 26300752.923435155, "spacing": "logarithmic", "period_ratio": 2.108045947675081}}