{"Planet": {"m": 1.7929841523108332e+26, "Rp": 37567800.0, "Rstar": 500904000.0, "RpRstar": 0.075, "rhostar": 2643.9415000623385, "impact": 0.4831809280411705, "q1": 0.40411449000000005, "q2": 0.2892873997168476, "a": 29451394110.841187, "Pp": 38.1322212756532, "rhoplan": 807.3104091145334, "aRp": null, "e": null, "inc": null, "pomega": null, "f": null, "P": 3294623.9182164366, "RHill": 1031310895.558342}, "I": {"m": 1.6362635692668544e+24, "r": 3982907.695980977, "msmp": 0.009125923211078055, "rsrp": 0.10601918919875469, "a": 258266990.00097942, "aRp": 6.874690293309149, "e": 0.0, "inc": -0.05084652576317113, "pomega": 3.399543205504707, "f": 1.6865755940064018, "P": 237311.86434212764, "RHill": 37421462.182519846, "spacing": "linear", "period_ratio": NaN}}