{"Planet": {"m": 1.7205668299202623e+25, "Rp": 9063857.879999999, "Rstar": 688743000.0, "RpRstar": 0.013159999999999998, "rhostar": 1438.4040652051071, "impact": 0.05615081835387281, "q1": 0.25, "q2": 0.2, "a": 125949635100.94597, "Pp": 283.58691230395084, "rhoplan": 5516.246629098744, "aRp": null, "e": null, "inc": null, "pomega": null, "f": null, "P": 24501909.223061353, "RHill": 1798870814.6218617}, "I": {"m": 1.2685674114775671e+23, "r": 1764886.3723303038, "msmp": 0.007372962150713771, "rsrp": 0.19471690704955139, "a": 465122678.37620807, "aRp": 51.31619278834148, "e": 0.0, "inc": 0.027177494202971997, "pomega": 5.4618908580863055, "f": 4.902003058436639, "P": 1853093.6220513934, "RHill": 62768405.80091035, "spacing": "logarithmic", "period_ratio": NaN}}