{"Planet": {"m": 1.0456064239087648e+26, "Rp": 27953225.999999996, "Rstar": 486989999.99999994, "RpRstar": 0.0574, "rhostar": 3247.014755693719, "impact": 0.20529453823235866, "q1": 0.39050001, "q2": 0.361577852456393, "a": 81359152202.25613, "Pp": 164.8131770654938, "rhoplan": 1142.8357728905264, "aRp": null, "e": null, "inc": null, "pomega": null, "f": null, "P": 14239858.498458663, "RHill": 2286183450.123169}, "I": {"m": 1.8599611941227282e+23, "r": 2633458.5177864996, "msmp": 0.001778834895801119, "rsrp": 0.09420946683529478, "a": 102304171.38981739, "aRp": 3.6598341597430437, "e": 0.0, "inc": -0.04564492443209492, "pomega": 0.3072784893700188, "f": 2.173571154868906, "P": 77758.33853847068, "RHill": 8594714.815300459, "spacing": "logarithmic", "period_ratio": NaN}, "II": {"m": 2.391378678157793e+23, "r": 2315458.1766724647, "msmp": 0.0022870734374585812, "rsrp": 0.08283330792204324, "a": 191254936.0396554, "aRp": 6.841962929060689, "e": 0.0, "inc": -0.04564492443209492, "pomega": 3.5534966408741435, "f": 6.054454488916424, "P": 198708.20458309393, "RHill": 17471583.61346298, "spacing": "logarithmic", "period_ratio": 2.555458466808466}, "III": {"m": 3.112588120776809e+23, "r": 3175079.0692334366, "msmp": 0.002976825743993708, "rsrp": 0.11358542549734464, "a": 386939320.9092159, "aRp": 13.842385165462332, "e": 0.0, "inc": -0.04564492443209492, "pomega": 1.7814611807034832, "f": 4.909543634862898, "P": 571625.6833303538, "RHill": 38594040.759290814, "spacing": "logarithmic", "period_ratio": 2.8767090142536955}, "IV": {"m": 2.9227961621928566e+23, "r": 2842469.8951817052, "msmp": 0.002795311979116042, "rsrp": 0.10168664951879636, "a": 658812866.817759, "aRp": 23.568401973273463, "e": 0.0, "inc": -0.04564492443209492, "pomega": 1.9498673875565813, "f": 5.251383099519932, "P": 1270076.400443314, "RHill": 64347510.506265484, "spacing": "logarithmic", "period_ratio": 2.221867276927989}}