{"Planet": {"m": 2.71548696392384e+25, "Rp": 11781262.080000002, "Rstar": 389592000.00000006, "RpRstar": 0.03024, "rhostar": 4575.7476531482835, "impact": 0.48302671414671183, "q1": 0.3701505600000001, "q2": 0.22016765285996057, "a": 178821040937.43427, "Pp": 632.2598535958966, "rhoplan": 3964.456540561109, "aRp": null, "e": null, "inc": null, "pomega": null, "f": null, "P": 54627251.35068547, "RHill": 3574378335.2034826}, "I": {"m": 2.3912377089104928e+22, "r": 1325536.812766297, "msmp": 0.0008805925937700648, "rsrp": 0.11251229314527708, "a": 77986297.6665858, "aRp": 6.61951980501106, "e": 0.0, "inc": 0.16402499230913806, "pomega": 1.318344111857463, "f": 6.085873557359165, "P": 101599.00760928306, "RHill": 5182860.9930171715, "spacing": "logarithmic", "period_ratio": NaN}, "II": {"m": 7.638676014575184e+21, "r": 1056788.5235513493, "msmp": 0.0002813004118987707, "rsrp": 0.08970079066022688, "a": 196473926.50853533, "aRp": 16.676814858577128, "e": 0.0, "inc": 0.16402499230913806, "pomega": 3.7627476367028065, "f": 5.759115245554646, "P": 406396.0304371322, "RHill": 8925953.68445588, "spacing": "logarithmic", "period_ratio": 4.0}, "III": {"m": 1.5277352029150368e+22, "r": 1167627.1737703402, "msmp": 0.0005626008237975414, "rsrp": 0.09910883620461315, "a": 408720542.64174473, "aRp": 34.69242428072228, "e": 0.0, "inc": 0.16402499230913806, "pomega": 0.8916731624050238, "f": 0.05341241635266175, "P": 1219188.0913113966, "RHill": 23394808.932141926, "spacing": "logarithmic", "period_ratio": 3.0}, "IV": {"m": 8.967141408414348e+21, "r": 1287468.3721239348, "msmp": 0.0003302222226637743, "rsrp": 0.1092810229822113, "a": 1154840255.4374573, "aRp": 98.02347554918812, "e": 0.0, "inc": 0.16402499230913806, "pomega": 6.185786195007085, "f": 3.2411911005532863, "P": 5791143.433729134, "RHill": 55345663.03566132, "spacing": "logarithmic", "period_ratio": 4.75}}