{"Planet": {"m": 2.743241043281701e+26, "Rp": 46861099.74, "Rstar": 1266174000.0, "RpRstar": 0.03701, "rhostar": 250.21935756701302, "impact": 0.02157091342216233, "q1": 0.379456, "q2": 0.25681818181818183, "a": 30162250228.24138, "Pp": 31.96583339369975, "rhoplan": 636.4113717841183, "aRp": null, "e": null, "inc": null, "pomega": null, "f": null, "P": 2761848.0052156583, "RHill": 1056528980.6547332}, "I": {"m": 1.2601128750266655e+23, "r": 1796856.7162515768, "msmp": 0.00045935185976920574, "rsrp": 0.03834431385992003, "a": 67573055.27911149, "aRp": 1.4419861175693247, "e": 0.0, "inc": 0.05730488983195703, "pomega": 5.26143720142161, "f": 4.022897523408712, "P": 25787.28565560762, "RHill": 3615055.455823072, "spacing": "logarithmic", "period_ratio": NaN}, "II": {"m": 1.402767162765533e+23, "r": 2631082.1553394715, "msmp": 0.0005113539571015686, "rsrp": 0.05614640223847788, "a": 100254437.7205889, "aRp": 2.1393957520594222, "e": 0.0, "inc": 0.05730488983195703, "pomega": 1.7544407818427248, "f": 4.460879337500539, "P": 46600.375825817944, "RHill": 5558663.628515499, "spacing": "logarithmic", "period_ratio": 1.8071066667570876}, "III": {"m": 1.4265428773886774e+23, "r": 2003415.9422171752, "msmp": 0.0005200209733236289, "rsrp": 0.04275221779541564, "a": 166278663.9631518, "aRp": 3.5483303824647248, "e": 0.0, "inc": 0.05730488983195703, "pomega": 5.671770235283823, "f": 0.6604288186664412, "P": 99537.54367589598, "RHill": 9271209.496188536, "spacing": "logarithmic", "period_ratio": 2.1359815647827745}, "IV": {"m": 1.022355728795218e+23, "r": 2064664.1379714333, "msmp": 0.00037268169754860046, "rsrp": 0.044059233552495226, "a": 280753125.82869655, "aRp": 5.991176634487933, "e": 0.0, "inc": 0.05730488983195703, "pomega": 5.855257594989438, "f": 5.852744069514018, "P": 218399.18343612948, "RHill": 14008668.889509609, "spacing": "logarithmic", "period_ratio": 2.194138767852848}, "V": {"m": 6.657200094480495e+22, "r": 1233815.6820639246, "msmp": 0.0002426764542176935, "rsrp": 0.026329208851467823, "a": 446002058.27197576, "aRp": 9.517532895013867, "e": 0.0, "inc": 0.05730488983195703, "pomega": 2.2068753674182124, "f": 2.4613698218044244, "P": 437318.274523177, "RHill": 19288819.90959497, "spacing": "logarithmic", "period_ratio": 2.0023805384376363}}