{"Planet": {"m": 1.2869433614121298e+25, "Rp": 8234861.760000001, "Rstar": 222624000.0, "RpRstar": 0.03699, "rhostar": 13337.150437479642, "impact": 0.3118036029304003, "q1": 0.11235904, "q2": 0.15244630071599044, "a": 30935838110.74419, "Pp": 61.69042439299149, "rhoplan": 5501.7630932779675, "aRp": null, "e": null, "inc": null, "pomega": null, "f": null, "P": 5330052.667554464, "RHill": 590634409.4949541}, "I": {"m": 6.242419679473783e+22, "r": 1657809.8675249608, "msmp": 0.004850578406670622, "rsrp": 0.20131605312157186, "a": 155111646.84500316, "aRp": 18.835974587751082, "e": 0.0, "inc": 0.013213463783975476, "pomega": 5.279031879749546, "f": 4.0926478553516, "P": 413155.13931736513, "RHill": 18205467.413120616, "spacing": "linear", "period_ratio": NaN}, "II": {"m": 1.829674733638867e+22, "r": 1308208.2360616678, "msmp": 0.0014217212571275958, "rsrp": 0.15886219759221162, "a": 279077647.8026675, "aRp": 33.88977932310396, "e": 0.0, "inc": 0.013213463783975476, "pomega": 3.1073458689872044, "f": 2.7479117260022337, "P": 998795.0165354024, "RHill": 21758191.157352723, "spacing": "linear", "period_ratio": 2.417481767709969}}