{"Planet": {"m": 4.283528652065911e+27, "Rp": 103637176.74, "Rstar": 619173000.0, "RpRstar": 0.16738, "rhostar": 1839.793577253643, "impact": 0.3772266451071845, "q1": 0.37871715999999994, "q2": 0.34367890802729933, "a": 83822047853.45276, "Pp": 159.53130707251623, "rhoplan": 918.6844096248814, "aRp": null, "e": null, "inc": null, "pomega": null, "f": null, "P": 13783504.931065403, "RHill": 7717687003.35025}, "I": {"m": 6.251402116163932e+24, "r": 6283220.34136693, "msmp": 0.001459404762741328, "rsrp": 0.06062708903321415, "a": 250471377.26722935, "aRp": 2.4168101172381413, "e": 0.0, "inc": 0.12611264972156247, "pomega": 2.8201755834205406, "f": 0.013824390114806571, "P": 46547.53096246414, "RHill": 19698943.686250567, "spacing": "logarithmic", "period_ratio": NaN}, "II": {"m": 2.3442757935614746e+24, "r": 5234698.65750836, "msmp": 0.0005472767860279981, "rsrp": 0.05050985391700628, "a": 538687350.6924658, "aRp": 5.197819620693633, "e": 0.0, "inc": 0.12611264972156247, "pomega": 1.8091099609330963, "f": 2.2031050792050837, "P": 146879.95399116486, "RHill": 30551464.633038986, "spacing": "logarithmic", "period_ratio": 3.155483243775242}, "III": {"m": 5.643626910425774e+24, "r": 7126300.936743103, "msmp": 0.0013175181885859216, "rsrp": 0.06876201340973642, "a": 3650173679.493647, "aRp": 35.22069776805122, "e": 0.0, "inc": 0.12611264972156247, "pomega": 4.054316591851454, "f": 5.2363019466674166, "P": 2589766.1799465236, "RHill": 277454634.873574, "spacing": "logarithmic", "period_ratio": 17.63185587668623}}