{"Planet": {"m": 6.219043550952517e+29, "Rp": 240934824.0, "Rstar": 7722270000.0, "RpRstar": 0.0312, "rhostar": 1.5153037198864772, "impact": 0.02606528959904253, "q1": 0.38775529000000003, "q2": 0.2586317648948129, "a": 32781271943.379097, "Pp": 28.060926126401522, "rhoplan": 10615.397478010618, "aRp": null, "e": null, "inc": null, "pomega": null, "f": null, "P": 2424464.0173210916, "RHill": 13569135105.513933}, "I": {"m": 2.4167828938900993e+26, "r": 50020823.556022465, "msmp": 0.00038861006103099916, "rsrp": 0.2076114308657285, "a": 2057330223.692947, "aRp": 8.53894920434145, "e": 0.0, "inc": -0.154075620635603, "pomega": 6.205266017441586, "f": 5.7346083721693075, "P": 90988.57168009305, "RHill": 104096214.0745979, "spacing": "logarithmic", "period_ratio": NaN}, "II": {"m": 8.503495367391091e+25, "r": 25979048.683596577, "msmp": 0.00013673316962201825, "rsrp": 0.10782604296171223, "a": 3618973556.4291286, "aRp": 15.020549941046001, "e": 0.0, "inc": -0.154075620635603, "pomega": 2.76173611611704, "f": 0.777936134642297, "P": 212306.66725355046, "RHill": 129271548.75609481, "spacing": "logarithmic", "period_ratio": 2.3333333333333335}, "III": {"m": 1.5216781183752474e+26, "r": 24669082.75767849, "msmp": 0.0002446804087972957, "rsrp": 0.10238902931557328, "a": 7528039171.276367, "aRp": 31.245126986194272, "e": 0.0, "inc": -0.154075620635603, "pomega": 1.378668723267528, "f": 0.06472328099204895, "P": 636920.0017606514, "RHill": 326468425.3114503, "spacing": "logarithmic", "period_ratio": 3.0}}