{"Planet": {"m": 3.6313737130914326e+24, "Rp": 5556277.62, "Rstar": 709614000.0, "RpRstar": 0.00783, "rhostar": 1049.488942038644, "impact": 0.11326273821811172, "q1": 0.39050001, "q2": 0.361577852456393, "a": 127125797911.32596, "Pp": 321.9191400893909, "rhoplan": 5053.945154407557, "aRp": null, "e": null, "inc": null, "pomega": null, "f": null, "P": 27813813.703723375, "RHill": 1165482941.8283246}, "I": {"m": 2.730400950617343e+22, "r": 1307179.725400906, "msmp": 0.007518920293920725, "rsrp": 0.23526177322307845, "a": 121416035.23490776, "aRp": 21.852046196875914, "e": 0.0, "inc": 0.08390636778014546, "pomega": 4.9516451865761715, "f": 2.479592881501215, "P": 537934.0057164187, "RHill": 16492536.57653086, "spacing": "logarithmic", "period_ratio": NaN}}