{"Planet": {"m": 1.3692172025003258e+26, "Rp": 32209379.459999997, "Rstar": 619173000.0, "RpRstar": 0.05202, "rhostar": 1839.793577253643, "impact": 0.2895007371407402, "q1": 0.37871715999999994, "q2": 0.34367890802729933, "a": 44695775080.76479, "Pp": 62.18703521092717, "rhoplan": 978.22028407847, "aRp": null, "e": null, "inc": null, "pomega": null, "f": null, "P": 5372959.842224107, "RHill": 1306027307.7429278}, "I": {"m": 7.688936068726102e+23, "r": 3181664.7381139635, "msmp": 0.0056155707470555765, "rsrp": 0.09878069032857933, "a": 238208451.5273106, "aRp": 7.39562374441692, "e": 0.0, "inc": -0.14266002576807335, "pomega": 3.6150780150219184, "f": 4.868070464518477, "P": 240968.6737900199, "RHill": 29357205.67038928, "spacing": "linear", "period_ratio": NaN}, "II": {"m": 5.721998934865938e+23, "r": 3786332.4579757913, "msmp": 0.00417902939315764, "rsrp": 0.11755372259431264, "a": 599961726.6542351, "aRp": 18.626925967304405, "e": 0.0, "inc": -0.14266002576807335, "pomega": 4.507379558795797, "f": 0.9777614099381375, "P": 963874.6951600796, "RHill": 67005163.307657264, "spacing": "linear", "period_ratio": 4.0}}