{"Planet": {"m": 5.851337245256745e+24, "Rp": 6344784.0, "Rstar": 208710000.0, "RpRstar": 0.0304, "rhostar": 14619.938918744712, "impact": 0.15122693092511064, "q1": 0.11235904, "q2": 0.15244630071599044, "a": 117962588147.41988, "Pp": 483.3318892298479, "rhoplan": 5469.101649251424, "aRp": null, "e": null, "inc": null, "pomega": null, "f": null, "P": 41759875.22945886, "RHill": 1791572016.3847437}, "I": {"m": 8.361781984525029e+21, "r": 1099109.9771672396, "msmp": 0.0014290377795782188, "rsrp": 0.1732304798976986, "a": 33501033.770418122, "aRp": 5.280090507481125, "e": 0.0, "inc": 0.14259020561597838, "pomega": 2.083084237753808, "f": 1.0154642920694281, "P": 61606.51819961207, "RHill": 2616369.1954959626, "spacing": "logarithmic", "period_ratio": NaN}, "II": {"m": 1.505120757214505e+22, "r": 1256740.2686435212, "msmp": 0.002572268003240793, "rsrp": 0.19807455520054287, "a": 89078202.07632162, "aRp": 14.039595686208012, "e": 0.0, "inc": 0.14259020561597838, "pomega": 3.314083339340448, "f": 2.0039081852780978, "P": 266961.5788649856, "RHill": 8462586.023788115, "spacing": "logarithmic", "period_ratio": 4.333333333333333}, "III": {"m": 1.2635581665504483e+22, "r": 1285064.8093535968, "msmp": 0.002159434866918196, "rsrp": 0.20253877978408671, "a": 224432190.19696355, "aRp": 35.37270775442687, "e": 0.0, "inc": 0.14259020561597838, "pomega": 4.814658048165816, "f": 5.793676220841663, "P": 1067846.3154599424, "RHill": 20113675.19081414, "spacing": "logarithmic", "period_ratio": 4.0}, "IV": {"m": 2.2298085292066747e+21, "r": 634370.481805816, "msmp": 0.00038107674122085834, "rsrp": 0.09998299103733334, "a": 565198965.2381461, "aRp": 89.08088364208238, "e": 0.0, "inc": 0.14259020561597838, "pomega": 5.115024342478431, "f": 6.231029653564635, "P": 4271385.26183977, "RHill": 28411778.53303551, "spacing": "logarithmic", "period_ratio": 4.0}, "V": {"m": 9.290868871694476e+21, "r": 1119761.5599582659, "msmp": 0.0015878197550869095, "rsrp": 0.17648537128423378, "a": 1483548789.701163, "aRp": 233.821795935238, "e": 0.0, "inc": 0.14259020561597838, "pomega": 5.44052589154524, "f": 4.819685099116654, "P": 18153387.362819023, "RHill": 120003841.59419028, "spacing": "logarithmic", "period_ratio": 4.25}}