{"Planet": {"m": 2.772398979089121e+25, "Rp": 11959083.0, "Rstar": 626130000.0, "RpRstar": 0.0191, "rhostar": 1798.484549528119, "impact": 0.24799334668492623, "q1": 0.37871715999999994, "q2": 0.34367890802729933, "a": 79551339809.67851, "Pp": 146.87126206768505, "rhoplan": 3869.6659924986516, "aRp": null, "e": null, "inc": null, "pomega": null, "f": null, "P": 12689677.042647988, "RHill": 1360074518.44065}, "I": {"m": 5.172601822097505e+22, "r": 1767347.2938350812, "msmp": 0.001865749432571562, "rsrp": 0.14778284370424397, "a": 68543735.8491933, "aRp": 5.73152104130336, "e": 0.0, "inc": -0.1287309054251243, "pomega": 1.3258846882837212, "f": 0.2790013277715508, "P": 82812.52624836637, "RHill": 5850753.381770176, "spacing": "logarithmic", "period_ratio": NaN}, "II": {"m": 4.803130263376253e+22, "r": 1269327.7405815066, "msmp": 0.0017324816159593067, "rsrp": 0.10613921992024862, "a": 186820066.56812087, "aRp": 15.621604647122265, "e": 0.0, "inc": -0.1287309054251243, "pomega": 2.8252026343713794, "f": 5.049672680117528, "P": 372656.36811764864, "RHill": 15557482.311202073, "spacing": "logarithmic", "period_ratio": 4.5}, "III": {"m": 5.295759008337919e+22, "r": 2074830.9155295545, "msmp": 0.0019101720381089792, "rsrp": 0.17349414796515372, "a": 470784901.96240705, "aRp": 39.36630442003012, "e": 0.0, "inc": -0.1287309054251243, "pomega": 2.353916607730246, "f": 0.6107866905269085, "P": 1490625.4724705946, "RHill": 40501670.5007173, "spacing": "logarithmic", "period_ratio": 4.0}, "IV": {"m": 1.4778862348850015e+22, "r": 1261665.6955802145, "msmp": 0.0005330712664490177, "rsrp": 0.1054985315830833, "a": 923659447.2997191, "aRp": 77.2349725559827, "e": 0.0, "inc": -0.1287309054251243, "pomega": 2.4701671609683924, "f": 2.3558017518368106, "P": 4099220.049294135, "RHill": 51927795.16335206, "spacing": "logarithmic", "period_ratio": 2.75}}