{"Planet": {"m": 9.623570024270258e+25, "Rp": 26758152.54, "Rstar": 577431000.0, "RpRstar": 0.04634, "rhostar": 2145.044303468857, "impact": 0.12152790285477466, "q1": 0.39904488999999993, "q2": 0.24908975779642237, "a": 95901067233.98743, "Pp": 200.9896821083007, "rhoplan": 1199.1657774999603, "aRp": null, "e": null, "inc": null, "pomega": null, "f": null, "P": 17365508.534157183, "RHill": 2538360910.6487794}, "I": {"m": 1.152905253487884e+22, "r": 1032124.4616407922, "msmp": 0.00011980016257795217, "rsrp": 0.03857233641589788, "a": 107698563.48589638, "aRp": 4.024887866413829, "e": 0.0, "inc": 0.15725243755592475, "pomega": 4.883779998739849, "f": 0.9884438932086699, "P": 87618.89147684239, "RHill": 3681193.3444923107, "spacing": "logarithmic", "period_ratio": NaN}, "II": {"m": 1.2859327827364863e+22, "r": 1216666.8285065754, "msmp": 0.00013362325826002361, "rsrp": 0.04546901459986129, "a": 193057230.8760074, "aRp": 7.2148938753305805, "e": 0.0, "inc": 0.15725243755592475, "pomega": 3.9839378785397117, "f": 2.063604415319308, "P": 210285.33954442173, "RHill": 6843417.039114357, "spacing": "logarithmic", "period_ratio": 2.4}, "III": {"m": 9.755352144897483e+21, "r": 1230289.0800845185, "msmp": 0.00010136936833519032, "rsrp": 0.04597810249588025, "a": 401570905.94446313, "aRp": 15.007422703946629, "e": 0.0, "inc": 0.15725243755592475, "pomega": 3.6433551766203864, "f": 6.018008369522843, "P": 630856.0186332652, "RHill": 12982472.22804477, "spacing": "logarithmic", "period_ratio": 3.0}, "IV": {"m": 7.686035023252568e+21, "r": 1226113.477539463, "msmp": 7.98667750519682e-05, "rsrp": 0.04582205276341784, "a": 739694631.8956015, "aRp": 27.64371085746122, "e": 0.0, "inc": 0.15725243755592475, "pomega": 1.6306496521783205, "f": 5.074807934871721, "P": 1577140.0465831629, "RHill": 22086866.093218025, "spacing": "logarithmic", "period_ratio": 2.5}}