{"Planet": {"m": 1.5835781983125134e+25, "Rp": 8831772.36, "Rstar": 1036593000.0, "RpRstar": 0.00852, "rhostar": 460.273786038457, "impact": 0.18912791471203738, "q1": 0.26163225000000007, "q2": 0.21691104594330396, "a": 62235214974.067696, "Pp": 94.30856157814674, "rhoplan": 5487.9141024972405, "aRp": null, "e": null, "inc": null, "pomega": null, "f": null, "P": 8148259.720351878, "RHill": 839909303.4645277}, "I": {"m": 1.5519931636847471e+21, "r": 592193.8491639349, "msmp": 9.800546416580983e-05, "rsrp": 0.06705266225452565, "a": 41313294.05718126, "aRp": 4.677803318877805, "e": 0.0, "inc": 0.0036481029469628556, "pomega": 5.88667666343218, "f": 2.583275807362264, "P": 51318.11613745387, "RHill": 1320685.7825661036, "spacing": "linear", "period_ratio": NaN}, "II": {"m": 8.979389018461751e+21, "r": 972634.9575942224, "msmp": 0.0005670316141021854, "rsrp": 0.11012907918679897, "a": 72690148.65272751, "aRp": 8.230527881577727, "e": 0.0, "inc": 0.0036481029469628556, "pomega": 0.4310696190344231, "f": 0.1237911296644043, "P": 119742.27098739237, "RHill": 4171615.090224101, "spacing": "linear", "period_ratio": 2.3333333333333335}, "III": {"m": 6.983969236581363e+21, "r": 905434.4532437727, "msmp": 0.00044102458874614427, "rsrp": 0.10252013031320621, "a": 139777246.07610178, "aRp": 15.826635965977477, "e": 0.0, "inc": 0.0036481029469628556, "pomega": 4.9811791109123496, "f": 4.0901343298761805, "P": 319312.72263304633, "RHill": 7377065.892585819, "spacing": "linear", "period_ratio": 2.6666666666666665}, "IV": {"m": 2.7714163637227634e+21, "r": 620380.7391882169, "msmp": 0.00017500975743894615, "rsrp": 0.07024419492490372, "a": 303504150.21093494, "aRp": 34.365033182414926, "e": 0.0, "inc": 0.0036481029469628556, "pomega": 4.727941419263847, "f": 0.7823348042242809, "P": 1021800.7124257484, "RHill": 11770953.304377604, "spacing": "linear", "period_ratio": 3.2}, "V": {"m": 7.316539200228095e+21, "r": 1119133.4566912523, "msmp": 0.00046202575963881785, "rsrp": 0.12671674620599624, "a": 631374455.819207, "aRp": 71.48898659104559, "e": 0.0, "inc": 0.0036481029469628556, "pomega": 3.1381365560610917, "f": 3.3385902127257867, "P": 3065402.137277245, "RHill": 33842984.27977343, "spacing": "linear", "period_ratio": 3.0}}