{"Planet": {"m": 1.1835703271451409e+28, "Rp": 76691185.2, "Rstar": 3534156000.0, "RpRstar": 0.0217, "rhostar": 16.560783321478375, "impact": 0.051398172562181044, "q1": 0.37112463999999995, "q2": 0.2852921864740644, "a": 157423806648.0875, "Pp": 317.1157937194935, "rhoplan": 6264.250420577018, "aRp": null, "e": null, "inc": null, "pomega": null, "f": null, "P": 27398804.57736424, "RHill": 17129807034.30179}, "I": {"m": 2.3886580662774055e+25, "r": 21065088.288783718, "msmp": 0.0020181800873962643, "rsrp": 0.27467417844500486, "a": 576907091.384624, "aRp": 7.522469366983052, "e": 0.0, "inc": 0.14639540390515496, "pomega": 5.012598179355091, "f": 1.898968496679339, "P": 97859.04826548848, "RHill": 50549721.21196432, "spacing": "logarithmic", "period_ratio": NaN}, "II": {"m": 1.5649828710093342e+25, "r": 12258596.84801889, "msmp": 0.0013222559193285866, "rsrp": 0.1598436223935015, "a": 1104641387.4851708, "aRp": 14.40375950123106, "e": 0.0, "inc": 0.14639540390515496, "pomega": 5.2890859816512235, "f": 2.3049028609595683, "P": 259373.14255319917, "RHill": 84065809.48871222, "spacing": "logarithmic", "period_ratio": 2.6504768557479537}, "III": {"m": 2.7593119041480367e+25, "r": 17330905.555324826, "msmp": 0.0023313459630267186, "rsrp": 0.22598301891055955, "a": 2650203908.725732, "aRp": 34.556825557127155, "e": 0.0, "inc": 0.14639540390515496, "pomega": 0.4951645186576172, "f": 3.479976020718127, "P": 963370.2958928336, "RHill": 243654505.93711245, "spacing": "logarithmic", "period_ratio": 3.7142253296146106}, "IV": {"m": 2.7181281443846326e+25, "r": 10027412.25131742, "msmp": 0.002296549754623334, "rsrp": 0.13075051878735888, "a": 5549453752.482712, "aRp": 72.3610378169343, "e": 0.0, "inc": 0.14639540390515496, "pomega": 1.0770456662172028, "f": 4.320121910877053, "P": 2919155.3607380944, "RHill": 507654730.95330364, "spacing": "logarithmic", "period_ratio": 3.030148815241055}}