{"Planet": {"m": 3.0122274528713695e+25, "Rp": 12336152.4, "Rstar": 431334000.0, "RpRstar": 0.0286, "rhostar": 3726.6342574676123, "impact": 0.10979676699119711, "q1": 0.09235521000000001, "q2": 0.04886475814412636, "a": 61680865868.799034, "Pp": 121.83175636848765, "rhoplan": 3830.5397640810475, "aRp": null, "e": null, "inc": null, "pomega": null, "f": null, "P": 10526263.750237333, "RHill": 1234403499.4259012}, "I": {"m": 2.189371302719618e+23, "r": 2853799.3569576517, "msmp": 0.007268280158035961, "rsrp": 0.2313362598339537, "a": 382759303.54467857, "aRp": 31.02744608964774, "e": 0.0, "inc": 0.04445798184648023, "pomega": 4.063742312384277, "f": 1.4949192765056742, "P": 1045560.529464089, "RHill": 51407824.28517969, "spacing": "linear", "period_ratio": NaN}}