{"Planet": {"m": 1.9271060353342612e+28, "Rp": 63063187.470000006, "Rstar": 3568941000.0, "RpRstar": 0.01767, "rhostar": 14.201627069546813, "impact": 0.07844372432254265, "q1": 0.37112463999999995, "q2": 0.2852921864740644, "a": 56057899779.72407, "Pp": 71.59029169727489, "rhoplan": 18343.797533898498, "aRp": null, "e": null, "inc": null, "pomega": null, "f": null, "P": 6185401.202644551, "RHill": 7479685467.705978}, "I": {"m": 1.966530520755648e+25, "r": 14359783.87610778, "msmp": 0.0010204578703499046, "rsrp": 0.2277046951193027, "a": 864319961.3822653, "aRp": 13.705618064317378, "e": 0.0, "inc": -0.08502349021366515, "pomega": 2.5952150533705063, "f": 4.35593964890178, "P": 140706.62261722577, "RHill": 60334513.895334214, "spacing": "linear", "period_ratio": NaN}, "II": {"m": 3.2251100540392623e+25, "r": 22523274.92331104, "msmp": 0.0016735509073738432, "rsrp": 0.35715408349801, "a": 1651190831.3835902, "aRp": 26.183117245208763, "e": 0.0, "inc": -0.08502349021366515, "pomega": 2.5336336792227314, "f": 3.1909205910448986, "P": 371412.914124956, "RHill": 135926194.871304, "spacing": "linear", "period_ratio": 2.639626388697687}}