{"Planet": {"m": 5.270863340726537e+27, "Rp": 96424020.0, "Rstar": 876582000.0, "RpRstar": 0.11, "rhostar": 747.0428628247776, "impact": 0.15378697894832827, "q1": 0.37234403999999993, "q2": 0.25901343821697803, "a": 217307011595.1477, "Pp": 620.334067853655, "rhoplan": 1403.5808883364587, "aRp": null, "e": null, "inc": null, "pomega": null, "f": null, "P": 53596863.462555796, "RHill": 20451412797.463276}, "I": {"m": 7.403124749058793e+24, "r": 6838374.435105706, "msmp": 0.001404537410760937, "rsrp": 0.07091982303896587, "a": 412335268.951138, "aRp": 4.276271295794741, "e": 0.0, "inc": 0.07577232006107995, "pomega": 3.669118812743435, "f": 3.4341041807917234, "P": 88635.37294193481, "RHill": 32017530.790270034, "spacing": "logarithmic", "period_ratio": NaN}, "II": {"m": 7.037538341697861e+24, "r": 5443971.167713697, "msmp": 0.0013351775386245938, "rsrp": 0.056458662143661895, "a": 826128719.7323897, "aRp": 8.567665191021797, "e": 0.0, "inc": 0.07577232006107995, "pomega": 2.164145434336083, "f": 5.155240750085142, "P": 251372.6202588893, "RHill": 63074474.56081038, "spacing": "logarithmic", "period_ratio": 2.836030491162529}, "III": {"m": 4.5698300920116007e+24, "r": 6234324.555860696, "msmp": 0.0008669984017042822, "rsrp": 0.0646553063838315, "a": 2489669207.442907, "aRp": 25.820010485384316, "e": 0.0, "inc": 0.07577232006107995, "pomega": 1.6639538647276273, "f": 2.2024766978362287, "P": 1315407.8083721776, "RHill": 164604105.0978585, "spacing": "logarithmic", "period_ratio": 5.232900094757479}}