{"Planet": {"m": 1.1841760979788653e+26, "Rp": 29623601.7, "Rstar": 1071378000.0, "RpRstar": 0.02765, "rhostar": 447.76188035605577, "impact": 0.12964277871745533, "q1": 0.379456, "q2": 0.25681818181818183, "a": 141579627587.49176, "Pp": 312.22761721764715, "rhoplan": 1087.4620300215956, "aRp": null, "e": null, "inc": null, "pomega": null, "f": null, "P": 26976466.127604716, "RHill": 3648473065.4383693}, "I": {"m": 2.20328204918399e+23, "r": 2605250.369809936, "msmp": 0.0018606033789607137, "rsrp": 0.08794509176140915, "a": 67872176.5564767, "aRp": 2.291152076773862, "e": 0.0, "inc": 0.1488740193045268, "pomega": 3.241819481922141, "f": 2.7435130564202495, "P": 39482.33930887845, "RHill": 5788099.125240054, "spacing": "linear", "period_ratio": NaN}, "II": {"m": 1.0747717313092644e+23, "r": 1703568.4037746417, "msmp": 0.0009076114043710807, "rsrp": 0.0575071330294939, "a": 422256538.96893656, "aRp": 14.254058073192923, "e": 0.0, "inc": 0.1488740193045268, "pomega": 3.56857779372666, "f": 1.0757889034794932, "P": 612966.0775970374, "RHill": 28346706.921378125, "spacing": "linear", "period_ratio": 15.52506990028321}, "III": {"m": 2.2570206357494553e+23, "r": 2869253.010184777, "msmp": 0.0019059839491792695, "rsrp": 0.09685699393483194, "a": 1570991518.1409912, "aRp": 53.03175265622719, "e": 0.0, "inc": 0.1488740193045268, "pomega": 4.688981774394847, "f": 3.829984443170275, "P": 4396591.706057322, "RHill": 135053704.62037802, "spacing": "linear", "period_ratio": 7.172650929220968}}