{"Planet": {"m": 6.905705962264784e+25, "Rp": 21607259.31, "Rstar": 633087000.0, "RpRstar": 0.03413, "rhostar": 1739.843009624838, "impact": 0.10888655159581151, "q1": 0.25, "q2": 0.2, "a": 72958035914.28024, "Pp": 128.9942722047399, "rhoplan": 1634.2572542888279, "aRp": null, "e": null, "inc": null, "pomega": null, "f": null, "P": 11145105.118489528, "RHill": 1690852758.137416}, "I": {"m": 2.1409258878138227e+23, "r": 2232662.3560631634, "msmp": 0.003100227405442105, "rsrp": 0.10332927115054664, "a": 89149437.04343799, "aRp": 4.125902122264019, "e": 0.0, "inc": -0.1542501710158405, "pomega": 3.9726270139003246, "f": 3.087866046552704, "P": 77781.92880083379, "RHill": 9013138.343863597, "spacing": "logarithmic", "period_ratio": NaN}, "II": {"m": 2.5120197083682202e+23, "r": 2441036.51256853, "msmp": 0.003637600155718739, "rsrp": 0.11297298179037452, "a": 209442334.68610707, "aRp": 9.693146718944387, "e": 0.0, "inc": -0.1542501710158405, "pomega": 4.437629226852909, "f": 3.1042039621429303, "P": 280014.9436830017, "RHill": 22333787.111472886, "spacing": "logarithmic", "period_ratio": 3.6}, "III": {"m": 2.0838345308054537e+23, "r": 2517749.923876604, "msmp": 0.003017554674630315, "rsrp": 0.1165233354103068, "a": 527652906.64357215, "aRp": 24.42016819779501, "e": 0.0, "inc": -0.1542501710158405, "pomega": 0.899213738831282, "f": 1.8537250381217902, "P": 1120059.7747320067, "RHill": 52868010.29077152, "spacing": "logarithmic", "period_ratio": 4.0}}