{"Planet": {"m": 9.232518673407543e+25, "Rp": 25872248.16, "Rstar": 1224432000.0, "RpRstar": 0.02113, "rhostar": 279.27820406636806, "impact": 0.2911089792247802, "q1": 0.379456, "q2": 0.25681818181818183, "a": 131577581155.61414, "Pp": 289.9091637171211, "rhoplan": 1272.7088988748355, "aRp": null, "e": null, "inc": null, "pomega": null, "f": null, "P": 25048151.74515926, "RHill": 3195986893.9957533}, "I": {"m": 2.3908957497535063e+23, "r": 2328237.3754334813, "msmp": 0.0025896462648269665, "rsrp": 0.08998975895079236, "a": 90584887.49506396, "aRp": 3.501237578383832, "e": 0.0, "inc": -0.12695049154670224, "pomega": 2.172942773500051, "f": 1.0431130722990414, "P": 68918.99335318488, "RHill": 8625060.421298575, "spacing": "linear", "period_ratio": NaN}, "II": {"m": 1.3513758585563289e+23, "r": 2257064.329329754, "msmp": 0.0014637131062065455, "rsrp": 0.08723881725977362, "a": 228174134.0303888, "aRp": 8.819261960511003, "e": 0.0, "inc": -0.12695049154670224, "pomega": 3.6238753541858864, "f": 0.8238079745687007, "P": 275675.9734127395, "RHill": 17962963.189109996, "spacing": "linear", "period_ratio": 4.0}, "III": {"m": 1.4553278476760475e+23, "r": 2042123.435749807, "msmp": 0.0015763064220685886, "rsrp": 0.07893103927887676, "a": 474639111.396755, "aRp": 18.345491604033647, "e": 0.0, "inc": -0.12695049154670224, "pomega": 1.2108908977832846, "f": 5.023909043994479, "P": 827027.9202382185, "RHill": 38300400.82348663, "spacing": "linear", "period_ratio": 3.0}, "IV": {"m": 6.583625977582118e+22, "r": 1942603.3060262299, "msmp": 0.0007130910004595994, "rsrp": 0.07508444159984548, "a": 874041474.5146588, "aRp": 33.782973520870044, "e": 0.0, "inc": -0.12695049154670224, "pomega": 5.14078797860148, "f": 0.016966296959080793, "P": 2067569.8005955461, "RHill": 54142703.96495145, "spacing": "linear", "period_ratio": 2.5}}