{"Planet": {"m": 8.675533091766844e+25, "Rp": 24106005.0, "Rstar": 876582000.0, "RpRstar": 0.0275, "rhostar": 852.7564754886612, "impact": 0.0043891776874014354, "q1": 0.29822521, "q2": 0.23274125618018676, "a": 67395379854.17657, "Pp": 100.40491713186965, "rhoplan": 1478.5357654360732, "aRp": null, "e": null, "inc": null, "pomega": null, "f": null, "P": 8674984.840193538, "RHill": 1543801068.548617}, "I": {"m": 2.8457323172481693e+22, "r": 1358138.3350005185, "msmp": 0.00032801815025624117, "rsrp": 0.056340249452388254, "a": 63046537.69072969, "aRp": 2.615387231966877, "e": 0.0, "inc": -0.14821072785962447, "pomega": 3.9525188100969695, "f": 4.716002173255605, "P": 41328.49275724233, "RHill": 3014764.8868214167, "spacing": "logarithmic", "period_ratio": NaN}, "II": {"m": 6.070895610129429e+22, "r": 2133330.1243476383, "msmp": 0.0006997720538799813, "rsrp": 0.08849787114653127, "a": 149932569.68677685, "aRp": 6.219718683654834, "e": 0.0, "inc": -0.14821072785962447, "pomega": 2.717121038928346, "f": 5.4983369774798865, "P": 151537.80677655523, "RHill": 9229420.452131731, "spacing": "logarithmic", "period_ratio": 3.6666666666666665}, "III": {"m": 1.1572644756809225e+23, "r": 1986418.0425423814, "msmp": 0.0013339404777087144, "rsrp": 0.08240345268916942, "a": 263818686.22929728, "aRp": 10.9441065091166, "e": 0.0, "inc": -0.14821072785962447, "pomega": 5.74780438091526, "f": 2.468282016861828, "P": 353588.2158119622, "RHill": 20136189.3045709, "spacing": "logarithmic", "period_ratio": 2.3333333333333335}, "IV": {"m": 3.4148787806978045e+22, "r": 1591695.6435141622, "msmp": 0.00039362178030748955, "rsrp": 0.06602900992985615, "a": 548593152.1275871, "aRp": 22.75753083630353, "e": 0.0, "inc": -0.14821072785962447, "pomega": 0.5680567574447791, "f": 5.252011480888787, "P": 1060764.6474358866, "RHill": 27876377.539842207, "spacing": "logarithmic", "period_ratio": 3.0}, "V": {"m": 1.4038946098424302e+23, "r": 2470952.751723438, "msmp": 0.0016182228745974564, "rsrp": 0.10250361898304751, "a": 1495899759.6424994, "aRp": 62.05506717693369, "e": 0.0, "inc": -0.14821072785962447, "pomega": 3.692997304759919, "f": 0.8835042046099109, "P": 4773440.91346149, "RHill": 121770340.22673653, "spacing": "logarithmic", "period_ratio": 4.5}}