{"Planet": {"m": 4.111571834993245e+25, "Rp": 15565591.799999999, "Rstar": 786140999.9999999, "RpRstar": 0.0198, "rhostar": 1016.1300614526382, "impact": 0.13797729148121007, "q1": 0.37234403999999993, "q2": 0.25901343821697803, "a": 23996831261.67519, "Pp": 23.01018807423325, "rhoplan": 2602.6895106739457, "aRp": null, "e": null, "inc": null, "pomega": null, "f": null, "P": 1988080.2496137526, "RHill": 450750645.19504917}, "I": {"m": 3.0816963645715836e+22, "r": 1240678.0405752803, "msmp": 0.0007495178214675767, "rsrp": 0.07970644846123232, "a": 166017027.58885893, "aRp": 10.665641867137936, "e": 0.0, "inc": 0.09486813165905769, "pomega": 1.6438456609242722, "f": 2.857250084182976, "P": 256471.62375118275, "RHill": 10456175.649267953, "spacing": "linear", "period_ratio": NaN}}