{"Planet": {"m": 9.421194730595285e+27, "Rp": 84108042.9, "Rstar": 1189647000.0, "RpRstar": 0.0707, "rhostar": 408.8188968917336, "impact": 0.3244746615514399, "q1": 0.25877569000000006, "q2": 0.04885000982897582, "a": 48428835559.605965, "Pp": 55.779414237689195, "rhoplan": 3780.113052548257, "aRp": null, "e": null, "inc": null, "pomega": null, "f": null, "P": 4819341.390136346, "RHill": 4982809661.969859}, "I": {"m": 1.6339159958604596e+25, "r": 3829537.9070120165, "msmp": 0.0017342980827626088, "rsrp": 0.04553117365440465, "a": 132687672.80683315, "aRp": 1.577586021881305, "e": 0.0, "inc": -0.09993009268594395, "pomega": 0.14452771483661414, "f": 4.200101069425778, "P": 12100.229573115692, "RHill": 11053455.662396679, "spacing": "linear", "period_ratio": NaN}, "II": {"m": 1.3368403602494678e+25, "r": 5601255.641577084, "msmp": 0.0014189711586239536, "rsrp": 0.06659595739537869, "a": 267087216.22649238, "aRp": 3.1755252769826647, "e": 0.0, "inc": -0.09993009268594395, "pomega": 3.720017703620677, "f": 5.164038089249109, "P": 34561.752941729435, "RHill": 20809926.171429917, "spacing": "linear", "period_ratio": 2.856289025996564}, "III": {"m": 1.9309916314714538e+25, "r": 16016231.695714718, "msmp": 0.0020496250069012667, "rsrp": 0.19042449620135812, "a": 598241444.0230391, "aRp": 7.1127733257842705, "e": 0.0, "inc": -0.09993009268594395, "pomega": 3.6955108302353383, "f": 0.7911321433882488, "P": 115822.82287590478, "RHill": 52689921.09986349, "spacing": "linear", "period_ratio": 3.3511848508141417}, "IV": {"m": 5.347361440997871e+24, "r": 6350902.959407205, "msmp": 0.0005675884634495814, "rsrp": 0.07550886622053601, "a": 878261801.0449958, "aRp": 10.442066784138616, "e": 0.0, "inc": -0.09993009268594395, "pomega": 1.2611614072916721, "f": 3.2845494150042702, "P": 206175.37447125438, "RHill": 50419062.06549853, "spacing": "linear", "period_ratio": 1.780092812037187}}