{"Planet": {"m": 8.499615381835377e+24, "Rp": 7162927.2, "Rstar": 500904000.0, "RpRstar": 0.0143, "rhostar": 3021.6474286426733, "impact": 0.09530649590828488, "q1": 0.39050001, "q2": 0.361577852456393, "a": 107194982883.62764, "Pp": 247.69990727458725, "rhoplan": 5521.270855485512, "aRp": null, "e": null, "inc": null, "pomega": null, "f": null, "P": 21401271.988524336, "RHill": 1299376974.1632924}, "I": {"m": 3.6957868232662445e+21, "r": 669683.6685789857, "msmp": 0.0004348181249665193, "rsrp": 0.09349301617626181, "a": 43328894.55378032, "aRp": 6.049048572457964, "e": 0.0, "inc": 0.1022341577050784, "pomega": 2.6580531902559907, "f": 3.4479285709065297, "P": 75222.78080206974, "RHill": 2276004.259316988, "spacing": "linear", "period_ratio": NaN}, "II": {"m": 3.023825582672383e+21, "r": 746722.3634517986, "msmp": 0.0003557602840635159, "rsrp": 0.10424821341920082, "a": 90125358.50047407, "aRp": 12.582196633308525, "e": 0.0, "inc": 0.1022341577050784, "pomega": 5.147071792290029, "f": 2.827087778477944, "P": 225668.3424062092, "RHill": 4427844.983943781, "spacing": "linear", "period_ratio": 3.0}, "III": {"m": 3.023825582672383e+21, "r": 810580.4170075868, "msmp": 0.0003557602840635159, "rsrp": 0.11316329125997354, "a": 227101672.60813823, "aRp": 31.705148784443633, "e": 0.0, "inc": 0.1022341577050784, "pomega": 1.544561404645207, "f": 4.5896975181157815, "P": 902673.3696248368, "RHill": 11157470.20188439, "spacing": "linear", "period_ratio": 4.0}, "IV": {"m": 6.71961240593863e+20, "r": 745779.544722651, "msmp": 7.905784090300355e-05, "rsrp": 0.10411658863748482, "a": 472346956.3223441, "aRp": 65.94328591282404, "e": 0.0, "inc": 0.1022341577050784, "pomega": 4.9177125926580105, "f": 4.318236766770489, "P": 2708020.1088745105, "RHill": 14056235.328071974, "spacing": "linear", "period_ratio": 3.0}}