{"Planet": {"m": 1.6666697592948945e+28, "Rp": 64926341.64000001, "Rstar": 3464586000.0000005, "RpRstar": 0.01874, "rhostar": 14.268334287654694, "impact": 0.08795282782817204, "q1": 0.38019556000000004, "q2": 0.27254297761920204, "a": 217720078801.26666, "Pp": 571.6784189215731, "rhoplan": 14537.781866986172, "aRp": null, "e": null, "inc": null, "pomega": null, "f": null, "P": 49393015.394823916, "RHill": 28466622487.74353}, "I": {"m": 1.058883412851303e+25, "r": 7014809.14135566, "msmp": 0.0006353288688091856, "rsrp": 0.10804257508071202, "a": 716378010.947438, "aRp": 11.033703622476855, "e": 0.0, "inc": -0.04641294610513974, "pomega": 1.8078531981953867, "f": 4.672643858804621, "P": 114189.89744376823, "RHill": 42700670.23604771, "spacing": "linear", "period_ratio": NaN}, "II": {"m": 1.108518572828708e+25, "r": 10002589.044100804, "msmp": 0.0006651099095346163, "rsrp": 0.1540605675823013, "a": 1651423973.2267108, "aRp": 25.435346140145015, "e": 0.0, "inc": -0.04641294610513974, "pomega": 6.145569787400376, "f": 3.180866489143221, "P": 399664.6410531888, "RHill": 99949963.39797537, "spacing": "linear", "period_ratio": 3.5}, "III": {"m": 1.2408789994351204e+25, "r": 8860885.564094333, "msmp": 0.0007445260181357642, "rsrp": 0.13647597169767675, "a": 4333073209.821981, "aRp": 66.73829296971276, "e": 0.0, "inc": -0.04641294610513974, "pomega": 1.4012904525463024, "f": 3.038852299782026, "P": 1698574.7244760524, "RHill": 272300790.15965277, "spacing": "linear", "period_ratio": 4.25}, "IV": {"m": 1.985406399096193e+24, "r": 4447705.821090074, "msmp": 0.0001191241629017223, "rsrp": 0.06850387236896031, "a": 10916385331.560457, "aRp": 168.13492114015952, "e": 0.0, "inc": -0.04641294610513974, "pomega": 1.4861219373417065, "f": 3.967599962949486, "P": 6794298.89790421, "RHill": 372424628.2191947, "spacing": "linear", "period_ratio": 4.0}}