{"Planet": {"m": 4.154657631709454e+25, "Rp": 15967428.12, "Rstar": 681786000.0, "RpRstar": 0.02342, "rhostar": 1512.845012017315, "impact": 0.24109474876641157, "q1": 0.25, "q2": 0.2, "a": 39857657401.94843, "Pp": 49.98190268043323, "rhoplan": 2436.361468885894, "aRp": null, "e": null, "inc": null, "pomega": null, "f": null, "P": 4318436.391589431, "RHill": 758648617.2873687}, "I": {"m": 1.2473691894582056e+22, "r": 1215062.0464889128, "msmp": 0.0003002339302131544, "rsrp": 0.07609629035793103, "a": 196736249.5066493, "aRp": 12.32109817737193, "e": 0.0, "inc": -0.13941338869565667, "pomega": 2.7164926575594914, "f": 5.044645629166689, "P": 329208.3049640727, "RHill": 9134060.702847812, "spacing": "linear", "period_ratio": NaN}}