{"Planet": {"m": 4.111571834993245e+25, "Rp": 15813608.85, "Rstar": 1175733000.0, "RpRstar": 0.01345, "rhostar": 327.12158347770315, "impact": 0.10263309435481183, "q1": 0.379456, "q2": 0.25681818181818183, "a": 118050166091.87648, "Pp": 241.93415951830062, "rhoplan": 2482.140130482581, "aRp": null, "e": null, "inc": null, "pomega": null, "f": null, "P": 20903111.382381175, "RHill": 2163320341.850422}, "I": {"m": 3.3456035855684034e+23, "r": 2890916.9391523628, "msmp": 0.00813704276572344, "rsrp": 0.182811966994641, "a": 241397323.21381763, "aRp": 15.265163411058927, "e": 0.0, "inc": 0.0639727143570279, "pomega": 2.5568837898703607, "f": 1.2963507639475436, "P": 448035.0124836917, "RHill": 33665176.672128536, "spacing": "logarithmic", "period_ratio": NaN}}