{"Planet": {"m": 3.4114248629341594e+25, "Rp": 13978560.96, "Rstar": 542646000.0, "RpRstar": 0.02576, "rhostar": 2584.560695450756, "impact": 0.1056879657017149, "q1": 0.37871715999999994, "q2": 0.34367890802729933, "a": 111830014499.91095, "Pp": 253.09523699433893, "rhoplan": 2981.671586766566, "aRp": null, "e": null, "inc": null, "pomega": null, "f": null, "P": 21867428.476310883, "RHill": 2094859233.7852697}, "I": {"m": 2.679447325077521e+22, "r": 1635691.880201859, "msmp": 0.0007854334868078947, "rsrp": 0.1170143253574121, "a": 115873348.3481161, "aRp": 8.289361736139403, "e": 0.0, "inc": -0.017367762833626926, "pomega": 3.7834842218750167, "f": 2.887412389888009, "P": 164177.61741022507, "RHill": 7412754.372700118, "spacing": "logarithmic", "period_ratio": NaN}, "II": {"m": 1.7607796707652285e+22, "r": 1399008.0998360605, "msmp": 0.0005161420056166166, "rsrp": 0.10008241219102287, "a": 247784172.9945331, "aRp": 17.726014409034924, "e": 0.0, "inc": -0.017367762833626926, "pomega": 0.6076447836826343, "f": 2.0623476525815985, "P": 513460.9211102889, "RHill": 13781279.670876833, "spacing": "logarithmic", "period_ratio": 3.1274721195844952}, "III": {"m": 6.583784855904767e+22, "r": 1910924.718817842, "msmp": 0.0019299222818708274, "rsrp": 0.13670396575770571, "a": 576140594.5811769, "aRp": 41.21601617146554, "e": 0.0, "inc": -0.017367762833626926, "pomega": 5.158382656929415, "f": 5.755973338710373, "P": 1819211.290334902, "RHill": 49735672.92506162, "spacing": "logarithmic", "period_ratio": 3.5430374845297026}}