{"Planet": {"m": 6.490754299443374e+24, "Rp": 6561842.4, "Rstar": 250452000.0, "RpRstar": 0.0262, "rhostar": 10877.930743113624, "impact": 0.10035158566510216, "q1": 0.11235904, "q2": 0.15244630071599044, "a": 82062342118.17387, "Pp": 247.32780963241186, "rhoplan": 5484.400655227512, "aRp": null, "e": null, "inc": null, "pomega": null, "f": null, "P": 21369122.752240386, "RHill": 1186494535.82726}, "I": {"m": 7.070227645922223e+21, "r": 964170.3649973465, "msmp": 0.0010892767342200185, "rsrp": 0.1469359222948339, "a": 43291545.59572603, "aRp": 6.597468051918776, "e": 0.0, "inc": 0.0072089307038069594, "pomega": 5.956426995375067, "f": 2.108219492508002, "P": 85940.4560356865, "RHill": 3088460.720334407, "spacing": "logarithmic", "period_ratio": NaN}, "II": {"m": 1.237289838036389e+22, "r": 1226867.3744749075, "msmp": 0.0019062342848850324, "rsrp": 0.18696995442543812, "a": 64077100.4389307, "aRp": 9.765108110327473, "e": 0.0, "inc": 0.0072089307038069594, "pomega": 4.1077290082041165, "f": 6.100954710211682, "P": 154692.8208642357, "RHill": 5508768.539068946, "spacing": "logarithmic", "period_ratio": 1.8}, "III": {"m": 5.744559962311802e+21, "r": 1098054.002227536, "msmp": 0.0008850373465537644, "rsrp": 0.16733928297752715, "a": 161409299.00102058, "aRp": 24.598167581870083, "e": 0.0, "inc": 0.0072089307038069594, "pomega": 2.318727251074375, "f": 2.365855853738488, "P": 618771.2834569428, "RHill": 10745055.56293708, "spacing": "logarithmic", "period_ratio": 4.0}}