{"Planet": {"m": 2.8305037738601235e+25, "Rp": 12267138.959999999, "Rstar": 549603000.0, "RpRstar": 0.02232, "rhostar": 2373.2752463298975, "impact": 0.19526278620404003, "q1": 0.39050001, "q2": 0.361577852456393, "a": 131677344649.55576, "Pp": 331.0809012474675, "rhoplan": 3660.5409887864016, "aRp": null, "e": null, "inc": null, "pomega": null, "f": null, "P": 28605389.867781196, "RHill": 2354492006.883192}, "I": {"m": 2.398683869497252e+23, "r": 2651412.8695717705, "msmp": 0.008474406187510665, "rsrp": 0.216139466440981, "a": 606029480.5325611, "aRp": 49.40267510693961, "e": 0.0, "inc": 0.13138407120473364, "pomega": 2.2797676062053744, "f": 1.5395343536943682, "P": 2147599.6456246017, "RHill": 85668880.49322586, "spacing": "linear", "period_ratio": NaN}}