{"Planet": {"m": 4.154657631709454e+25, "Rp": 15966314.999999998, "Rstar": 626130000.0, "RpRstar": 0.0255, "rhostar": 1875.8387237013715, "impact": 0.15250511351696028, "q1": 0.25, "q2": 0.2, "a": 63704192633.81656, "Pp": 103.05564559010797, "rhoplan": 2436.8710702094186, "aRp": null, "e": null, "inc": null, "pomega": null, "f": null, "P": 8904007.778985329, "RHill": 1228985606.4668815}, "I": {"m": 9.50634011820277e+21, "r": 1062013.557078944, "msmp": 0.00022881163650279745, "rsrp": 0.06651588403955103, "a": 63404995.99718945, "aRp": 3.97117280958001, "e": 0.0, "inc": -0.05391861245535037, "pomega": 4.518690423435184, "f": 0.41473170344419713, "P": 60234.44665128733, "RHill": 2688906.8880215343, "spacing": "linear", "period_ratio": NaN}, "II": {"m": 7.94365407137492e+21, "r": 1046191.4626787446, "msmp": 0.00019119876474891302, "rsrp": 0.0655249168439145, "a": 152250030.02859473, "aRp": 9.535702510478764, "e": 0.0, "inc": -0.05391861245535037, "pomega": 4.528744525336862, "f": 0.024506873385338922, "P": 224132.04416662018, "RHill": 6081517.99454283, "spacing": "linear", "period_ratio": 3.7209944911452095}, "III": {"m": 1.4324622095921984e+21, "r": 730716.2399377205, "msmp": 3.447846577439414e-05, "rsrp": 0.045766116974249885, "a": 231161748.5140106, "aRp": 14.478090186371158, "e": 0.0, "inc": -0.05391861245535037, "pomega": 1.0010115205857668, "f": 1.3560469939887536, "P": 419349.23530325154, "RHill": 5216647.96257871, "spacing": "linear", "period_ratio": 1.870991882764905}, "IV": {"m": 3.90671511706963e+21, "r": 801425.9316652262, "msmp": 9.403217938471127e-05, "rsrp": 0.050194796461502, "a": 370752490.35305023, "aRp": 23.22091793585748, "e": 0.0, "inc": -0.05391861245535037, "pomega": 3.2380491937090117, "f": 2.3438625058285685, "P": 851755.7682845197, "RHill": 11689676.498042213, "spacing": "linear", "period_ratio": 2.0311370489767895}}