{"Planet": {"m": 5.165304996849609e+25, "Rp": 18222052.68, "Rstar": 640044000.0, "RpRstar": 0.02847, "rhostar": 1701.8279912481944, "impact": 0.10215905092916244, "q1": 0.25, "q2": 0.2, "a": 125165627626.08849, "Pp": 288.3155082642844, "rhoplan": 2038.052971374589, "aRp": null, "e": null, "inc": null, "pomega": null, "f": null, "P": 24910459.914034173, "RHill": 2623808081.298421}, "I": {"m": 1.1033570845179412e+22, "r": 1022294.8996174771, "msmp": 0.00021360928061186978, "rsrp": 0.0561020713511337, "a": 62546859.99559006, "aRp": 3.4324815702151765, "e": 0.0, "inc": -0.05196364819669086, "pomega": 5.553006156570258, "f": 5.711986642890533, "P": 52928.661270340875, "RHill": 2592418.624369406, "spacing": "logarithmic", "period_ratio": NaN}, "II": {"m": 3.0437436814288025e+21, "r": 822881.64612821, "msmp": 5.8926698099826134e-05, "rsrp": 0.04515855927863611, "a": 166238337.67776564, "aRp": 9.122920485254882, "e": 0.0, "inc": -0.05196364819669086, "pomega": 5.290342744388933, "f": 0.5272119684692143, "P": 229357.5321714771, "RHill": 4485334.169667604, "spacing": "logarithmic", "period_ratio": 4.333333333333333}, "III": {"m": 1.674059024785842e+22, "r": 1139375.8396783115, "msmp": 0.00032409683954904385, "rsrp": 0.06252730467236864, "a": 383249500.0392837, "aRp": 21.032180444738113, "e": 0.0, "inc": -0.05196364819669086, "pomega": 3.301515711963351, "f": 5.7779666866202914, "P": 802751.3626001698, "RHill": 18252937.948566407, "spacing": "logarithmic", "period_ratio": 3.5}, "IV": {"m": 1.9023398008930024e+21, "r": 656992.9716165912, "msmp": 3.6829186312391346e-05, "rsrp": 0.036054827804207136, "a": 686932682.3097587, "aRp": 37.69787599526129, "e": 0.0, "inc": -0.05196364819669086, "pomega": 2.9728722560522676, "f": 2.233895766278971, "P": 1926603.2702404074, "RHill": 15846662.278587243, "spacing": "logarithmic", "period_ratio": 2.4}, "V": {"m": 1.2935910646072406e+22, "r": 1314926.3740066579, "msmp": 0.000250438466924261, "rsrp": 0.07216126509445794, "a": 1731085129.1340668, "aRp": 94.9994580486564, "e": 0.0, "inc": -0.05196364819669086, "pomega": 3.6986527370796125, "f": 4.792036318887042, "P": 7706413.08096163, "RHill": 75656286.30685902, "spacing": "logarithmic", "period_ratio": 4.0}}