{"Planet": {"m": 3.34139487626958e+25, "Rp": 13720873.68, "Rstar": 619173000.0, "RpRstar": 0.02216, "rhostar": 1939.7823586261236, "impact": 0.32311151179823105, "q1": 0.25, "q2": 0.2, "a": 200764641967.89243, "Pp": 576.5693114487856, "rhoplan": 3088.1180572155154, "aRp": null, "e": null, "inc": null, "pomega": null, "f": null, "P": 49815588.50917508, "RHill": 3601887932.880904}, "I": {"m": 9.140708069993653e+22, "r": 1949500.0440969048, "msmp": 0.0027355964824482453, "rsrp": 0.1420827922159622, "a": 346109294.34545183, "aRp": 25.225018640755522, "e": 0.0, "inc": -0.17421873451500552, "pomega": 0.8294634068883943, "f": 4.826597294174058, "P": 855538.9413986008, "RHill": 33562697.284409516, "spacing": "linear", "period_ratio": NaN}, "II": {"m": 3.7092728399974244e+22, "r": 1569465.8907932509, "msmp": 0.0011100971233123315, "rsrp": 0.11438527366380148, "a": 593261399.1866125, "aRp": 43.23787340534808, "e": 0.0, "inc": -0.17421873451500552, "pomega": 6.10849528663794, "f": 3.2399343378155763, "P": 1921504.129232053, "RHill": 42591800.46425118, "spacing": "linear", "period_ratio": 2.245957531858053}}