{"Planet": {"m": 2.253075007679787e+25, "Rp": 10512305.280000001, "Rstar": 667872000.0, "RpRstar": 0.01574, "rhostar": 1497.8400730263875, "impact": 0.3727430329863676, "q1": 0.37871715999999994, "q2": 0.34367890802729933, "a": 50045310289.78651, "Pp": 72.89350679505809, "rhoplan": 4630.129602830068, "aRp": null, "e": null, "inc": null, "pomega": null, "f": null, "P": 6297998.987093018, "RHill": 795616162.1348351}, "I": {"m": 7.356783381822076e+22, "r": 1779934.4178836572, "msmp": 0.003265219025885019, "rsrp": 0.16931913319431843, "a": 45137093.861031845, "aRp": 4.293738876372494, "e": 0.0, "inc": -0.1416825436387436, "pomega": 4.001532556867647, "f": 6.232286416302344, "P": 49054.82082541478, "RHill": 4642985.010747499, "spacing": "logarithmic", "period_ratio": NaN}, "II": {"m": 1.7894878496323973e+22, "r": 1216254.8953084038, "msmp": 0.0007942424657558156, "rsrp": 0.11569820918560725, "a": 88524823.630317, "aRp": 8.421066671145702, "e": 0.0, "inc": -0.1416825436387436, "pomega": 0.6114150718957634, "f": 5.74780438091526, "P": 134900.75726989066, "RHill": 5684282.931599184, "spacing": "logarithmic", "period_ratio": 2.75}, "III": {"m": 4.771967599019727e+22, "r": 1494667.1398983735, "msmp": 0.0021179799086821754, "rsrp": 0.14218262313424496, "a": 152070427.7708581, "aRp": 14.4659447875983, "e": 0.0, "inc": -0.1416825436387436, "pomega": 2.3847072948041337, "f": 3.5013409872591916, "P": 303526.703857254, "RHill": 13540819.88739598, "spacing": "logarithmic", "period_ratio": 2.25}, "IV": {"m": 5.169631565604705e+22, "r": 1690953.738130235, "msmp": 0.00229447823440569, "rsrp": 0.1608547024739977, "a": 361618979.0618624, "aRp": 34.39958880854175, "e": 0.0, "inc": -0.1416825436387436, "pomega": 4.890692193797252, "f": 5.758486864185792, "P": 1112931.247476598, "RHill": 33070349.00766934, "spacing": "logarithmic", "period_ratio": 3.6666666666666665}, "V": {"m": 1.5906558663399087e+22, "r": 1381353.7310285463, "msmp": 0.0007059933028940583, "rsrp": 0.13140350229902628, "a": 751800205.1579612, "aRp": 71.51620744769326, "e": 0.0, "inc": -0.1416825436387436, "pomega": 6.143056261924956, "f": 2.2156727065821804, "P": 3338793.742429794, "RHill": 46415412.60537084, "spacing": "logarithmic", "period_ratio": 3.0}}