{"Planet": {"m": 3.337977138249811e+29, "Rp": 142118987.4, "Rstar": 813969000.0, "RpRstar": 0.1746, "rhostar": 977.0497648191875, "impact": 0.46067511923373905, "q1": 0.37234403999999993, "q2": 0.25901343821697803, "a": 223492989892.97702, "Pp": 590.0143083047373, "rhoplan": 27761.21279994081, "aRp": null, "e": null, "inc": null, "pomega": null, "f": null, "P": 50977236.2375293, "RHill": 82561006137.75139}, "I": {"m": 7.244529695848578e+26, "r": 78111094.9830045, "msmp": 0.0021703353245993394, "rsrp": 0.5496175874315615, "a": 3673318431.8518176, "aRp": 25.846781623296433, "e": 0.0, "inc": 0.1381217158818995, "pomega": 0.09362882395937178, "f": 4.729198182001557, "P": 296041.3820055151, "RHill": 329756809.7083878, "spacing": "logarithmic", "period_ratio": NaN}, "II": {"m": 1.3171872174270147e+26, "r": 28114657.943525862, "msmp": 0.0003946064226544255, "rsrp": 0.19782478371025786, "a": 8939726696.745811, "aRp": 62.903112809160156, "e": 0.0, "inc": 0.1381217158818995, "pomega": 5.765399059243195, "f": 3.148819039331624, "P": 1124957.2516209574, "RHill": 454644428.64305776, "spacing": "logarithmic", "period_ratio": 3.8}, "III": {"m": 5.6639050349361626e+26, "r": 67977253.6286768, "msmp": 0.0016968076174140295, "rsrp": 0.4783122570199005, "a": 23465970007.350704, "aRp": 165.11495357974036, "e": 0.0, "inc": 0.1381217158818995, "pomega": 1.733704196670515, "f": 0.13070332472180757, "P": 4781068.3193890685, "RHill": 1940628006.726783, "spacing": "logarithmic", "period_ratio": 4.25}}