{"Planet": {"m": 2.4479789679266294e+25, "Rp": 10951013.7, "Rstar": 626130000.0, "RpRstar": 0.01749, "rhostar": 2069.2241591345028, "impact": 0.300234166465701, "q1": 0.37234403999999993, "q2": 0.25901343821697803, "a": 116577537808.17773, "Pp": 242.90599828341456, "rhoplan": 4449.959988522666, "aRp": null, "e": null, "inc": null, "pomega": null, "f": null, "P": 20987078.251687016, "RHill": 1824793778.8098712}, "I": {"m": 4.664404197734248e+22, "r": 1570180.5838074547, "msmp": 0.0019054102420188969, "rsrp": 0.14338221344819016, "a": 142756544.49393466, "aRp": 13.035920546235339, "e": 0.0, "inc": -0.006371088878667164, "pomega": 5.394654051618837, "f": 0.5655432319693597, "P": 264882.8527902154, "RHill": 12271145.546716783, "spacing": "linear", "period_ratio": NaN}, "II": {"m": 3.1096027984894976e+22, "r": 1649231.5251350228, "msmp": 0.001270273494679264, "rsrp": 0.15060080923239305, "a": 269869078.4371982, "aRp": 24.64329657784998, "e": 0.0, "inc": -0.006371088878667164, "pomega": 4.96044252574014, "f": 3.923613267129647, "P": 688695.41725456, "RHill": 20264930.55670429, "spacing": "linear", "period_ratio": 2.6}, "III": {"m": 5.578993256113513e+22, "r": 1652597.2331791343, "msmp": 0.0022790200933951515, "rsrp": 0.15090815137772445, "a": 680255757.003139, "aRp": 62.118062824004966, "e": 0.0, "inc": -0.006371088878667164, "pomega": 0.11687893460700101, "f": 0.298481150206051, "P": 2754781.66901824, "RHill": 62069920.967332795, "spacing": "linear", "period_ratio": 4.0}, "IV": {"m": 6.219205596978995e+22, "r": 1874468.417842594, "msmp": 0.002540546989358528, "rsrp": 0.17116848441551982, "a": 1714286173.3579004, "aRp": 156.54132305193815, "e": 0.0, "inc": -0.006371088878667164, "pomega": 1.4572163943743837, "f": 4.657562705952105, "P": 11019126.67607296, "RHill": 162187973.73831832, "spacing": "linear", "period_ratio": 4.0}}