{"Planet": {"m": 3.272802470448566e+25, "Rp": 13355352.899999999, "Rstar": 563517000.0, "RpRstar": 0.0237, "rhostar": 2254.837038657907, "impact": 0.3085910364516642, "q1": 0.39904488999999993, "q2": 0.24908975779642237, "a": 15909415645.995096, "Pp": 13.739723202936206, "rhoplan": 3279.9338149763717, "aRp": null, "e": null, "inc": null, "pomega": null, "f": null, "P": 1187112.0847336883, "RHill": 296218466.5984226}, "I": {"m": 6.7440242173703595e+22, "r": 1916389.0303964163, "msmp": 0.002060626719230639, "rsrp": 0.14349220456738485, "a": 57576058.800072536, "aRp": 4.3110847935791, "e": 0.0, "inc": -0.10101230504341618, "pomega": 4.910800397600607, "f": 5.721412363423356, "P": 58672.28607596027, "RHill": 5080049.654096859, "spacing": "logarithmic", "period_ratio": NaN}, "II": {"m": 1.8604204737573404e+22, "r": 1029430.3823184383, "msmp": 0.0005684487501325901, "rsrp": 0.07707998358608992, "a": 101038318.97227791, "aRp": 7.565379943818476, "e": 0.0, "inc": -0.10101230504341618, "pomega": 0.7125844722813932, "f": 1.55273036244032, "P": 136496.9274161464, "RHill": 5803314.839759654, "spacing": "logarithmic", "period_ratio": 2.326429333935109}}