{"Planet": {"m": 2.3485059574038207e+25, "Rp": 10889096.4, "Rstar": 598302000.0, "RpRstar": 0.0182, "rhostar": 2127.7821942332507, "impact": 0.3953372568957335, "q1": 0.37234403999999993, "q2": 0.25901343821697803, "a": 71861103982.78716, "Pp": 124.11173536546877, "rhoplan": 4342.377034392593, "aRp": null, "e": null, "inc": null, "pomega": null, "f": null, "P": 10723253.935576502, "RHill": 1150248408.102261}, "I": {"m": 2.912009344849358e+22, "r": 1611328.3065624514, "msmp": 0.0012399412212130252, "rsrp": 0.1479763101888281, "a": 62446992.48747781, "aRp": 5.734818592245892, "e": 0.0, "inc": -0.16521193489475275, "pomega": 0.5913068680924083, "f": 5.821953382440131, "P": 78267.12500324717, "RHill": 4651626.203062398, "spacing": "logarithmic", "period_ratio": NaN}, "II": {"m": 4.576014684763277e+22, "r": 1895227.8343452828, "msmp": 0.0019484790619061824, "rsrp": 0.17404821894544736, "a": 105656378.94182761, "aRp": 9.702951931055328, "e": 0.0, "inc": -0.16521193489475275, "pomega": 5.64160792957879, "f": 5.6428646923165005, "P": 172187.6750071438, "RHill": 9149988.578881156, "spacing": "logarithmic", "period_ratio": 2.2}, "III": {"m": 4.243213616780494e+22, "r": 1654417.9100145788, "msmp": 0.0018067714937675514, "rsrp": 0.15193344325747532, "a": 194611538.39604986, "aRp": 17.872147627974883, "e": 0.0, "inc": -0.16521193489475275, "pomega": 2.096908627868615, "f": 2.90186516137167, "P": 430469.18751785945, "RHill": 16434730.1457012, "spacing": "logarithmic", "period_ratio": 2.5}, "IV": {"m": 1.8304058739053117e+22, "r": 1310083.4950321938, "msmp": 0.0007793916247624734, "rsrp": 0.12031149756670294, "a": 448468639.2783989, "aRp": 41.1851105733988, "e": 0.0, "inc": -0.16521193489475275, "pomega": 3.65026737167779, "f": 0.3179609726405511, "P": 1506642.156312508, "RHill": 28616086.430404797, "spacing": "logarithmic", "period_ratio": 3.5}, "V": {"m": 3.91041254879771e+22, "r": 1591961.2669099239, "msmp": 0.0016650639256289195, "rsrp": 0.14619773840094977, "a": 1092402120.0962677, "aRp": 100.32073185579179, "e": 0.0, "inc": -0.16521193489475275, "pomega": 3.554753403611853, "f": 1.802197765875693, "P": 5725240.193987531, "RHill": 89774381.14057666, "spacing": "logarithmic", "period_ratio": 3.8}}