{"Planet": {"m": 1.1601640234344542e+25, "Rp": 7882072.29, "Rstar": 619173000.0, "RpRstar": 0.01273, "rhostar": 1899.7868460771315, "impact": 0.1561423007240621, "q1": 0.37871715999999994, "q2": 0.34367890802729933, "a": 189313263268.6017, "Pp": 533.4807278912558, "rhoplan": 5656.0018604455145, "aRp": null, "e": null, "inc": null, "pomega": null, "f": null, "P": 46092734.889804505, "RHill": 2403830914.7661743}, "I": {"m": 1.5514311868425993e+22, "r": 1158248.00586312, "msmp": 0.001337251591589498, "rsrp": 0.14694714324462507, "a": 505648353.4259795, "aRp": 64.15170209330566, "e": 0.0, "inc": -0.10520151416911515, "pomega": 2.673134343108507, "f": 3.829984443170275, "P": 2565665.4098724886, "RHill": 38625954.11746087, "spacing": "linear", "period_ratio": NaN}, "II": {"m": 4.724813159929734e+22, "r": 1607352.9856625318, "msmp": 0.004072538938022561, "rsrp": 0.20392517684743688, "a": 1275313128.1957693, "aRp": 161.7992174232862, "e": 0.0, "inc": -0.10520151416911515, "pomega": 4.8435635911331385, "f": 5.274633210167562, "P": 10262661.639489954, "RHill": 141209796.5310751, "spacing": "linear", "period_ratio": 4.0}}