{"Planet": {"m": 1.6848158012601173e+26, "Rp": 36895962.51, "Rstar": 841797000.0, "RpRstar": 0.04383, "rhostar": 859.4466745723843, "impact": 0.07627297830371471, "q1": 0.26163225000000007, "q2": 0.21691104594330396, "a": 192697766971.24246, "Pp": 513.8027428979688, "rhoplan": 800.8059377609676, "aRp": null, "e": null, "inc": null, "pomega": null, "f": null, "P": 44392556.9863845, "RHill": 5719751805.960455}, "I": {"m": 5.071784905912957e+23, "r": 3755036.149397961, "msmp": 0.003010290443691018, "rsrp": 0.1017736330467114, "a": 212652977.83068824, "aRp": 5.763583963233169, "e": 0.0, "inc": -0.15400580048350804, "pomega": 0.3273866931733738, "f": 4.3521693606886505, "P": 183465.8771666414, "RHill": 21289584.407451674, "spacing": "logarithmic", "period_ratio": NaN}, "II": {"m": 2.135488381437034e+23, "r": 2664613.911045473, "msmp": 0.0012674907131330602, "rsrp": 0.0722196611708741, "a": 726502274.4469637, "aRp": 19.690563005371065, "e": 0.0, "inc": -0.15400580048350804, "pomega": 0.8476864665851848, "f": 2.979784451109671, "P": 1159527.8993359115, "RHill": 54514431.656893246, "spacing": "logarithmic", "period_ratio": 6.320128392500565}, "III": {"m": 1.2679462264782392e+23, "r": 2120186.4272935963, "msmp": 0.0007525726109227545, "rsrp": 0.057463914289238485, "a": 2580232361.161824, "aRp": 69.93264806311797, "e": 0.0, "inc": -0.15400580048350804, "pomega": 3.437874469004852, "f": 4.833509489231461, "P": 7762929.859635387, "RHill": 162730091.6830223, "spacing": "logarithmic", "period_ratio": 6.69490562847293}}