{"Planet": {"m": 2.6051438331714897e+25, "Rp": 11555368.29, "Rstar": 1133991000.0, "RpRstar": 0.01019, "rhostar": 335.29393867541813, "impact": 0.3147991615001392, "q1": 0.379456, "q2": 0.25681818181818183, "a": 50183124423.089775, "Pp": 69.9238737794519, "rhoplan": 4030.8043782531745, "aRp": null, "e": null, "inc": null, "pomega": null, "f": null, "P": 6041422.694544644, "RHill": 812232075.4465864}, "I": {"m": 2.1954619875424693e+23, "r": 2652981.5799088, "msmp": 0.008427411798103003, "rsrp": 0.22958866505403266, "a": 319671978.17264766, "aRp": 27.66436950774571, "e": 0.0, "inc": -0.12761378299160459, "pomega": 3.26506959256977, "f": 2.544316162493264, "P": 857621.5493914634, "RHill": 45105436.387839384, "spacing": "linear", "period_ratio": NaN}}