{"Planet": {"m": 3.4122977630403615e+24, "Rp": 5444548.199999999, "Rstar": 486989999.99999994, "RpRstar": 0.01118, "rhostar": 2959.304587467693, "impact": 0.4185023952025725, "q1": 0.3701505600000001, "q2": 0.22016765285996057, "a": 81260288184.29303, "Pp": 172.33007633117188, "rhoplan": 5047.458668443261, "aRp": null, "e": null, "inc": null, "pomega": null, "f": null, "P": 14889318.59501325, "RHill": 752617151.8539126}, "I": {"m": 1.6777778446801408e+21, "r": 702790.6715004569, "msmp": 0.0004916856503124272, "rsrp": 0.12908154096247268, "a": 26912962.03580834, "aRp": 4.943102907199599, "e": 0.0, "inc": -0.09399537975787042, "pomega": 4.5545081614599106, "f": 3.429705511209739, "P": 58115.1083736402, "RHill": 1472821.9854234057, "spacing": "logarithmic", "period_ratio": NaN}, "II": {"m": 1.4163059727819384e+21, "r": 515280.49176592455, "msmp": 0.00041505931519880256, "rsrp": 0.09464155203289863, "a": 39420658.750051945, "aRp": 7.240391177003805, "e": 0.0, "inc": -0.09399537975787042, "pomega": 4.895719244748091, "f": 2.762364497485895, "P": 103026.57243428468, "RHill": 2038857.380158269, "spacing": "logarithmic", "period_ratio": 1.7728018637063299}, "III": {"m": 1.634199199363774e+21, "r": 622706.8200617078, "msmp": 0.00047891459446015654, "rsrp": 0.11437254243827023, "a": 113130701.01166317, "aRp": 20.778712366191044, "e": 0.0, "inc": -0.09399537975787042, "pomega": 4.606663815074862, "f": 5.365748508651514, "P": 500864.54840318114, "RHill": 6137046.54787969, "spacing": "logarithmic", "period_ratio": 4.861508410586567}, "IV": {"m": 2.614718718982039e+20, "r": 617910.3680524383, "msmp": 7.662633511362506e-05, "rsrp": 0.11349157824563631, "a": 139835177.75759643, "aRp": 25.683522786628366, "e": 0.0, "inc": -0.09399537975787042, "pomega": 6.241083755466312, "f": 4.989976450076317, "P": 688432.8184078109, "RHill": 4118148.8376306538, "spacing": "logarithmic", "period_ratio": 1.374489012254153}}