{"Planet": {"m": 1.3139155181834923e+25, "Rp": 8352226.350000001, "Rstar": 452205000.0, "RpRstar": 0.01847, "rhostar": 3336.756980609528, "impact": 0.24357579590127287, "q1": 0.3701505600000001, "q2": 0.22016765285996057, "a": 132342521204.61823, "Pp": 376.96456580290993, "rhoplan": 5383.591098088801, "aRp": null, "e": null, "inc": null, "pomega": null, "f": null, "P": 32569738.48537142, "RHill": 1987810791.7342942}, "I": {"m": 3.964403003956587e+21, "r": 631735.1399584207, "msmp": 0.0003017243459790651, "rsrp": 0.07563673606120846, "a": 41833792.97906595, "aRp": 5.008699624030896, "e": 0.0, "inc": 0.14035596074893894, "pomega": 4.830995963756042, "f": 5.131990639437512, "P": 57400.89198188023, "RHill": 1945465.83998397, "spacing": "logarithmic", "period_ratio": NaN}, "II": {"m": 1.0486485365304513e+22, "r": 1052371.7158254401, "msmp": 0.0007981095603317201, "rsrp": 0.1259989458769206, "a": 60899788.69900475, "aRp": 7.291443759663523, "e": 0.0, "inc": 0.14035596074893894, "pomega": 0.17280487643508213, "f": 2.468282016861828, "P": 100796.0993816009, "RHill": 3916783.24731862, "spacing": "logarithmic", "period_ratio": 1.7560023181071691}, "III": {"m": 9.974949493826243e+21, "r": 1315087.935119762, "msmp": 0.0007591773866570021, "rsrp": 0.15745357944229588, "a": 114630548.65089193, "aRp": 13.72455005974448, "e": 0.0, "inc": 0.14035596074893894, "pomega": 5.42355959458616, "f": 2.0673747035324372, "P": 260302.9268816716, "RHill": 7250607.133276847, "spacing": "logarithmic", "period_ratio": 2.5824702392123196}, "IV": {"m": 8.44034187939144e+21, "r": 1146339.8218431408, "msmp": 0.0006423808656328482, "rsrp": 0.13724961151742981, "a": 280669024.23886776, "aRp": 33.60409697695366, "e": 0.0, "inc": 0.14035596074893894, "pomega": 0.28402837872238956, "f": 2.8321148294287823, "P": 997345.347991862, "RHill": 16791323.62385347, "spacing": "logarithmic", "period_ratio": 3.8314795762755094}, "V": {"m": 1.0998021236782774e+22, "r": 999448.2302199872, "msmp": 0.0008370417340064376, "rsrp": 0.1196624933686079, "a": 430096195.48038405, "aRp": 51.49479641202301, "e": 0.0, "inc": 0.14035596074893894, "pomega": 2.690100640067588, "f": 0.5353809262643272, "P": 1891733.7046164891, "RHill": 28104393.659269195, "spacing": "logarithmic", "period_ratio": 1.8967689661614835}}