{"Planet": {"m": 4.375542498899137e+25, "Rp": 17032405.68, "Rstar": 702657000.0, "RpRstar": 0.02424, "rhostar": 1340.952040055649, "impact": 0.34670840592688323, "q1": 0.25, "q2": 0.2, "a": 41542283403.787384, "Pp": 53.99181679230511, "rhoplan": 2114.0503139939715, "aRp": null, "e": null, "inc": null, "pomega": null, "f": null, "P": 4664892.970855162, "RHill": 812612040.0226158}, "I": {"m": 1.9015724898796438e+22, "r": 1331886.3939950338, "msmp": 0.000434591251338107, "rsrp": 0.0781971976841168, "a": 61733271.08136338, "aRp": 3.624459882014939, "e": 0.0, "inc": -0.057793630896621914, "pomega": 0.629009750223699, "f": 1.653271381457095, "P": 56382.67000288568, "RHill": 3242195.494275498, "spacing": "logarithmic", "period_ratio": NaN}, "II": {"m": 1.6362367936173688e+22, "r": 1167316.6161869727, "msmp": 0.0003739506116165109, "rsrp": 0.06853504068175605, "a": 128407783.9663796, "aRp": 7.539028037428686, "e": 0.0, "inc": -0.057793630896621914, "pomega": 5.034591527265011, "f": 0.7031587517485706, "P": 169148.01000865703, "RHill": 6414394.730510639, "spacing": "logarithmic", "period_ratio": 3.0}, "III": {"m": 1.5035689454862307e+22, "r": 1271342.7039648907, "msmp": 0.00034363029175571273, "rsrp": 0.0746425800236629, "a": 236526770.72424543, "aRp": 13.886868077712757, "e": 0.0, "inc": -0.057793630896621914, "pomega": 1.9699755913599364, "f": 5.575627885849032, "P": 422870.02502164256, "RHill": 11486922.68116625, "spacing": "logarithmic", "period_ratio": 2.5}, "IV": {"m": 3.2282509711910243e+22, "r": 1683484.07838895, "msmp": 0.000737794449946089, "rsrp": 0.09884006464017889, "a": 527865359.501671, "aRp": 30.991826370217776, "e": 0.0, "inc": -0.057793630896621914, "pomega": 5.612702386611468, "f": 2.548086450706393, "P": 1409566.7500721419, "RHill": 33072056.861613456, "spacing": "logarithmic", "period_ratio": 3.3333333333333335}, "V": {"m": 2.034240338010783e+22, "r": 1377334.8398301576, "msmp": 0.0004649115711989055, "rsrp": 0.08086554921877352, "a": 781025750.5509995, "aRp": 45.855281116754114, "e": 0.0, "inc": -0.057793630896621914, "pomega": 2.7102088438709426, "f": 5.616472674824597, "P": 2537220.1501298556, "RHill": 41951586.21993538, "spacing": "logarithmic", "period_ratio": 1.8}}