{"Planet": {"m": 1.3139155181834923e+25, "Rp": 8371358.1, "Rstar": 626130000.0, "RpRstar": 0.01337, "rhostar": 1759.8074624414928, "impact": 0.14077288396648724, "q1": 0.37871715999999994, "q2": 0.34367890802729933, "a": 15479735757.2345, "Pp": 12.744809556716968, "rhoplan": 5346.764704419301, "aRp": null, "e": null, "inc": null, "pomega": null, "f": null, "P": 1101151.5457003461, "RHill": 207840336.92487237}, "I": {"m": 4.727841031813723e+22, "r": 1934028.6662779301, "msmp": 0.0035982838823229927, "rsrp": 0.2310292599092052, "a": 39014163.97449232, "aRp": 4.660434245966891, "e": 0.0, "inc": -0.10464295295235529, "pomega": 5.476343629569967, "f": 5.3619782204383855, "P": 51611.536447446575, "RHill": 4145214.6835734933, "spacing": "logarithmic", "period_ratio": NaN}, "II": {"m": 4.727841031813723e+22, "r": 1617855.31361843, "msmp": 0.0035982838823229927, "rsrp": 0.19326079404229882, "a": 64124964.538926885, "aRp": 7.660043182112457, "e": 0.0, "inc": -0.10464295295235529, "pomega": 4.9893480687074625, "f": 5.9601972835881964, "P": 108756.20319926251, "RHill": 6813211.344581894, "spacing": "logarithmic", "period_ratio": 2.1072072386374985}}