{"Planet": {"m": 7.660341352157893e+25, "Rp": 23577968.7, "Rstar": 904410000.0, "RpRstar": 0.02607, "rhostar": 699.4355978585357, "impact": 0.28998321522511206, "q1": 0.31292836, "q2": 0.2426707186271005, "a": 146139175488.2046, "Pp": 337.7842255862556, "rhoplan": 1395.2124816906028, "aRp": null, "e": null, "inc": null, "pomega": null, "f": null, "P": 29184557.090652484, "RHill": 3325304902.495125}, "I": {"m": 2.1441210885125287e+21, "r": 563999.227113312, "msmp": 2.798988961384256e-05, "rsrp": 0.023920602927652204, "a": 127285118.83440658, "aRp": 5.398476877035068, "e": 0.0, "inc": 0.08774647614536948, "pomega": 5.2620655827904645, "f": 1.0368292586104928, "P": 126186.62240788752, "RHill": 2679606.006926591, "spacing": "linear", "period_ratio": NaN}, "II": {"m": 9.782552466338412e+21, "r": 1126448.3845118422, "msmp": 0.00012770387136315669, "rsrp": 0.0477754635628065, "a": 424654353.95525897, "aRp": 18.010642025971432, "e": 0.0, "inc": 0.08774647614536948, "pomega": 4.2629392063112626, "f": 4.6977791135588145, "P": 768915.4516281993, "RHill": 14827337.874458786, "spacing": "linear", "period_ratio": 6.093478349414453}, "III": {"m": 2.1441210885125287e+21, "r": 690941.3751699837, "msmp": 2.798988961384256e-05, "rsrp": 0.029304533565267805, "a": 641531643.5300692, "aRp": 27.20894457418078, "e": 0.0, "inc": 0.08774647614536948, "pomega": 0.6861924547894898, "f": 4.873725896838171, "P": 1427821.7443812408, "RHill": 13505522.573091106, "spacing": "linear", "period_ratio": 1.856929446999393}, "IV": {"m": 6.968393537665722e+21, "r": 983629.9908872744, "msmp": 9.096714124498837e-05, "rsrp": 0.04171818206236207, "a": 1559879052.6922545, "aRp": 66.15833079345188, "e": 0.0, "inc": 0.08774647614536948, "pomega": 4.891320575166107, "f": 1.6639538647276273, "P": 5413393.310397485, "RHill": 48642067.1988744, "spacing": "linear", "period_ratio": 3.7913649457295717}}