{"Planet": {"m": 5.729754449449248e+25, "Rp": 19396116.0, "Rstar": 1182690000.0, "RpRstar": 0.0164, "rhostar": 378.7725153848838, "impact": 0.11723127347918727, "q1": 0.22127616000000003, "q2": 0.19313350340136054, "a": 22102707518.215443, "Pp": 18.054556226857123, "rhoplan": 1874.5761311224067, "aRp": null, "e": null, "inc": null, "pomega": null, "f": null, "P": 1559913.6580004555, "RHill": 428308915.7649586}, "I": {"m": 1.2202956623610408e+23, "r": 2207328.38464895, "msmp": 0.0021297521091472554, "rsrp": 0.1138025976256767, "a": 112787585.022587, "aRp": 5.814957232808208, "e": 0.0, "inc": 0.16475810390613535, "pomega": 0.17531840191050152, "f": 2.6630802412068295, "P": 121573.51400496799, "RHill": 10061527.03627306, "spacing": "linear", "period_ratio": NaN}, "II": {"m": 1.0563753495065723e+23, "r": 2412861.84220144, "msmp": 0.0018436660049334446, "rsrp": 0.12439922725773758, "a": 117554047.42765003, "aRp": 6.060700370509747, "e": 0.0, "inc": 0.16475810390613535, "pomega": 0.7936456688636682, "f": 0.7955308129702326, "P": 129379.48045500048, "RHill": 9994427.40191197, "spacing": "linear", "period_ratio": 1.064207788299296}}