{"Planet": {"m": 1.1127363277461194e+26, "Rp": 29455381.439999998, "Rstar": 702657000.0, "RpRstar": 0.04192, "rhostar": 1368.3184082200498, "impact": 0.20453222054940878, "q1": 0.37871715999999994, "q2": 0.34367890802729933, "a": 22618265564.04356, "Pp": 21.47272220965314, "rhoplan": 1039.4646013095648, "aRp": null, "e": null, "inc": null, "pomega": null, "f": null, "P": 1855243.1989140313, "RHill": 599856910.0989919}, "I": {"m": 6.840904472671449e+23, "r": 4142744.8056519595, "msmp": 0.006147821637609249, "rsrp": 0.14064475159117001, "a": 181424981.31670597, "aRp": 6.159315291376039, "e": 0.0, "inc": -0.1420316443992185, "pomega": 1.0531671742007187, "f": 3.298373805119077, "P": 177621.53056160477, "RHill": 23044312.456448827, "spacing": "logarithmic", "period_ratio": NaN}}