{"Planet": {"m": 4.4626771583816345e+29, "Rp": 177706546.92000002, "Rstar": 4501179000.0, "RpRstar": 0.03948, "rhostar": 7.079088754390759, "impact": 0.06256487258485977, "q1": 0.38019556000000004, "q2": 0.27254297761920204, "a": 134437811835.20056, "Pp": 247.20390134192257, "rhoplan": 18984.386919050263, "aRp": null, "e": null, "inc": null, "pomega": null, "f": null, "P": 21358417.07594211, "RHill": 51128678432.07634}, "I": {"m": 2.0680514578271663e+26, "r": 39337575.63891557, "msmp": 0.00046341050101350687, "rsrp": 0.22136255709602284, "a": 1735545576.3351583, "aRp": 9.766356988054394, "e": 0.0, "inc": 0.008046772528946755, "pomega": 6.175103711736553, "f": 0.26140664944361514, "P": 83220.95610122466, "RHill": 93121699.84249638, "spacing": "logarithmic", "period_ratio": NaN}, "II": {"m": 5.9087184509347614e+25, "r": 4360178.770933041, "msmp": 0.0001324030002895734, "rsrp": 0.02453583644780351, "a": 4372818447.868621, "aRp": 24.60696312914784, "e": 0.0, "inc": 0.008046772528946755, "pomega": 0.7546860239946678, "f": 0.21427804677950185, "P": 332883.8244048986, "RHill": 154532668.36983556, "spacing": "logarithmic", "period_ratio": 4.0}, "III": {"m": 2.9543592254673797e+26, "r": 64182322.53018306, "msmp": 0.0006620150014478667, "rsrp": 0.3611702756177952, "a": 9097434172.04355, "aRp": 51.19357913211287, "e": 0.0, "inc": 0.008046772528946755, "pomega": 5.598877996496661, "f": 0.185372503812179, "P": 998651.4732146959, "RHill": 549753218.3253319, "spacing": "logarithmic", "period_ratio": 3.0}, "IV": {"m": 2.236871984996732e+26, "r": 11642853.933377095, "msmp": 0.0005012399296676709, "rsrp": 0.06551730442783561, "a": 18922412130.823147, "aRp": 106.48123245195713, "e": 0.0, "inc": 0.008046772528946755, "pomega": 4.355311267532925, "f": 3.155731234389027, "P": 2995954.4196440876, "RHill": 1042200552.5524633, "spacing": "logarithmic", "period_ratio": 3.0}}