{"Planet": {"m": 2.3491068825837676e+24, "Rp": 4900093.38, "Rstar": 438291000.0, "RpRstar": 0.011179999999999999, "rhostar": 3439.2161986650135, "impact": 0.3181524475422457, "q1": 0.28601104000000005, "q2": 0.22690725504861628, "a": 33466487314.7646, "Pp": 49.48347229070874, "rhoplan": 4766.516479965458, "aRp": null, "e": null, "inc": null, "pomega": null, "f": null, "P": 4275372.005917235, "RHill": 289240246.5443872}, "I": {"m": 9.856538771764269e+21, "r": 1166618.3452763404, "msmp": 0.004195866456669322, "rsrp": 0.23808083944643937, "a": 126161939.57345362, "aRp": 25.74684394554408, "e": 0.0, "inc": 0.13606202139509752, "pomega": 0.7063006585928449, "f": 5.364491745913805, "P": 709592.3729103766, "RHill": 14108965.05912919, "spacing": "linear", "period_ratio": NaN}}