{"Planet": {"m": 4.0271691785245295e+25, "Rp": 15370239.239999998, "Rstar": 793097999.9999999, "RpRstar": 0.01938, "rhostar": 1018.1705113105336, "impact": 0.3728447639307121, "q1": 0.37234403999999993, "q2": 0.25901343821697803, "a": 221921358209.84628, "Pp": 637.9886644902983, "rhoplan": 2647.703703244394, "aRp": null, "e": null, "inc": null, "pomega": null, "f": null, "P": 55122220.611961775, "RHill": 4100738531.010751}, "I": {"m": 1.631122566158308e+22, "r": 1140086.1198529757, "msmp": 0.0004050295614240664, "rsrp": 0.07417491049104684, "a": 513017733.3791831, "aRp": 33.37734210695234, "e": 0.0, "inc": 0.006790009791237062, "pomega": 4.511149847008926, "f": 0.052155653614952065, "P": 1407951.5245283449, "RHill": 26318079.826903842, "spacing": "linear", "period_ratio": NaN}, "II": {"m": 7.323407439894445e+21, "r": 988646.5028022898, "msmp": 0.00018185000716998902, "rsrp": 0.06432212845649174, "a": 672193411.1167876, "aRp": 43.73343840787137, "e": 0.0, "inc": 0.006790009791237062, "pomega": 5.370775559602353, "f": 2.073030135852131, "P": 2111927.286792517, "RHill": 26405330.465707574, "spacing": "linear", "period_ratio": 1.5}, "III": {"m": 2.6963454665065906e+22, "r": 1367358.0361106682, "msmp": 0.0006695386627622322, "rsrp": 0.08896140227617358, "a": 1398445860.6288664, "aRp": 90.98400088591377, "e": 0.0, "inc": 0.006790009791237062, "pomega": 1.7808327993346282, "f": 1.1562217186929131, "P": 6335781.860377552, "RHill": 84826287.42251346, "spacing": "linear", "period_ratio": 3.0}}