{"Planet": {"m": 1.45637813009895e+28, "Rp": 71170110.0, "Rstar": 647001000.0, "RpRstar": 0.11, "rhostar": 1296.982645750045, "impact": 0.24419458107819392, "q1": 0.37871715999999994, "q2": 0.34367890802729933, "a": 97135636532.8752, "Pp": 221.06685469301203, "rhoplan": 9644.786716490202, "aRp": null, "e": null, "inc": null, "pomega": null, "f": null, "P": 19100176.24547624, "RHill": 14460512273.829458}, "I": {"m": 2.7593698773837396e+25, "r": 14083050.423767436, "msmp": 0.0018946795618224926, "rsrp": 0.19787872217378105, "a": 2424666914.942133, "aRp": 34.06861272157838, "e": 0.0, "inc": 0.02005583868928379, "pomega": 0.9815316981512665, "f": 5.127591969855528, "P": 760163.5245681907, "RHill": 208028861.2146394, "spacing": "linear", "period_ratio": NaN}, "II": {"m": 5.077240574386079e+25, "r": 12445903.474119565, "msmp": 0.0034862103937533854, "rsrp": 0.1748754283802507, "a": 5046179587.451418, "aRp": 70.90307416205228, "e": 0.0, "inc": 0.02005583868928379, "pomega": 4.888807049690687, "f": 4.196330781212649, "P": 2280490.573704572, "RHill": 530526174.32543874, "spacing": "linear", "period_ratio": 3.0}}