{"Planet": {"m": 1.3414529657537431e+25, "Rp": 8408369.34, "Rstar": 619173000.0, "RpRstar": 0.01358, "rhostar": 1839.793577253643, "impact": 0.03186577298459481, "q1": 0.37871715999999994, "q2": 0.34367890802729933, "a": 188177275527.24503, "Pp": 537.2365697894827, "rhoplan": 5387.056131985981, "aRp": null, "e": null, "inc": null, "pomega": null, "f": null, "P": 46417239.6298113, "RHill": 2534860101.0254154}, "I": {"m": 1.9512265338595175e+22, "r": 1154031.9428395163, "msmp": 0.0014545620187012306, "rsrp": 0.13724800804712467, "a": 79289140.94186193, "aRp": 9.429788076110121, "e": 0.0, "inc": 0.034613340401087656, "pomega": 3.46615163060332, "f": 4.119668254212359, "P": 148147.46539361848, "RHill": 6228986.29475883, "spacing": "linear", "period_ratio": NaN}, "II": {"m": 4.485578238757514e+21, "r": 936410.7941274988, "msmp": 0.0003343820732646509, "rsrp": 0.11136651546368666, "a": 308790689.59436846, "aRp": 36.72420621741723, "e": 0.0, "inc": 0.034613340401087656, "pomega": 2.974757400158832, "f": 5.542323673299725, "P": 1139234.109517555, "RHill": 14860660.33794252, "spacing": "linear", "period_ratio": 7.689865678705213}, "III": {"m": 2.242789119378757e+21, "r": 711434.2214794983, "msmp": 0.00016719103663232545, "rsrp": 0.08461024875478393, "a": 504721586.62013274, "aRp": 60.02609616814629, "e": 0.0, "inc": 0.034613340401087656, "pomega": 4.51554851659091, "f": 0.9670789266676051, "P": 2380843.226379814, "RHill": 19278909.215009212, "spacing": "linear", "period_ratio": 2.089863011025941}, "IV": {"m": 1.5250966011775535e+22, "r": 1053365.602879031, "msmp": 0.0011368990490998121, "rsrp": 0.12527584841783734, "a": 724467152.3770032, "aRp": 86.16024380977099, "e": 0.0, "inc": 0.034613340401087656, "pomega": 1.8311033088430158, "f": 2.866675804715799, "P": 4092329.516267064, "RHill": 52426667.01808988, "spacing": "linear", "period_ratio": 1.7188571977037088}}