{"Planet": {"m": 2.4986451257057658e+26, "Rp": 45870283.800000004, "Rstar": 1252260000.0, "RpRstar": 0.03663, "rhostar": 360.1803734942066, "impact": 0.1642945889584797, "q1": 0.25877569000000006, "q2": 0.04885000982897582, "a": 39804766071.84163, "Pp": 41.0678035680531, "rhoplan": 618.0472642973982, "aRp": null, "e": null, "inc": null, "pomega": null, "f": null, "P": 3548258.228279788, "RHill": 1210316046.2644012}, "I": {"m": 6.532979877118504e+23, "r": 3281597.380429105, "msmp": 0.002614608937422917, "rsrp": 0.07154081266942379, "a": 167158556.59584337, "aRp": 3.6441578893358266, "e": 0.0, "inc": 0.02564145085688238, "pomega": 2.6398301305592002, "f": 5.487026112840499, "P": 105014.82702764391, "RHill": 15967016.519053483, "spacing": "linear", "period_ratio": NaN}, "II": {"m": 5.337922582523659e+23, "r": 2936543.1996557317, "msmp": 0.0021363268147236046, "rsrp": 0.06401842230711752, "a": 265305468.5117959, "aRp": 5.783820079870443, "e": 0.0, "inc": 0.02564145085688238, "pomega": 4.831624345124896, "f": 3.00429132449501, "P": 210029.65405528783, "RHill": 23691633.962352257, "spacing": "linear", "period_ratio": 2.0}}