{"Planet": {"m": 6.626789534387111e+24, "Rp": 6611932.800000001, "Rstar": 667872000.0, "RpRstar": 0.0099, "rhostar": 1545.643479612336, "impact": 0.05853920073842089, "q1": 0.25, "q2": 0.2, "a": 117088537529.01042, "Pp": 256.800147010213, "rhoplan": 5473.04823163179, "aRp": null, "e": null, "inc": null, "pomega": null, "f": null, "P": 22187532.7016824, "RHill": 1225036816.7870529}, "I": {"m": 4.6251562366243313e+21, "r": 901293.3991308295, "msmp": 0.0006979482617674678, "rsrp": 0.13631315175054856, "a": 33755801.86323123, "aRp": 5.105285078401163, "e": 0.0, "inc": 0.027142584126924524, "pomega": 5.134504164912931, "f": 3.681686440120532, "P": 58572.87702767112, "RHill": 2076103.9152155234, "spacing": "linear", "period_ratio": NaN}, "II": {"m": 2.8213453043408417e+22, "r": 965473.6112541299, "msmp": 0.0042574843967815535, "rsrp": 0.1460198765562363, "a": 253601532.65245354, "aRp": 38.35512857185323, "e": 0.0, "inc": 0.027142584126924524, "pomega": 0.2790013277715508, "f": 2.0403543046716788, "P": 1204011.652276745, "RHill": 28498968.67564175, "spacing": "linear", "period_ratio": 20.555788162974192}, "III": {"m": 2.8213453043408417e+22, "r": 1333460.3630992204, "msmp": 0.0042574843967815535, "rsrp": 0.2016748208782794, "a": 509118744.5740241, "aRp": 76.99998774549312, "e": 0.0, "inc": 0.027142584126924524, "pomega": 2.3306664970826168, "f": 3.6653485245303057, "P": 3424770.7820575964, "RHill": 57213215.559234865, "spacing": "linear", "period_ratio": 2.844466476367958}}