{"Planet": {"m": 2.3731163143009836e+25, "Rp": 10754130.6, "Rstar": 410463000.0, "RpRstar": 0.026199999999999998, "rhostar": 3981.2848348583098, "impact": 0.20497241197547067, "q1": 0.3701505600000001, "q2": 0.22016765285996057, "a": 173718778408.58548, "Pp": 600.1530174325244, "rhoplan": 4555.169025693984, "aRp": null, "e": null, "inc": null, "pomega": null, "f": null, "P": 51853220.706170104, "RHill": 3300664550.556642}, "I": {"m": 2.6911843848204254e+22, "r": 1439983.9604867154, "msmp": 0.001134029701200352, "rsrp": 0.13390054612938357, "a": 72262220.53998029, "aRp": 6.719485119511223, "e": 0.0, "inc": 0.1387850073268018, "pomega": 6.110380430744504, "f": 3.922984885760792, "P": 96925.56391279688, "RHill": 5224912.570159882, "spacing": "logarithmic", "period_ratio": NaN}, "II": {"m": 7.020481003879369e+21, "r": 912793.2372467995, "msmp": 0.000295833835095744, "rsrp": 0.08487838498509583, "a": 174372325.71725872, "aRp": 16.21445119117846, "e": 0.0, "inc": 0.1387850073268018, "pomega": 5.022023899887914, "f": 2.5782487564114254, "P": 363470.8646729883, "RHill": 8056005.542813971, "spacing": "logarithmic", "period_ratio": 3.75}, "III": {"m": 4.3292966190589434e+22, "r": 1724871.3110566617, "msmp": 0.0018243086497570875, "rsrp": 0.16039151608003177, "a": 492978147.2254466, "aRp": 45.84081833871783, "e": 0.0, "inc": 0.1387850073268018, "pomega": 3.836896638227678, "f": 4.191932111630665, "P": 1726486.6071966945, "RHill": 41765724.792968385, "spacing": "logarithmic", "period_ratio": 4.75}, "IV": {"m": 3.276224468477038e+22, "r": 1390695.5142490685, "msmp": 0.0013805578971134713, "rsrp": 0.12931733544774587, "a": 1242043650.7657976, "aRp": 115.49456641021243, "e": 0.0, "inc": 0.1387850073268018, "pomega": 2.4035587358697788, "f": 4.362851843959183, "P": 6905946.428786778, "RHill": 95891765.73011974, "spacing": "logarithmic", "period_ratio": 4.0}, "V": {"m": 4.914336702715561e+22, "r": 1983954.9277292723, "msmp": 0.0020708368456702087, "rsrp": 0.18448306065106485, "a": 2584148407.4333014, "aRp": 240.29356751844742, "e": 0.0, "inc": 0.1387850073268018, "pomega": 5.2337884211919965, "f": 4.951016805207317, "P": 20717839.286360335, "RHill": 228380486.89086047, "spacing": "logarithmic", "period_ratio": 3.0}}