{"Planet": {"m": 1.6155268810079126e+28, "Rp": 65359901.87999999, "Rstar": 2824541999.9999995, "RpRstar": 0.02314, "rhostar": 26.75327238033633, "impact": 0.38579399627216127, "q1": 0.40106888999999996, "q2": 0.2976472445918206, "a": 73036579126.73152, "Pp": 110.2133815102305, "rhoplan": 13813.107915020297, "aRp": null, "e": null, "inc": null, "pomega": null, "f": null, "P": 9522436.162483916, "RHill": 9400873118.765373}, "I": {"m": 1.068866467318294e+25, "r": 7680139.272894751, "msmp": 0.0006616209732464729, "rsrp": 0.11750536723563931, "a": 340458284.6282501, "aRp": 5.208977902894156, "e": 0.0, "inc": 0.14360259782135562, "pomega": 5.1634097078802546, "f": 1.9919689392698559, "P": 37998.99849816417, "RHill": 20569634.57249133, "spacing": "logarithmic", "period_ratio": NaN}, "II": {"m": 6.136085275345764e+24, "r": 4798141.832918175, "msmp": 0.0003798194476044568, "rsrp": 0.07341109296227995, "a": 563091368.1032517, "aRp": 8.615241943555558, "e": 0.0, "inc": 0.14360259782135562, "pomega": 1.9781445491550493, "f": 0.1382439011480657, "P": 80836.17509296366, "RHill": 28274668.222953957, "spacing": "logarithmic", "period_ratio": 2.127323831886492}, "III": {"m": 1.1678355846625806e+25, "r": 5614534.339819485, "msmp": 0.0007228821744729983, "rsrp": 0.08590181714360136, "a": 3375070965.6462684, "aRp": 51.63825018958656, "e": 0.0, "inc": 0.14360259782135562, "pomega": 5.404708153520515, "f": 1.2573911190785432, "P": 1186007.2951621404, "RHill": 210022099.6301026, "spacing": "logarithmic", "period_ratio": 14.671739401303956}}