{"Planet": {"m": 7.349065305298349e+25, "Rp": 22247790.299999997, "Rstar": 786140999.9999999, "RpRstar": 0.0283, "rhostar": 967.2776546520306, "impact": 0.42254966245430603, "q1": 0.37871715999999994, "q2": 0.34367890802729933, "a": 162030527631.35416, "Pp": 413.78988891657747, "rhoplan": 1593.246049208393, "aRp": null, "e": null, "inc": null, "pomega": null, "f": null, "P": 35751446.40239229, "RHill": 3754799590.9040008}, "I": {"m": 1.0350010597022274e+23, "r": 2216061.1754479366, "msmp": 0.0014083438052401543, "rsrp": 0.09960814739646018, "a": 54971944.837950714, "aRp": 2.470894596572619, "e": 0.0, "inc": 0.15896303128225184, "pomega": 0.8571121871180074, "f": 0.5385228331086014, "P": 36539.87046505518, "RHill": 4272383.669695236, "spacing": "logarithmic", "period_ratio": NaN}, "II": {"m": 1.715922809506324e+23, "r": 2421115.8025224335, "msmp": 0.0023348857823718345, "rsrp": 0.10882500103942609, "a": 112348908.30983211, "aRp": 5.049890654076874, "e": 0.0, "inc": 0.15896303128225184, "pomega": 4.25602701125386, "f": 2.2992474286398745, "P": 106710.66229150142, "RHill": 10334361.566646812, "spacing": "logarithmic", "period_ratio": 2.920389725890077}, "III": {"m": 1.1711854096630458e+23, "r": 2387704.684459629, "msmp": 0.0015936522006664892, "rsrp": 0.10732322861114119, "a": 231200224.33004838, "aRp": 10.392053377545922, "e": 0.0, "inc": 0.15896303128225184, "pomega": 3.8526061724490495, "f": 5.397167577094256, "P": 315135.658923511, "RHill": 18724591.357200947, "spacing": "logarithmic", "period_ratio": 2.953178737309822}, "IV": {"m": 1.634212199529832e+23, "r": 2417774.1693223575, "msmp": 0.002223700745116032, "rsrp": 0.10867480036084114, "a": 524018657.78631157, "aRp": 23.553739527395294, "e": 0.0, "inc": 0.15896303128225184, "pomega": 1.205235465463591, "f": 1.3554186126198988, "P": 1074975.9409682457, "RHill": 47424028.83475225, "spacing": "logarithmic", "period_ratio": 3.411152976595268}, "V": {"m": 6.8092174980409696e+22, "r": 1828801.0178308291, "msmp": 0.0009265419771316805, "rsrp": 0.08220146779389724, "a": 1420751729.4077945, "aRp": 63.860352432744506, "e": 0.0, "inc": 0.15896303128225184, "pomega": 6.046913912490165, "f": 0.2664337003944539, "P": 4802165.6883799145, "RHill": 96035722.58565311, "spacing": "logarithmic", "period_ratio": 4.4672308517477495}}