{"Planet": {"m": 3.4829225597060045e+25, "Rp": 14076793.8, "Rstar": 932238000.0, "RpRstar": 0.0151, "rhostar": 726.5384131946631, "impact": 0.29397432094096, "q1": 0.37234403999999993, "q2": 0.25901343821697803, "a": 194689416229.92935, "Pp": 486.97864087765845, "rhoplan": 2980.876354056775, "aRp": null, "e": null, "inc": null, "pomega": null, "f": null, "P": 42074954.57182969, "RHill": 3263177258.012098}, "I": {"m": 1.0296646908055657e+22, "r": 1147507.6158233953, "msmp": 0.0002956323814711747, "rsrp": 0.08151768308372857, "a": 61086155.765101865, "aRp": 4.339493540432613, "e": 0.0, "inc": -0.14723324573029473, "pomega": 4.051803066376035, "f": 3.6339294560875635, "P": 62209.26983650371, "RHill": 2821541.07936401, "spacing": "logarithmic", "period_ratio": NaN}, "II": {"m": 9.704885591500728e+21, "r": 1147708.2156944252, "msmp": 0.00027864201471995757, "rsrp": 0.08153193347866082, "a": 96967678.9061616, "aRp": 6.888477609593287, "e": 0.0, "inc": -0.14723324573029473, "pomega": 3.1833800146186406, "f": 6.204009254703876, "P": 124418.53967300741, "RHill": 4391391.083801049, "spacing": "logarithmic", "period_ratio": 2.0}, "III": {"m": 1.183522633109846e+21, "r": 767640.7058006955, "msmp": 3.3980733502433885e-05, "rsrp": 0.05453235422122155, "a": 140804635.64070082, "aRp": 10.002606960165943, "e": 0.0, "inc": -0.14723324573029473, "pomega": 5.569344072160484, "f": 3.9135591652279693, "P": 217732.44442776297, "RHill": 3162186.2890414796, "spacing": "logarithmic", "period_ratio": 1.75}, "IV": {"m": 8.876419748323839e+21, "r": 1031017.6315865485, "msmp": 0.00025485550126825397, "rsrp": 0.0732423623045859, "a": 305784576.0715286, "aRp": 21.722601070673395, "e": 0.0, "inc": -0.14723324573029473, "pomega": 5.910555155448664, "f": 4.55827844967304, "P": 696743.8221688415, "RHill": 13442286.937616413, "spacing": "logarithmic", "period_ratio": 3.2}}