{"Planet": {"m": 7.427977447835332e+24, "Rp": 6775770.15, "Rstar": 897453000.0, "RpRstar": 0.00755, "rhostar": 755.231334372913, "impact": 0.4931400657577073, "q1": 0.25, "q2": 0.2, "a": 120213557419.34796, "Pp": 245.3527087866618, "rhoplan": 5700.408399557566, "aRp": null, "e": null, "inc": null, "pomega": null, "f": null, "P": 21198474.03916758, "RHill": 1234436173.2074857}, "I": {"m": 8.378846354931675e+20, "r": 636241.3831263693, "msmp": 0.00011280118193376376, "rsrp": 0.09389949320024814, "a": 54747926.532380335, "aRp": 8.079956273661427, "e": 0.0, "inc": -0.11413849363727294, "pomega": 1.7808327993346282, "f": 2.653026139305152, "P": 114305.92406075263, "RHill": 1834137.1505991342, "spacing": "logarithmic", "period_ratio": NaN}, "II": {"m": 1.5790902745832767e+21, "r": 710148.249092152, "msmp": 0.0002125868428751701, "rsrp": 0.10480701578877376, "a": 71925842.07660344, "aRp": 10.615153773568226, "e": 0.0, "inc": -0.11413849363727294, "pomega": 1.5257099635795617, "f": 1.4685272590137708, "P": 172116.69305543968, "RHill": 2976391.1027580765, "spacing": "logarithmic", "period_ratio": 1.505754793285789}, "III": {"m": 2.5136539064795015e+21, "r": 655536.9405728966, "msmp": 0.00033840354580129113, "rsrp": 0.09674722224349605, "a": 204527944.45036042, "aRp": 30.185195176722516, "e": 0.0, "inc": -0.11413849363727294, "pomega": 3.4560975287016427, "f": 3.2399343378155763, "P": 825272.2227466619, "RHill": 9882281.111947738, "spacing": "logarithmic", "period_ratio": 4.794841267841681}, "IV": {"m": 9.990162961649309e+20, "r": 799704.109989871, "msmp": 0.00013449371692102606, "rsrp": 0.11802409058841393, "a": 556524143.2059432, "aRp": 82.13444831890338, "e": 0.0, "inc": -0.11413849363727294, "pomega": 4.41437911620528, "f": 0.08420310342654912, "P": 3704576.1793019837, "RHill": 19770193.660001326, "spacing": "logarithmic", "period_ratio": 4.488914175461345}}