{"Planet": {"m": 8.152149710038183e+25, "Rp": 24193663.200000003, "Rstar": 2240154000.0, "RpRstar": 0.0108, "rhostar": 55.73879904342452, "impact": 0.2992056268522091, "q1": 0.40106888999999996, "q2": 0.2976472445918206, "a": 246179218606.72272, "Pp": 671.1099568384855, "rhoplan": 1374.2908207640544, "aRp": null, "e": null, "inc": null, "pomega": null, "f": null, "P": 57983900.270845145, "RHill": 5365477841.654964}, "I": {"m": 1.5041560227463972e+22, "r": 1089169.4187084595, "msmp": 0.00018451035325004503, "rsrp": 0.04501878899878458, "a": 102202244.67196903, "aRp": 4.224339399416332, "e": 0.0, "inc": 0.02592073146526233, "pomega": 0.9293760445363145, "f": 4.313838097188505, "P": 88001.79333702904, "RHill": 4034226.360822044, "spacing": "logarithmic", "period_ratio": NaN}, "II": {"m": 6.81294198538074e+22, "r": 2077632.1713958005, "msmp": 0.0008357233647207921, "rsrp": 0.0858750555556961, "a": 1923089186.6216855, "aRp": 79.48730916538861, "e": 0.0, "inc": 0.02592073146526233, "pomega": 4.913313923076027, "f": 3.555381784980708, "P": 7180565.907504873, "RHill": 125597170.53100564, "spacing": "logarithmic", "period_ratio": 81.59567703358908}}