{"Planet": {"m": 8.325134636762747e+24, "Rp": 7034918.4, "Rstar": 445248000.0, "RpRstar": 0.0158, "rhostar": 4517.4219223721375, "impact": 0.27151847874750257, "q1": 0.39050001, "q2": 0.361577852456393, "a": 81991390045.54611, "Pp": 161.70444475234353, "rhoplan": 5708.545455885727, "aRp": null, "e": null, "inc": null, "pomega": null, "f": null, "P": 13971264.02660248, "RHill": 971098285.8582695}, "I": {"m": 6.265623700439465e+22, "r": 1717386.8312922604, "msmp": 0.00752615299790019, "rsrp": 0.2441232056497287, "a": 297653001.3861811, "aRp": 42.31079658097827, "e": 0.0, "inc": 0.06526438717078506, "pomega": 6.1977254410153275, "f": 4.659447850058669, "P": 1363699.2721688447, "RHill": 40444629.57432992, "spacing": "logarithmic", "period_ratio": NaN}}