{"Planet": {"m": 3.6267313791165176e+29, "Rp": 150716448.0, "Rstar": 1113120000.0, "RpRstar": 0.1354, "rhostar": 492.18387420892617, "impact": 0.3465456175972844, "q1": 0.22127616000000003, "q2": 0.19313350340136054, "a": 34153818859.017223, "Pp": 31.378609078899693, "rhoplan": 25289.76708174285, "aRp": null, "e": null, "inc": null, "pomega": null, "f": null, "P": 2711111.8244169336, "RHill": 11920377247.294708}, "I": {"m": 1.1213841785858778e+27, "r": 86455219.900992, "msmp": 0.003091996790948025, "rsrp": 0.5736283003497535, "a": 4200550993.7103195, "aRp": 27.87055460403578, "e": 0.0, "inc": -0.08097392139215616, "pomega": 0.7571995494700872, "f": 1.89519820846621, "P": 347142.9268930118, "RHill": 424305688.8446174, "spacing": "logarithmic", "period_ratio": NaN}}