{"Planet": {"m": 2.920856468279463e+24, "Rp": 5185608.66, "Rstar": 285237000.0, "RpRstar": 0.01818, "rhostar": 8182.0044648657195, "impact": 0.0325893968921801, "q1": 0.11235904, "q2": 0.15244630071599044, "a": 70164193382.22876, "Pp": 185.50380452820593, "rhoplan": 5000.603148052608, "aRp": null, "e": null, "inc": null, "pomega": null, "f": null, "P": 16027528.711236993, "RHill": 750567733.0043253}, "I": {"m": 2.8936935012547937e+21, "r": 753943.992318675, "msmp": 0.0009907003417252236, "rsrp": 0.14539161007932191, "a": 33769837.4590465, "aRp": 6.512222512958874, "e": 0.0, "inc": -0.12576354896108755, "pomega": 1.5131423362024647, "f": 0.08294634068883942, "P": 88267.39966002903, "RHill": 2334188.8471575575, "spacing": "logarithmic", "period_ratio": NaN}, "II": {"m": 7.187561277310289e+21, "r": 927516.1620643091, "msmp": 0.0024607718165432957, "rsrp": 0.1788635091612002, "a": 59437327.68381764, "aRp": 11.461977094858067, "e": 0.0, "inc": -0.12576354896108755, "pomega": 0.14578447757432383, "f": 6.192070008695635, "P": 205957.26587340108, "RHill": 5563857.157302534, "spacing": "logarithmic", "period_ratio": 2.3333333333333335}, "III": {"m": 1.9602439847209898e+21, "r": 546640.8848096373, "msmp": 0.0006711195863299904, "rsrp": 0.10541498995599821, "a": 149683499.82428092, "aRp": 28.865174686028258, "e": 0.0, "inc": -0.12576354896108755, "pomega": 3.2104004134793986, "f": 4.492298405943281, "P": 823829.0634936043, "RHill": 9086573.601276763, "spacing": "logarithmic", "period_ratio": 4.0}}