{"Planet": {"m": 9.923145407576085e+27, "Rp": 59052407.4, "Rstar": 598302000.0, "RpRstar": 0.0987, "rhostar": 2172.1109899464436, "impact": 0.1975072422547286, "q1": 0.37871715999999994, "q2": 0.34367890802729933, "a": 28719414172.44488, "Pp": 30.956913572419573, "rhoplan": 11503.974865426373, "aRp": null, "e": null, "inc": null, "pomega": null, "f": null, "P": 2674677.3326570513, "RHill": 3425896841.540286}, "I": {"m": 1.2421067773883655e+25, "r": 13112076.741364641, "msmp": 0.0012517268732553759, "rsrp": 0.22204135815409012, "a": 661075539.1787034, "aRp": 11.194726316588804, "e": 0.0, "inc": -0.14192691417107603, "pomega": 3.410854070144094, "f": 0.27837294640269594, "P": 131146.6862896805, "RHill": 49398511.381587505, "spacing": "logarithmic", "period_ratio": NaN}, "II": {"m": 8.94316879719623e+24, "r": 7630042.126556644, "msmp": 0.0009012433487438704, "rsrp": 0.1292079774982492, "a": 1049269547.0974704, "aRp": 17.76844659338089, "e": 0.0, "inc": -0.14192691417107603, "pomega": 0.9614234943479115, "f": 0.1809738342301951, "P": 262293.372579361, "RHill": 70273892.15657859, "spacing": "logarithmic", "period_ratio": 2.0}}