{"Planet": {"m": 2.772398979089121e+25, "Rp": 11966039.999999998, "Rstar": 556560000.0, "RpRstar": 0.0215, "rhostar": 2312.9200242545344, "impact": 0.2644475043554333, "q1": 0.39050001, "q2": 0.361577852456393, "a": 167873483280.12793, "Pp": 473.7401730649988, "rhoplan": 3862.920498389296, "aRp": null, "e": null, "inc": null, "pomega": null, "f": null, "P": 40931150.9528159, "RHill": 2969148106.8876686}, "I": {"m": 4.410559238894501e+22, "r": 1535374.0356574547, "msmp": 0.0015908818579725497, "rsrp": 0.12831095631114847, "a": 111596706.28702442, "aRp": 9.32611843910136, "e": 0.0, "inc": -0.0751439386922251, "pomega": 5.721412363423356, "f": 2.7032966488135397, "P": 172060.4385701228, "RHill": 9032825.110314514, "spacing": "logarithmic", "period_ratio": NaN}, "II": {"m": 4.294491890502539e+22, "r": 1703768.7622602708, "msmp": 0.00154901654592064, "rsrp": 0.1423836759914116, "a": 249018238.0448074, "aRp": 20.81041330672532, "e": 0.0, "inc": -0.0751439386922251, "pomega": 0.620840792428586, "f": 0.46186030610831047, "P": 573534.7952337427, "RHill": 19977574.392577775, "spacing": "logarithmic", "period_ratio": 3.3333333333333335}, "III": {"m": 3.830222496934697e+22, "r": 1357456.496465455, "msmp": 0.0013815552977130031, "rsrp": 0.11344241674484251, "a": 517949937.9188132, "aRp": 43.2849913520942, "e": 0.0, "inc": -0.0751439386922251, "pomega": 4.989976450076317, "f": 2.0667463221635822, "P": 1720604.385701228, "RHill": 39997863.25468437, "spacing": "logarithmic", "period_ratio": 3.0}}