{"Planet": {"m": 1.9480876045945105e+26, "Rp": 40669508.88, "Rstar": 994851000.0, "RpRstar": 0.04088, "rhostar": 501.3909813087194, "impact": 0.3594323564541363, "q1": 0.26163225000000007, "q2": 0.21691104594330396, "a": 87955686064.90436, "Pp": 161.46153048045838, "rhoplan": 691.3740740829302, "aRp": null, "e": null, "inc": null, "pomega": null, "f": null, "P": 13950276.233511604, "RHill": 2774895163.970378}, "I": {"m": 4.175339136716956e+23, "r": 3416721.0808980707, "msmp": 0.0021433015265173573, "rsrp": 0.08401185986729011, "a": 94671762.09580047, "aRp": 2.327831456611395, "e": 0.0, "inc": 0.033670768347805385, "pomega": 0.6987600821665867, "f": 3.523962716537966, "P": 50703.57037079056, "RHill": 8463327.2391523, "spacing": "logarithmic", "period_ratio": NaN}, "II": {"m": 2.0590713550932937e+23, "r": 2484657.5564392437, "msmp": 0.001056970615816779, "rsrp": 0.06109386675335834, "a": 851414721.4875581, "aRp": 20.934964422603525, "e": 0.0, "inc": 0.033670768347805385, "pomega": 0.8401458901589266, "f": 1.4345946650956092, "P": 1368217.3732501455, "RHill": 60134223.61095906, "spacing": "logarithmic", "period_ratio": 26.984635662626857}}