{"Planet": {"m": 6.355885290608586e+25, "Rp": 20618530.47, "Rstar": 758313000.0, "RpRstar": 0.02719, "rhostar": 1121.2669515792707, "impact": 0.16925680999085368, "q1": 0.37234403999999993, "q2": 0.25901343821697803, "a": 32159117232.85045, "Pp": 35.87080607187808, "rhoplan": 1731.0687429675781, "aRp": null, "e": null, "inc": null, "pomega": null, "f": null, "P": 3099237.644610266, "RHill": 700714878.5376023}, "I": {"m": 5.119876711775965e+23, "r": 3025825.1177856424, "msmp": 0.008055332149151686, "rsrp": 0.1467527049121286, "a": 267727188.1042629, "aRp": 12.984785142365332, "e": 0.0, "inc": -0.03911674021121406, "pomega": 0.3443529901324546, "f": 2.443775143476489, "P": 420906.38189994043, "RHill": 37211731.270620406, "spacing": "linear", "period_ratio": NaN}}