{"Planet": {"m": 2.772398979089121e+25, "Rp": 12150261.36, "Rstar": 1057464000.0, "RpRstar": 0.01149, "rhostar": 517.8574607030646, "impact": 0.37720362199963764, "q1": 0.379456, "q2": 0.25681818181818183, "a": 180015801575.25558, "Pp": 424.501324539677, "rhoplan": 3689.863164217164, "aRp": null, "e": null, "inc": null, "pomega": null, "f": null, "P": 36676914.44022809, "RHill": 2759668482.2292285}, "I": {"m": 4.234189440486035e+22, "r": 1728665.1230061396, "msmp": 0.001527265545984723, "rsrp": 0.14227390438670692, "a": 137327941.54060248, "aRp": 11.30246810926234, "e": 0.0, "inc": -0.09958099192546904, "pomega": 5.722040744792211, "f": 4.428203506320087, "P": 234885.45170724078, "RHill": 10965371.340246072, "spacing": "logarithmic", "period_ratio": NaN}, "II": {"m": 8.150814672935612e+22, "r": 1710107.5600109207, "msmp": 0.00293998617602059, "rsrp": 0.14074656580152123, "a": 365183403.4593409, "aRp": 30.05560066893416, "e": 0.0, "inc": -0.09958099192546904, "pomega": 1.7506704936295958, "f": 3.4567259100704977, "P": 1017836.9573980432, "RHill": 36273186.57573702, "spacing": "logarithmic", "period_ratio": 4.333333333333333}}