{"Planet": {"m": 3.9404645243211285e+29, "Rp": 160353562.68, "Rstar": 22178916000.0, "RpRstar": 0.00723, "rhostar": 0.05351819581694828, "impact": 0.09179975632806459, "q1": 0.4052595600000001, "q2": 0.3768457430097392, "a": 38582301446.6362, "Pp": 40.03154029000965, "rhoplan": 22815.131302653608, "aRp": null, "e": null, "inc": null, "pomega": null, "f": null, "P": 3458725.0810568337, "RHill": 14556596541.371645}, "I": {"m": 4.323584537416075e+26, "r": 86055037.10959591, "msmp": 0.0010972271189678966, "rsrp": 0.5366580927255511, "a": 2188815152.0715394, "aRp": 13.649931535599976, "e": 0.0, "inc": -0.036533394583699697, "pomega": 0.6283813688548442, "f": 3.9047618260640014, "P": 125394.58891230397, "RHill": 156531175.22131598, "spacing": "linear", "period_ratio": NaN}, "II": {"m": 1.2044271211373351e+27, "r": 107040574.26879993, "msmp": 0.0030565612599819975, "rsrp": 0.6675285068808171, "a": 4555887357.873557, "aRp": 28.411513169590382, "e": 0.0, "inc": -0.036533394583699697, "pomega": 1.0292886821842346, "f": 5.624013251250855, "P": 376183.7667369119, "RHill": 458434113.872303, "spacing": "linear", "period_ratio": 3.0}}