{"Planet": {"m": 9.142432608127135e+23, "Rp": 3798522.0000000005, "Rstar": 180882000.0, "RpRstar": 0.021, "rhostar": 19250.521041978045, "impact": 0.23723536771153064, "q1": 0.11235904, "q2": 0.15244630071599044, "a": 24156926050.784313, "Pp": 48.38010167968685, "rhoplan": 3982.2564119122176, "aRp": null, "e": null, "inc": null, "pomega": null, "f": null, "P": 4180040.785124944, "RHill": 208025283.94718742}, "I": {"m": 4.823921070786061e+21, "r": 808890.443080592, "msmp": 0.005276408673221012, "rsrp": 0.21294873192272992, "a": 13506446.629298413, "aRp": 3.555711044795426, "e": 0.0, "inc": -0.06261122139117571, "pomega": 2.8974664917896864, "f": 5.994129877506358, "P": 39821.26365622374, "RHill": 1630347.432044635, "spacing": "logarithmic", "period_ratio": NaN}, "II": {"m": 7.23588160617909e+20, "r": 646082.836062328, "msmp": 0.0007914613009831516, "rsrp": 0.17008795422596681, "a": 91387680.31274153, "aRp": 24.058747142373143, "e": 0.0, "inc": -0.06261122139117571, "pomega": 2.974129018789977, "f": 0.9017272643067014, "P": 702434.4578940711, "RHill": 5861252.942328156, "spacing": "logarithmic", "period_ratio": 17.639682757387494}}