{"Planet": {"m": 4.7491894460351554e+29, "Rp": 190343520.0, "Rstar": 5287320000.0, "RpRstar": 0.036, "rhostar": 4.881509086937416, "impact": 0.37477758430683217, "q1": 0.37112463999999995, "q2": 0.2852921864740644, "a": 152900392668.52872, "Pp": 284.583423952376, "rhoplan": 16440.559585711166, "aRp": null, "e": null, "inc": null, "pomega": null, "f": null, "P": 24588007.829485286, "RHill": 57208186529.530655}, "I": {"m": 4.911978177632511e+26, "r": 63334524.88090362, "msmp": 0.0010342771610707716, "rsrp": 0.3327380143064687, "a": 2041191417.5080864, "aRp": 10.723724230318355, "e": 0.0, "inc": 0.06550875770311751, "pomega": 4.477845634459619, "f": 4.6707587146980565, "P": 102865.17886025144, "RHill": 143127239.0030223, "spacing": "logarithmic", "period_ratio": NaN}, "II": {"m": 1.321152751225295e+27, "r": 69356259.53406885, "msmp": 0.0027818489159834522, "rsrp": 0.364374156441306, "a": 2955177423.2973905, "aRp": 15.525495290290893, "e": 0.0, "inc": 0.06550875770311751, "pomega": 4.261054062204698, "f": 5.454350281660047, "P": 179035.58831731213, "RHill": 288173686.1656325, "spacing": "logarithmic", "period_ratio": 1.7404877948109416}, "III": {"m": 1.4905313090746925e+27, "r": 77773939.98543285, "msmp": 0.003138496212904409, "rsrp": 0.4085977814502582, "a": 8339005375.619251, "aRp": 43.810292967258626, "e": 0.0, "inc": 0.06550875770311751, "pomega": 1.459101538480948, "f": 5.558033207521096, "P": 848512.3966080796, "RHill": 846540431.4746317, "spacing": "logarithmic", "period_ratio": 4.739350453074314}, "IV": {"m": 5.420113851180699e+26, "r": 117508862.86380015, "msmp": 0.0011412713501470577, "rsrp": 0.6173515277210391, "a": 27423249433.465733, "aRp": 144.07240883990028, "e": 0.0, "inc": 0.06550875770311751, "pomega": 3.647125464833515, "f": 0.9953560882660731, "P": 5065215.73977237, "RHill": 1987046974.0979023, "spacing": "logarithmic", "period_ratio": 5.969524735313854}}