{"Planet": {"m": 2.6597432428946497e+25, "Rp": 11943638.46, "Rstar": 493947000.0, "RpRstar": 0.02418, "rhostar": 3032.962006523395, "impact": 0.30922418579439404, "q1": 0.40411449000000005, "q2": 0.2892873997168476, "a": 73757092061.95103, "Pp": 144.10095300385618, "rhoplan": 3726.8435271392027, "aRp": null, "e": null, "inc": null, "pomega": null, "f": null, "P": 12450322.339533174, "RHill": 1324476917.3852673}, "I": {"m": 8.03294772990049e+22, "r": 1731944.7613023838, "msmp": 0.00302019668678924, "rsrp": 0.14500981146597633, "a": 130217183.54946548, "aRp": 10.902639424792625, "e": 0.0, "inc": -0.16409481246123303, "pomega": 0.9457139601265404, "f": 2.424295321041989, "P": 221260.94204957853, "RHill": 13050874.752996413, "spacing": "linear", "period_ratio": NaN}, "II": {"m": 1.757207315915733e+22, "r": 1286017.2415849941, "msmp": 0.0006606680252351465, "rsrp": 0.1076738253499507, "a": 474642179.66338784, "aRp": 39.740166386733364, "e": 0.0, "inc": -0.16409481246123303, "pomega": 3.0910079533969785, "f": 5.896102383965003, "P": 1541569.925624031, "RHill": 28662914.02278176, "spacing": "linear", "period_ratio": 6.96720311928622}}