{"Planet": {"m": 1.4571235284701781e+26, "Rp": 33918714.36, "Rstar": 1210518000.0, "RpRstar": 0.02802, "rhostar": 380.00725708855657, "impact": 0.07418044330498008, "q1": 0.22127616000000003, "q2": 0.19313350340136054, "a": 116788398081.27353, "Pp": 211.42409637081218, "rhoplan": 891.4348608950206, "aRp": null, "e": null, "inc": null, "pomega": null, "f": null, "P": 18267041.92643817, "RHill": 3014810288.2023497}, "I": {"m": 1.877566172205698e+23, "r": 2535327.502469261, "msmp": 0.0012885428966869675, "rsrp": 0.07474715803082288, "a": 100163303.83659711, "aRp": 2.953039515988221, "e": 0.0, "inc": -0.061075178045086095, "pomega": 2.6184651640181356, "f": 5.051557824224092, "P": 63828.1356425579, "RHill": 7557320.660232353, "spacing": "logarithmic", "period_ratio": NaN}, "II": {"m": 4.616965997227125e+22, "r": 1293693.9492304854, "msmp": 0.00031685481066072956, "rsrp": 0.03814100780765811, "a": 145409725.11089998, "aRp": 4.287005797671984, "e": 0.0, "inc": -0.061075178045086095, "pomega": 2.737857624100556, "f": 4.845448735239703, "P": 111699.23737447633, "RHill": 6873424.030489062, "spacing": "logarithmic", "period_ratio": 1.75}, "III": {"m": 8.310538795008824e+22, "r": 2065171.4126061192, "msmp": 0.0005703386591893131, "rsrp": 0.060885898878335884, "a": 366440494.26684237, "aRp": 10.803490084488049, "e": 0.0, "inc": -0.061075178045086095, "pomega": 3.4051986378244004, "f": 3.6716323382188545, "P": 446796.9494979053, "RHill": 21070458.14535155, "spacing": "logarithmic", "period_ratio": 4.0}, "IV": {"m": 2.3084829986135628e+23, "r": 2732167.290287044, "msmp": 0.001584274053303648, "rsrp": 0.08055043776980714, "a": 796006724.7310157, "aRp": 23.468068874383352, "e": 0.0, "inc": -0.061075178045086095, "pomega": 5.68559462539863, "f": 1.9863135069501623, "P": 1429750.2383932972, "RHill": 64340794.83302935, "spacing": "logarithmic", "period_ratio": 3.2}, "V": {"m": 6.771550129266451e+22, "r": 1759508.863938421, "msmp": 0.0004647203889690701, "rsrp": 0.05187427935102965, "a": 1655143554.2047632, "aRp": 48.79735524871949, "e": 0.0, "inc": -0.061075178045086095, "pomega": 4.71914408009988, "f": 5.228132988872304, "P": 4289250.715179891, "RHill": 88891279.56707594, "spacing": "logarithmic", "period_ratio": 3.0}}