{"Planet": {"m": 7.194520864342917e+27, "Rp": 57693287.88, "Rstar": 605259000.0, "RpRstar": 0.09532, "rhostar": 1776.935343005645, "impact": 0.4679273907597634, "q1": 0.39904488999999993, "q2": 0.24908975779642237, "a": 91406600472.10019, "Pp": 191.0702375340633, "rhoplan": 8944.115485447437, "aRp": null, "e": null, "inc": null, "pomega": null, "f": null, "P": 16508468.522943068, "RHill": 10353243544.526974}, "I": {"m": 9.218835388618422e+24, "r": 4376379.654615665, "msmp": 0.0012813689142675644, "rsrp": 0.07585595856000406, "a": 616566895.182343, "aRp": 10.686977945593608, "e": 0.0, "inc": -0.0090940748103715, "pomega": 1.919076700482694, "f": 3.5874292347923054, "P": 138729.33513942015, "RHill": 46433474.195030674, "spacing": "logarithmic", "period_ratio": NaN}, "II": {"m": 3.8502194858347533e+25, "r": 7579943.120144753, "msmp": 0.005351599583117476, "rsrp": 0.13138344855489545, "a": 2489880547.5461845, "aRp": 43.157196253488756, "e": 0.0, "inc": -0.0090940748103715, "pomega": 5.022652281256769, "f": 6.090900608310005, "P": 1123530.4574341201, "RHill": 301971505.656048, "spacing": "logarithmic", "period_ratio": 8.098723001195061}}