{"Planet": {"m": 1.9290791895208474e+24, "Rp": 4683452.4, "Rstar": 250452000.0, "RpRstar": 0.0187, "rhostar": 12086.589714570693, "impact": 0.49502873460641283, "q1": 0.11235904, "q2": 0.15244630071599044, "a": 18971371829.286854, "Pp": 26.0812192876878, "rhoplan": 4482.941944947232, "aRp": null, "e": null, "inc": null, "pomega": null, "f": null, "P": 2253417.346456226, "RHill": 176733835.4700399}, "I": {"m": 1.7850449763812648e+22, "r": 1148282.5218112608, "msmp": 0.009253352511799382, "rsrp": 0.2451786468057753, "a": 22408830.70554097, "aRp": 4.784682066063267, "e": 0.0, "inc": 0.05898057348223662, "pomega": 5.249497955413368, "f": 3.5654358868823857, "P": 58469.6738889491, "RHill": 3261958.8627652805, "spacing": "linear", "period_ratio": NaN}}