{"Planet": {"m": 1.1601640234344542e+25, "Rp": 7917761.699999999, "Rstar": 660915000.0, "RpRstar": 0.01198, "rhostar": 1183.894414347769, "impact": 0.22711451171356078, "q1": 0.29822521, "q2": 0.23274125618018676, "a": 16087781273.386051, "Pp": 15.180515882714008, "rhoplan": 5579.862595167808, "aRp": null, "e": null, "inc": null, "pomega": null, "f": null, "P": 1311596.5722664904, "RHill": 224052295.18540823}, "I": {"m": 1.172704510071074e+22, "r": 1252529.2803508597, "msmp": 0.0010108092359212243, "rsrp": 0.15819234372144086, "a": 46687218.56332524, "aRp": 5.896517264888794, "e": 0.0, "inc": 0.009687546103178846, "pomega": 6.161907702990602, "f": 3.1318527423725433, "P": 71993.77190644747, "RHill": 3248732.726982051, "spacing": "logarithmic", "period_ratio": NaN}, "II": {"m": 3.067073334032039e+22, "r": 1541403.219647339, "msmp": 0.0026436549247170478, "rsrp": 0.1946766369146143, "a": 92798146.71680425, "aRp": 11.720250019245244, "e": 0.0, "inc": 0.009687546103178846, "pomega": 3.487516597144385, "f": 2.6511409951985874, "P": 201582.56133805288, "RHill": 8896799.570794739, "spacing": "logarithmic", "period_ratio": 2.8}, "III": {"m": 5.412482354174186e+22, "r": 1628027.9938031426, "msmp": 0.0046652733965594955, "rsrp": 0.20561720035134964, "a": 178570638.5152912, "aRp": 22.55317162617956, "e": 0.0, "inc": 0.009687546103178846, "pomega": 3.5780035142594824, "f": 3.3838336712833357, "P": 537553.4969014743, "RHill": 20688483.935919385, "spacing": "logarithmic", "period_ratio": 2.6666666666666665}}