{"Planet": {"m": 3.271965254641972e+26, "Rp": 50485557.6, "Rstar": 653958000.0, "RpRstar": 0.0772, "rhostar": 1544.5754314071162, "impact": 0.07912962052009331, "q1": 0.39904488999999993, "q2": 0.24908975779642237, "a": 76182442688.20042, "Pp": 139.13381412944506, "rhoplan": 607.0418070462798, "aRp": null, "e": null, "inc": null, "pomega": null, "f": null, "P": 12021161.540784054, "RHill": 2986998025.721956}, "I": {"m": 5.3060414074648035e+23, "r": 3445162.324300358, "msmp": 0.0016216680173901804, "rsrp": 0.06824055211188472, "a": 117127807.77924952, "aRp": 2.320026030162129, "e": 0.0, "inc": -0.01939254724438144, "pomega": 0.2714607513452927, "f": 5.901757816284696, "P": 53853.11533566313, "RHill": 9541285.996561887, "spacing": "logarithmic", "period_ratio": NaN}, "II": {"m": 2.4118370033930916e+23, "r": 2733234.082750329, "msmp": 0.0007371218260864453, "rsrp": 0.054138930273998374, "a": 209919174.91583824, "aRp": 4.158004484748688, "e": 0.0, "inc": -0.01939254724438144, "pomega": 3.959431005154373, "f": 0.7584563122077969, "P": 129267.93940314933, "RHill": 13147952.186541468, "spacing": "logarithmic", "period_ratio": 2.400379970544513}, "III": {"m": 6.270776208822038e+23, "r": 4135811.3247089083, "msmp": 0.0019165167478247577, "rsrp": 0.08192068229645359, "a": 374690478.81241757, "aRp": 7.421735970138469, "e": 0.0, "inc": -0.01939254724438144, "pomega": 1.878231911507129, "f": 4.214553840909439, "P": 308081.6865324114, "RHill": 32270308.122521766, "spacing": "logarithmic", "period_ratio": 2.3832799374297573}, "IV": {"m": 3.05499353763125e+23, "r": 2766258.5730018695, "msmp": 0.0009336876463761642, "rsrp": 0.054793067651527125, "a": 617793706.4902662, "aRp": 12.237038389970484, "e": 0.0, "inc": -0.01939254724438144, "pomega": 5.546093961512854, "f": 5.4794855364142405, "P": 652582.2117746868, "RHill": 41866848.008809485, "spacing": "logarithmic", "period_ratio": 2.1182116312065586}, "V": {"m": 4.823674006786183e+23, "r": 3452311.9999646423, "msmp": 0.0014742436521728906, "rsrp": 0.06838217034894435, "a": 1351346807.0026383, "aRp": 26.766997756258085, "e": 0.0, "inc": -0.01939254724438144, "pomega": 1.4867503187105613, "f": 5.770426110194034, "P": 2110585.7541389544, "RHill": 106639022.88539273, "spacing": "logarithmic", "period_ratio": 3.234206688532393}}