{"Planet": {"m": 2.3002956501314457e+25, "Rp": 10750652.100000001, "Rstar": 626130000.0, "RpRstar": 0.01717, "rhostar": 1895.1772672446846, "impact": 0.11369276750614299, "q1": 0.25, "q2": 0.2, "a": 198445969846.12326, "Pp": 563.7131070633636, "rhoplan": 4419.677953727388, "aRp": null, "e": null, "inc": null, "pomega": null, "f": null, "P": 48704812.45027462, "RHill": 3132942488.2632422}, "I": {"m": 8.13034846842099e+21, "r": 972608.1220102962, "msmp": 0.00035344797821777377, "rsrp": 0.0904696862072484, "a": 95412745.84982124, "aRp": 8.875065899474249, "e": 0.0, "inc": -0.09996500276199145, "pomega": 4.129722356114035, "f": 1.7632381210066927, "P": 149423.19983365314, "RHill": 4677435.528607748, "spacing": "linear", "period_ratio": NaN}, "II": {"m": 5.507655414091638e+21, "r": 904239.8675738865, "msmp": 0.00023943250137333064, "rsrp": 0.08411023435256419, "a": 167844745.83370864, "aRp": 15.612517666133817, "e": 0.0, "inc": -0.09996500276199145, "pomega": 1.439621716046448, "f": 2.152834569696696, "P": 348654.1329451907, "RHill": 7226505.985744646, "spacing": "linear", "period_ratio": 2.3333333333333335}, "III": {"m": 3.147231665195222e+21, "r": 737287.4012559595, "msmp": 0.0001368185722133318, "rsrp": 0.06858071439740474, "a": 379500346.4421912, "aRp": 35.30021648102547, "e": 0.0, "inc": -0.09996500276199145, "pomega": 0.1866292665498887, "f": 3.0457644948394296, "P": 1185424.0520136484, "RHill": 13558764.255663734, "spacing": "linear", "period_ratio": 3.4}, "IV": {"m": 2.2817429572665353e+22, "r": 1337859.9713856233, "msmp": 0.0009919346485466553, "rsrp": 0.12444454149768489, "a": 699244786.05585, "aRp": 65.0420811269532, "e": 0.0, "inc": -0.09996500276199145, "pomega": 2.242064724074084, "f": 5.294113032602062, "P": 2963560.130034121, "RHill": 48352229.647577114, "spacing": "linear", "period_ratio": 2.5}}