{"Planet": {"m": 1.1844790996521293e+25, "Rp": 8038396.08, "Rstar": 994851000.0, "RpRstar": 0.00808, "rhostar": 617.0965923799624, "impact": 0.4790601745530423, "q1": 0.22127616000000003, "q2": 0.19313350340136054, "a": 257129533112.7347, "Pp": 727.4987565343653, "rhoplan": 5444.156333349157, "aRp": null, "e": null, "inc": null, "pomega": null, "f": null, "P": 62855892.56456916, "RHill": 2976565088.097072}, "I": {"m": 9.281692091430222e+21, "r": 922513.3097767776, "msmp": 0.0007836096132178415, "rsrp": 0.11476335584807083, "a": 55109442.684381716, "aRp": 6.85577597022088, "e": 0.0, "inc": -0.07709890295088462, "pomega": 1.031802207659654, "f": 5.250754718151078, "P": 91386.54155807335, "RHill": 3522779.977291803, "spacing": "logarithmic", "period_ratio": NaN}, "II": {"m": 1.8563384182860444e+22, "r": 1300289.5101333174, "msmp": 0.001567219226435683, "rsrp": 0.1617598208887111, "a": 88824940.72808519, "aRp": 11.050082609027793, "e": 0.0, "inc": -0.07709890295088462, "pomega": 0.6264962247482796, "f": 2.039097541933969, "P": 186928.55301335672, "RHill": 7153815.880547395, "spacing": "logarithmic", "period_ratio": 2.045471355260439}, "III": {"m": 1.490696002563036e+22, "r": 1217968.2272058872, "msmp": 0.0012585245303195639, "rsrp": 0.15151881234569461, "a": 339618792.0386805, "aRp": 42.24957176266444, "e": 0.0, "inc": -0.07709890295088462, "pomega": 5.664229658857565, "f": 4.649393748156992, "P": 1397744.4023212618, "RHill": 25423686.40714382, "spacing": "logarithmic", "period_ratio": 7.4774258923482275}, "IV": {"m": 2.2782335133510544e+22, "r": 1090652.7993997764, "msmp": 0.0019234054142619745, "rsrp": 0.1356804004860353, "a": 788638959.1627803, "aRp": 98.10899479374501, "e": 0.0, "inc": -0.07709890295088462, "pomega": 3.370637662537384, "f": 5.748432762284114, "P": 4944397.589125751, "RHill": 68003002.36970939, "spacing": "logarithmic", "period_ratio": 3.53741183360455}}