{"Planet": {"m": 9.045306714817169e+24, "Rp": 7328225.52, "Rstar": 612216000.0, "RpRstar": 0.01197, "rhostar": 1799.7928706499274, "impact": 0.19522395300631756, "q1": 0.25, "q2": 0.2, "a": 101029861250.74727, "Pp": 217.33225289576393, "rhoplan": 5487.041068860835, "aRp": null, "e": null, "inc": null, "pomega": null, "f": null, "P": 18777506.650194004, "RHill": 1215837077.504318}, "I": {"m": 1.4031870184086466e+22, "r": 1330142.7349747657, "msmp": 0.0015512873832239187, "rsrp": 0.1815095252383507, "a": 37744348.17121969, "aRp": 5.150544025727485, "e": 0.0, "inc": 0.09528705257162759, "pomega": 0.06220975551662957, "f": 5.521587088127515, "P": 59252.496785293486, "RHill": 3029532.377110653, "spacing": "logarithmic", "period_ratio": NaN}, "II": {"m": 3.040238539885403e+21, "r": 856735.1319712815, "msmp": 0.0003361122663651826, "rsrp": 0.11690894741613814, "a": 61640834.541902564, "aRp": 8.411427073808527, "e": 0.0, "inc": 0.09528705257162759, "pomega": 3.823072248112872, "f": 0.5416647399528757, "P": 123735.73684597421, "RHill": 2971594.499280391, "spacing": "logarithmic", "period_ratio": 2.0882788668693792}, "III": {"m": 1.4031870184086466e+22, "r": 1327288.8395491424, "msmp": 0.0015512873832239187, "rsrp": 0.18112008642839125, "a": 124572968.24053109, "aRp": 16.999063129341454, "e": 0.0, "inc": 0.09528705257162759, "pomega": 0.17971707149248542, "f": 6.001670453932617, "P": 355274.86232873425, "RHill": 9998790.782807434, "spacing": "logarithmic", "period_ratio": 2.8712389111237853}, "IV": {"m": 9.354580122724318e+21, "r": 1118924.5235185744, "msmp": 0.0010341915888159466, "rsrp": 0.1526869663692575, "a": 250156712.83476865, "aRp": 34.13605546827777, "e": 0.0, "inc": 0.09528705257162759, "pomega": 2.910662500535638, "f": 2.7127223693463622, "P": 1011251.4189434985, "RHill": 17540369.734623194, "spacing": "logarithmic", "period_ratio": 2.8463916988525693}, "V": {"m": 5.145019067498373e+21, "r": 867762.9290925062, "msmp": 0.0005688053738487704, "rsrp": 0.11841378608289695, "a": 365293237.0518105, "aRp": 49.84743387807347, "e": 0.0, "inc": 0.09528705257162759, "pomega": 0.415360084813052, "f": 4.9258815504531235, "P": 1784860.6954456838, "RHill": 20985650.89354072, "spacing": "logarithmic", "period_ratio": 1.7650019194142748}}