{"Planet": {"m": 2.4479789679266294e+25, "Rp": 10897444.8, "Rstar": 556560000.0, "RpRstar": 0.01958, "rhostar": 2312.9200242545344, "impact": 0.11697313336639203, "q1": 0.39904488999999993, "q2": 0.24908975779642237, "a": 44967915601.43172, "Pp": 65.67825704642563, "rhoplan": 4515.907518960178, "aRp": null, "e": null, "inc": null, "pomega": null, "f": null, "P": 5674601.408811174, "RHill": 763021017.590196}, "I": {"m": 4.925820635500331e+21, "r": 1003001.1890498288, "msmp": 0.0002012198920022734, "rsrp": 0.09204003392151422, "a": 73188758.9173635, "aRp": 6.716139449255434, "e": 0.0, "inc": -0.007732581844519332, "pomega": 0.9155516544215079, "f": 3.6823148214893866, "P": 97318.64413809225, "RHill": 2973680.2495566695, "spacing": "linear", "period_ratio": NaN}, "II": {"m": 1.5142337509130645e+22, "r": 1129759.8703123722, "msmp": 0.0006185648531921738, "rsrp": 0.10367199752297641, "a": 152259924.94034818, "aRp": 13.97207581545613, "e": 0.0, "inc": -0.007732581844519332, "pomega": 4.883151617370994, "f": 5.6064185729229195, "P": 291955.93241427676, "RHill": 8995119.549815016, "spacing": "linear", "period_ratio": 3.0}, "III": {"m": 1.4230148502556508e+22, "r": 1124094.8262960082, "msmp": 0.0005813019102287897, "rsrp": 0.1031521468496916, "a": 272931952.06423295, "aRp": 25.045499846370678, "e": 0.0, "inc": -0.007732581844519332, "pomega": 0.7559427867323775, "f": 2.0064217107535174, "P": 700694.2377942642, "RHill": 15793602.858574854, "spacing": "linear", "period_ratio": 2.4}, "IV": {"m": 5.838009642074466e+21, "r": 1017092.791406633, "msmp": 0.0002384828349656574, "rsrp": 0.09333314461080205, "a": 687666869.1255863, "aRp": 63.10349643850329, "e": 0.0, "inc": -0.007732581844519332, "pomega": 3.233022142758173, "f": 6.002927216670326, "P": 2802776.951177057, "RHill": 29568098.169732917, "spacing": "linear", "period_ratio": 4.0}}