{"Planet": {"m": 3.7842154140521408e+25, "Rp": 15097037.85, "Rstar": 800054999.9999999, "RpRstar": 0.01887, "rhostar": 1010.3788993146733, "impact": 0.04495149345480476, "q1": 0.37234403999999993, "q2": 0.25901343821697803, "a": 80524566072.20824, "Pp": 138.16112418621918, "rhoplan": 2625.4999202975537, "aRp": null, "e": null, "inc": null, "pomega": null, "f": null, "P": 11937121.129689338, "RHill": 1448446489.8502493}, "I": {"m": 2.2276800728023966e+22, "r": 1412067.0580426229, "msmp": 0.0005886768666842343, "rsrp": 0.09353272291376172, "a": 61825790.36143134, "aRp": 4.095226558727303, "e": 0.0, "inc": 0.1288356356532668, "pomega": 5.226876226134594, "f": 2.0233880077125983, "P": 60759.725735673695, "RHill": 3592705.194665996, "spacing": "logarithmic", "period_ratio": NaN}, "II": {"m": 7.088072958916721e+21, "r": 972181.3211761535, "msmp": 0.0001873062757631656, "rsrp": 0.06439550134506376, "a": 226616529.3659314, "aRp": 15.010661801177864, "e": 0.0, "inc": 0.1288356356532668, "pomega": 5.448694849340353, "f": 1.2071206095701557, "P": 426467.3506208046, "RHill": 8990184.58597296, "spacing": "logarithmic", "period_ratio": 7.018915004259375}}