{"Planet": {"m": 3.34139487626958e+25, "Rp": 13731030.9, "Rstar": 1064421000.0, "RpRstar": 0.0129, "rhostar": 444.7904376947651, "impact": 0.4191511930467675, "q1": 0.31292836, "q2": 0.2426707186271005, "a": 25851183074.158554, "Pp": 24.682462897431225, "rhoplan": 3081.2700286212794, "aRp": null, "e": null, "inc": null, "pomega": null, "f": null, "P": 2132564.7943380577, "RHill": 440779263.12969404}, "I": {"m": 5.522644953972273e+22, "r": 1701372.856726355, "msmp": 0.001652796259787738, "rsrp": 0.1239071464565967, "a": 85610201.46148223, "aRp": 6.234797815616468, "e": 0.0, "inc": 0.06194792994627338, "pomega": 1.9750026423107752, "f": 5.2337884211919965, "P": 105303.49366693535, "RHill": 7018186.010550856, "spacing": "logarithmic", "period_ratio": NaN}}