{"Planet": {"m": 7.660341352157893e+25, "Rp": 22791132.0, "Rstar": 723528000.0, "RpRstar": 0.0315, "rhostar": 1303.4206955505967, "impact": 0.1778765193013423, "q1": 0.25, "q2": 0.2, "a": 193362122093.41815, "Pp": 526.3113079472483, "rhoplan": 1544.7628765081672, "aRp": null, "e": null, "inc": null, "pomega": null, "f": null, "P": 45473297.00664226, "RHill": 4469242737.632706}, "I": {"m": 4.091853643852848e+22, "r": 1585459.353434849, "msmp": 0.0005341607450300091, "rsrp": 0.06956474796578112, "a": 57146223.72106716, "aRp": 2.507388563282735, "e": 0.0, "inc": -0.06048170675227875, "pomega": 5.8452034930877605, "f": 3.4165095024637875, "P": 37950.568869930445, "RHill": 3214926.9441609513, "spacing": "logarithmic", "period_ratio": NaN}, "II": {"m": 2.8434915152197753e+22, "r": 1161854.8272658456, "msmp": 0.000371196449936108, "rsrp": 0.05097837295952854, "a": 78032972.10504408, "aRp": 3.423830466386842, "e": 0.0, "inc": -0.06048170675227875, "pomega": 4.291844749278585, "f": 4.297500181598279, "P": 60560.5176513485, "RHill": 3888412.5395698403, "spacing": "logarithmic", "period_ratio": 1.5957736459474445}, "III": {"m": 5.340215772485918e+22, "r": 1562659.3842652454, "msmp": 0.00069712504012391, "rsrp": 0.0685643602198103, "a": 179180584.7283997, "aRp": 7.861855423784992, "e": 0.0, "inc": -0.06048170675227875, "pomega": 0.7766793719045874, "f": 1.6482443305062562, "P": 210687.14759045094, "RHill": 11015919.63093323, "spacing": "logarithmic", "period_ratio": 3.4789522243418207}, "IV": {"m": 2.0112500961310616e+22, "r": 1221870.3624251056, "msmp": 0.00026255358654017413, "rsrp": 0.05361165748261673, "a": 336688243.2891604, "aRp": 14.772774046026338, "e": 0.0, "inc": -0.06048170675227875, "pomega": 1.6143117365880946, "f": 1.685318831268692, "P": 542797.5358238209, "RHill": 14948358.971414637, "spacing": "logarithmic", "period_ratio": 2.5763201126959596}, "V": {"m": 6.1724571915746365e+22, "r": 1719757.7744300007, "msmp": 0.0008057679035198445, "rsrp": 0.07545732148934071, "a": 1129183194.2546506, "aRp": 49.544849034030015, "e": 0.0, "inc": -0.06048170675227875, "pomega": 5.541066910562016, "f": 6.103468235687101, "P": 3332918.194791207, "RHill": 72855214.68670179, "spacing": "logarithmic", "period_ratio": 6.140260363807165}}