{"Planet": {"m": 1.2602024361555627e+26, "Rp": 30922473.6, "Rstar": 667872000.0, "RpRstar": 0.0463, "rhostar": 1545.643479612336, "impact": 0.3700354959129155, "q1": 0.25, "q2": 0.2, "a": 63598799754.31944, "Pp": 102.79775585636334, "rhoplan": 1017.4873611515296, "aRp": null, "e": null, "inc": null, "pomega": null, "f": null, "P": 8881726.105989793, "RHill": 1776080822.0217268}, "I": {"m": 2.985498092484705e+22, "r": 1331932.0052114795, "msmp": 0.00023690623084275385, "rsrp": 0.04307326840798013, "a": 61306645.07955235, "aRp": 1.9825918803453146, "e": 0.0, "inc": -0.12803270390417448, "pomega": 2.365855853738488, "f": 5.162781326511399, "P": 32882.644525551725, "RHill": 2630223.336984627, "spacing": "logarithmic", "period_ratio": NaN}, "II": {"m": 5.038028031067938e+22, "r": 1702726.53518203, "msmp": 0.000399779264547147, "rsrp": 0.05506437024436589, "a": 164626434.5412967, "aRp": 5.323844291075623, "e": 0.0, "inc": -0.12803270390417448, "pomega": 3.8105046207357747, "f": 1.7688935533263863, "P": 144683.6359124276, "RHill": 8408771.976326318, "spacing": "logarithmic", "period_ratio": 4.4}, "III": {"m": 8.023526123552637e+22, "r": 1961472.916157121, "msmp": 0.0006366854953899004, "rsrp": 0.06343195377995636, "a": 465224870.21671945, "aRp": 15.044878887590656, "e": 0.0, "inc": -0.12803270390417448, "pomega": 4.673900621542331, "f": 2.120158738516244, "P": 687247.270584031, "RHill": 27750074.742983088, "spacing": "logarithmic", "period_ratio": 4.75}, "IV": {"m": 7.463745231211769e+22, "r": 1883209.5484358298, "msmp": 0.0005922655771068851, "rsrp": 0.060900999473594175, "a": 856938857.2280602, "aRp": 27.71249377760194, "e": 0.0, "inc": -0.12803270390417448, "pomega": 3.9531471914658245, "f": 1.6796633989489984, "P": 1718118.1764600775, "RHill": 49897821.11658556, "spacing": "logarithmic", "period_ratio": 2.5}, "V": {"m": 6.437480261920145e+22, "r": 1652558.0146193532, "msmp": 0.000510829060254688, "rsrp": 0.053441973497856045, "a": 1471385252.2788103, "aRp": 47.58303851470699, "e": 0.0, "inc": -0.12803270390417448, "pomega": 5.005685984297688, "f": 2.596471816108216, "P": 3865765.8970351745, "RHill": 81553858.32906139, "spacing": "logarithmic", "period_ratio": 2.25}}