{"Planet": {"m": 1.7566270013805612e+25, "Rp": 9157359.959999999, "Rstar": 584388000.0, "RpRstar": 0.01567, "rhostar": 1997.9872793474005, "impact": 0.38417537945655666, "q1": 0.39050001, "q2": 0.361577852456393, "a": 13525968554.30103, "Pp": 10.83480107696337, "rhoplan": 5461.099471732804, "aRp": null, "e": null, "inc": null, "pomega": null, "f": null, "P": 936126.8130496352, "RHill": 205475198.05761448}, "I": {"m": 2.978564137108954e+22, "r": 1724772.720537716, "msmp": 0.0016956155944136421, "rsrp": 0.18834824972171524, "a": 44730688.733809054, "aRp": 4.884670792586061, "e": 0.0, "inc": -0.001099667395495968, "pomega": 3.30654276291419, "f": 1.0104372411185893, "P": 54850.1375311981, "RHill": 3698346.809302117, "spacing": "linear", "period_ratio": NaN}, "II": {"m": 1.985709424739302e+22, "r": 1353955.208434928, "msmp": 0.001130410396275761, "rsrp": 0.14785431765804782, "a": 58602757.45842006, "aRp": 6.399525377881953, "e": 0.0, "inc": -0.001099667395495968, "pomega": 5.014483323461656, "f": 2.010820380335501, "P": 82275.20629679716, "RHill": 4232753.858642222, "spacing": "linear", "period_ratio": 1.5}}