{"Planet": {"m": 5.059271226627044e+25, "Rp": 17976888.0, "Rstar": 556560000.0, "RpRstar": 0.0323, "rhostar": 2092.6419267064834, "impact": 0.366594209614044, "q1": 0.39050001, "q2": 0.361577852456393, "a": 127185380708.51718, "Pp": 328.4369682055769, "rhoplan": 2079.0063467431273, "aRp": null, "e": null, "inc": null, "pomega": null, "f": null, "P": 28376954.05296184, "RHill": 2842188836.836101}, "I": {"m": 1.3647893403851622e+22, "r": 1273000.4843618441, "msmp": 0.00026976006607478347, "rsrp": 0.070813173245661, "a": 321928939.4919109, "aRp": 17.907934871258632, "e": 0.0, "inc": -0.13937847861960917, "pomega": 5.551121012463693, "f": 0.1351019943037915, "P": 624474.1764337965, "RHill": 14422664.036775509, "spacing": "linear", "period_ratio": NaN}, "II": {"m": 2.009962483112694e+22, "r": 1011570.2992854749, "msmp": 0.00039728300640104485, "rsrp": 0.056270601412517836, "a": 811244566.7401457, "aRp": 45.127085774809615, "e": 0.0, "inc": -0.13937847861960917, "pomega": 2.5128970940505218, "f": 3.7558354416454036, "P": 2497896.705735186, "RHill": 41350241.07065837, "spacing": "linear", "period_ratio": 4.0}, "III": {"m": 1.0173884173780303e+22, "r": 1182174.7492915906, "msmp": 0.0002010938674375659, "rsrp": 0.0657608118430504, "a": 1178009449.3986847, "aRp": 65.52910878672019, "e": 0.0, "inc": -0.13937847861960917, "pomega": 3.1821232518809306, "f": 2.7221480898791848, "P": 4371319.235036576, "RHill": 47852867.227847494, "spacing": "linear", "period_ratio": 1.75}}