{"Planet": {"m": 3.2056181347032347e+25, "Rp": 13281260.85, "Rstar": 619173000.0, "RpRstar": 0.02145, "rhostar": 1839.793577253643, "impact": 0.1281250905341118, "q1": 0.37871715999999994, "q2": 0.34367890802729933, "a": 142799463375.9007, "Pp": 355.142341067589, "rhoplan": 3266.6699496305937, "aRp": null, "e": null, "inc": null, "pomega": null, "f": null, "P": 30684298.268239688, "RHill": 2571730803.1964593}, "I": {"m": 3.5727377806774707e+22, "r": 1673289.4050307465, "msmp": 0.0011145238236581858, "rsrp": 0.1259887463945674, "a": 383745474.2778873, "aRp": 28.893753282308833, "e": 0.0, "inc": 0.06913940561205659, "pomega": 5.848973781300889, "f": 5.711986642890533, "P": 1020573.1357292596, "RHill": 27586671.316769674, "spacing": "linear", "period_ratio": NaN}, "II": {"m": 2.2902165260753013e+22, "r": 1341256.340298039, "msmp": 0.000714438348498837, "rsrp": 0.10098863017949376, "a": 833205356.8722996, "aRp": 62.73541091336216, "e": 0.0, "inc": 0.06913940561205659, "pomega": 3.5710913192020795, "f": 4.6072921964437175, "P": 3265834.034333631, "RHill": 51645587.38512928, "spacing": "linear", "period_ratio": 3.2}}