{"Planet": {"m": 1.4275767753768167e+25, "Rp": 8465138.459999999, "Rstar": 577431000.0, "RpRstar": 0.014659999999999998, "rhostar": 2120.38862181979, "impact": 0.011877423349908378, "q1": 0.37871715999999994, "q2": 0.34367890802729933, "a": 152855394097.7202, "Pp": 406.79951279268136, "rhoplan": 5618.348397321803, "aRp": null, "e": null, "inc": null, "pomega": null, "f": null, "P": 35147477.90528767, "RHill": 2150001295.7855177}, "I": {"m": 7.83281133627641e+21, "r": 979123.3570369424, "msmp": 0.0005486788151347514, "rsrp": 0.11566536822327919, "a": 239113951.57776928, "aRp": 28.246903781626898, "e": 0.0, "inc": 0.1126373603672308, "pomega": 5.366376890020369, "f": 1.4905206069236903, "P": 752429.012728874, "RHill": 13572834.776852475, "spacing": "logarithmic", "period_ratio": NaN}}