{"Planet": {"m": 2.499284467823272e+25, "Rp": 11176420.5, "Rstar": 591345000.0, "RpRstar": 0.0189, "rhostar": 1974.2082620060607, "impact": 0.3108369638320092, "q1": 0.39904488999999993, "q2": 0.24908975779642237, "a": 210089693387.23846, "Pp": 655.4884300868681, "rhoplan": 4273.84611854973, "aRp": null, "e": null, "inc": null, "pomega": null, "f": null, "P": 56634200.35950541, "RHill": 3561514951.3919134}, "I": {"m": 1.7658361771489055e+22, "r": 1332221.8417822209, "msmp": 0.0007065366907540716, "rsrp": 0.11919933057119861, "a": 47849071.481617376, "aRp": 4.28125189828151, "e": 0.0, "inc": -0.083592177095718, "pomega": 3.18463677735635, "f": 3.6213618287104667, "P": 50900.97075903564, "RHill": 2954912.802693629, "spacing": "logarithmic", "period_ratio": NaN}, "II": {"m": 4.414590442872264e+22, "r": 1820194.834276857, "msmp": 0.0017663417268851793, "rsrp": 0.16286026767486578, "a": 120614653.97283436, "aRp": 10.791885825415603, "e": 0.0, "inc": -0.083592177095718, "pomega": 2.2244700457461484, "f": 0.8633960008065559, "P": 203603.88303614256, "RHill": 10109225.864711545, "spacing": "logarithmic", "period_ratio": 4.0}, "III": {"m": 1.1772241180992712e+22, "r": 1042304.4099912456, "msmp": 0.0004710244605027148, "rsrp": 0.09325923357941351, "a": 191381269.96819904, "aRp": 17.12366405399645, "e": 0.0, "inc": -0.083592177095718, "pomega": 1.9416984297614683, "f": 4.217695747753714, "P": 407207.7660722851, "RHill": 10324606.319200393, "spacing": "logarithmic", "period_ratio": 2.0}, "IV": {"m": 3.531672354297811e+22, "r": 1476783.036319862, "msmp": 0.0014130733815081432, "rsrp": 0.13213381120725207, "a": 498350853.38074666, "aRp": 44.589486712740154, "e": 0.0, "inc": -0.083592177095718, "pomega": 1.0085520970120248, "f": 5.495823452004467, "P": 1710272.6175035976, "RHill": 38774811.32280836, "spacing": "logarithmic", "period_ratio": 4.2}}