{"Planet": {"m": 5.059271226627044e+25, "Rp": 18321259.499999996, "Rstar": 800054999.9999999, "RpRstar": 0.0229, "rhostar": 964.0312433828074, "impact": 0.4548491755936678, "q1": 0.25, "q2": 0.2, "a": 134256182991.86043, "Pp": 304.50173413195904, "rhoplan": 1963.963331799622, "aRp": null, "e": null, "inc": null, "pomega": null, "f": null, "P": 26308949.829001263, "RHill": 2702361521.33773}, "I": {"m": 1.593189798687778e+22, "r": 1032824.804101179, "msmp": 0.00031490499862960275, "rsrp": 0.056373024141772525, "a": 73776118.5005275, "aRp": 4.0268038614117945, "e": 0.0, "inc": 0.09762602766680953, "pomega": 3.838153400965388, "f": 3.40771216329982, "P": 68507.53779428938, "RHill": 3480181.5664805565, "spacing": "logarithmic", "period_ratio": NaN}, "II": {"m": 7.567651543766941e+21, "r": 1149391.3338346337, "msmp": 0.00014957987434906122, "rsrp": 0.06273538857056382, "a": 117105835.9262497, "aRp": 6.391800516020731, "e": 0.0, "inc": 0.09762602766680953, "pomega": 5.228761370241158, "f": 1.3723849095789795, "P": 137015.07558857877, "RHill": 4310184.309872503, "spacing": "logarithmic", "period_ratio": 2.0}, "III": {"m": 2.1508062282284987e+22, "r": 1387083.437934397, "msmp": 0.0004251217481499634, "rsrp": 0.07570895646854395, "a": 243612322.5726602, "aRp": 13.296701712710322, "e": 0.0, "inc": 0.09762602766680953, "pomega": 1.3780403418986733, "f": 3.3109414324961737, "P": 411045.2267657363, "RHill": 12700766.79242075, "spacing": "logarithmic", "period_ratio": 3.0}, "IV": {"m": 3.5050175571131105e+22, "r": 1596810.2306410961, "msmp": 0.0006927909969851258, "rsrp": 0.08715613850898714, "a": 478218576.4371674, "aRp": 26.101839583526857, "e": 0.0, "inc": 0.09762602766680953, "pomega": 5.775453161144872, "f": 1.5345073027435294, "P": 1130374.3736057747, "RHill": 29339549.143885393, "spacing": "logarithmic", "period_ratio": 2.75}}