{"Planet": {"m": 4.375542498899137e+25, "Rp": 16273953.54, "Rstar": 542646000.0, "RpRstar": 0.02999, "rhostar": 2822.2214490554234, "impact": 0.41682096678284364, "q1": 0.39050001, "q2": 0.361577852456393, "a": 29963463252.834946, "Pp": 33.591661831137856, "rhoplan": 2423.6175111241296, "aRp": null, "e": null, "inc": null, "pomega": null, "f": null, "P": 2902319.5822103107, "RHill": 592223614.794966}, "I": {"m": 1.4387239875498138e+22, "r": 1342955.4409189236, "msmp": 0.00032881042474431206, "rsrp": 0.08252176937939837, "a": 55613491.0504861, "aRp": 3.4173313149624556, "e": 0.0, "inc": -0.02794551587601682, "pomega": 1.841785792113548, "f": 5.4172757808976115, "P": 48212.527758051496, "RHill": 2661470.1473902566, "spacing": "logarithmic", "period_ratio": NaN}, "II": {"m": 3.575011120578324e+22, "r": 1618561.2151031161, "msmp": 0.0008170440857282903, "rsrp": 0.09945716086289848, "a": 102457589.90177658, "aRp": 6.29580204035513, "e": 0.0, "inc": -0.02794551587601682, "pomega": 3.26506959256977, "f": 6.151225219720069, "P": 120531.31939512874, "RHill": 6641286.479661079, "spacing": "logarithmic", "period_ratio": 2.5}}