{"Planet": {"m": 5.059271226627044e+25, "Rp": 18077834.070000004, "Rstar": 772227000.0000001, "RpRstar": 0.02341, "rhostar": 1092.6679884895682, "impact": 0.24250109438415957, "q1": 0.37234403999999993, "q2": 0.25901343821697803, "a": 129196290635.23358, "Pp": 284.7260683255922, "rhoplan": 2044.3731367763194, "aRp": null, "e": null, "inc": null, "pomega": null, "f": null, "P": 24600332.303331167, "RHill": 2584054617.487908}, "I": {"m": 8.41389812314359e+22, "r": 1991709.948180753, "msmp": 0.0016630652412665838, "rsrp": 0.11017414699507487, "a": 148276665.3199518, "aRp": 8.20212558350757, "e": 0.0, "inc": -0.0025658905894906103, "pomega": 0.36508957530466446, "f": 3.50762480094774, "P": 195065.92467519583, "RHill": 12180603.911055287, "spacing": "logarithmic", "period_ratio": NaN}, "II": {"m": 2.692447399405948e+23, "r": 2893396.6559604267, "msmp": 0.005321808772053066, "rsrp": 0.1600521746552587, "a": 1181810042.3874784, "aRp": 65.37343123138191, "e": 0.0, "inc": -0.0025658905894906103, "pomega": 2.5374039674358606, "f": 3.613192870915354, "P": 4381289.869703803, "RHill": 143062896.22452325, "spacing": "logarithmic", "period_ratio": 22.460559818425935}}