{"Planet": {"m": 1.4574963707087891e+25, "Rp": 8555440.32, "Rstar": 500904000.0, "RpRstar": 0.01708, "rhostar": 2530.629721488239, "impact": 0.07925093850961573, "q1": 0.40411449000000005, "q2": 0.2892873997168476, "a": 146305355839.17578, "Pp": 431.5795610918032, "rhoplan": 5556.377887161368, "aRp": null, "e": null, "inc": null, "pomega": null, "f": null, "P": 37288474.0783318, "RHill": 2251967210.9741645}, "I": {"m": 1.0240589472548263e+21, "r": 756146.3485708043, "msmp": 7.026150924525599e-05, "rsrp": 0.08838193246502646, "a": 76200277.3786742, "aRp": 8.906645891800714, "e": 0.0, "inc": -0.03702213564836457, "pomega": 2.6938709282807167, "f": 1.79402880808058, "P": 133996.3095121265, "RHill": 2180161.296108208, "spacing": "logarithmic", "period_ratio": NaN}, "II": {"m": 1.3933916823303372e+21, "r": 771321.8761063005, "msmp": 9.560172569436469e-05, "rsrp": 0.09015571931501715, "a": 100807337.38966948, "aRp": 11.782834502861622, "e": 0.0, "inc": -0.03702213564836457, "pomega": 4.399926344721619, "f": 1.3887228251692056, "P": 203887.5572942279, "RHill": 3196001.464197736, "spacing": "logarithmic", "period_ratio": 1.521590841095339}, "III": {"m": 1.44375523711336e+21, "r": 662143.3493265609, "msmp": 9.905720975560668e-05, "rsrp": 0.0773944209252062, "a": 150457237.1043948, "aRp": 17.586147699805917, "e": 0.0, "inc": -0.03702213564836457, "pomega": 0.7842199483308455, "f": 0.7496589730438291, "P": 371767.4651752496, "RHill": 4826896.9571968485, "spacing": "logarithmic", "period_ratio": 1.8233945715419801}, "IV": {"m": 1.2590888695756061e+21, "r": 585518.2737799796, "msmp": 8.638710153105244e-05, "rsrp": 0.06843812263072153, "a": 313410222.9337537, "aRp": 36.63285713081261, "e": 0.0, "inc": -0.03702213564836457, "pomega": 1.467898877644916, "f": 1.8455560803266773, "P": 1117697.411491321, "RHill": 9606290.320031213, "spacing": "logarithmic", "period_ratio": 3.0064422419655337}, "V": {"m": 3.021813286981456e+20, "r": 599699.9771558564, "msmp": 2.0732904367452593e-05, "rsrp": 0.07009574665069447, "a": 1051920426.2745498, "aRp": 122.95339420643049, "e": 0.0, "inc": -0.03702213564836457, "pomega": 3.1940624978891727, "f": 0.6993884635354415, "P": 6872948.600135124, "RHill": 20036837.910429783, "spacing": "logarithmic", "period_ratio": 6.1492032901504965}}