{"Planet": {"m": 1.948586072520746e+25, "Rp": 9528307.2, "Rstar": 556560000.0, "RpRstar": 0.01712, "rhostar": 2505.6633596090787, "impact": 0.2158709180266375, "q1": 0.39904488999999993, "q2": 0.24908975779642237, "a": 149192105631.55573, "Pp": 381.3344481950478, "rhoplan": 5377.541030641457, "aRp": null, "e": null, "inc": null, "pomega": null, "f": null, "P": 32947296.32405213, "RHill": 2284351104.277348}, "I": {"m": 1.0429699613841707e+23, "r": 2028529.5565916232, "msmp": 0.005352444914249824, "rsrp": 0.21289506247149792, "a": 120883054.01180586, "aRp": 12.686729287213355, "e": 0.0, "inc": 0.1296734774784066, "pomega": 4.980550729543495, "f": 5.046530773273253, "P": 230943.7298577374, "RHill": 14661410.067661092, "spacing": "logarithmic", "period_ratio": NaN}, "II": {"m": 7.523062016541558e+22, "r": 1857009.0905364365, "msmp": 0.003860779938147414, "rsrp": 0.194893914685752, "a": 191794936.28734815, "aRp": 20.12896228695777, "e": 0.0, "inc": 0.1296734774784066, "pomega": 1.9951108461141303, "f": 3.0055480872327194, "P": 461887.4597154748, "RHill": 20861958.05670266, "spacing": "logarithmic", "period_ratio": 2.0}}