{"Planet": {"m": 6.763945109870982e+25, "Rp": 21773670.749999996, "Rstar": 1356615000.0, "RpRstar": 0.01605, "rhostar": 300.40319255629936, "impact": 0.3032109468902492, "q1": 0.3547393599999999, "q2": 0.24387172599059773, "a": 165444856475.04617, "Pp": 337.9535362877431, "rhoplan": 1564.2872693961385, "aRp": null, "e": null, "inc": null, "pomega": null, "f": null, "P": 29199185.535261, "RHill": 3191233218.9340515}, "I": {"m": 1.9984579447483358e+23, "r": 2177840.0250525004, "msmp": 0.002954574456602081, "rsrp": 0.1000217211906036, "a": 86204535.53065808, "aRp": 3.9591181716871553, "e": 0.0, "inc": -0.1553323833733127, "pomega": 0.28277161598467987, "f": 0.40593436428022933, "P": 74736.28598328868, "RHill": 8576722.215040984, "spacing": "logarithmic", "period_ratio": NaN}, "II": {"m": 5.904534836756449e+22, "r": 1806278.2764339938, "msmp": 0.0008729424530869788, "rsrp": 0.08295699412254565, "a": 194661665.80807018, "aRp": 8.940231899486687, "e": 0.0, "inc": -0.1553323833733127, "pomega": 3.0457644948394296, "f": 0.10368292586104928, "P": 253868.10903698212, "RHill": 12899371.64694754, "spacing": "logarithmic", "period_ratio": 3.3968520872678636}, "III": {"m": 8.175509773970464e+22, "r": 2147267.712766841, "msmp": 0.0012086895504281239, "rsrp": 0.0986176257288561, "a": 277192034.57743704, "aRp": 12.730606509122358, "e": 0.0, "inc": -0.1553323833733127, "pomega": 5.893588858489583, "f": 4.438257608221764, "P": 431306.28168214153, "RHill": 20472863.166588537, "spacing": "logarithmic", "period_ratio": 1.698938410650513}, "IV": {"m": 3.043106415866785e+23, "r": 3040249.75629231, "msmp": 0.004499011104371352, "rsrp": 0.13962963761139405, "a": 730298947.6283524, "aRp": 33.54046067902228, "e": 0.0, "inc": -0.1553323833733127, "pomega": 2.9533924336177675, "f": 4.4533387610742805, "P": 1841421.564131899, "RHill": 83592236.5109016, "spacing": "logarithmic", "period_ratio": 4.269405854582396}}