{"Planet": {"m": 5.2735610556042505e+25, "Rp": 18636133.32, "Rstar": 584388000.0, "RpRstar": 0.03189, "rhostar": 2093.129530744896, "impact": 0.3784860606317271, "q1": 0.39904488999999993, "q2": 0.24908975779642237, "a": 185782990602.62793, "Pp": 538.8543000114822, "rhoplan": 1945.1269146369546, "aRp": null, "e": null, "inc": null, "pomega": null, "f": null, "P": 46557011.52099206, "RHill": 4008704066.731808}, "I": {"m": 4.619442417301986e+21, "r": 939776.7193539549, "msmp": 8.759626310560815e-05, "rsrp": 0.05042766668477315, "a": 102949423.9790966, "aRp": 5.524183703312152, "e": 0.0, "inc": -0.07517884876827259, "pomega": 3.4397596131114168, "f": 6.091528989678859, "P": 110622.0948215828, "RHill": 3170141.8533183257, "spacing": "logarithmic", "period_ratio": NaN}, "II": {"m": 3.4256539274374283e+21, "r": 769517.7552802709, "msmp": 6.49590265726982e-05, "rsrp": 0.04129170692583728, "a": 157396774.12639725, "aRp": 8.445784939598042, "e": 0.0, "inc": -0.07517884876827259, "pomega": 1.2938372384721242, "f": 2.5267214841653285, "P": 209124.3734640391, "RHill": 4387009.535302679, "spacing": "logarithmic", "period_ratio": 1.8904394623996772}, "III": {"m": 1.5571154215624667e+21, "r": 691938.1198687396, "msmp": 2.9526830260317347e-05, "rsrp": 0.037128845774362575, "a": 323113873.97629285, "aRp": 17.33803189900623, "e": 0.0, "inc": -0.07517884876827259, "pomega": 2.0057933293846624, "f": 6.157509033408617, "P": 615108.9060839671, "RHill": 6924484.761778399, "spacing": "logarithmic", "period_ratio": 2.9413544480492653}, "IV": {"m": 7.26653863395818e+20, "r": 698521.2125018244, "msmp": 1.3779187454814764e-05, "rsrp": 0.03748208925679784, "a": 521382887.9494937, "aRp": 27.976988519928323, "e": 0.0, "inc": -0.07517884876827259, "pomega": 6.143056261924956, "f": 2.8076079560434435, "P": 1260831.8909334075, "RHill": 8666775.717724128, "spacing": "logarithmic", "period_ratio": 2.049770176407256}, "V": {"m": 5.709423212395714e+20, "r": 652470.4150803881, "msmp": 1.0826504428783033e-05, "rsrp": 0.03501104032026683, "a": 1555316068.841115, "aRp": 83.45701558015656, "e": 0.0, "inc": -0.07517884876827259, "pomega": 2.510383568575102, "f": 1.6067711601618364, "P": 6496069.381995829, "RHill": 23856551.17363127, "spacing": "logarithmic", "period_ratio": 5.152208973066757}}