{"Planet": {"m": 2.073688972307956e+25, "Rp": 9949205.7, "Rstar": 146097000.0, "RpRstar": 0.0681, "rhostar": 27400.968402478637, "impact": 0.002704798374411954, "q1": 0.11235904, "q2": 0.15244630071599044, "a": 11263264352.470005, "Pp": 17.7851647048485, "rhoplan": 5026.778846399611, "aRp": null, "e": null, "inc": null, "pomega": null, "f": null, "P": 1536638.2304989104, "RHill": 302189191.399762}, "I": {"m": 2.6036234422563377e+22, "r": 1338733.028414746, "msmp": 0.0012555515687381893, "rsrp": 0.1345567745588722, "a": 54275684.23360096, "aRp": 5.455278126735379, "e": 0.0, "inc": 0.05315059078230558, "pomega": 1.9775161677861945, "f": 1.2272288133735105, "P": 67490.19603939673, "RHill": 4059847.6878610165, "spacing": "linear", "period_ratio": NaN}, "II": {"m": 7.748879292429572e+21, "r": 835307.549126344, "msmp": 0.0003736760621244609, "rsrp": 0.08395720968221052, "a": 136725989.1729319, "aRp": 13.74240248876671, "e": 0.0, "inc": 0.05315059078230558, "pomega": 1.4792097422843031, "f": 5.864054934153406, "P": 269960.7841575869, "RHill": 6828244.784823667, "spacing": "linear", "period_ratio": 4.0}, "III": {"m": 2.4486458564077454e+22, "r": 1280997.0233666115, "msmp": 0.0011808163563132967, "rsrp": 0.12875369773152961, "a": 262994692.26441625, "aRp": 26.433737545944624, "e": 0.0, "inc": 0.05315059078230558, "pomega": 2.9615613914128804, "f": 6.256793289687683, "P": 719895.4244202317, "RHill": 19273800.181900706, "spacing": "linear", "period_ratio": 2.6666666666666665}}