{"Planet": {"m": 4.854930951222052e+24, "Rp": 6024205.44, "Rstar": 855711000.0, "RpRstar": 0.00704, "rhostar": 674.2577753454158, "impact": 0.03460518360305531, "q1": 0.26163225000000007, "q2": 0.21691104594330396, "a": 71656062258.86102, "Pp": 128.34948122797934, "rhoplan": 5301.455574860998, "aRp": null, "e": null, "inc": null, "pomega": null, "f": null, "P": 11089395.178097416, "RHill": 695517775.5021415}, "I": {"m": 4.731675052021981e+22, "r": 1648013.2458250492, "msmp": 0.009746122240587076, "rsrp": 0.27356524644435914, "a": 138228546.2152857, "aRp": 22.94552328801152, "e": 0.0, "inc": 0.0011345774715434687, "pomega": 2.507870043099683, "f": 2.2376660544921, "P": 564515.65663153, "RHill": 20472361.43358561, "spacing": "linear", "period_ratio": NaN}}