{"Planet": {"m": 4.46724647110081e+25, "Rp": 16602880.500000002, "Rstar": 772227000.0000001, "RpRstar": 0.0215, "rhostar": 1092.6679884895682, "impact": 0.40606660040777076, "q1": 0.37234403999999993, "q2": 0.25901343821697803, "a": 42657480308.080574, "Pp": 54.018879608396716, "rhoplan": 2330.2417493621538, "aRp": null, "e": null, "inc": null, "pomega": null, "f": null, "P": 4667231.198165476, "RHill": 818522886.2846233}, "I": {"m": 5.058910023182423e+21, "r": 869282.3215907832, "msmp": 0.00011324447970151546, "rsrp": 0.0523573196585245, "a": 151145249.95833203, "aRp": 9.103555853355207, "e": 0.0, "inc": -0.02054457975394866, "pomega": 4.915827448551446, "f": 1.878231911507129, "P": 213808.12979692087, "RHill": 5070215.654561934, "spacing": "linear", "period_ratio": NaN}, "II": {"m": 1.5429675570706392e+22, "r": 1384434.6481435762, "msmp": 0.0003453956630896222, "rsrp": 0.08338520825609605, "a": 185620120.69800046, "aRp": 11.179994983280187, "e": 0.0, "inc": -0.02054457975394866, "pomega": 1.8442993175889675, "f": 5.994129877506358, "P": 290950.8542486607, "RHill": 9030052.16569698, "spacing": "linear", "period_ratio": 1.3608035135287488}, "III": {"m": 9.106038041728363e+21, "r": 972404.6454489528, "msmp": 0.00020384006346272786, "rsrp": 0.05856843006543067, "a": 335479739.29384327, "aRp": 20.206116600902067, "e": 0.0, "inc": -0.02054457975394866, "pomega": 6.130488634547859, "f": 4.100816813146713, "P": 706988.3148189322, "RHill": 13689546.476943826, "spacing": "linear", "period_ratio": 2.4299234887783}}