{"Planet": {"m": 3.34139487626958e+25, "Rp": 13951567.799999999, "Rstar": 514818000.0, "RpRstar": 0.0271, "rhostar": 2783.210914077203, "impact": 0.16735560823242723, "q1": 0.39050001, "q2": 0.361577852456393, "a": 179612493569.19778, "Pp": 537.2365697894827, "rhoplan": 2937.447755526727, "aRp": null, "e": null, "inc": null, "pomega": null, "f": null, "P": 46417239.6298113, "RHill": 3436160377.4731026}, "I": {"m": 5.380590485028772e+22, "r": 1999003.3649906737, "msmp": 0.001610282736482736, "rsrp": 0.14328162925106339, "a": 123295619.44608527, "aRp": 8.837402449213291, "e": 0.0, "inc": -0.12063176778210633, "pomega": 4.239689095663634, "f": 4.863043413567639, "P": 182005.78346470607, "RHill": 10020158.876633676, "spacing": "linear", "period_ratio": NaN}, "II": {"m": 1.0761180970057544e+23, "r": 2181711.481821325, "msmp": 0.003220565472965472, "rsrp": 0.1563775134878623, "a": 310851899.17800266, "aRp": 22.280786190782276, "e": 0.0, "inc": -0.12063176778210633, "pomega": 1.4936625137679644, "f": 4.6330558325667655, "P": 728023.1338588243, "RHill": 31829060.35305042, "spacing": "linear", "period_ratio": 4.0}, "III": {"m": 1.0761180970057544e+23, "r": 2595212.727584652, "msmp": 0.003220565472965472, "rsrp": 0.18601584888435638, "a": 783297702.3483287, "aRp": 56.14406305994719, "e": 0.0, "inc": -0.12063176778210633, "pomega": 0.42541418671472947, "f": 2.5663095104031837, "P": 2912092.535435297, "RHill": 80204206.27436513, "spacing": "linear", "period_ratio": 4.0}}