{"Planet": {"m": 1.2866141483495947e+26, "Rp": 31644192.78, "Rstar": 897453000.0, "RpRstar": 0.03526, "rhostar": 755.231334372913, "impact": 0.2600757717101324, "q1": 0.25, "q2": 0.2, "a": 24889706965.552376, "Pp": 23.114198915650597, "rhoplan": 969.3433799673501, "aRp": null, "e": null, "inc": null, "pomega": null, "f": null, "P": 1997066.7863122115, "RHill": 661293452.3996296}, "I": {"m": 7.281044652174806e+23, "r": 2861451.477393736, "msmp": 0.005659073982292649, "rsrp": 0.0904258009451343, "a": 300418373.2494662, "aRp": 9.493633645138797, "e": 0.0, "inc": 0.14670959458958235, "pomega": 5.781108593464566, "f": 2.8673041860846538, "P": 352060.41128046886, "RHill": 37119421.20423069, "spacing": "logarithmic", "period_ratio": NaN}}