{"Planet": {"m": 6.48909389917624e+25, "Rp": 20837606.4, "Rstar": 667872000.0, "RpRstar": 0.0312, "rhostar": 1625.3158239222503, "impact": 0.002074103252756365, "q1": 0.25, "q2": 0.2, "a": 25353659354.30882, "Pp": 25.232730660728258, "rhoplan": 1712.1900070663849, "aRp": null, "e": null, "inc": null, "pomega": null, "f": null, "P": 2180107.9290869213, "RHill": 558075415.8366861}, "I": {"m": 3.8023400103977295e+23, "r": 3061400.695835543, "msmp": 0.005859585435927224, "rsrp": 0.14691709964516572, "a": 65368790.53414708, "aRp": 3.1370585123513552, "e": 0.0, "inc": -0.061075178045086095, "pomega": 5.949514800317664, "f": 0.48573879812479454, "P": 50312.04524068989, "RHill": 8171196.635629699, "spacing": "logarithmic", "period_ratio": NaN}, "II": {"m": 1.6131139438050977e+23, "r": 2206606.238218952, "msmp": 0.002485884730393368, "rsrp": 0.10589537952972142, "a": 159003426.42405522, "aRp": 7.630599377482014, "e": 0.0, "inc": -0.061075178045086095, "pomega": 1.4484190552104157, "f": 5.498965358848741, "P": 191185.77191462158, "RHill": 14934581.61344976, "spacing": "logarithmic", "period_ratio": 3.8}}