{"Planet": {"m": 3.632302892723745e+23, "Rp": 2921940.0, "Rstar": 139140000.0, "RpRstar": 0.021, "rhostar": 88111.23901922035, "impact": 0.3601653226552173, "q1": 0.3602400400000001, "q2": 0.23017327557480835, "a": 25682746250.837704, "Pp": 36.74408344791825, "rhoplan": 3475.998385081951, "aRp": null, "e": null, "inc": null, "pomega": null, "f": null, "P": 3174688.8099001367, "RHill": 127302350.7293376}, "I": {"m": 1.1504280401944609e+21, "r": 618744.9595844444, "msmp": 0.0031672139526111834, "rsrp": 0.2117582700481339, "a": 22710080.885231964, "aRp": 7.772261198119046, "e": 0.0, "inc": 0.13658567253580986, "pomega": 6.0695356417689394, "f": 2.2496053005003422, "P": 137888.27382183078, "RHill": 2312441.3685289957, "spacing": "linear", "period_ratio": NaN}, "II": {"m": 9.039077458670763e+20, "r": 661782.5796582777, "msmp": 0.0024885252484802152, "rsrp": 0.2264873952436661, "a": 57212909.69457628, "aRp": 19.58045329287264, "e": 0.0, "inc": 0.13658567253580986, "pomega": 3.6873418724402254, "f": 5.580026555431016, "P": 551553.0952873231, "RHill": 5375691.047759602, "spacing": "linear", "period_ratio": 4.0}, "III": {"m": 4.9304058865476895e+20, "r": 631242.5542267262, "msmp": 0.0013573774082619356, "rsrp": 0.21603542654083457, "a": 118962870.71920328, "aRp": 40.713659664196825, "e": 0.0, "inc": 0.13658567253580986, "pomega": 2.7127223693463622, "f": 4.0901343298761805, "P": 1654659.2858619695, "RHill": 9132812.811855733, "spacing": "linear", "period_ratio": 3.0}}