{"Planet": {"m": 6.762214824645385e+26, "Rp": 55538009.28, "Rstar": 1405314000.0, "RpRstar": 0.03952, "rhostar": 277.0844776645601, "impact": 0.2739803593605863, "q1": 0.3547393599999999, "q2": 0.24387172599059773, "a": 198294177533.56927, "Pp": 437.89719653024264, "rhoplan": 942.3873070965294, "aRp": null, "e": null, "inc": null, "pomega": null, "f": null, "P": 37834317.78021296, "RHill": 8171320097.761963}, "I": {"m": 1.6828546230465484e+24, "r": 4281785.077485325, "msmp": 0.002488614554085537, "rsrp": 0.07709648100453709, "a": 126461501.6565507, "aRp": 2.2770261897394155, "e": 0.0, "inc": 0.14409133888602052, "pomega": 0.08797339163967818, "f": 1.7387312476213537, "P": 42007.83525310474, "RHill": 11882389.797568105, "spacing": "logarithmic", "period_ratio": NaN}, "II": {"m": 2.9718496534651815e+24, "r": 5274805.224811763, "msmp": 0.004394787404023396, "rsrp": 0.0949764907528166, "a": 318864860.9621703, "aRp": 5.741380814616233, "e": 0.0, "inc": 0.14409133888602052, "pomega": 1.1599920069060423, "f": 5.96459595317018, "P": 168031.34101241897, "RHill": 36214197.67977779, "spacing": "logarithmic", "period_ratio": 4.0}, "III": {"m": 1.6828546230465484e+24, "r": 4846534.4781682305, "msmp": 0.002488614554085537, "rsrp": 0.08726518182770973, "a": 748514117.5760347, "aRp": 13.477510758484907, "e": 0.0, "inc": 0.14409133888602052, "pomega": 3.483746308931256, "f": 5.831379102972954, "P": 604912.8276447083, "RHill": 70330783.6575927, "spacing": "logarithmic", "period_ratio": 3.6}, "IV": {"m": 3.5805417511628714e+23, "r": 2851165.1160683357, "msmp": 0.0005294924583160721, "rsrp": 0.051337186064662914, "a": 1641241104.227337, "aRp": 29.551673268533417, "e": 0.0, "inc": 0.14409133888602052, "pomega": 4.329547631409876, "f": 2.9533924336177675, "P": 1965966.6898453021, "RHill": 92063021.96687368, "spacing": "logarithmic", "period_ratio": 3.25}}