{"Planet": {"m": 4.7491894460351554e+29, "Rp": 189962832.95999998, "Rstar": 6344783999.999999, "RpRstar": 0.02994, "rhostar": 4.4418580644570955, "impact": 0.013334902671337856, "q1": 0.37368768999999996, "q2": 0.2746605594634386, "a": 23280171023.961285, "Pp": 13.829522498422273, "rhoplan": 16539.598835857076, "aRp": null, "e": null, "inc": null, "pomega": null, "f": null, "P": 1194870.7438636844, "RHill": 7490617872.249065}, "I": {"m": 2.158339981137077e+27, "r": 95692700.082691, "msmp": 0.004544649156792344, "rsrp": 0.5037443303598277, "a": 1998136169.187384, "aRp": 10.518563752984916, "e": 0.0, "inc": -0.09053928222916878, "pomega": 5.793676220841663, "f": 5.54672234288171, "P": 99453.54293519355, "RHill": 229483492.21278977, "spacing": "logarithmic", "period_ratio": NaN}}