{"Planet": {"m": 3.706532754861441e+25, "Rp": 14495674.769999998, "Rstar": 967022999.9999999, "RpRstar": 0.01499, "rhostar": 698.165736215379, "impact": 0.46832713658492164, "q1": 0.22127616000000003, "q2": 0.19313350340136054, "a": 220888202656.37265, "Pp": 568.2510240891321, "rhoplan": 2905.1189795396645, "aRp": null, "e": null, "inc": null, "pomega": null, "f": null, "P": 49096888.48130102, "RHill": 3692627787.664986}, "I": {"m": 3.365427303258838e+21, "r": 842252.8212229075, "msmp": 9.079718232207139e-05, "rsrp": 0.0581037333264416, "a": 344849594.5442113, "aRp": 23.789826966724323, "e": 0.0, "inc": -0.16510720466661027, "pomega": 1.060079369258122, "f": 5.960825664957052, "P": 808943.0524321963, "RHill": 10746822.896684075, "spacing": "linear", "period_ratio": NaN}, "II": {"m": 7.572211432332385e+21, "r": 912688.794213754, "msmp": 0.0002042936602246606, "rsrp": 0.06296283606628918, "a": 455659572.3864689, "aRp": 31.43417464977168, "e": 0.0, "inc": -0.16510720466661027, "pomega": 0.5014483323461656, "f": 2.161003527491809, "P": 1228597.0705613988, "RHill": 18607372.129848093, "spacing": "linear", "period_ratio": 1.5187683074444562}, "III": {"m": 6.029723918338747e+21, "r": 895704.8726411113, "msmp": 0.00016267828499371112, "rsrp": 0.06179118163542458, "a": 648637455.723825, "aRp": 44.746965285550836, "e": 0.0, "inc": -0.16510720466661027, "pomega": 3.943721470933002, "f": 1.6551565255636596, "P": 2086703.7587153292, "RHill": 24551128.931157507, "spacing": "linear", "period_ratio": 1.698444354715761}, "IV": {"m": 1.0516960322683868e+22, "r": 1202862.7255788138, "msmp": 0.00028374119475647305, "rsrp": 0.08298080252657421, "a": 966498621.6986699, "aRp": 66.67496594907875, "e": 0.0, "inc": -0.16510720466661027, "pomega": 1.1700461088077199, "f": 0.1866292665498887, "P": 3795188.391989031, "RHill": 44035366.82675535, "spacing": "linear", "period_ratio": 1.8187480499510498}, "V": {"m": 3.926331853801977e+21, "r": 851420.7892611187, "msmp": 0.0001059300460424166, "rsrp": 0.05873619564252398, "a": 1550661179.4667869, "aRp": 106.97405978478552, "e": 0.0, "inc": -0.16510720466661027, "pomega": 4.723542749681863, "f": 4.0901343298761805, "P": 7713392.93918696, "RHill": 50872476.90691533, "spacing": "linear", "period_ratio": 2.0324137150789574}}