{"Planet": {"m": 1.9480876045945105e+26, "Rp": 40155804.0, "Rstar": 542646000.0, "RpRstar": 0.074, "rhostar": 2376.607536046672, "impact": 0.02959687908324904, "q1": 0.25, "q2": 0.2, "a": 49682168375.82233, "Pp": 78.15189939795768, "rhoplan": 718.2487789755419, "aRp": null, "e": null, "inc": null, "pomega": null, "f": null, "P": 6752324.107983544, "RHill": 1710662437.5623577}, "I": {"m": 1.8121597668358587e+23, "r": 2289194.9507689513, "msmp": 0.0009302249870908937, "rsrp": 0.057007822599416794, "a": 125600811.04843146, "aRp": 3.127837038163436, "e": 0.0, "inc": -0.13173317196520856, "pomega": 3.043879350732865, "f": 5.832007484341808, "P": 77528.16928069369, "RHill": 8501222.03533216, "spacing": "logarithmic", "period_ratio": NaN}, "II": {"m": 6.213119200580085e+23, "r": 2968805.609972539, "msmp": 0.0031893428128830633, "rsrp": 0.07393216706537713, "a": 320470420.28897035, "aRp": 7.980674980109235, "e": 0.0, "inc": -0.13173317196520856, "pomega": 5.32113343146282, "f": 0.7603414563143615, "P": 315619.0694026488, "RHill": 32707543.87253876, "spacing": "logarithmic", "period_ratio": 4.071024407398785}, "III": {"m": 3.106559600290043e+23, "r": 2430518.997975188, "msmp": 0.0015946714064415317, "rsrp": 0.06052721539270357, "a": 817156497.1528673, "aRp": 20.34964851289909, "e": 0.0, "inc": -0.13173317196520856, "pomega": 2.8647906606092346, "f": 2.8968381104208314, "P": 1286129.2622469994, "RHill": 66194497.38153043, "spacing": "logarithmic", "period_ratio": 4.074941557495784}}