{"Planet": {"m": 5.059271226627044e+25, "Rp": 17799623.639999997, "Rstar": 480032999.99999994, "RpRstar": 0.037079999999999995, "rhostar": 3175.6727212574674, "impact": 0.17538625693732746, "q1": 0.40411449000000005, "q2": 0.2892873997168476, "a": 126354965040.89194, "Pp": 329.5910809321878, "rhoplan": 2141.7407232836204, "aRp": null, "e": null, "inc": null, "pomega": null, "f": null, "P": 28476669.39254103, "RHill": 2848844018.461348}, "I": {"m": 1.4551627875992117e+22, "r": 1140316.0059604465, "msmp": 0.0002876230038707277, "rsrp": 0.06406405152285831, "a": 77517320.3726795, "aRp": 4.354997720203454, "e": 0.0, "inc": -0.05835219211338177, "pomega": 0.21867671636148575, "f": 3.644611939358096, "P": 73785.10592277246, "RHill": 3547857.809089927, "spacing": "logarithmic", "period_ratio": NaN}, "II": {"m": 7.730552309120811e+22, "r": 1976068.6917891959, "msmp": 0.0015279972080632408, "rsrp": 0.1110174423771803, "a": 161309144.4373895, "aRp": 9.06250310118296, "e": 0.0, "inc": -0.05835219211338177, "pomega": 5.8615414086779865, "f": 4.582785323058379, "P": 221355.31776831739, "RHill": 12882280.652190428, "spacing": "logarithmic", "period_ratio": 3.0}, "III": {"m": 6.366337195746548e+22, "r": 1792612.8389585372, "msmp": 0.0012583506419344332, "rsrp": 0.10071071586761582, "a": 406437090.96548676, "aRp": 22.834027234830167, "e": 0.0, "inc": -0.05835219211338177, "pomega": 1.2831547552015918, "f": 1.1379986589961228, "P": 885421.2710732695, "RHill": 30424268.212141678, "spacing": "logarithmic", "period_ratio": 4.0}, "IV": {"m": 1.7280058102740639e+22, "r": 1215128.174408366, "msmp": 0.00034155231709648916, "rsrp": 0.06826707120243168, "a": 1079962772.814321, "aRp": 60.673348754823515, "e": 0.0, "inc": -0.05835219211338177, "pomega": 5.130105495330947, "f": 3.9091604956459856, "P": 3836825.507984168, "RHill": 52342457.89180818, "spacing": "logarithmic", "period_ratio": 4.333333333333333}}