{"Planet": {"m": 2.6590628538077622e+26, "Rp": 46264050.0, "Rstar": 925281000.0, "RpRstar": 0.05, "rhostar": 701.1036528116343, "impact": 0.1542369843312552, "q1": 0.379456, "q2": 0.25681818181818183, "a": 16069168242.245943, "Pp": 11.887284495718184, "rhoplan": 641.0753052710784, "aRp": null, "e": null, "inc": null, "pomega": null, "f": null, "P": 1027061.3804300511, "RHill": 540711064.4682267}, "I": {"m": 3.212721895178887e+23, "r": 2628689.405761545, "msmp": 0.0012082158534080113, "rsrp": 0.056819266920244665, "a": 75742833.21724, "aRp": 1.6371855299577103, "e": 0.0, "inc": -0.14464990010278037, "pomega": 3.5585236918249823, "f": 0.9400585278068468, "P": 31071.543087089747, "RHill": 5593487.062886103, "spacing": "logarithmic", "period_ratio": NaN}, "II": {"m": 9.209802766179475e+23, "r": 3383703.333626185, "msmp": 0.003463552113102965, "rsrp": 0.07313893473714872, "a": 191003183.7509357, "aRp": 4.128544382753687, "e": 0.0, "inc": -0.14464990010278037, "pomega": 5.630925446308258, "f": 5.999156928457197, "P": 124286.17234835899, "RHill": 20037372.11816108, "spacing": "logarithmic", "period_ratio": 4.0}, "III": {"m": 7.067988169393555e+23, "r": 3544100.940061647, "msmp": 0.002658074877497626, "rsrp": 0.076605937873179, "a": 539577001.6568168, "aRp": 11.66298673931091, "e": 0.0, "inc": -0.14464990010278037, "pomega": 4.043005727212067, "f": 2.0309285841388562, "P": 590359.3186547052, "RHill": 51824535.21620023, "spacing": "logarithmic", "period_ratio": 4.75}}