{"Planet": {"m": 5.49692731649152e+25, "Rp": 18948293.91, "Rstar": 633087000.0, "RpRstar": 0.029930000000000002, "rhostar": 1777.2589883264473, "impact": 0.07270204183396212, "q1": 0.37871715999999994, "q2": 0.34367890802729933, "a": 83562371024.39731, "Pp": 156.44378646839797, "rhoplan": 1928.9503426322597, "aRp": null, "e": null, "inc": null, "pomega": null, "f": null, "P": 13516743.150869586, "RHill": 1782107217.152308}, "I": {"m": 6.790158485601039e+22, "r": 1755973.6295547225, "msmp": 0.001235264374922632, "rsrp": 0.09267185942413549, "a": 71369659.79807103, "aRp": 3.7665480669162275, "e": 0.0, "inc": 0.16618941702408255, "pomega": 1.9530092944008557, "f": 6.117292625801908, "P": 62505.665060512096, "RHill": 5309576.068699915, "spacing": "logarithmic", "period_ratio": NaN}, "II": {"m": 8.583785255382443e+22, "r": 2121178.518194671, "msmp": 0.0015615606249021947, "rsrp": 0.11194562044845709, "a": 179859807.55479732, "aRp": 9.492137308461103, "e": 0.0, "inc": 0.16618941702408255, "pomega": 5.456863807135466, "f": 4.080080227974503, "P": 250022.66024204838, "RHill": 14468160.660284624, "spacing": "logarithmic", "period_ratio": 4.0}, "III": {"m": 5.252764111502684e+22, "r": 2048106.995988341, "msmp": 0.0009555818749401482, "rsrp": 0.1080892562526407, "a": 304178348.3960007, "aRp": 16.05307316008382, "e": 0.0, "inc": 0.16618941702408255, "pomega": 4.863671794936494, "f": 6.001042072563761, "P": 550049.8525325065, "RHill": 20773540.15340755, "spacing": "logarithmic", "period_ratio": 2.2}, "IV": {"m": 1.0249295827322326e+23, "r": 2150712.439310417, "msmp": 0.0018645499998832186, "rsrp": 0.11350427904094174, "a": 535275733.9865904, "aRp": 28.249283894846993, "e": 0.0, "inc": 0.16618941702408255, "pomega": 0.17908869012363057, "f": 3.6653485245303057, "P": 1283449.6559091818, "RHill": 45680251.0523824, "spacing": "logarithmic", "period_ratio": 2.3333333333333335}, "V": {"m": 1.114610921221302e+23, "r": 2310088.310704575, "msmp": 0.0020276981248729987, "rsrp": 0.12191537252255841, "a": 1113478829.8754969, "aRp": 58.764067897841514, "e": 0.0, "inc": 0.16618941702408255, "pomega": 4.957929000264721, "f": 6.136144066867553, "P": 3850348.9677275456, "RHill": 97718317.18033013, "spacing": "logarithmic", "period_ratio": 3.0}}