{"Planet": {"m": 2.889087100220278e+26, "Rp": 48025979.82, "Rstar": 633087000.0, "RpRstar": 0.07586, "rhostar": 1758.5509989756426, "impact": 0.39689297253134936, "q1": 0.37871715999999994, "q2": 0.34367890802729933, "a": 99468008113.08821, "Pp": 204.23865968317824, "rhoplan": 622.6490412563609, "aRp": null, "e": null, "inc": null, "pomega": null, "f": null, "P": 17646220.1966266, "RHill": 3701280165.60478}, "I": {"m": 1.9786281287463415e+24, "r": 5164358.100184531, "msmp": 0.006848627473347832, "rsrp": 0.10753259214159498, "a": 170865013.85872343, "aRp": 3.55776216329413, "e": 0.0, "inc": 0.09783548812309448, "pomega": 4.037350294892374, "f": 4.641853171730734, "P": 100715.0370828243, "RHill": 22498172.507591136, "spacing": "linear", "period_ratio": NaN}}