{"Planet": {"m": 1.2343329055797821e+26, "Rp": 30451484.7, "Rstar": 1287045000.0, "RpRstar": 0.02366, "rhostar": 269.41481648267325, "impact": 0.4090466009343461, "q1": 0.26163225000000007, "q2": 0.21691104594330396, "a": 123998542516.74257, "Pp": 250.57131631810813, "rhoplan": 1043.5620599248778, "aRp": null, "e": null, "inc": null, "pomega": null, "f": null, "P": 21649361.729884543, "RHill": 3194649164.0924883}, "I": {"m": 2.6045368496870893e+22, "r": 1603372.8323419832, "msmp": 0.00021100764938804776, "rsrp": 0.052653354939438575, "a": 140662935.7114514, "aRp": 4.619247209035144, "e": 0.0, "inc": -0.08708318470046715, "pomega": 4.818428336378945, "f": 1.986941888319017, "P": 115474.0914541224, "RHill": 5806378.268028693, "spacing": "linear", "period_ratio": NaN}, "II": {"m": 1.2650607555623002e+22, "r": 1107730.5834351385, "msmp": 0.00010248942970276603, "rsrp": 0.03637689900338877, "a": 292580115.119285, "aRp": 9.608073892018966, "e": 0.0, "inc": -0.08708318470046715, "pomega": 5.74529085543984, "f": 1.8832589624579679, "P": 346422.2743623672, "RHill": 9493596.014930177, "spacing": "linear", "period_ratio": 3.0}, "III": {"m": 2.2324601568746476e+22, "r": 1188853.4661745296, "msmp": 0.00018086369947546948, "rsrp": 0.039040903190330475, "a": 574307665.7982113, "aRp": 18.85975910390377, "e": 0.0, "inc": -0.08708318470046715, "pomega": 2.9364261366586866, "f": 2.9703587305768484, "P": 952661.2544965099, "RHill": 22519288.507833794, "spacing": "linear", "period_ratio": 2.75}, "IV": {"m": 1.4510991019685209e+22, "r": 1187144.561702349, "msmp": 0.00011756140465905516, "rsrp": 0.03898478426906879, "a": 1010306873.1564152, "aRp": 33.1775899635007, "e": 0.0, "inc": -0.08708318470046715, "pomega": 3.410854070144094, "f": 4.004046082343067, "P": 2222876.2604918564, "RHill": 34316354.43628563, "spacing": "linear", "period_ratio": 2.3333333333333335}, "V": {"m": 7.44153385624883e+21, "r": 887654.8174281943, "msmp": 6.0287899825156526e-05, "rsrp": 0.029149804227056108, "a": 1860965646.8121805, "aRp": 61.11247662128542, "e": 0.0, "inc": -0.08708318470046715, "pomega": 2.798810616879476, "f": 2.678161394059346, "P": 5557190.6512296405, "RHill": 50595045.366727754, "spacing": "linear", "period_ratio": 2.5}}