{"Planet": {"m": 5.78979743187793e+25, "Rp": 19488296.250000004, "Rstar": 939195000.0000001, "RpRstar": 0.02075, "rhostar": 693.3225981454475, "impact": 0.46524467795484037, "q1": 0.31292836, "q2": 0.2426707186271005, "a": 180083990681.67764, "Pp": 438.5560003848766, "rhoplan": 1867.4678821536415, "aRp": null, "e": null, "inc": null, "pomega": null, "f": null, "P": 37891238.43325334, "RHill": 3604890278.8827}, "I": {"m": 9.484050099497777e+22, "r": 1725028.0211763221, "msmp": 0.0016380625075550544, "rsrp": 0.08851610212854404, "a": 120981331.06436762, "aRp": 6.207896755693438, "e": 0.0, "inc": -0.026479292682022176, "pomega": 2.729060284936588, "f": 5.0163684675682205, "P": 134390.15342542517, "RHill": 9888295.361322504, "spacing": "logarithmic", "period_ratio": NaN}, "II": {"m": 5.123567295130983e+22, "r": 1535466.8507043868, "msmp": 0.0008849303201734202, "rsrp": 0.07878917843854034, "a": 216812156.86398658, "aRp": 11.125249436003752, "e": 0.0, "inc": -0.026479292682022176, "pomega": 0.8998421202001368, "f": 2.7516820142153624, "P": 322536.3682210204, "RHill": 14432655.214758957, "spacing": "logarithmic", "period_ratio": 2.4}}