{"Planet": {"m": 1.3404237575768722e+28, "Rp": 62638045.2, "Rstar": 848754000.0, "RpRstar": 0.0738, "rhostar": 892.8317777444227, "impact": 0.385374350095806, "q1": 0.29822521, "q2": 0.23274125618018676, "a": 25417201482.479702, "Pp": 23.78394035446402, "rhoplan": 13020.837524734816, "aRp": null, "e": null, "inc": null, "pomega": null, "f": null, "P": 2054932.4466256911, "RHill": 3177606403.46199}, "I": {"m": 9.778424991697787e+24, "r": 7490090.329987997, "msmp": 0.0007295025126512652, "rsrp": 0.11957733205230991, "a": 218319923.54534838, "aRp": 3.485420447720938, "e": 0.0, "inc": -0.17303179192939083, "pomega": 2.9244868906504444, "f": 2.1226722639916633, "P": 21420.8969708567, "RHill": 13626841.873130541, "spacing": "linear", "period_ratio": NaN}, "II": {"m": 4.106938496513069e+25, "r": 17605865.9535033, "msmp": 0.0030639105531353127, "rsrp": 0.281073042705734, "a": 502285414.6595427, "aRp": 8.018855203028313, "e": 0.0, "inc": -0.17303179192939083, "pomega": 1.4572163943743837, "f": 1.5414194978009328, "P": 74665.07344487676, "RHill": 50582719.70758929, "spacing": "linear", "period_ratio": 3.485618438222227}, "III": {"m": 5.084780995682848e+25, "r": 11191132.195818165, "msmp": 0.0037934130657865783, "rsrp": 0.1786634969224449, "a": 1384915824.5223436, "aRp": 22.10981872279666, "e": 0.0, "inc": -0.17303179192939083, "pomega": 4.99940217060914, "f": 3.370009281168529, "P": 341718.77749727573, "RHill": 149759025.25727302, "spacing": "linear", "period_ratio": 4.576688426477711}}