{"Planet": {"m": 5.849840414306613e+25, "Rp": 19504923.48, "Rstar": 925281000.0, "RpRstar": 0.02108, "rhostar": 671.1419582470346, "impact": 0.2306347421482562, "q1": 0.26163225000000007, "q2": 0.21691104594330396, "a": 58667839958.4367, "Pp": 84.76093554313668, "rhoplan": 1882.0131631585289, "aRp": null, "e": null, "inc": null, "pomega": null, "f": null, "P": 7323344.83092701, "RHill": 1209204372.3013031}, "I": {"m": 1.0127852403603607e+22, "r": 1089167.6987909535, "msmp": 0.00017313040504206767, "rsrp": 0.05584065479199478, "a": 74811199.76458843, "aRp": 3.835503371305122, "e": 0.0, "inc": -0.021138051046756007, "pomega": 6.036231429219633, "f": 0.010054101901677506, "P": 65060.490811784744, "RHill": 2891017.0289213695, "spacing": "logarithmic", "period_ratio": NaN}, "II": {"m": 1.322247397137138e+22, "r": 1245826.8731462525, "msmp": 0.00022603136213825506, "rsrp": 0.06387243069288126, "a": 147578918.24427584, "aRp": 7.566239282896989, "e": 0.0, "inc": -0.021138051046756007, "pomega": 5.427329882799289, "f": 1.254249212234269, "P": 180257.11032371182, "RHill": 6233138.90391268, "spacing": "logarithmic", "period_ratio": 2.7706079077267107}, "III": {"m": 1.0127852403603607e+22, "r": 1098626.0741527742, "msmp": 0.00017313040504206767, "rsrp": 0.056325577246139194, "a": 278669272.42768204, "aRp": 14.287124618223933, "e": 0.0, "inc": -0.021138051046756007, "pomega": 5.365748508651514, "f": 0.43672505135411666, "P": 467736.2519848125, "RHill": 10768943.882208694, "spacing": "logarithmic", "period_ratio": 2.594828304663466}, "IV": {"m": 2.8132923343343363e+21, "r": 890791.9681311696, "msmp": 4.809177917835215e-05, "rsrp": 0.045670108321346235, "a": 338409402.71280307, "aRp": 17.34994772267638, "e": 0.0, "inc": -0.021138051046756007, "pomega": 2.9866966461670743, "f": 0.21113613993522762, "P": 625976.7264692466, "RHill": 8532814.11226157, "spacing": "logarithmic", "period_ratio": 1.3383113321085323}}