{"Planet": {"m": 1.2093037787531302e+25, "Rp": 8086051.53, "Rstar": 368721000.0, "RpRstar": 0.02193, "rhostar": 5208.184631401353, "impact": 0.3076479507316553, "q1": 0.15888196000000002, "q2": 0.16821374811841444, "a": 43063296400.07046, "Pp": 76.06545536993767, "rhoplan": 5460.5612985185335, "aRp": null, "e": null, "inc": null, "pomega": null, "f": null, "P": 6572055.343962614, "RHill": 665205435.8703549}, "I": {"m": 7.318949379550351e+21, "r": 880697.6247439146, "msmp": 0.0006052200868086807, "rsrp": 0.10891565821420317, "a": 44739553.240338996, "aRp": 5.532929523680514, "e": 0.0, "inc": -0.09797512842728444, "pomega": 3.1042039621429303, "f": 4.932793745510526, "P": 66163.02969907585, "RHill": 2623950.689226614, "spacing": "linear", "period_ratio": NaN}, "II": {"m": 5.855159503640281e+21, "r": 1005074.2081981517, "msmp": 0.0004841760694469446, "rsrp": 0.12429727963879939, "a": 74459471.3381543, "aRp": 9.208384470702761, "e": 0.0, "inc": -0.09797512842728444, "pomega": 2.4343494229436664, "f": 2.1987064096230995, "P": 142064.02403441703, "RHill": 4053970.9938925663, "spacing": "linear", "period_ratio": 2.1471813591450655}, "III": {"m": 3.5549182700673135e+21, "r": 950540.5275872585, "msmp": 0.00029396404216421637, "rsrp": 0.11755311279685333, "a": 119069697.85962671, "aRp": 14.725320190932138, "e": 0.0, "inc": -0.09797512842728444, "pomega": 3.410854070144094, "f": 6.262448722007377, "P": 287307.75913952925, "RHill": 5489408.74963773, "spacing": "linear", "period_ratio": 2.022382239925323}, "IV": {"m": 4.809595306561658e+21, "r": 1004016.3486744825, "msmp": 0.0003977160570457044, "rsrp": 0.12416645441220463, "a": 265527132.96936628, "aRp": 32.83767509819051, "e": 0.0, "inc": -0.09797512842728444, "pomega": 4.083850516187632, "f": 3.9933635990725347, "P": 956723.2211402481, "RHill": 13539195.615602223, "spacing": "linear", "period_ratio": 3.329959566722392}}