{"Planet": {"m": 2.7161817905591715e+24, "Rp": 5148180.0, "Rstar": 514818000.0, "RpRstar": 0.01, "rhostar": 2783.210914077203, "impact": 0.01117421609220215, "q1": 0.39904488999999993, "q2": 0.24908975779642237, "a": 50483243532.35909, "Pp": 80.05451305827096, "rhoplan": 4752.356968440399, "aRp": null, "e": null, "inc": null, "pomega": null, "f": null, "P": 6916709.928234611, "RHill": 418370586.7606825}, "I": {"m": 1.7953792915673944e+21, "r": 668402.3674911677, "msmp": 0.0006609937883420481, "rsrp": 0.12983275011580164, "a": 22399121.270745166, "aRp": 4.350881529151111, "e": 0.0, "inc": -0.1275090527634621, "pomega": 0.17406163917279183, "f": 6.003555598039181, "P": 49453.90336751925, "RHill": 1352870.9008995285, "spacing": "linear", "period_ratio": NaN}, "II": {"m": 1.7953792915673944e+21, "r": 625795.5286836377, "msmp": 0.0006609937883420481, "rsrp": 0.12155665277508512, "a": 32527924.020466927, "aRp": 6.318334638739696, "e": 0.0, "inc": -0.1275090527634621, "pomega": 1.5835210495142071, "f": 4.411237209361006, "P": 86544.33089315868, "RHill": 1964634.2971246627, "spacing": "linear", "period_ratio": 1.75}, "III": {"m": 4.013200769385941e+21, "r": 768393.996935364, "msmp": 0.0014775155268822256, "rsrp": 0.14925546444284465, "a": 75004350.3566671, "aRp": 14.569100217293704, "e": 0.0, "inc": -0.1275090527634621, "pomega": 2.845310838174734, "f": 5.927521452407745, "P": 302905.1581260554, "RHill": 5923204.405122301, "spacing": "linear", "period_ratio": 3.5}, "IV": {"m": 5.808580060953336e+20, "r": 665268.4709237035, "msmp": 0.0002138509315224274, "rsrp": 0.12922401138338277, "a": 178272612.0425896, "aRp": 34.628278739785635, "e": 0.0, "inc": -0.1275090527634621, "pomega": 5.268349396479013, "f": 0.3204744981159705, "P": 1110652.246462203, "RHill": 7391761.148770056, "spacing": "linear", "period_ratio": 3.6666666666666665}, "V": {"m": 6.864685526581217e+20, "r": 731810.3203499998, "msmp": 0.0002527329190719597, "rsrp": 0.1421493266261086, "a": 258890205.9637853, "aRp": 50.28771448624277, "e": 0.0, "inc": -0.1275090527634621, "pomega": 2.6128097316984418, "f": 5.739635423120147, "P": 1943641.4313088553, "RHill": 11349127.471064888, "spacing": "linear", "period_ratio": 1.75}}