{"Planet": {"m": 8.32300498354571e+25, "Rp": 24206742.36, "Rstar": 514818000.0, "RpRstar": 0.04702, "rhostar": 2783.210914077203, "impact": 0.47341558018115315, "q1": 0.39050001, "q2": 0.361577852456393, "a": 167445218745.92426, "Pp": 483.57415412861496, "rhoplan": 1400.820542029323, "aRp": null, "e": null, "inc": null, "pomega": null, "f": null, "P": 41780806.916712336, "RHill": 4342372597.214139}, "I": {"m": 1.7767153051028578e+22, "r": 1297486.85082449, "msmp": 0.00021347041226280191, "rsrp": 0.05360022557056248, "a": 57315095.80796737, "aRp": 2.3677327149429526, "e": 0.0, "inc": -0.15404071055955554, "pomega": 2.7680199298055883, "f": 5.483884205996225, "P": 36575.82355922686, "RHill": 2375059.5366378436, "spacing": "logarithmic", "period_ratio": NaN}, "II": {"m": 3.601449942776062e+21, "r": 844206.1622965706, "msmp": 4.32710295127301e-05, "rsrp": 0.03487483568592708, "a": 105569320.47322422, "aRp": 4.361153553964798, "e": 0.0, "inc": -0.15404071055955554, "pomega": 1.59294677004703, "f": 5.774824779776018, "P": 91439.55889806716, "RHill": 2569782.5984000443, "spacing": "logarithmic", "period_ratio": 2.5}, "III": {"m": 1.6806766399621626e+22, "r": 1174429.7802340386, "msmp": 0.00020193147105940722, "rsrp": 0.04851663899123842, "a": 266032085.66736007, "aRp": 10.989999468369609, "e": 0.0, "inc": -0.15404071055955554, "pomega": 0.6227259365351505, "f": 3.5007126058903366, "P": 365758.23559226864, "RHill": 10821686.225413114, "spacing": "logarithmic", "period_ratio": 4.0}, "IV": {"m": 5.522223245589965e+21, "r": 833976.4509679822, "msmp": 6.634891191951953e-05, "rsrp": 0.03445223808165413, "a": 363910329.23137254, "aRp": 15.033428448129794, "e": 0.0, "inc": -0.15404071055955554, "pomega": 5.804358704112196, "f": 5.521587088127515, "P": 585213.1769476299, "RHill": 10214847.787988884, "spacing": "logarithmic", "period_ratio": 1.6}, "V": {"m": 1.992802301669421e+22, "r": 1209897.8529737773, "msmp": 0.00023943302997043994, "rsrp": 0.049981853608400094, "a": 511585941.96150124, "aRp": 21.13402680762457, "e": 0.0, "inc": -0.15404071055955554, "pomega": 0.7678820327406195, "f": 4.790779556149332, "P": 975355.2949127165, "RHill": 22026197.92510686, "spacing": "logarithmic", "period_ratio": 1.6666666666666667}}