{"Planet": {"m": 4.8536890110289e+25, "Rp": 17990384.580000002, "Rstar": 911367000.0, "RpRstar": 0.01974, "rhostar": 533.0357403954719, "impact": 0.23296386273879344, "q1": 0.29833444000000003, "q2": 0.23224093738557303, "a": 181451830509.59332, "Pp": 529.220478150576, "rhoplan": 1990.0408672500823, "aRp": null, "e": null, "inc": null, "pomega": null, "f": null, "P": 45724649.31220977, "RHill": 3852742399.2584157}, "I": {"m": 5.806333860663265e+22, "r": 1723177.0324652095, "msmp": 0.0011962723296588835, "rsrp": 0.09578322379949974, "a": 699639301.2277999, "aRp": 38.88962451673169, "e": 0.0, "inc": -0.056083037170294836, "pomega": 1.548331692858336, "f": 0.05718270456579082, "P": 2041703.7072082884, "RHill": 51496431.073572, "spacing": "logarithmic", "period_ratio": NaN}}