{"Planet": {"m": 2.3485059574038207e+25, "Rp": 10648384.200000001, "Rstar": 417420000.0, "RpRstar": 0.02551, "rhostar": 3981.322651979586, "impact": 0.14588564063124432, "q1": 0.3701505600000001, "q2": 0.22016765285996057, "a": 72259291451.74251, "Pp": 156.9935228940776, "rhoplan": 4643.569177529353, "aRp": null, "e": null, "inc": null, "pomega": null, "f": null, "P": 13564240.378048306, "RHill": 1345360236.1893816}, "I": {"m": 1.8859537818311008e+22, "r": 1384392.699691254, "msmp": 0.0008030440697352742, "rsrp": 0.13000964969795642, "a": 61640800.7040606, "aRp": 5.788746869601173, "e": 0.0, "inc": 0.10317672975836065, "pomega": 2.8390270244861857, "f": 5.230646514347723, "P": 76773.13440782043, "RHill": 3972595.1954972013, "spacing": "logarithmic", "period_ratio": NaN}, "II": {"m": 1.6109188553140643e+22, "r": 1335505.1852134028, "msmp": 0.000685933476232213, "rsrp": 0.12541857620176802, "a": 83973906.38452795, "aRp": 7.886070300180186, "e": 0.0, "inc": 0.10317672975836065, "pomega": 0.8872744928230399, "f": 5.840176442136921, "P": 122081.2059918381, "RHill": 5134891.498159412, "spacing": "logarithmic", "period_ratio": 1.5901552923883542}, "III": {"m": 1.1394304098562898e+22, "r": 1281758.654300424, "msmp": 0.00048517245879839475, "rsrp": 0.12037118779959348, "a": 140658183.18636492, "aRp": 13.20934524379435, "e": 0.0, "inc": 0.10317672975836065, "pomega": 5.091774231830802, "f": 0.822551211830991, "P": 264681.35570041905, "RHill": 7663431.831486424, "spacing": "logarithmic", "period_ratio": 2.168076187895086}, "IV": {"m": 9.429768909155504e+21, "r": 1123913.5195326176, "msmp": 0.0004015220348676371, "rsrp": 0.10554779940534241, "a": 296478863.1675742, "aRp": 27.84261514226489, "e": 0.0, "inc": 0.10317672975836065, "pomega": 2.4450319062141985, "f": 1.2856682806770112, "P": 809999.2310286281, "RHill": 15165489.976345312, "spacing": "logarithmic", "period_ratio": 3.0602806491040866}, "V": {"m": 7.858140757629586e+21, "r": 1028378.0147825794, "msmp": 0.0003346016957230309, "rsrp": 0.0965759682847074, "a": 633133630.5284061, "aRp": 59.45818808156885, "e": 0.0, "inc": 0.10317672975836065, "pomega": 2.3645990910007786, "f": 0.528468731206924, "P": 2527851.758838253, "RHill": 30476447.630904596, "spacing": "logarithmic", "period_ratio": 3.1208076032715524}}