{"Planet": {"m": 1.369567551662184e+25, "Rp": 8391672.540000001, "Rstar": 570474000.0, "RpRstar": 0.01471, "rhostar": 2198.913699932662, "impact": 0.006506732767130874, "q1": 0.25, "q2": 0.2, "a": 105319412018.45207, "Pp": 232.66013881995278, "rhoplan": 5532.85467510382, "aRp": null, "e": null, "inc": null, "pomega": null, "f": null, "P": 20101835.99404392, "RHill": 1461036412.5283399}, "I": {"m": 7.624161981696965e+21, "r": 1028682.612696812, "msmp": 0.0005566838943025376, "rsrp": 0.1225837409400167, "a": 96875358.2783938, "aRp": 11.544225280076741, "e": 0.0, "inc": -0.10631863660263487, "pomega": 4.6167179169765395, "f": 3.0853525210772847, "P": 198099.97071374688, "RHill": 5525553.509961886, "spacing": "linear", "period_ratio": NaN}, "II": {"m": 9.148994378036354e+21, "r": 1112316.0097157855, "msmp": 0.0006680206731630448, "rsrp": 0.1325499778993742, "a": 153785749.3790441, "aRp": 18.32599504401587, "e": 0.0, "inc": -0.10631863660263487, "pomega": 3.7853693659815812, "f": 5.022652281256769, "P": 396199.94142749376, "RHill": 9321210.36141511, "spacing": "linear", "period_ratio": 2.0}}