{"Planet": {"m": 3.945508446913126e+24, "Rp": 5614994.699999999, "Rstar": 486989999.99999994, "RpRstar": 0.01153, "rhostar": 3123.710397882565, "impact": 0.06007966453245506, "q1": 0.09235521000000001, "q2": 0.04886475814412636, "a": 49329912555.9833, "Pp": 79.33566460205168, "rhoplan": 5320.669906426084, "aRp": null, "e": null, "inc": null, "pomega": null, "f": null, "P": 6854601.421617265, "RHill": 470974888.8813747}, "I": {"m": 1.0459646281512433e+22, "r": 1012182.1085965125, "msmp": 0.0026510262041628163, "rsrp": 0.18026412537780537, "a": 101659739.36759341, "aRp": 18.10504636230439, "e": 0.0, "inc": 0.16116236607324377, "pomega": 5.148956936396593, "f": 4.5896975181157815, "P": 396345.65757905383, "RHill": 9755433.673905618, "spacing": "linear", "period_ratio": NaN}, "II": {"m": 1.997909963884397e+21, "r": 644883.9866734396, "msmp": 0.0005063757918063805, "rsrp": 0.1148503286518578, "a": 174846523.7965172, "aRp": 31.139214396144883, "e": 0.0, "inc": 0.16116236607324377, "pomega": 0.7823348042242809, "f": 1.7613529769001282, "P": 894954.7779796908, "RHill": 9662901.722206028, "spacing": "linear", "period_ratio": 2.258015852743854}}