{"Planet": {"m": 1.1598672418023715e+26, "Rp": 29310814.979999997, "Rstar": 960065999.9999999, "RpRstar": 0.03053, "rhostar": 573.9813871191707, "impact": 0.16560717738663155, "q1": 0.26163225000000007, "q2": 0.21691104594330396, "a": 213916682496.95068, "Pp": 603.7728285079547, "rhoplan": 1099.6031906223225, "aRp": null, "e": null, "inc": null, "pomega": null, "f": null, "P": 52165972.383087285, "RHill": 5623980006.888167}, "I": {"m": 2.0219464027299412e+23, "r": 2702088.699200582, "msmp": 0.0017432567537539424, "rsrp": 0.09218742982903516, "a": 102994412.85732695, "aRp": 3.513870662675343, "e": 0.0, "inc": 0.10394475143140544, "pomega": 0.9790181726758471, "f": 1.9259888955400972, "P": 74578.75868344042, "RHill": 8594626.999855679, "spacing": "logarithmic", "period_ratio": NaN}, "II": {"m": 2.5611321101245925e+23, "r": 2645198.438248367, "msmp": 0.0022081252214216605, "rsrp": 0.09024649911827076, "a": 271499308.0982405, "aRp": 9.262768991019046, "e": 0.0, "inc": 0.10394475143140544, "pomega": 3.2669547366763347, "f": 5.44178265428295, "P": 319114.8364911586, "RHill": 24513361.792764116, "spacing": "logarithmic", "period_ratio": 4.278897130021759}, "III": {"m": 4.9874677934005235e+23, "r": 3110312.9252084712, "msmp": 0.004300033325926393, "rsrp": 0.10611485649002829, "a": 940065805.8287, "aRp": 32.07231891948915, "e": 0.0, "inc": 0.10394475143140544, "pomega": 3.1909205910448986, "f": 2.615951638542716, "P": 2053896.289567684, "RHill": 105992494.05037767, "spacing": "logarithmic", "period_ratio": 6.436229390495886}}