{"Planet": {"m": 1.583173103073626e+26, "Rp": 34050340.8, "Rstar": 528732000.0, "RpRstar": 0.0644, "rhostar": 2601.33050027586, "impact": 0.07230916456284553, "q1": 0.40411449000000005, "q2": 0.2892873997168476, "a": 188809146511.9045, "Pp": 575.4147619690644, "rhoplan": 957.3602790864815, "aRp": null, "e": null, "inc": null, "pomega": null, "f": null, "P": 49715835.43412717, "RHill": 6041736338.406272}, "I": {"m": 7.262383471177841e+23, "r": 3337315.660204901, "msmp": 0.004587232727159401, "rsrp": 0.0980112263723628, "a": 1475385959.918638, "aRp": 43.32955046131691, "e": 0.0, "inc": 0.03779015732140936, "pomega": 5.632182209045968, "f": 1.193924600824204, "P": 3456029.5512328623, "RHill": 169973866.13143414, "spacing": "linear", "period_ratio": NaN}}