{"Planet": {"m": 5.2735610556042505e+25, "Rp": 18232905.6, "Rstar": 813969000.0, "RpRstar": 0.022400000000000003, "rhostar": 977.0497648191875, "impact": 0.2630110881738349, "q1": 0.25, "q2": 0.2, "a": 74398509270.0622, "Pp": 121.58779473519266, "rhoplan": 2077.0536712220724, "aRp": null, "e": null, "inc": null, "pomega": null, "f": null, "P": 10505185.465120645, "RHill": 1485760626.713886}, "I": {"m": 4.132725885683534e+22, "r": 1646939.3989256143, "msmp": 0.0007836689178542187, "rsrp": 0.09032786298885978, "a": 138441917.24608585, "aRp": 7.592970658833765, "e": 0.0, "inc": -0.026165101997594753, "pomega": 3.5648075055135306, "f": 1.9706039727287912, "P": 172447.26862991755, "RHill": 8849893.834911145, "spacing": "linear", "period_ratio": NaN}, "II": {"m": 4.132725885683534e+22, "r": 1631983.1855935412, "msmp": 0.0007836689178542187, "rsrp": 0.08950757610424644, "a": 278854544.0711242, "aRp": 15.294026645491115, "e": 0.0, "inc": -0.026165101997594753, "pomega": 1.2906953316278498, "f": 2.9144327887487673, "P": 492971.1469722065, "RHill": 17825765.198161274, "spacing": "linear", "period_ratio": 2.858677617157004}, "III": {"m": 6.559882358227831e+21, "r": 888800.4669182096, "msmp": 0.00012439189172289183, "rsrp": 0.048747055813101424, "a": 433733703.3693373, "aRp": 23.788512532491655, "e": 0.0, "inc": -0.026165101997594753, "pomega": 1.0739037593729286, "f": 2.7692766925432983, "P": 956605.2570310854, "RHill": 15012284.159188017, "spacing": "linear", "period_ratio": 1.9404893428479262}, "IV": {"m": 6.559882358227831e+21, "r": 972470.4386120494, "msmp": 0.00012439189172289183, "rsrp": 0.05333601017558328, "a": 690054455.7913271, "aRp": 37.846653239477476, "e": 0.0, "inc": -0.026165101997594753, "pomega": 4.0926478553516, "f": 0.9073826966263949, "P": 1919654.4253601101, "RHill": 23883994.93786167, "spacing": "linear", "period_ratio": 2.006736228188771}}