{"Planet": {"m": 2.3485059574038207e+25, "Rp": 10783350.0, "Rstar": 431334000.0, "RpRstar": 0.025, "rhostar": 3726.6342574676123, "impact": 0.18554776809005602, "q1": 0.09235521000000001, "q2": 0.04886475814412636, "a": 23129886479.28597, "Pp": 27.976682559539356, "rhoplan": 4471.383833813593, "aRp": null, "e": null, "inc": null, "pomega": null, "f": null, "P": 2417185.3731442005, "RHill": 426037818.09069884}, "I": {"m": 3.280648276573784e+22, "r": 1627081.070598143, "msmp": 0.0013969086457844924, "rsrp": 0.15088827410759578, "a": 70349366.61176144, "aRp": 6.523887902345879, "e": 0.0, "inc": 0.02424504781498274, "pomega": 1.4936625137679644, "f": 1.2731006532999143, "P": 93576.83187645301, "RHill": 5452668.667456323, "spacing": "linear", "period_ratio": NaN}, "II": {"m": 2.768046983359131e+22, "r": 1390010.519649585, "msmp": 0.0011786416698806657, "rsrp": 0.12890340382623072, "a": 102153676.31596558, "aRp": 9.473278370447549, "e": 0.0, "inc": 0.02424504781498274, "pomega": 0.8527135175360235, "f": 2.955277577724332, "P": 163759.45578379277, "RHill": 7481824.431406719, "spacing": "linear", "period_ratio": 1.75}}