{"Planet": {"m": 7.820889154079663e+25, "Rp": 23355831.69, "Rstar": 674829000.0, "RpRstar": 0.03461, "rhostar": 1498.3311981161924, "impact": 0.4558154631000755, "q1": 0.25, "q2": 0.2, "a": 160449009223.98355, "Pp": 411.92788908378, "rhoplan": 1465.4854488845779, "aRp": null, "e": null, "inc": null, "pomega": null, "f": null, "P": 35590569.61683859, "RHill": 3821989152.3485436}, "I": {"m": 3.557015519843151e+23, "r": 3080682.378397083, "msmp": 0.0045480960665293165, "rsrp": 0.13190206280327424, "a": 622933649.3055819, "aRp": 26.671439389259525, "e": 0.0, "inc": 0.17044844630187647, "pomega": 6.138657592342972, "f": 2.1836252567705836, "P": 1349044.4521342716, "RHill": 71561249.65118423, "spacing": "linear", "period_ratio": NaN}, "II": {"m": 4.1149787386420774e+23, "r": 3256300.296310867, "msmp": 0.0052615229004947, "rsrp": 0.13942129484111157, "a": 1634822173.0071588, "aRp": 69.99631589686108, "e": 0.0, "inc": 0.17044844630187647, "pomega": 0.19102793613187263, "f": 0.26706208176330876, "P": 5733438.921570654, "RHill": 197151728.69906205, "spacing": "linear", "period_ratio": 4.25}}