{"Planet": {"m": 2.1171499867808565e+25, "Rp": 10083614.940000001, "Rstar": 1210518000.0, "RpRstar": 0.00833, "rhostar": 321.1328933142732, "impact": 0.30578889693277334, "q1": 0.379456, "q2": 0.25681818181818183, "a": 70285624508.71819, "Pp": 107.37854655116557, "rhoplan": 4929.6292480890415, "aRp": null, "e": null, "inc": null, "pomega": null, "f": null, "P": 9277506.422020705, "RHill": 1008898740.1032339}, "I": {"m": 1.7636314638655689e+22, "r": 1342098.5443135055, "msmp": 0.0008330215029059819, "rsrp": 0.1330969649574407, "a": 46456404.42064233, "aRp": 4.607118052114188, "e": 0.0, "inc": 0.0763657913538873, "pomega": 5.525985757709499, "f": 2.655539664780571, "P": 52904.03183656299, "RHill": 3030799.7739537735, "spacing": "logarithmic", "period_ratio": NaN}, "II": {"m": 7.348464432773198e+21, "r": 886295.8382596377, "msmp": 0.0003470922928774922, "rsrp": 0.08789465321051199, "a": 62967805.27063729, "aRp": 6.244566620731878, "e": 0.0, "inc": 0.0763657913538873, "pomega": 2.3369503107711656, "f": 1.3880944438003506, "P": 83503.30615434845, "RHill": 3068266.852041781, "spacing": "logarithmic", "period_ratio": 1.5783921046380007}, "III": {"m": 1.6166621752101024e+22, "r": 1328055.297817671, "msmp": 0.0007636030443304823, "rsrp": 0.13170428519136518, "a": 115473857.75885424, "aRp": 11.451633015139135, "e": 0.0, "inc": 0.0763657913538873, "pomega": 3.669118812743435, "f": 4.3075542834999565, "P": 207329.43058585655, "RHill": 7318113.493332489, "spacing": "logarithmic", "period_ratio": 2.4828888834967384}, "IV": {"m": 7.978332812725188e+21, "r": 1026225.6876226248, "msmp": 0.00037684306083842015, "rsrp": 0.10177160608858242, "a": 158014749.6711272, "aRp": 15.670446621707987, "e": 0.0, "inc": 0.0763657913538873, "pomega": 1.7563259259492894, "f": 3.7753152640799037, "P": 331944.7617421636, "RHill": 7913659.927067179, "spacing": "logarithmic", "period_ratio": 1.6010498885960283}, "V": {"m": 4.6190347863145835e+21, "r": 899796.8237701814, "msmp": 0.00021817229838013805, "rsrp": 0.08923355652949806, "a": 395007988.14977217, "aRp": 39.17325190421959, "e": 0.0, "inc": 0.0763657913538873, "pomega": 0.435468288616407, "f": 5.420417687741885, "P": 1312087.0243341364, "RHill": 16487899.40342653, "spacing": "logarithmic", "period_ratio": 3.952727006288152}}