{"Planet": {"m": 1.2343329055797821e+26, "Rp": 31057717.680000003, "Rstar": 459162000.0, "RpRstar": 0.06764, "rhostar": 3530.6281600488996, "impact": 0.4388646255463843, "q1": 0.09235521000000001, "q2": 0.04886475814412636, "a": 17326738947.59002, "Pp": 16.966825290843662, "rhoplan": 983.6375151974906, "aRp": null, "e": null, "inc": null, "pomega": null, "f": null, "P": 1465933.7051288923, "RHill": 530730908.46212834}, "I": {"m": 7.189625748435234e+23, "r": 3996661.072770572, "msmp": 0.005824705568436721, "rsrp": 0.12868495727695634, "a": 112975384.28605822, "aRp": 3.6375945409153516, "e": 0.0, "inc": 0.012864363023500552, "pomega": 5.064125451601189, "f": 1.2800128483573174, "P": 82884.90511135975, "RHill": 14094015.17471472, "spacing": "logarithmic", "period_ratio": NaN}, "II": {"m": 2.7859799775186525e+23, "r": 3151742.239213895, "msmp": 0.0022570734077692286, "rsrp": 0.10148016256981748, "a": 187301782.48047245, "aRp": 6.03076454008363, "e": 0.0, "inc": 0.012864363023500552, "pomega": 1.7123392301294502, "f": 6.177617237211972, "P": 177249.14696277215, "RHill": 17035310.48933033, "spacing": "logarithmic", "period_ratio": 2.1384973141325267}}