{"Planet": {"m": 1.583173103073626e+26, "Rp": 35780129.28000001, "Rstar": 779184000.0000001, "RpRstar": 0.04592, "rhostar": 842.900883474684, "impact": 0.49389213164835366, "q1": 0.25, "q2": 0.2, "a": 138168024389.2126, "Pp": 353.7214576945069, "rhoplan": 825.1142305748714, "aRp": null, "e": null, "inc": null, "pomega": null, "f": null, "P": 30561533.9448054, "RHill": 4367988957.251005}, "I": {"m": 6.441864558655319e+23, "r": 3559685.6958897854, "msmp": 0.004068957807676788, "rsrp": 0.09948778183648263, "a": 296674169.3909666, "aRp": 8.291590202744134, "e": 0.0, "inc": -0.083592177095718, "pomega": 2.31809886970552, "f": 1.4345946650956092, "P": 311709.92993707943, "RHill": 32839790.58887152, "spacing": "linear", "period_ratio": NaN}, "II": {"m": 2.1472881862184395e+23, "r": 2852786.405205504, "msmp": 0.001356319269225596, "rsrp": 0.0797310256450114, "a": 680472068.1890671, "aRp": 19.018155660198524, "e": 0.0, "inc": -0.083592177095718, "pomega": 4.193188874368375, "f": 1.2492221612834302, "P": 1084261.2533518444, "RHill": 52226452.69026195, "spacing": "linear", "period_ratio": 3.4784302622977368}}