{"Planet": {"m": 3.5194206435066098e+25, "Rp": 14258580.21, "Rstar": 925281000.0, "RpRstar": 0.015410000000000002, "rhostar": 677.1342971599544, "impact": 0.3669580728185411, "q1": 0.379456, "q2": 0.25681818181818183, "a": 32716516497.83236, "Pp": 35.14133609372517, "rhoplan": 2898.369284912314, "aRp": null, "e": null, "inc": null, "pomega": null, "f": null, "P": 3036211.438497855, "RHill": 567573676.7796787}, "I": {"m": 5.437224634307213e+21, "r": 863975.4412508992, "msmp": 0.0001544920367600555, "rsrp": 0.06059337104580479, "a": 55633882.60219854, "aRp": 3.9017827709929147, "e": 0.0, "inc": 0.14091452196569879, "pomega": 2.9307707043389932, "f": 4.404953395672457, "P": 53791.90535722646, "RHill": 2069828.2864388733, "spacing": "logarithmic", "period_ratio": NaN}, "II": {"m": 4.560252919096371e+21, "r": 943743.3639054868, "msmp": 0.00012957396631488522, "rsrp": 0.06618775151565295, "a": 115722178.15578343, "aRp": 8.11596782087909, "e": 0.0, "inc": 0.14091452196569879, "pomega": 0.6459760471827798, "f": 1.733704196670515, "P": 161375.71607167937, "RHill": 4060212.515131506, "spacing": "logarithmic", "period_ratio": 3.0}, "III": {"m": 2.0170349449849324e+21, "r": 750628.0343225548, "msmp": 5.731156202389151e-05, "rsrp": 0.05264395355409336, "a": 203574790.3702172, "aRp": 14.277353521316495, "e": 0.0, "inc": 0.14091452196569879, "pomega": 1.141140565840397, "f": 0.4656305943214395, "P": 376543.33750058524, "RHill": 5442072.540534992, "spacing": "logarithmic", "period_ratio": 2.3333333333333335}, "IV": {"m": 7.103470893207804e+21, "r": 1031870.3106308866, "msmp": 0.00020183637060587877, "rsrp": 0.07236837717595491, "a": 323170402.7094996, "aRp": 22.664977715161978, "e": 0.0, "inc": 0.14091452196569879, "pomega": 3.9606877678920824, "f": 4.9246247877154135, "P": 753086.6750011705, "RHill": 13143901.74383712, "spacing": "logarithmic", "period_ratio": 2.0}, "V": {"m": 2.543217974111438e+21, "r": 714128.1721260359, "msmp": 7.226240429099369e-05, "rsrp": 0.05008410105412844, "a": 546631445.7223092, "aRp": 38.33701796893768, "e": 0.0, "inc": 0.14091452196569879, "pomega": 3.1104877758314786, "f": 4.289959605172021, "P": 1656790.6850025752, "RHill": 15786711.133258265, "spacing": "logarithmic", "period_ratio": 2.2}}