{"Planet": {"m": 5.908117923826554e+27, "Rp": 103326477.11999999, "Rstar": 4508136000.0, "RpRstar": 0.02292, "rhostar": 7.9271614640317045, "impact": 0.15070188886719538, "q1": 0.37112463999999995, "q2": 0.2852921864740644, "a": 107729929000.39786, "Pp": 180.2801290943426, "rhoplan": 1278.5734390650061, "aRp": null, "e": null, "inc": null, "pomega": null, "f": null, "P": 15576203.153751202, "RHill": 9319227060.903473}, "I": {"m": 1.2496918834229506e+24, "r": 4631943.702523722, "msmp": 0.0002115211476032207, "rsrp": 0.04482823601103069, "a": 261375468.1807846, "aRp": 2.529607855276356, "e": 0.0, "inc": 0.10530624439725764, "pomega": 2.0290434400322916, "f": 3.8670589439327108, "P": 42276.95875253525, "RHill": 10797975.477928082, "spacing": "logarithmic", "period_ratio": NaN}, "II": {"m": 3.582450065812457e+24, "r": 5116832.383213583, "msmp": 0.0006063606231292326, "rsrp": 0.049521018482717276, "a": 372767581.10429, "aRp": 3.6076675746079094, "e": 0.0, "inc": 0.10530624439725764, "pomega": 4.652535655001266, "f": 0.8055849148719102, "P": 71990.96625879026, "RHill": 21876342.501211464, "spacing": "logarithmic", "period_ratio": 1.7028416514107259}, "III": {"m": 1.2080354873088529e+24, "r": 4537851.168180087, "msmp": 0.00020447044268311347, "rsrp": 0.043917602677094804, "a": 505381703.5662623, "aRp": 4.891115207376407, "e": 0.0, "inc": 0.10530624439725764, "pomega": 3.9399511827198728, "f": 5.448066467971499, "P": 113667.76110786985, "RHill": 20643782.552547026, "spacing": "logarithmic", "period_ratio": 1.5789170088266564}, "IV": {"m": 2.7076657474163945e+24, "r": 5117097.678718106, "msmp": 0.0004582958198069785, "rsrp": 0.04952358602892534, "a": 1380179861.4332623, "aRp": 13.357465578066371, "e": 0.0, "inc": 0.10530624439725764, "pomega": 3.0960350043478173, "f": 5.6994190155134365, "P": 512928.06638425577, "RHill": 73780891.74347815, "spacing": "logarithmic", "period_ratio": 4.512520185010866}, "V": {"m": 4.582203572550821e+23, "r": 3395568.436585982, "msmp": 7.755775412118098e-05, "rsrp": 0.03286252015194982, "a": 3625010293.7086134, "aRp": 35.08307255553332, "e": 0.0, "inc": 0.10530624439725764, "pomega": 2.192422595934551, "f": 3.7470381024814357, "P": 2183732.584244715, "RHill": 107187440.52396159, "spacing": "logarithmic", "period_ratio": 4.257385640131437}}