{"Planet": {"m": 4.752835982873783e+26, "Rp": 54023192.1, "Rstar": 466119000.0, "RpRstar": 0.1159, "rhostar": 3374.888112904242, "impact": 0.04373545647331145, "q1": 0.09235521000000001, "q2": 0.04886475814412636, "a": 50318286937.7745, "Pp": 83.95774291407587, "rhoplan": 719.653582976531, "aRp": null, "e": null, "inc": null, "pomega": null, "f": null, "P": 7253948.987776155, "RHill": 2415777336.3917284}, "I": {"m": 4.409981292082822e+23, "r": 2819875.497960137, "msmp": 0.0009278631343420237, "rsrp": 0.05219749867316961, "a": 172894600.04396746, "aRp": 3.2003773439364656, "e": 0.0, "inc": -0.13061604953168884, "pomega": 2.7479117260022337, "f": 2.4205250328288597, "P": 80162.51742563132, "RHill": 11692363.746016022, "spacing": "logarithmic", "period_ratio": NaN}, "II": {"m": 3.9199833707402853e+23, "r": 2956183.772588941, "msmp": 0.0008247672305262432, "rsrp": 0.054720642332960936, "a": 249729161.36455533, "aRp": 4.6226287573361535, "e": 0.0, "inc": -0.13061604953168884, "pomega": 1.4301959955136252, "f": 0.8520851361671686, "P": 139163.5371715529, "RHill": 16238253.09803744, "spacing": "logarithmic", "period_ratio": 1.736017550854216}, "III": {"m": 2.0089914775043957e+24, "r": 5038635.445427415, "msmp": 0.004226932056446996, "rsrp": 0.09326800674977913, "a": 556369162.1501298, "aRp": 10.298709508321146, "e": 0.0, "inc": -0.13061604953168884, "pomega": 6.049427437965584, "f": 4.01095827740047, "P": 461986.44814483036, "RHill": 62373156.2590162, "spacing": "logarithmic", "period_ratio": 3.319737752679567}}