{"Planet": {"m": 1.1592739062779714e+28, "Rp": 119660399.99999999, "Rstar": 1391400000.0, "RpRstar": 0.086, "rhostar": 229.08922144997294, "impact": 0.3485492255925281, "q1": 0.379456, "q2": 0.25681818181818183, "a": 55468468631.18608, "Pp": 72.16659691264445, "rhoplan": 1615.2736202782494, "aRp": null, "e": null, "inc": null, "pomega": null, "f": null, "P": 6235193.973252481, "RHill": 6342366829.834482}, "I": {"m": 1.7816635064415972e+24, "r": 4397305.795820843, "msmp": 0.0001536878814224245, "rsrp": 0.03674821240628348, "a": 231760685.08114535, "aRp": 1.9368202436323576, "e": 0.0, "inc": 0.13588747101486, "pomega": 4.229006612393101, "f": 4.600380001386314, "P": 25200.563666663333, "RHill": 8607543.424391309, "spacing": "logarithmic", "period_ratio": NaN}, "II": {"m": 1.6108190606184313e+24, "r": 4822010.843923362, "msmp": 0.00013895068731342497, "rsrp": 0.040297465526802204, "a": 280756696.65629584, "aRp": 2.34627910868003, "e": 0.0, "inc": 0.13588747101486, "pomega": 1.9586647267205493, "f": 2.245835012287213, "P": 33600.751555551105, "RHill": 10082694.429259911, "spacing": "logarithmic", "period_ratio": 1.3333333333333333}, "III": {"m": 8.542222291158346e+23, "r": 4367907.567541547, "msmp": 7.368597054499807e-05, "rsrp": 0.03650253189477511, "a": 659460838.9295343, "aRp": 5.511103413740338, "e": 0.0, "inc": 0.13588747101486, "pomega": 3.940579564088728, "f": 3.087866046552704, "P": 120962.70559998398, "RHill": 19169473.95479508, "spacing": "logarithmic", "period_ratio": 3.6}, "IV": {"m": 1.2691301689720976e+24, "r": 4318295.747330477, "msmp": 0.00010947629909542575, "rsrp": 0.036087926727058225, "a": 864148467.6014931, "aRp": 7.221674569042835, "e": 0.0, "inc": 0.13588747101486, "pomega": 4.43511570137749, "f": 2.5499715948129573, "P": 181444.05839997597, "RHill": 28662978.31096226, "spacing": "logarithmic", "period_ratio": 1.5}, "V": {"m": 6.58971433889358e+23, "r": 3175224.386302493, "msmp": 5.684346299185565e-05, "rsrp": 0.0265352981128468, "a": 1797469715.2089772, "aRp": 15.02142492594858, "e": 0.0, "inc": 0.13588747101486, "pomega": 3.6320443119809993, "f": 3.9374376572444536, "P": 544332.1751999279, "RHill": 47919764.2675216, "spacing": "logarithmic", "period_ratio": 3.0}}