{"Planet": {"m": 7.984801766460537e+25, "Rp": 23490449.64, "Rstar": 862668000.0, "RpRstar": 0.02723, "rhostar": 850.3232928745545, "impact": 0.35128409314666453, "q1": 0.37234403999999993, "q2": 0.25901343821697803, "a": 57147047120.71322, "Pp": 80.4163761267337, "rhoplan": 1470.6236294419784, "aRp": null, "e": null, "inc": null, "pomega": null, "f": null, "P": 6947974.897349792, "RHill": 1295110543.636095}, "I": {"m": 1.0414949667126734e+23, "r": 1998064.6365820556, "msmp": 0.0013043466790714606, "rsrp": 0.08505859475672665, "a": 71188048.25900649, "aRp": 3.030510243524078, "e": 0.0, "inc": -0.15229520675718097, "pomega": 0.3255015490668093, "f": 0.3971370251162615, "P": 51662.15472247929, "RHill": 5393007.366895078, "spacing": "logarithmic", "period_ratio": NaN}, "II": {"m": 1.649033697295066e+23, "r": 2537269.7660881965, "msmp": 0.002065215575196479, "rsrp": 0.10801282244370851, "a": 173396148.13558298, "aRp": 7.381559348285978, "e": 0.0, "inc": -0.15229520675718097, "pomega": 0.7609698376832162, "f": 3.289576465955109, "P": 196316.1879454213, "RHill": 15310433.63698539, "spacing": "logarithmic", "period_ratio": 3.8}, "III": {"m": 1.605638073682038e+23, "r": 2422621.7909385683, "msmp": 0.0020108677969018353, "rsrp": 0.1031322017273471, "a": 422234768.3388153, "aRp": 17.974741855082485, "e": 0.0, "inc": -0.15229520675718097, "pomega": 0.7584563122077969, "f": 6.041258480170471, "P": 746001.5141926009, "RHill": 36952294.74123531, "spacing": "logarithmic", "period_ratio": 3.8}, "IV": {"m": 1.9094074389732342e+23, "r": 2250623.742532002, "msmp": 0.002391302244964344, "rsrp": 0.09581016017248113, "a": 812059963.4693817, "aRp": 34.56979223107718, "e": 0.0, "inc": -0.15229520675718097, "pomega": 1.286296662045866, "f": 0.2375281574271311, "P": 1989337.371180269, "RHill": 75293792.27474244, "spacing": "logarithmic", "period_ratio": 2.6666666666666665}}