{"Planet": {"m": 4.111571834993245e+25, "Rp": 15813539.28, "Rstar": 855711000.0, "RpRstar": 0.01848, "rhostar": 803.0485863664502, "impact": 0.236569695726649, "q1": 0.25, "q2": 0.2, "a": 113869236804.70586, "Pp": 235.59320216512924, "rhoplan": 2482.172890368686, "aRp": null, "e": null, "inc": null, "pomega": null, "f": null, "P": 20355252.667067166, "RHill": 2125354410.2238288}, "I": {"m": 2.5922836204160025e+23, "r": 2075109.8527060915, "msmp": 0.006304848180818083, "rsrp": 0.13122361894851484, "a": 44942943.656620264, "aRp": 2.842054701407759, "e": 0.0, "inc": 0.09043455200102632, "pomega": 2.223213283008439, "f": 0.790503762019394, "P": 36024.715043923505, "RHill": 5756775.682561697, "spacing": "logarithmic", "period_ratio": NaN}, "II": {"m": 7.2190176771078546e+22, "r": 1805100.8441718249, "msmp": 0.0017557805060506053, "rsrp": 0.11414907265287579, "a": 271920954.6114473, "aRp": 17.195451934998278, "e": 0.0, "inc": 0.09043455200102632, "pomega": 4.7719281150836865, "f": 4.940962703305639, "P": 537348.6363425455, "RHill": 22745334.719210956, "spacing": "logarithmic", "period_ratio": 14.916110667006738}}