{"Planet": {"m": 4.560872403498204e+25, "Rp": 17084165.759999998, "Rstar": 667872000.0, "RpRstar": 0.02558, "rhostar": 1561.5779484743189, "impact": 0.04521333096149105, "q1": 0.25, "q2": 0.2, "a": 165358421995.14337, "Pp": 428.7771837474918, "rhoplan": 2183.6246263431112, "aRp": null, "e": null, "inc": null, "pomega": null, "f": null, "P": 37046348.67578329, "RHill": 3279627704.347215}, "I": {"m": 1.227069456736883e+23, "r": 2355256.7613181034, "msmp": 0.0026904270678471884, "rsrp": 0.13786197080998724, "a": 66959330.69173217, "aRp": 3.9193795958423303, "e": 0.0, "inc": 0.02962119952629641, "pomega": 6.268732535695925, "f": 1.943583573868033, "P": 62314.09138329797, "RHill": 6457202.807169861, "spacing": "logarithmic", "period_ratio": NaN}, "II": {"m": 3.18129118413266e+22, "r": 1314849.4955643981, "msmp": 0.0006975181287011229, "rsrp": 0.07696304952992906, "a": 314243729.1673535, "aRp": 18.393858592914608, "e": 0.0, "inc": 0.02962119952629641, "pomega": 2.0956518651309053, "f": 5.137017690388351, "P": 634163.9699181401, "RHill": 19323154.881287392, "spacing": "logarithmic", "period_ratio": 10.176895078472008}, "III": {"m": 1.3179634905692448e+23, "r": 2474654.4453792535, "msmp": 0.0028897179617617948, "rsrp": 0.14485076298974364, "a": 1011784087.3493224, "aRp": 59.22349979290546, "e": 0.0, "inc": 0.02962119952629641, "pomega": 1.3529050871444794, "f": 2.778702413076121, "P": 3659807.3346522744, "RHill": 99923103.0692019, "spacing": "logarithmic", "period_ratio": 5.7710742146462435}}