{"Planet": {"m": 6.48909389917624e+25, "Rp": 20658115.8, "Rstar": 730485000.0, "RpRstar": 0.02828, "rhostar": 1315.2464833189742, "impact": 0.1296571261844759, "q1": 0.25, "q2": 0.2, "a": 22928396465.99739, "Pp": 21.08882552249277, "rhoplan": 1757.2086264142408, "aRp": null, "e": null, "inc": null, "pomega": null, "f": null, "P": 1822074.5251433752, "RHill": 495166659.78528935}, "I": {"m": 1.8193040355337847e+23, "r": 2459623.904780223, "msmp": 0.0028036333944323672, "rsrp": 0.11906332255046334, "a": 178066564.94614604, "aRp": 8.619690521153242, "e": 0.0, "inc": 0.0038924734792952775, "pomega": 1.3736416723166893, "f": 4.885036761477559, "P": 226542.9748398692, "RHill": 17409342.5535051, "spacing": "logarithmic", "period_ratio": NaN}}