{"Planet": {"m": 6.490754299443374e+24, "Rp": 6538188.6, "Rstar": 514818000.0, "RpRstar": 0.0127, "rhostar": 2713.630641225273, "impact": 0.254786189610975, "q1": 0.39050001, "q2": 0.361577852456393, "a": 78115768625.68634, "Pp": 156.05229654848804, "rhoplan": 5544.140507515129, "aRp": null, "e": null, "inc": null, "pomega": null, "f": null, "P": 13482918.421789367, "RHill": 872830360.5787407}, "I": {"m": 4.780123173098279e+21, "r": 833262.7562520083, "msmp": 0.0007364511045362181, "rsrp": 0.12744550627554677, "a": 25811675.451818824, "aRp": 3.9478328067530546, "e": 0.0, "inc": 0.14754743641472215, "pomega": 0.4197587543950359, "f": 0.7697671768471841, "P": 39572.53354300478, "RHill": 1616182.5629281432, "spacing": "logarithmic", "period_ratio": NaN}, "II": {"m": 4.59859950829708e+21, "r": 858182.9352482362, "msmp": 0.0007084846068956024, "rsrp": 0.13125698687373996, "a": 65040740.583938636, "aRp": 9.947822640652893, "e": 0.0, "inc": 0.14754743641472215, "pomega": 5.040875340953559, "f": 1.770150316064096, "P": 158290.1341720191, "RHill": 4020269.7957287384, "spacing": "logarithmic", "period_ratio": 4.0}, "III": {"m": 8.471104357389356e+20, "r": 563734.786141251, "msmp": 0.0001305103223228741, "rsrp": 0.0862218606146129, "a": 103225859.15074944, "aRp": 15.788143393530962, "e": 0.0, "inc": 0.14754743641472215, "pomega": 4.866185320411913, "f": 6.076447836826343, "P": 316580.2683440382, "RHill": 3630471.5856684786, "spacing": "logarithmic", "period_ratio": 2.0}, "IV": {"m": 3.206918078154543e+21, "r": 811968.5711973577, "msmp": 0.0004940747916508806, "rsrp": 0.12418861260706945, "a": 214744454.52434763, "aRp": 32.84464056670798, "e": 0.0, "inc": 0.14754743641472215, "pomega": 4.77758354740338, "f": 5.3795728987663205, "P": 949740.8050321147, "RHill": 11770975.020749984, "spacing": "logarithmic", "period_ratio": 3.0}, "V": {"m": 1.6942208714778712e+21, "r": 617014.9046456688, "msmp": 0.0002610206446457482, "rsrp": 0.09437092479187108, "a": 606760506.7486234, "aRp": 92.80253964356785, "e": 0.0, "inc": 0.14754743641472215, "pomega": 3.5811454211037566, "f": 3.9569174796789537, "P": 4511268.823902545, "RHill": 26886555.859540064, "spacing": "logarithmic", "period_ratio": 4.75}}