{"Planet": {"m": 8.405920750098395e+27, "Rp": 87934462.47, "Rstar": 326979000.0, "RpRstar": 0.26893, "rhostar": 6517.768853410249, "impact": 0.2095525799936121, "q1": 0.11235904, "q2": 0.15244630071599044, "a": 36376836445.59577, "Pp": 62.93945724793896, "rhoplan": 2951.340669485388, "aRp": null, "e": null, "inc": null, "pomega": null, "f": null, "P": 5437969.106221926, "RHill": 5208714541.801853}, "I": {"m": 2.8738013322098187e+25, "r": 10373583.074566444, "msmp": 0.0034187823293196995, "rsrp": 0.11796948298973828, "a": 433563807.43440783, "aRp": 4.930533436561619, "e": 0.0, "inc": 0.11165987823790105, "pomega": 0.28654190419780895, "f": 5.596364471021242, "P": 75600.17139925458, "RHill": 45286603.8811158, "spacing": "logarithmic", "period_ratio": NaN}, "II": {"m": 7.948812195473967e+24, "r": 6239026.48825162, "msmp": 0.000945620644279917, "rsrp": 0.07095086855600154, "a": 1198213831.4601293, "aRp": 13.62621431692854, "e": 0.0, "inc": 0.11165987823790105, "pomega": 1.2272288133735105, "f": 1.6595551951456433, "P": 347760.7884365711, "RHill": 81545417.12379141, "spacing": "logarithmic", "period_ratio": 4.6}}