{"Planet": {"m": 3.8635261704263866e+25, "Rp": 15594463.35, "Rstar": 883539000.0, "RpRstar": 0.01765, "rhostar": 681.3579423693959, "impact": 0.23454922057394845, "q1": 0.25, "q2": 0.2, "a": 217405772539.91504, "Pp": 643.1245032468594, "rhoplan": 2432.1141080044554, "aRp": null, "e": null, "inc": null, "pomega": null, "f": null, "P": 55565957.08052865, "RHill": 4066101705.793874}, "I": {"m": 1.6021166936536313e+23, "r": 2429060.6145669855, "msmp": 0.004146773240251711, "rsrp": 0.15576429659998436, "a": 211088103.06516683, "aRp": 13.536092799574718, "e": 0.0, "inc": 0.05597830694215236, "pomega": 0.5636580878627951, "f": 0.19668336845156623, "P": 378688.49813451956, "RHill": 23514013.759970594, "spacing": "logarithmic", "period_ratio": NaN}, "II": {"m": 1.2667899438191508e+23, "r": 2518217.2785038888, "msmp": 0.003278843957408331, "rsrp": 0.1614814964763689, "a": 1225016790.8924978, "aRp": 78.55459744900409, "e": 0.0, "inc": 0.05597830694215236, "pomega": 4.7367387584278156, "f": 4.329547631409876, "P": 5296479.703036059, "RHill": 126185234.60133883, "spacing": "logarithmic", "period_ratio": 13.986375950490626}}