{"Planet": {"m": 1.2093037787531302e+25, "Rp": 8166961.44, "Rstar": 807012000.0, "RpRstar": 0.01012, "rhostar": 803.8357735772902, "impact": 0.43072809370739784, "q1": 0.25, "q2": 0.2, "a": 225147727778.55054, "Pp": 714.8504159790717, "rhoplan": 5299.870834691787, "aRp": null, "e": null, "inc": null, "pomega": null, "f": null, "P": 61763075.9405918, "RHill": 2962376913.05525}, "I": {"m": 1.6752847489895796e+22, "r": 1094691.6356368933, "msmp": 0.0013853299546594535, "rsrp": 0.13403903565349676, "a": 1444096476.9300804, "aRp": 176.8217577050395, "e": 0.0, "inc": -0.043026668728533085, "pomega": 3.22485318496306, "f": 3.7671463062847907, "P": 12128385.760656584, "RHill": 111619532.32970615, "spacing": "linear", "period_ratio": NaN}}