{"Planet": {"m": 7.349065305298349e+25, "Rp": 22498938.0, "Rstar": 1022679000.0, "RpRstar": 0.022, "rhostar": 452.6884964452252, "impact": 0.4546118425782565, "q1": 0.26163225000000007, "q2": 0.21691104594330396, "a": 151395516834.78918, "Pp": 368.189905273593, "rhoplan": 1540.484881795176, "aRp": null, "e": null, "inc": null, "pomega": null, "f": null, "P": 31811607.815638438, "RHill": 3473611720.6098585}, "I": {"m": 9.167149573895322e+22, "r": 2187694.2788235797, "msmp": 0.0012473898642982823, "rsrp": 0.09723544634967124, "a": 59831898.144182384, "aRp": 2.6593209930256436, "e": 0.0, "inc": 0.011921790970218282, "pomega": 2.996750748068752, "f": 3.8054775697849363, "P": 41494.393972412494, "RHill": 4465736.557363586, "spacing": "logarithmic", "period_ratio": NaN}, "II": {"m": 2.2917873934738305e+22, "r": 1296236.367262386, "msmp": 0.00031184746607457056, "rsrp": 0.05761322455586064, "a": 165438280.36683232, "aRp": 7.353159529877913, "e": 0.0, "inc": 0.011921790970218282, "pomega": 2.3891059643861174, "f": 4.842935209764284, "P": 190874.21227309745, "RHill": 7778747.28012287, "spacing": "logarithmic", "period_ratio": 4.6}, "III": {"m": 1.604251175431682e+23, "r": 2183768.114501438, "msmp": 0.002182932262521995, "rsrp": 0.09706094192096704, "a": 417138105.7444589, "aRp": 18.540346470773816, "e": 0.0, "inc": 0.011921790970218282, "pomega": 3.2675831180451897, "f": 2.7680199298055883, "P": 763496.8490923898, "RHill": 37519139.23724215, "spacing": "logarithmic", "period_ratio": 4.0}, "IV": {"m": 1.4514653492000923e+23, "r": 1913310.9928401771, "msmp": 0.0019750339518056132, "rsrp": 0.0850400580169685, "a": 605724578.659821, "aRp": 26.92236312042022, "e": 0.0, "inc": 0.011921790970218282, "pomega": 4.115897965999229, "f": 5.802473560005631, "P": 1336119.4859116822, "RHill": 52693813.92750771, "spacing": "logarithmic", "period_ratio": 1.75}}