{"Planet": {"m": 2.951147153863037e+24, "Rp": 5225820.12, "Rstar": 619173000.0, "RpRstar": 0.00844, "rhostar": 1739.8047958811626, "impact": 0.28508284834212816, "q1": 0.37871715999999994, "q2": 0.34367890802729933, "a": 175149121231.43942, "Pp": 496.0920371404634, "rhoplan": 4936.724439089714, "aRp": null, "e": null, "inc": null, "pomega": null, "f": null, "P": 42862352.00893604, "RHill": 1451073614.6268647}, "I": {"m": 6.280504809053368e+20, "r": 660766.6101260694, "msmp": 0.00021281571136946587, "rsrp": 0.12644266257792075, "a": 50780251.64020166, "aRp": 9.717183231366498, "e": 0.0, "inc": -0.05133526682783601, "pomega": 4.7625023945508635, "f": 5.601391521972081, "P": 161986.0589791471, "RHill": 2102111.0709723295, "spacing": "logarithmic", "period_ratio": NaN}, "II": {"m": 6.194470496600586e+20, "r": 713853.5740189671, "msmp": 0.00020990042765207606, "rsrp": 0.13660125255497066, "a": 73071907.61672008, "aRp": 13.982859329019552, "e": 0.0, "inc": -0.05133526682783601, "pomega": 3.379435001701352, "f": 0.1891427920253081, "P": 279615.7736377506, "RHill": 3011025.7397391177, "spacing": "logarithmic", "period_ratio": 1.7261718409591424}, "III": {"m": 1.978789186414076e+20, "r": 733145.9507585325, "msmp": 6.705152549996873e-05, "rsrp": 0.14029299400350054, "a": 142902361.89176756, "aRp": 27.345442171815044, "e": 0.0, "inc": -0.05133526682783601, "pomega": 4.390500624188796, "f": 1.2844115179393014, "P": 764761.6905861703, "RHill": 4025333.580534138, "spacing": "logarithmic", "period_ratio": 2.7350448818990403}, "IV": {"m": 7.312916558486801e+20, "r": 674652.0566090752, "msmp": 0.00024779911597814526, "rsrp": 0.12909974723911377, "a": 233112668.18243366, "aRp": 44.6078630395785, "e": 0.0, "inc": -0.05133526682783601, "pomega": 3.6948824488664838, "f": 2.3696261419516174, "P": 1593223.0631740682, "RHill": 10152165.943256985, "spacing": "logarithmic", "period_ratio": 2.0832935053963064}, "V": {"m": 5.936367559242226e+20, "r": 677858.947804151, "msmp": 0.00020115457649990615, "rsrp": 0.12971340999853453, "a": 647544054.3095157, "aRp": 123.91242703346546, "e": 0.0, "inc": -0.05133526682783601, "pomega": 4.685839867550572, "f": 1.3635875704150118, "P": 7376356.162668652, "RHill": 26307053.483892627, "spacing": "logarithmic", "period_ratio": 4.629832653798801}}