{"Planet": {"m": 3.1075858054967328e+25, "Rp": 12890486.16, "Rstar": 640044000.0, "RpRstar": 0.02014, "rhostar": 1792.3507567401196, "impact": 0.4258439150906187, "q1": 0.37871715999999994, "q2": 0.34367890802729933, "a": 97904384186.03838, "Pp": 194.35355716558402, "rhoplan": 3463.59121146165, "aRp": null, "e": null, "inc": null, "pomega": null, "f": null, "P": 16792147.33910646, "RHill": 1702899677.3420687}, "I": {"m": 1.648019404956105e+22, "r": 1147310.0269647278, "msmp": 0.0005303214482577021, "rsrp": 0.08900440314849442, "a": 74676546.92611507, "aRp": 5.79315209676429, "e": 0.0, "inc": -0.018799075951574096, "pomega": 4.9082868721251875, "f": 4.023525904777567, "P": 89007.5109474344, "RHill": 4191056.737288952, "spacing": "logarithmic", "period_ratio": NaN}, "II": {"m": 1.619605277284448e+22, "r": 1313514.9762100105, "msmp": 0.0005211779750118797, "rsrp": 0.10189801687122796, "a": 206548221.25423878, "aRp": 16.023307320647927, "e": 0.0, "inc": -0.018799075951574096, "pomega": 5.349410593061288, "f": 1.0010115205857668, "P": 409434.55035819823, "RHill": 11525056.392653069, "spacing": "logarithmic", "period_ratio": 4.6}, "III": {"m": 7.387673194630819e+21, "r": 991599.917424605, "msmp": 0.00023773030439138378, "rsrp": 0.0769249433354657, "a": 520419749.29394203, "aRp": 40.37239114447348, "e": 0.0, "inc": -0.018799075951574096, "pomega": 0.9413152905445565, "f": 3.415881121094933, "P": 1637738.201432793, "RHill": 22353294.14787485, "spacing": "logarithmic", "period_ratio": 4.0}}