{"Planet": {"m": 3.139812964064963e+25, "Rp": 12992893.2, "Rstar": 403506000.0, "RpRstar": 0.0322, "rhostar": 4696.568564721246, "impact": 0.32067092369951833, "q1": 0.3701505600000001, "q2": 0.22016765285996057, "a": 198867043920.98688, "Pp": 694.3726119285111, "rhoplan": 3417.4137551863028, "aRp": null, "e": null, "inc": null, "pomega": null, "f": null, "P": 59993793.67062336, "RHill": 3993471325.201019}, "I": {"m": 3.065488812327544e+22, "r": 1450690.0488281343, "msmp": 0.0009763284779736703, "rsrp": 0.11165258010649502, "a": 62238296.91804413, "aRp": 4.790179982241686, "e": 0.0, "inc": -0.04679695694166214, "pomega": 3.648382227571225, "f": 6.0965560406296975, "P": 67359.6410196299, "RHill": 4281039.822093626, "spacing": "logarithmic", "period_ratio": NaN}, "II": {"m": 9.753828039223998e+21, "r": 1018508.934714798, "msmp": 0.00031064997026434947, "rsrp": 0.07838969496915422, "a": 122137733.8591828, "aRp": 9.400349250864528, "e": 0.0, "inc": -0.04679695694166214, "pomega": 5.463147620824015, "f": 5.9250079269323255, "P": 185239.01280398222, "RHill": 5735437.414386877, "spacing": "logarithmic", "period_ratio": 2.75}, "III": {"m": 4.5982332184913145e+22, "r": 1779349.842622668, "msmp": 0.001464492716960505, "rsrp": 0.13694793109071873, "a": 307886093.4030523, "aRp": 23.696499976083256, "e": 0.0, "inc": -0.04679695694166214, "pomega": 2.254003970082326, "f": 2.968473586470284, "P": 740956.0512159289, "RHill": 24242573.833475947, "spacing": "logarithmic", "period_ratio": 4.0}, "IV": {"m": 3.8318610154094275e+22, "r": 1667274.460655894, "msmp": 0.0012204105974670872, "rsrp": 0.1283220322826862, "a": 611589668.3647935, "aRp": 47.0710917846068, "e": 0.0, "inc": -0.04679695694166214, "pomega": 0.11876407871356555, "f": 1.060079369258122, "P": 2074676.9434046007, "RHill": 45316362.83281244, "spacing": "logarithmic", "period_ratio": 2.8}, "V": {"m": 3.622850414568915e+22, "r": 1418723.683802658, "msmp": 0.0011538427466961558, "rsrp": 0.10919228396356387, "a": 970816566.5150391, "aRp": 74.71904460163185, "e": 0.0, "inc": -0.04679695694166214, "pomega": 2.8239458716336694, "f": 2.451315719902747, "P": 4149353.8868092014, "RHill": 70601235.63243134, "spacing": "logarithmic", "period_ratio": 2.0}}