{"Planet": {"m": 1.0789832943354344e+25, "Rp": 7738966.800000001, "Rstar": 834840000.0, "RpRstar": 0.00927, "rhostar": 872.9539421348684, "impact": 0.4775002468713615, "q1": 0.26163225000000007, "q2": 0.21691104594330396, "a": 61157602133.631325, "Pp": 92.29814924817867, "rhoplan": 5557.470431254182, "aRp": null, "e": null, "inc": null, "pomega": null, "f": null, "P": 7974560.095042638, "RHill": 728537160.2043952}, "I": {"m": 2.0024124760374337e+22, "r": 1468329.3445078852, "msmp": 0.0018558326959739967, "rsrp": 0.18973196066791306, "a": 194816656.21464738, "aRp": 25.173470987709543, "e": 0.0, "inc": 0.0852329506699501, "pomega": 2.3476327940416977, "f": 6.170076660785715, "P": 636071.8240702858, "RHill": 16599637.623261806, "spacing": "logarithmic", "period_ratio": NaN}}