{"Planet": {"m": 3.0122274528713695e+25, "Rp": 12735275.489999998, "Rstar": 480032999.99999994, "RpRstar": 0.02653, "rhostar": 3433.1596986567215, "impact": 0.4923834558355522, "q1": 0.40411449000000005, "q2": 0.2892873997168476, "a": 192472773898.08997, "Pp": 595.9573241849421, "rhoplan": 3481.561897455476, "aRp": null, "e": null, "inc": null, "pomega": null, "f": null, "P": 51490712.80957899, "RHill": 3557073524.360279}, "I": {"m": 1.8093048767651288e+22, "r": 1461200.9537585012, "msmp": 0.0006006534715831073, "rsrp": 0.1147365013741451, "a": 70915688.20641989, "aRp": 5.568445555975947, "e": 0.0, "inc": 0.059050393634331594, "pomega": 5.369518796864643, "f": 4.510521465640071, "P": 83659.68348249994, "RHill": 4148679.6477125455, "spacing": "logarithmic", "period_ratio": NaN}, "II": {"m": 9.563468634329966e+21, "r": 1001443.9849698358, "msmp": 0.000317488263551071, "rsrp": 0.07863543947331099, "a": 147496659.5963599, "aRp": 11.581740788581868, "e": 0.0, "inc": 0.059050393634331594, "pomega": 4.823455387329783, "f": 6.124204820859311, "P": 250979.05044749982, "RHill": 6976715.151439525, "spacing": "logarithmic", "period_ratio": 3.0}, "III": {"m": 1.1114301385842924e+22, "r": 1054342.5765577892, "msmp": 0.0003689728468296227, "rsrp": 0.08278914558116005, "a": 340017809.35312307, "aRp": 26.698897061167784, "e": 0.0, "inc": 0.059050393634331594, "pomega": 6.145569787400376, "f": 4.810259378583832, "P": 878426.6765662493, "RHill": 16909316.34369154, "spacing": "logarithmic", "period_ratio": 3.5}, "IV": {"m": 2.197013064643371e+22, "r": 1249029.8582168173, "msmp": 0.0007293649297794876, "rsrp": 0.09807639098169343, "a": 746121204.1142596, "aRp": 58.58697008165464, "e": 0.0, "inc": 0.059050393634331594, "pomega": 5.229389751610013, "f": 3.2663263553074797, "P": 2854886.6988403103, "RHill": 46567607.2283678, "spacing": "logarithmic", "period_ratio": 3.25}}