{"Planet": {"m": 2.447352750272291e+26, "Rp": 45094578.300000004, "Rstar": 368721000.0, "RpRstar": 0.1223, "rhostar": 5681.655961528747, "impact": 0.33446220950793837, "q1": 0.3701505600000001, "q2": 0.22016765285996057, "a": 164347757128.3515, "Pp": 542.9199696895741, "rhoplan": 637.1401476160212, "aRp": null, "e": null, "inc": null, "pomega": null, "f": null, "P": 46908285.381179206, "RHill": 6720524471.052232}, "I": {"m": 5.390207380462804e+23, "r": 3692154.1676517744, "msmp": 0.002202464430132964, "rsrp": 0.08187578877196805, "a": 679162203.7788005, "aRp": 15.060839448603968, "e": 0.0, "inc": -0.01069993830855609, "pomega": 3.2041165997908503, "f": 2.6341746982395065, "P": 869183.0552208367, "RHill": 61268332.19145229, "spacing": "logarithmic", "period_ratio": NaN}}