{"Planet": {"m": 7.812889575699981e+29, "Rp": 293475479.4, "Rstar": 3485457000.0, "RpRstar": 0.0842, "rhostar": 14.798307402198992, "impact": 0.31703540842314903, "q1": 0.38019556000000004, "q2": 0.27254297761920204, "a": 216031092488.20218, "Pp": 484.30167766442617, "rhoplan": 7379.171683333352, "aRp": null, "e": null, "inc": null, "pomega": null, "f": null, "P": 41843664.95020642, "RHill": 100012233281.72054}, "I": {"m": 2.4318691656394656e+26, "r": 49443482.447199315, "msmp": 0.0003112637318212176, "rsrp": 0.16847568508375804, "a": 9205969985.212854, "aRp": 31.3687876208061, "e": 0.0, "inc": 0.1722986803323935, "pomega": 1.0632212761023963, "f": 2.532376916485022, "P": 768436.3770891943, "RHill": 432585518.23374116, "spacing": "linear", "period_ratio": NaN}, "II": {"m": 2.0551007033572947e+26, "r": 34607941.1353312, "msmp": 0.00026303977337004304, "rsrp": 0.11792447262062876, "a": 19148881516.011044, "aRp": 65.24865912191451, "e": 0.0, "inc": 0.1722986803323935, "pomega": 2.0981653906063245, "f": 5.570600834898193, "P": 2305309.131267583, "RHill": 850700721.1089398, "spacing": "linear", "period_ratio": 3.0}, "III": {"m": 2.534624200807331e+26, "r": 42735810.43624069, "msmp": 0.00032441572048971985, "rsrp": 0.14561969716724718, "a": 48253144702.10967, "aRp": 164.41968099263858, "e": 0.0, "inc": 0.1722986803323935, "pomega": 5.617729437562307, "f": 1.947353862081162, "P": 9221236.525070332, "RHill": 2298895167.835014, "spacing": "linear", "period_ratio": 4.0}, "IV": {"m": 1.3015637787929539e+26, "r": 21570022.44333756, "msmp": 0.000166591856467694, "rsrp": 0.07349855084123788, "a": 76593064139.49974, "aRp": 260.9862476282226, "e": 0.0, "inc": 0.1722986803323935, "pomega": 4.051803066376035, "f": 5.446809705233789, "P": 18442473.050140664, "RHill": 2922135038.158553, "spacing": "linear", "period_ratio": 2.0}}