{"Planet": {"m": 3.0122274528713695e+25, "Rp": 12595231.08, "Rstar": 653958000.0, "RpRstar": 0.01926, "rhostar": 1629.4422133525622, "impact": 0.10209591069031632, "q1": 0.25, "q2": 0.2, "a": 187141189757.29877, "Pp": 521.5853024198243, "rhoplan": 3598.9907773155146, "aRp": null, "e": null, "inc": null, "pomega": null, "f": null, "P": 45064970.12907282, "RHill": 3254611646.7683954}, "I": {"m": 2.1358351828374283e+22, "r": 1712059.9495184456, "msmp": 0.0007090550817473857, "rsrp": 0.13592922103962268, "a": 449746791.8024787, "aRp": 35.7077046817055, "e": 0.0, "inc": 0.08757192576513204, "pomega": 3.4617529610213364, "f": 5.312964473667707, "P": 1336076.4887495413, "RHill": 27807011.32753122, "spacing": "linear", "period_ratio": NaN}}