{"Planet": {"m": 7.898802722630459e+27, "Rp": 85294211.4, "Rstar": 820926000.0, "RpRstar": 0.1039, "rhostar": 909.5176562391829, "impact": 0.05552307264442158, "q1": 0.37234403999999993, "q2": 0.25901343821697803, "a": 225459315520.4279, "Pp": 655.160038180886, "rhoplan": 3038.883025148034, "aRp": null, "e": null, "inc": null, "pomega": null, "f": null, "P": 56605827.29882855, "RHill": 24281616545.283794}, "I": {"m": 1.2051401993332531e+24, "r": 3757861.9078971962, "msmp": 0.00015257251531051243, "rsrp": 0.044057642907021424, "a": 352444780.402401, "aRp": 4.132106676613238, "e": 0.0, "inc": -0.0405480533291612, "pomega": 5.870338747841954, "f": 4.659447850058669, "P": 57253.21374036254, "RHill": 13057983.043140331, "spacing": "logarithmic", "period_ratio": NaN}, "II": {"m": 4.4918861975148484e+24, "r": 5419281.282118673, "msmp": 0.0005686793752482731, "rsrp": 0.06353633140124997, "a": 784677782.9009304, "aRp": 9.19966044613586, "e": 0.0, "inc": -0.0405480533291612, "pomega": 4.953530330682736, "f": 1.814137011883935, "P": 190155.96588044058, "RHill": 45075452.71893657, "spacing": "logarithmic", "period_ratio": 3.3213151447319342}, "III": {"m": 1.6433729990907983e+24, "r": 4482209.176735143, "msmp": 0.00020805342996888044, "rsrp": 0.05254998086230202, "a": 1447141130.925604, "aRp": 16.96646357557629, "e": 0.0, "inc": -0.0405480533291612, "pomega": 4.926509931821978, "f": 1.9517525316631459, "P": 476340.524303899, "RHill": 59455964.552013315, "spacing": "logarithmic", "period_ratio": 2.504999104805343}, "IV": {"m": 1.8624893989695715e+24, "r": 5266744.004347506, "msmp": 0.00023579388729806451, "rsrp": 0.061747965282758985, "a": 2056098916.4841793, "aRp": 24.105960800103947, "e": 0.0, "inc": -0.0405480533291612, "pomega": 0.9036124084132658, "f": 2.9653316796260096, "P": 806698.3772219386, "RHill": 88074009.30418916, "spacing": "logarithmic", "period_ratio": 1.6935329581727454}, "V": {"m": 3.4510832980906773e+24, "r": 6105868.062558154, "msmp": 0.00043691220293464903, "rsrp": 0.0715859606688169, "a": 3847258916.56334, "aRp": 45.1057446152007, "e": 0.0, "inc": -0.0405480533291612, "pomega": 4.1536008481305196, "f": 3.8764846644655333, "P": 2064565.385405986, "RHill": 202414858.01308513, "spacing": "logarithmic", "period_ratio": 2.559277970182384}}