{"Planet": {"m": 2.073158501801028e+26, "Rp": 40846773.239999995, "Rstar": 1266174000.0, "RpRstar": 0.03226, "rhostar": 301.6663282817259, "impact": 0.14820920288536477, "q1": 0.379456, "q2": 0.25681818181818183, "a": 211613318297.24515, "Pp": 541.0188537832286, "rhoplan": 726.2240623883155, "aRp": null, "e": null, "inc": null, "pomega": null, "f": null, "P": 46744028.96687095, "RHill": 6343781381.078537}, "I": {"m": 1.9043105106116833e+23, "r": 2510656.8104329836, "msmp": 0.0009185551943844813, "rsrp": 0.06146524220362098, "a": 79695451.97791833, "aRp": 1.9510831739304932, "e": 0.0, "inc": -0.17439328489524297, "pomega": 1.2605330259228174, "f": 0.370745007624358, "P": 37984.96143646152, "RHill": 5371491.245211971, "spacing": "logarithmic", "period_ratio": NaN}, "II": {"m": 4.579987304002783e+22, "r": 1749939.1919121859, "msmp": 0.00022091833788993856, "rsrp": 0.042841552786317134, "a": 168778170.47554886, "aRp": 4.131982947193233, "e": 0.0, "inc": -0.17439328489524297, "pomega": 4.896347626116945, "f": 1.9109077426875811, "P": 117108.17117732578, "RHill": 7074348.422779558, "spacing": "logarithmic", "period_ratio": 3.0830140863303446}, "III": {"m": 1.1811546205059807e+23, "r": 2476669.472248963, "msmp": 0.0005697367661372099, "rsrp": 0.06063317309538753, "a": 208501064.94312072, "aRp": 5.10446844155959, "e": 0.0, "inc": -0.17439328489524297, "pomega": 5.094287757306222, "f": 5.223734319290319, "P": 160767.95510288246, "RHill": 11984666.169162009, "spacing": "logarithmic", "period_ratio": 1.3728158632026353}, "IV": {"m": 7.4726108644255965e+22, "r": 1736731.1417430479, "msmp": 0.0003604457091888473, "rsrp": 0.04251819676278175, "a": 715512999.9795141, "aRp": 17.517001790458057, "e": 0.0, "inc": -0.17439328489524297, "pomega": 2.697012835124991, "f": 0.3883396859522937, "P": 1022136.2492340615, "RHill": 35306694.83306256, "spacing": "logarithmic", "period_ratio": 6.357835730260746}, "V": {"m": 1.1329442278322672e+23, "r": 2276080.936324831, "msmp": 0.0005464822042540585, "rsrp": 0.05572241711607062, "a": 1695176863.8512497, "aRp": 41.500875819273155, "e": 0.0, "inc": -0.17439328489524297, "pomega": 2.322497539287504, "f": 3.02377114692951, "P": 3727045.0558044952, "RHill": 96094811.56914961, "spacing": "logarithmic", "period_ratio": 3.646329008091983}}