{"Planet": {"m": 1.7205668299202623e+25, "Rp": 9106226.01, "Rstar": 480032999.99999994, "RpRstar": 0.01897, "rhostar": 3218.5872174906763, "impact": 0.15547453536996525, "q1": 0.40411449000000005, "q2": 0.2892873997168476, "a": 131803531330.92967, "Pp": 348.7929845735656, "rhoplan": 5439.608726353909, "aRp": null, "e": null, "inc": null, "pomega": null, "f": null, "P": 30135713.86715607, "RHill": 2065006479.607024}, "I": {"m": 3.6542385243956663e+22, "r": 1617760.3737947915, "msmp": 0.002123857359591791, "rsrp": 0.1776543182673314, "a": 59354787.373817995, "aRp": 6.518044611306325, "e": 0.0, "inc": -0.032309275381953245, "pomega": 0.9620518757167664, "f": 4.1316075002206, "P": 84696.2463199442, "RHill": 5290017.6034253165, "spacing": "logarithmic", "period_ratio": NaN}, "II": {"m": 3.836950450615451e+22, "r": 1537770.7818216544, "msmp": 0.0022300502275713814, "rsrp": 0.16887026306320005, "a": 136830565.77809978, "aRp": 15.026045436148776, "e": 0.0, "inc": -0.032309275381953245, "pomega": 5.022023899887914, "f": 4.5180620420663296, "P": 296436.8621198047, "RHill": 12395030.109660404, "spacing": "logarithmic", "period_ratio": 3.5}, "III": {"m": 3.014746782626424e+22, "r": 1769697.9981176415, "msmp": 0.001752182321663227, "rsrp": 0.1943393449903668, "a": 330218646.92435, "aRp": 36.26295312259113, "e": 0.0, "inc": -0.032309275381953245, "pomega": 5.739007041751291, "f": 0.10116940038562991, "P": 1111638.2329492676, "RHill": 27602872.11940637, "spacing": "logarithmic", "period_ratio": 3.75}}