{"Planet": {"m": 8.497441094687928e+25, "Rp": 24298853.04, "Rstar": 2629746000.0, "RpRstar": 0.00924, "rhostar": 38.631147343838954, "impact": 0.24445812757184193, "q1": 0.39790864000000004, "q2": 0.399571972098922, "a": 67507304040.23083, "Pp": 91.0121403341389, "rhoplan": 1413.9766253472196, "aRp": null, "e": null, "inc": null, "pomega": null, "f": null, "P": 7863448.924869602, "RHill": 1435987055.9124587}, "I": {"m": 1.3329030774130546e+23, "r": 2348890.966307774, "msmp": 0.0015685934889814097, "rsrp": 0.0966667423536866, "a": 90273542.4664231, "aRp": 3.7151359497428813, "e": 0.0, "inc": 0.07915859743768663, "pomega": 4.161141424556778, "f": 4.257912155360424, "P": 71504.4884527351, "RHill": 7272608.394453519, "spacing": "logarithmic", "period_ratio": NaN}, "II": {"m": 1.1866088372091831e+23, "r": 1857174.7946518853, "msmp": 0.0013964307889712555, "rsrp": 0.07643055380411014, "a": 153933424.86840662, "aRp": 6.335007854692002, "e": 0.0, "inc": 0.07915859743768663, "pomega": 1.8939414457285002, "f": 4.821570243223219, "P": 159231.61640967, "RHill": 11929776.82171041, "spacing": "logarithmic", "period_ratio": 2.2268758207384853}}