{"Planet": {"m": 4.46724647110081e+25, "Rp": 16627786.559999999, "Rstar": 674829000.0, "RpRstar": 0.02464, "rhostar": 1513.7779114988336, "impact": 0.43076473714431396, "q1": 0.37871715999999994, "q2": 0.34367890802729933, "a": 109274303761.1212, "Pp": 230.34000138127178, "rhoplan": 2319.7863133423625, "aRp": null, "e": null, "inc": null, "pomega": null, "f": null, "P": 19901376.11934188, "RHill": 2152353525.2449913}, "I": {"m": 1.9635466587438116e+22, "r": 1339924.1513481438, "msmp": 0.00043954294249181155, "rsrp": 0.08058343463293433, "a": 224158301.55798206, "aRp": 13.480946531826428, "e": 0.0, "inc": 0.10774994972058202, "pomega": 4.382960047762538, "f": 2.395389778074666, "P": 386094.72284879105, "RHill": 11817207.084016414, "spacing": "linear", "period_ratio": NaN}, "II": {"m": 8.443250632598396e+22, "r": 1982914.4771406315, "msmp": 0.0018900346527147911, "rsrp": 0.11925306293687665, "a": 809869451.3767743, "aRp": 48.705788257169836, "e": 0.0, "inc": 0.10774994972058202, "pomega": 1.1474243795289454, "f": 5.05909840065035, "P": 2649534.306069095, "RHill": 69427445.81770426, "spacing": "linear", "period_ratio": 6.862394509097578}}