{"Planet": {"m": 1.3986291551649872e+24, "Rp": 4292399.43, "Rstar": 549603000.0, "RpRstar": 0.007809999999999999, "rhostar": 2316.087890996647, "impact": 0.20902661784369003, "q1": 0.39904488999999993, "q2": 0.24908975779642237, "a": 128361014564.4893, "Pp": 322.5650595204997, "rhoplan": 4221.954826762864, "aRp": null, "e": null, "inc": null, "pomega": null, "f": null, "P": 27869621.142571174, "RHill": 849108663.7162709}, "I": {"m": 7.003720199159365e+20, "r": 730716.9683476875, "msmp": 0.0005007560562637622, "rsrp": 0.17023508186135594, "a": 29103104.59510812, "aRp": 6.78014827597443, "e": 0.0, "inc": 0.13571292063462256, "pomega": 4.309439427606521, "f": 4.322007054983618, "P": 102076.55102088033, "RHill": 1602412.4308956994, "spacing": "logarithmic", "period_ratio": NaN}, "II": {"m": 1.507129663110243e+20, "r": 611404.85596119, "msmp": 0.00010775763236055641, "rsrp": 0.1424389472442899, "a": 54177524.179595456, "aRp": 12.62173408209484, "e": 0.0, "inc": 0.13571292063462256, "pomega": 4.361595081221473, "f": 2.2364092917543905, "P": 259317.03776555706, "RHill": 1787563.2460148896, "spacing": "logarithmic", "period_ratio": 2.5404173159466596}, "III": {"m": 1.8617484073714788e+20, "r": 762111.7093421061, "msmp": 0.00013311236938656984, "rsrp": 0.17754911251167185, "a": 55125768.885438755, "aRp": 12.842646586000212, "e": 0.0, "inc": 0.13571292063462256, "pomega": 2.113874924827696, "f": 0.7282940065027643, "P": 266151.4305978375, "RHill": 1951583.0899268922, "spacing": "logarithmic", "period_ratio": 1.0263553559425558}, "IV": {"m": 5.7625545942450504e+20, "r": 607186.9020868378, "msmp": 0.00041201447667271594, "rsrp": 0.14145629082026923, "a": 110913595.60688463, "aRp": 25.839532740522387, "e": 0.0, "inc": 0.13571292063462256, "pomega": 3.9009915378508726, "f": 4.793921462993606, "P": 759474.934984015, "RHill": 5722448.043400875, "spacing": "logarithmic", "period_ratio": 2.8535444400131875}, "V": {"m": 5.939863966375667e+20, "r": 691781.6718468473, "msmp": 0.00042469184518572256, "rsrp": 0.16116432851330598, "a": 367792066.2673428, "aRp": 85.68449238363235, "e": 0.0, "inc": 0.13571292063462256, "pomega": 2.774303743494137, "f": 2.990466934380203, "P": 4586031.695943282, "RHill": 19168431.584043905, "spacing": "logarithmic", "period_ratio": 6.038424027831552}}