{"Planet": {"m": 2.2985307853521485e+28, "Rp": 120712994.10000001, "Rstar": 1161819000.0, "RpRstar": 0.1039, "rhostar": 311.7734309508742, "impact": 0.12457320982589526, "q1": 0.3848961600000001, "q2": 0.36355577047066406, "a": 44751810058.213615, "Pp": 58.557718215982504, "rhoplan": 3119.605298907743, "aRp": null, "e": null, "inc": null, "pomega": null, "f": null, "P": 5059386.853860889, "RHill": 6947137864.215624}, "I": {"m": 1.0613037775904039e+26, "r": 16751157.577854319, "msmp": 0.004617313739514722, "rsrp": 0.13876847064183886, "a": 546809928.7501818, "aRp": 4.529834860174193, "e": 0.0, "inc": -0.14279966607226333, "pomega": 3.3762930948570777, "f": 3.5710913192020795, "P": 64715.17089659149, "RHill": 63133388.8536062, "spacing": "logarithmic", "period_ratio": NaN}, "II": {"m": 1.3964523389347425e+25, "r": 5311909.8477103505, "msmp": 0.0006075412815150952, "rsrp": 0.044004457741391986, "a": 1127139071.480311, "aRp": 9.33734665338991, "e": 0.0, "inc": -0.14279966607226333, "pomega": 2.817662057945121, "f": 4.465278007082523, "P": 191904.96679403505, "RHill": 66190503.386160925, "spacing": "logarithmic", "period_ratio": 2.9653783515565526}, "III": {"m": 8.518359267501928e+25, "r": 20537631.309803504, "msmp": 0.00370600181724208, "rsrp": 0.17013604428359966, "a": 2209198747.5699553, "aRp": 18.301250532646304, "e": 0.0, "inc": -0.14279966607226333, "pomega": 2.0120771430732107, "f": 0.07352062015601676, "P": 525776.0097024448, "RHill": 237044334.2450627, "spacing": "logarithmic", "period_ratio": 2.7397728077915877}}