{"Planet": {"m": 3.629516066846504e+26, "Rp": 51915360.24, "Rstar": 709614000.0, "RpRstar": 0.07316, "rhostar": 1394.8903660007293, "impact": 0.13966762069282945, "q1": 0.37234403999999993, "q2": 0.25901343821697803, "a": 90477858339.19325, "Pp": 167.64529967535847, "rhoplan": 619.2592438948974, "aRp": null, "e": null, "inc": null, "pomega": null, "f": null, "P": 14484553.891950972, "RHill": 3501222669.4931045}, "I": {"m": 3.359241148922796e+23, "r": 2752028.843267118, "msmp": 0.0009255341723398029, "rsrp": 0.05300991518781221, "a": 113345116.54160015, "aRp": 2.183267457215282, "e": 0.0, "inc": -0.17201939972401356, "pomega": 2.1943077400411157, "f": 2.125185789467083, "P": 48691.81695091838, "RHill": 7658785.05597884, "spacing": "logarithmic", "period_ratio": NaN}, "II": {"m": 5.893405524425957e+22, "r": 1565265.9911052564, "msmp": 0.0001623744161999654, "rsrp": 0.030150344404222058, "a": 469012534.3583281, "aRp": 9.03417663269841, "e": 0.0, "inc": -0.17201939972401356, "pomega": 2.614066494436152, "f": 1.4647569708006416, "P": 410009.6351665188, "RHill": 17741209.813017085, "spacing": "logarithmic", "period_ratio": 8.42050391300474}}