{"Planet": {"m": 1.68395392583944e+28, "Rp": 72948319.2, "Rstar": 709614000.0, "RpRstar": 0.1028, "rhostar": 1262.0436644768504, "impact": 0.2583641953495982, "q1": 0.37871715999999994, "q2": 0.34367890802729933, "a": 45887987563.04321, "Pp": 63.38256725777537, "rhoplan": 10356.087855154386, "aRp": null, "e": null, "inc": null, "pomega": null, "f": null, "P": 5476253.811071792, "RHill": 6597187438.783674}, "I": {"m": 1.4228952109683846e+26, "r": 11445500.78580513, "msmp": 0.008449727686338452, "rsrp": 0.1568987594412611, "a": 1658749701.0488515, "aRp": 22.738696644964666, "e": 0.0, "inc": 0.0941001099860129, "pomega": 6.281928544441877, "f": 0.5906784867235535, "P": 398709.0229616521, "RHill": 234254536.65702084, "spacing": "logarithmic", "period_ratio": NaN}}