{"Planet": {"m": 5.612133618327917e+25, "Rp": 19380393.18, "Rstar": 605259000.0, "RpRstar": 0.03202, "rhostar": 1926.7973598856393, "impact": 0.1312703223122863, "q1": 0.37871715999999994, "q2": 0.34367890802729933, "a": 13688985147.732382, "Pp": 10.6571020107148, "rhoplan": 1840.5670481383866, "aRp": null, "e": null, "inc": null, "pomega": null, "f": null, "P": 920773.6137257587, "RHill": 299311930.6628891}, "I": {"m": 2.4786874385361526e+23, "r": 2461870.4774719095, "msmp": 0.004416657918552293, "rsrp": 0.1270289232321916, "a": 54954251.203938186, "aRp": 2.835559149576458, "e": 0.0, "inc": -0.06966305675276896, "pomega": 3.298373805119077, "f": 4.0078163705561956, "P": 41730.92332208721, "RHill": 6251613.651148092, "spacing": "logarithmic", "period_ratio": NaN}}