{"Planet": {"m": 5.165304996849609e+25, "Rp": 18711060.210000005, "Rstar": 772227000.0000001, "RpRstar": 0.02423, "rhostar": 1082.359799918912, "impact": 0.31844472854716166, "q1": 0.25, "q2": 0.2, "a": 39417467261.87041, "Pp": 48.21069147930968, "rhoplan": 1882.401119028175, "aRp": null, "e": null, "inc": null, "pomega": null, "f": null, "P": 4165403.7438123566, "RHill": 796370598.3758279}, "I": {"m": 5.176304491723129e+23, "r": 3214196.7562836404, "msmp": 0.010021294957181095, "rsrp": 0.1717805789842862, "a": 272298859.7574334, "aRp": 14.552829006017792, "e": 0.0, "inc": -0.03031940104724623, "pomega": 3.785997747350436, "f": 4.23403366334394, "P": 478445.5176378423, "RHill": 40704899.43822432, "spacing": "linear", "period_ratio": NaN}}