{"Planet": {"m": 3.407935494904534e+29, "Rp": 144929893.67999998, "Rstar": 1085292000.0, "RpRstar": 0.13354, "rhostar": 653.5670724128348, "impact": 0.3200124236854416, "q1": 0.21325924, "q2": 0.19413165872672153, "a": 110003634290.2243, "Pp": 165.72417703185337, "rhoplan": 26725.68441090938, "aRp": null, "e": null, "inc": null, "pomega": null, "f": null, "P": 14318568.895552132, "RHill": 35090606771.20728}, "I": {"m": 7.060750346434325e+26, "r": 45888635.66228678, "msmp": 0.0020718556313613903, "rsrp": 0.31662643570005816, "a": 1798712635.5627184, "aRp": 12.410915304569336, "e": 0.0, "inc": -0.08498858013761766, "pomega": 4.084478897556487, "f": 0.4530629669443426, "P": 100397.88627847907, "RHill": 158991728.41476214, "spacing": "linear", "period_ratio": NaN}, "II": {"m": 1.2203766030874142e+26, "r": 42384668.574178174, "msmp": 0.0003580985041859193, "rsrp": 0.2924494560643369, "a": 5128412781.118486, "aRp": 35.385472595749214, "e": 0.0, "inc": -0.08498858013761766, "pomega": 6.237313467253183, "f": 2.906892212322509, "P": 483757.86423068505, "RHill": 252508920.12647516, "spacing": "linear", "period_ratio": 4.818406862559432}, "III": {"m": 7.409429375887873e+26, "r": 64773552.57038732, "msmp": 0.0021741694897002245, "rsrp": 0.44693024279314664, "a": 8667393282.014479, "aRp": 59.80404084992826, "e": 0.0, "inc": -0.08498858013761766, "pomega": 4.186905060679827, "f": 3.6515241344154994, "P": 1061921.6516620882, "RHill": 778536928.1129881, "spacing": "linear", "period_ratio": 2.1951511906702557}, "IV": {"m": 6.276222530163846e+26, "r": 41978723.41398256, "msmp": 0.001841649450099014, "rsrp": 0.2896484800207615, "a": 16087532364.782082, "aRp": 111.00216771222352, "e": 0.0, "inc": -0.08498858013761766, "pomega": 4.0524314477448895, "f": 3.1343662678479625, "P": 2685752.154047613, "RHill": 1367260722.5161676, "spacing": "linear", "period_ratio": 2.529143416413022}}