{"Planet": {"m": 1.024404189344273e+25, "Rp": 7513560.0, "Rstar": 347850000.0, "RpRstar": 0.0216, "rhostar": 5977.466455063908, "impact": 0.3978716929543721, "q1": 0.15374241, "q2": 0.16284111196123438, "a": 182221584430.8845, "Pp": 674.4814207543784, "rhoplan": 5765.612624993766, "aRp": null, "e": null, "inc": null, "pomega": null, "f": null, "P": 58275194.75317829, "RHill": 2696430653.332494}, "I": {"m": 7.084974630199534e+21, "r": 792978.3943897851, "msmp": 0.0006916190605130839, "rsrp": 0.10553963692175015, "a": 37995885.39738481, "aRp": 5.056975042108509, "e": 0.0, "inc": 0.15466909192841036, "pomega": 3.20537336252856, "f": 2.325639446131778, "P": 56259.524337226736, "RHill": 2329799.0761675923, "spacing": "logarithmic", "period_ratio": NaN}, "II": {"m": 1.7459401767277428e+22, "r": 1356281.1399629726, "msmp": 0.0017043469705501002, "rsrp": 0.18051112122122837, "a": 75507198.16977406, "aRp": 10.049457004372636, "e": 0.0, "inc": 0.15466909192841036, "pomega": 5.700047396882291, "f": 0.818152542249007, "P": 157526.66814423486, "RHill": 6253655.329166795, "spacing": "logarithmic", "period_ratio": 2.8}, "III": {"m": 1.5182088493284714e+22, "r": 1123510.268163704, "msmp": 0.0014820408439566084, "rsrp": 0.14953101700974028, "a": 182240012.36049908, "aRp": 24.25481560811374, "e": 0.0, "inc": 0.15466909192841036, "pomega": 6.265590628851651, "f": 3.9204713602853727, "P": 590725.0055408807, "RHill": 14406441.128269129, "spacing": "logarithmic", "period_ratio": 3.75}, "IV": {"m": 1.341084483573484e+22, "r": 1219422.6027141537, "msmp": 0.0013091360788283382, "rsrp": 0.1622962487441577, "a": 496699530.7822119, "aRp": 66.10708249913648, "e": 0.0, "inc": 0.15466909192841036, "pomega": 1.1153769297173484, "f": 4.75684696223117, "P": 2658262.524933963, "RHill": 37674566.35054044, "spacing": "logarithmic", "period_ratio": 4.5}, "V": {"m": 1.4676018876841898e+22, "r": 1304146.3885677771, "msmp": 0.0014326394824913887, "rsrp": 0.17357236630409248, "a": 1413423895.0062723, "aRp": 188.11640487415715, "e": 0.0, "inc": 0.15466909192841036, "pomega": 4.09390461808931, "f": 0.5755973338710373, "P": 12759660.119683022, "RHill": 110478469.58165504, "spacing": "logarithmic", "period_ratio": 4.8}}