{"Planet": {"m": 9.234881048911709e+24, "Rp": 7384298.94, "Rstar": 507861000.0, "RpRstar": 0.01454, "rhostar": 2754.205257029177, "impact": 0.1682810787700506, "q1": 0.37871715999999994, "q2": 0.34367890802729933, "a": 78641658940.70801, "Pp": 159.69127384886892, "rhoplan": 5475.387832310624, "aRp": null, "e": null, "inc": null, "pomega": null, "f": null, "P": 13797326.060542274, "RHill": 996895225.0786817}, "I": {"m": 1.003692443773852e+22, "r": 1103829.8253666821, "msmp": 0.0010868493470114948, "rsrp": 0.1494833611607119, "a": 57673641.76479922, "aRp": 7.810307008616205, "e": 0.0, "inc": -0.02309301530541552, "pomega": 6.045028768383601, "f": 6.12797510907244, "P": 110787.69805979976, "RHill": 4111434.7939277, "spacing": "logarithmic", "period_ratio": NaN}, "II": {"m": 1.1253521339282578e+22, "r": 1453426.6074693934, "msmp": 0.0012185886618007664, "rsrp": 0.19682662081789898, "a": 146258411.8307197, "aRp": 19.806675355253116, "e": 0.0, "inc": -0.02309301530541552, "pomega": 0.07729090836914583, "f": 3.9481201405149857, "P": 447381.6649612705, "RHill": 10831771.238134753, "spacing": "logarithmic", "period_ratio": 4.038189011922495}, "III": {"m": 1.0341073663124532e+22, "r": 1278709.8983497312, "msmp": 0.0011197841757088125, "rsrp": 0.17316605255823123, "a": 275783926.9025933, "aRp": 37.347340504959746, "e": 0.0, "inc": -0.02309301530541552, "pomega": 2.1628886715983735, "f": 0.42667094945243916, "P": 1158435.234783772, "RHill": 19856680.21302909, "spacing": "logarithmic", "period_ratio": 2.5893668102917378}}