{"Planet": {"m": 2.71548696392384e+25, "Rp": 11876712.120000001, "Rstar": 681786000.0, "RpRstar": 0.01742, "rhostar": 1482.887685046675, "impact": 0.4957348331373632, "q1": 0.25, "q2": 0.2, "a": 128071356127.86923, "Pp": 290.78214005967266, "rhoplan": 3869.6387536555294, "aRp": null, "e": null, "inc": null, "pomega": null, "f": null, "P": 25123576.901155718, "RHill": 2129677270.2153244}, "I": {"m": 6.542242919149907e+22, "r": 1927825.2847794993, "msmp": 0.0024092337787166023, "rsrp": 0.1623197788496619, "a": 51049987.75611253, "aRp": 4.298326610960452, "e": 0.0, "inc": -0.05873620294990417, "pomega": 2.5254647214276185, "f": 5.466917909037144, "P": 53768.02440633944, "RHill": 4745130.9848140795, "spacing": "linear", "period_ratio": NaN}, "II": {"m": 1.149312945256065e+22, "r": 1115851.79458157, "msmp": 0.0004232437719367005, "rsrp": 0.09395292091845112, "a": 145167491.4704235, "aRp": 12.222868585487234, "e": 0.0, "inc": -0.05873620294990417, "pomega": 2.8006957609860406, "f": 4.278648740532634, "P": 258086.5171504293, "RHill": 7557169.201707486, "spacing": "linear", "period_ratio": 4.8}, "III": {"m": 2.5638519548019917e+22, "r": 1406440.3734066023, "msmp": 0.0009441591835511014, "rsrp": 0.11842001045375193, "a": 345243638.1421939, "aRp": 29.068957355699034, "e": 0.0, "inc": -0.05873620294990417, "pomega": 5.215565361495206, "f": 0.3437246087635997, "P": 946317.2295515741, "RHill": 23483726.125310555, "spacing": "linear", "period_ratio": 3.6666666666666665}, "IV": {"m": 4.155208340541157e+22, "r": 1851323.8025480185, "msmp": 0.0015301890216173014, "rsrp": 0.15587847746435218, "a": 592923633.8478241, "aRp": 49.923213416056434, "e": 0.0, "inc": -0.05873620294990417, "pomega": 4.487899736361297, "f": 5.458748951242031, "P": 2129213.7664910415, "RHill": 47373997.99038933, "spacing": "linear", "period_ratio": 2.25}, "V": {"m": 5.03929522150736e+22, "r": 1909914.9474348796, "msmp": 0.0018557611538763015, "rsrp": 0.1608117573396971, "a": 1655961875.464095, "aRp": 139.4293183780643, "e": 0.0, "inc": -0.05873620294990417, "pomega": 3.256900634774657, "f": 2.8044660491991693, "P": 9936330.910291528, "RHill": 141096836.15320408, "spacing": "linear", "period_ratio": 4.666666666666667}}