{"Planet": {"m": 1.1598672418023715e+26, "Rp": 29186006.4, "Rstar": 528732000.0, "RpRstar": 0.0552, "rhostar": 2569.2153089144294, "impact": 0.17335475093796582, "q1": 0.39050001, "q2": 0.361577852456393, "a": 32373637791.189835, "Pp": 41.10898347354763, "rhoplan": 1113.7703529944397, "aRp": null, "e": null, "inc": null, "pomega": null, "f": null, "P": 3551816.172114515, "RHill": 937753182.9695691}, "I": {"m": 1.0002771993870422e+24, "r": 3646375.550983495, "msmp": 0.008624066301179996, "rsrp": 0.12493574835176817, "a": 94475949.0229938, "aRp": 3.2370289969851376, "e": 0.0, "inc": 0.1465699542853924, "pomega": 2.4500589571650373, "f": 3.1714407686103985, "P": 65296.52911391115, "RHill": 13433366.813091468, "spacing": "logarithmic", "period_ratio": NaN}}