{"Planet": {"m": 7.820889154079663e+25, "Rp": 23179332.600000005, "Rstar": 939195000.0000001, "RpRstar": 0.024680000000000004, "rhostar": 693.3225981454475, "impact": 0.44818259781529945, "q1": 0.31292836, "q2": 0.2426707186271005, "a": 49347277581.36332, "Pp": 62.90792532856642, "rhoplan": 1499.2178338836486, "aRp": null, "e": null, "inc": null, "pomega": null, "f": null, "P": 5435244.748388139, "RHill": 1091970895.886558}, "I": {"m": 4.4637825641961436e+23, "r": 3281954.2176968944, "msmp": 0.005707512887927417, "rsrp": 0.14158967707710848, "a": 47221162.379339136, "aRp": 2.037209750350583, "e": 0.0, "inc": -0.01516842804263499, "pomega": 3.68922701654679, "f": 6.08650193872802, "P": 28139.61193786488, "RHill": 5851203.759227342, "spacing": "logarithmic", "period_ratio": NaN}, "II": {"m": 9.703875139556832e+22, "r": 1988071.7901980798, "msmp": 0.0012407636712885688, "rsrp": 0.08576915584696684, "a": 87922343.31017452, "aRp": 3.7931352393715816, "e": 0.0, "inc": -0.01516842804263499, "pomega": 3.7388691446863227, "f": 4.105843864097552, "P": 71652.04028685394, "RHill": 6550712.296393597, "spacing": "logarithmic", "period_ratio": 2.546305202966868}, "III": {"m": 1.4879275213987142e+23, "r": 1440303.075650278, "msmp": 0.0019025042959758052, "rsrp": 0.06213738335375013, "a": 439250999.0597532, "aRp": 18.950114165916627, "e": 0.0, "inc": -0.01516842804263499, "pomega": 5.230646514347723, "f": 0.427299330821294, "P": 799844.1026835664, "RHill": 37738174.50932852, "spacing": "logarithmic", "period_ratio": 11.162893610306789}}