{"Planet": {"m": 4.193449776270255e+29, "Rp": 169039864.17000002, "Rstar": 2914983000.0000005, "RpRstar": 0.05798999999999999, "rhostar": 26.639374443506895, "impact": 0.23178482350687002, "q1": 0.39790864000000004, "q2": 0.399571972098922, "a": 24265794440.47365, "Pp": 18.8590888012679, "rhoplan": 20725.99702341815, "aRp": null, "e": null, "inc": null, "pomega": null, "f": null, "P": 1629425.2724295468, "RHill": 8973688869.26275}, "I": {"m": 2.9944273229742353e+27, "r": 102679784.25856933, "msmp": 0.007140725375844477, "rsrp": 0.6074294058548599, "a": 2955484471.240657, "aRp": 17.483949633728912, "e": 0.0, "inc": 0.07866985637302173, "pomega": 3.8105046207357747, "f": 5.935690410202858, "P": 190146.89035896372, "RHill": 394610866.6723129, "spacing": "linear", "period_ratio": NaN}}