{"Planet": {"m": 5.059271226627044e+25, "Rp": 18059328.45, "Rstar": 1342701000.0, "RpRstar": 0.01345, "rhostar": 286.30716705807, "impact": 0.2631023916873686, "q1": 0.31292836, "q2": 0.2426707186271005, "a": 73791089056.82513, "Pp": 104.72152951994259, "rhoplan": 2050.6642632288235, "aRp": null, "e": null, "inc": null, "pomega": null, "f": null, "P": 9047940.15052304, "RHill": 1326497901.2761097}, "I": {"m": 6.888166196580699e+22, "r": 2098578.8731279885, "msmp": 0.0013614937582962828, "rsrp": 0.11620470157227739, "a": 50958227.528626196, "aRp": 2.8217122065037916, "e": 0.0, "inc": 0.08596606226694745, "pomega": 4.201357832163488, "f": 4.895090863379236, "P": 39306.01831234099, "RHill": 3916027.9265972413, "spacing": "logarithmic", "period_ratio": NaN}, "II": {"m": 1.1554343297490203e+23, "r": 1683531.6209554342, "msmp": 0.0022837959816582806, "rsrp": 0.09322227155990588, "a": 124128065.00689602, "aRp": 6.873348881746266, "e": 0.0, "inc": 0.08596606226694745, "pomega": 0.41787361028847136, "f": 5.094287757306222, "P": 149362.86958689574, "RHill": 11333968.517180832, "spacing": "logarithmic", "period_ratio": 3.8}}