{"Planet": {"m": 1.4125626333681956e+26, "Rp": 32634730.439999998, "Rstar": 1085292000.0, "RpRstar": 0.03007, "rhostar": 434.47356518353223, "impact": 0.08787547253537187, "q1": 0.26163225000000007, "q2": 0.21691104594330396, "a": 30897362521.602013, "Pp": 31.694675264803653, "rhoplan": 970.2396417022767, "aRp": null, "e": null, "inc": null, "pomega": null, "f": null, "P": 2738419.9428790356, "RHill": 842014630.0397805}, "I": {"m": 1.7507441056900602e+23, "r": 2496177.3307240773, "msmp": 0.001239409895415034, "rsrp": 0.0764883698155062, "a": 103262578.03678161, "aRp": 3.1641927677825676, "e": 0.0, "inc": -0.08530277082204508, "pomega": 1.4452771483661415, "f": 1.8769751487694195, "P": 67860.74559311905, "RHill": 7690847.469700538, "spacing": "logarithmic", "period_ratio": NaN}, "II": {"m": 3.978963876568319e+22, "r": 1516920.4611388966, "msmp": 0.0002816840671397805, "rsrp": 0.046481783078545835, "a": 163866843.24905992, "aRp": 5.0212409000998, "e": 0.0, "inc": -0.08530277082204508, "pomega": 0.886646111454185, "f": 1.3642159517838666, "P": 135721.4911862381, "RHill": 7447973.055457577, "spacing": "logarithmic", "period_ratio": 2.0}}