{"Planet": {"m": 1.4574963707087891e+25, "Rp": 8635306.68, "Rstar": 862668000.0, "RpRstar": 0.01001, "rhostar": 813.3527149234869, "impact": 0.4293542979965447, "q1": 0.25, "q2": 0.2, "a": 92224972549.47504, "Pp": 168.57195411576123, "rhoplan": 5403.629633675949, "aRp": null, "e": null, "inc": null, "pomega": null, "f": null, "P": 14564616.83560177, "RHill": 1203310607.725901}, "I": {"m": 5.305156254381262e+21, "r": 873855.0097951754, "msmp": 0.00036399104388859185, "rsrp": 0.10119559642497554, "a": 89706744.0238731, "aRp": 10.388368050858052, "e": 0.0, "inc": 0.06515965694264259, "pomega": 2.0598341271061793, "f": 3.438502850373707, "P": 171132.2581742673, "RHill": 4441008.198720733, "spacing": "logarithmic", "period_ratio": NaN}, "II": {"m": 4.483230637505292e+21, "r": 738760.1523140728, "msmp": 0.00030759806525796496, "rsrp": 0.08555111933952447, "a": 368052089.8189165, "aRp": 42.62177400964253, "e": 0.0, "inc": 0.06515965694264259, "pomega": 3.720017703620677, "f": 0.6679693950926994, "P": 1422231.8945086566, "RHill": 17226487.616383918, "spacing": "logarithmic", "period_ratio": 8.310717743585023}}