{"Planet": {"m": 1.046409264559114e+23, "Rp": 2074716.5399999998, "Rstar": 257409000.0, "RpRstar": 0.00806, "rhostar": 10297.880382085652, "impact": 0.38738116182017157, "q1": 0.11235904, "q2": 0.15244630071599044, "a": 107863136735.64502, "Pp": 367.6368061742336, "rhoplan": 2797.284630286189, "aRp": null, "e": null, "inc": null, "pomega": null, "f": null, "P": 31763820.05345378, "RHill": 390388732.7248858}, "I": {"m": 2.8268662074745648e+20, "r": 727798.8101799188, "msmp": 0.002701491952735735, "rsrp": 0.350794335586643, "a": 69956143.4758699, "aRp": 33.718410263346094, "e": 0.0, "inc": 0.1038051111272155, "pomega": 2.9213449838061702, "f": 2.2131591811067612, "P": 1389246.072251474, "RHill": 6755435.22827971, "spacing": "linear", "period_ratio": NaN}, "II": {"m": 2.540601275072077e+20, "r": 569062.5917705746, "msmp": 0.002427923147395407, "rsrp": 0.27428450142426425, "a": 176262402.55974886, "aRp": 84.9573419604342, "e": 0.0, "inc": 0.1038051111272155, "pomega": 1.141140565840397, "f": 0.4700292639034234, "P": 5556984.289005896, "RHill": 16425965.732683886, "spacing": "linear", "period_ratio": 4.0}, "III": {"m": 3.936142820534205e+19, "r": 828241.9755908115, "msmp": 0.00037615710734295046, "rsrp": 0.39920729392305876, "a": 366390255.09382564, "aRp": 176.59774144077807, "e": 0.0, "inc": 0.1038051111272155, "pomega": 0.8489432293228945, "f": 3.801078900202952, "P": 16670952.867017688, "RHill": 18338335.75682933, "spacing": "linear", "period_ratio": 3.0}}