{"Planet": {"m": 1.9085853507824226e+25, "Rp": 9587302.56, "Rstar": 612216000.0, "RpRstar": 0.01566, "rhostar": 1903.2292425263602, "impact": 0.1822681970348501, "q1": 0.37871715999999994, "q2": 0.34367890802729933, "a": 15656084405.47612, "Pp": 12.8925510791978, "rhoplan": 5170.513508619129, "aRp": null, "e": null, "inc": null, "pomega": null, "f": null, "P": 1113916.4132426898, "RHill": 237200364.4270793}, "I": {"m": 2.0292177617902276e+22, "r": 1411606.32905731, "msmp": 0.0010632051435155111, "rsrp": 0.14723706905285255, "a": 46891970.59391377, "aRp": 4.891049416710363, "e": 0.0, "inc": 0.040932064165683596, "pomega": 1.6394469913422884, "f": 2.4821064069766345, "P": 56498.66551496969, "RHill": 3318412.892766969, "spacing": "linear", "period_ratio": NaN}, "II": {"m": 9.365620439031818e+21, "r": 1095815.4920075175, "msmp": 0.0004907100662379281, "rsrp": 0.11429862415936078, "a": 97520632.11057484, "aRp": 10.171852979528252, "e": 0.0, "inc": 0.040932064165683596, "pomega": 0.560516181018521, "f": 2.907520593691364, "P": 169495.99654490908, "RHill": 5333321.263299586, "spacing": "linear", "period_ratio": 3.0}, "III": {"m": 2.5755456207337493e+22, "r": 1428501.0533616971, "msmp": 0.001349452682154302, "rsrp": 0.14899926693892687, "a": 179685920.25903594, "aRp": 18.742072562591154, "e": 0.0, "inc": 0.040932064165683596, "pomega": 1.0066669529054604, "f": 1.4169999867676735, "P": 423739.9913622727, "RHill": 13767640.49143857, "spacing": "linear", "period_ratio": 2.5}}