{"Planet": {"m": 5.385463634093194e+24, "Rp": 6175728.900000001, "Rstar": 765270000.0000001, "RpRstar": 0.00807, "rhostar": 1154.5154083359896, "impact": 0.14592009813447326, "q1": 0.37234403999999993, "q2": 0.25901343821697803, "a": 166140458078.84015, "Pp": 409.45824973470735, "rhoplan": 5458.456059626732, "aRp": null, "e": null, "inc": null, "pomega": null, "f": null, "P": 35377192.77707872, "RHill": 1560265653.6865232}, "I": {"m": 1.2966302741850432e+22, "r": 1167753.6967126287, "msmp": 0.0024076483702844096, "rsrp": 0.18908759040777007, "a": 741197202.9910886, "aRp": 120.01776875132722, "e": 0.0, "inc": -0.04613366549675979, "pomega": 5.481999061889661, "f": 2.2131591811067612, "P": 6679499.6212092275, "RHill": 68879667.20687327, "spacing": "logarithmic", "period_ratio": NaN}}