{"Planet": {"m": 1.6506520289271766e+25, "Rp": 9010636.83, "Rstar": 563517000.0, "RpRstar": 0.01599, "rhostar": 2228.3095440854613, "impact": 0.18168684157886406, "q1": 0.39904488999999993, "q2": 0.24908975779642237, "a": 204652886486.08093, "Pp": 637.6690397587082, "rhoplan": 5386.423085586757, "aRp": null, "e": null, "inc": null, "pomega": null, "f": null, "P": 55094605.03515239, "RHill": 3045095382.640884}, "I": {"m": 3.7618273304088895e+22, "r": 1268503.463318115, "msmp": 0.002278994763574639, "rsrp": 0.14077844743389964, "a": 55048515.978945084, "aRp": 6.1092813990312695, "e": 0.0, "inc": -0.02312792538146302, "pomega": 5.620242963037726, "f": 6.058224777129553, "P": 77227.74439310834, "RHill": 5022881.970857974, "spacing": "logarithmic", "period_ratio": NaN}, "II": {"m": 6.269712217348149e+22, "r": 1834844.0951124425, "msmp": 0.003798324605957732, "rsrp": 0.20363090087079255, "a": 163241361.36358282, "aRp": 18.11651767165749, "e": 0.0, "inc": -0.02312792538146302, "pomega": 2.039097541933969, "f": 3.4089689260375295, "P": 394068.13651226676, "RHill": 17659855.621883716, "spacing": "logarithmic", "period_ratio": 5.102675723718699}, "III": {"m": 3.4667820495925053e+22, "r": 1443347.0834433518, "msmp": 0.0021002500762354517, "rsrp": 0.16018258317080034, "a": 434426727.6707073, "aRp": 48.21265531691696, "e": 0.0, "inc": -0.02312792538146302, "pomega": 2.314956962861246, "f": 4.084478897556487, "P": 1712255.0732403689, "RHill": 38574454.07381566, "spacing": "logarithmic", "period_ratio": 4.3450736423270016}, "IV": {"m": 1.9177943253064935e+22, "r": 1194001.6446162367, "msmp": 0.0011618404677047186, "rsrp": 0.13251023952501664, "a": 975333933.7491149, "aRp": 108.24250850970262, "e": 0.0, "inc": -0.02312792538146302, "pomega": 4.181878009728988, "f": 1.5395343536943682, "P": 5762714.435058586, "RHill": 71093257.79605523, "spacing": "logarithmic", "period_ratio": 3.3655700748796136}}