{"Planet": {"m": 1.2346487411522056e+25, "Rp": 8202929.13, "Rstar": 688743000.0, "RpRstar": 0.01191, "rhostar": 1438.4040652051071, "impact": 0.01926573793771391, "q1": 0.25, "q2": 0.2, "a": 156914823591.5615, "Pp": 394.35496132632124, "rhoplan": 5340.082054133757, "aRp": null, "e": null, "inc": null, "pomega": null, "f": null, "P": 34072268.658594154, "RHill": 2006431445.674552}, "I": {"m": 3.959212304600747e+22, "r": 1477566.410954965, "msmp": 0.003206751987537694, "rsrp": 0.18012668249822672, "a": 101588901.45968819, "aRp": 12.384466554532843, "e": 0.0, "inc": -0.03419441948851776, "pomega": 0.919321942634637, "f": 2.3532882263613915, "P": 223758.46311741308, "RHill": 10387099.775704237, "spacing": "logarithmic", "period_ratio": NaN}, "II": {"m": 1.71724871042924e+22, "r": 1099014.143305936, "msmp": 0.0013908803801368315, "rsrp": 0.1339782565335824, "a": 928869027.62371, "aRp": 113.2362614503912, "e": 0.0, "inc": -0.03419441948851776, "pomega": 5.6346957345213875, "f": 3.9443498523018565, "P": 6192060.691861397, "RHill": 71891463.39156073, "spacing": "logarithmic", "period_ratio": 27.672967563297163}}