{"Planet": {"m": 8.497441094687928e+25, "Rp": 25301356.74, "Rstar": 848754000.0, "RpRstar": 0.02981, "rhostar": 892.8317777444227, "impact": 0.34783406834985886, "q1": 0.37234403999999993, "q2": 0.25901343821697803, "a": 141738025107.33118, "Pp": 314.1108119263815, "rhoplan": 1252.4722812778873, "aRp": null, "e": null, "inc": null, "pomega": null, "f": null, "P": 27139174.15043936, "RHill": 3279498447.801045}, "I": {"m": 2.0912629838500112e+23, "r": 1748309.6194962005, "msmp": 0.002461050286253045, "rsrp": 0.06909944148300248, "a": 453522519.627217, "aRp": 17.92483005111832, "e": 0.0, "inc": 0.06055152690437374, "pomega": 6.197097059646473, "f": 3.479976020718127, "P": 804817.5842909641, "RHill": 42455301.99195967, "spacing": "linear", "period_ratio": NaN}, "II": {"m": 2.8356108255593378e+23, "r": 2992723.0353950085, "msmp": 0.0033370173372922647, "rsrp": 0.1182831049792553, "a": 1332542874.405726, "aRp": 52.66685451294602, "e": 0.0, "inc": 0.06055152690437374, "pomega": 5.215565361495206, "f": 5.892332095751874, "P": 4051644.1450612717, "RHill": 138068178.09110078, "spacing": "linear", "period_ratio": 5.034239092366164}}