{"Planet": {"m": 2.890565782695889e+24, "Rp": 5165989.92, "Rstar": 542646000.0, "RpRstar": 0.00952, "rhostar": 2406.3151302472556, "impact": 0.03796893461258255, "q1": 0.39904488999999993, "q2": 0.24908975779642237, "a": 30743264375.222683, "Pp": 37.80875522850185, "rhoplan": 5005.340016612448, "aRp": null, "e": null, "inc": null, "pomega": null, "f": null, "P": 3266676.45174256, "RHill": 259044000.00988325}, "I": {"m": 1.090981022115071e+21, "r": 704558.7197082575, "msmp": 0.0003774281936934736, "rsrp": 0.1363840678396557, "a": 41473791.07282376, "aRp": 8.028236933304694, "e": 0.0, "inc": -0.05301095047811559, "pomega": 1.294465619840979, "f": 1.4301959955136252, "P": 120799.2503412712, "RHill": 2078155.7675244075, "spacing": "logarithmic", "period_ratio": NaN}, "II": {"m": 1.272811192467583e+21, "r": 751678.7319899958, "msmp": 0.0004403328926423859, "rsrp": 0.14550526494058583, "a": 104509595.24612533, "aRp": 20.230313427736096, "e": 0.0, "inc": -0.05301095047811559, "pomega": 4.887550286952978, "f": 4.631799069829056, "P": 483197.0013650848, "RHill": 5512849.336852943, "spacing": "logarithmic", "period_ratio": 4.0}, "III": {"m": 8.312236358971967e+20, "r": 702334.5990647578, "msmp": 0.00028756433805217027, "rsrp": 0.13595353648401193, "a": 176772964.65162158, "aRp": 34.218604253804195, "e": 0.0, "inc": -0.05301095047811559, "pomega": 2.209388892893632, "f": 2.611552968960732, "P": 1063033.4030031867, "RHill": 8090097.756969972, "spacing": "logarithmic", "period_ratio": 2.2}}