{"Planet": {"m": 1.369567551662184e+25, "Rp": 8429379.48, "Rstar": 640044000.0, "RpRstar": 0.013170000000000001, "rhostar": 1593.200672657884, "impact": 0.07544223966223529, "q1": 0.37871715999999994, "q2": 0.34367890802729933, "a": 40794041834.334785, "Pp": 55.44499882198135, "rhoplan": 5458.936364119177, "aRp": null, "e": null, "inc": null, "pomega": null, "f": null, "P": 4790447.898219189, "RHill": 561592471.5080541}, "I": {"m": 2.044652306299171e+22, "r": 1352298.078930488, "msmp": 0.0014929181870712886, "rsrp": 0.16042676476234383, "a": 44758983.11456414, "aRp": 5.309878766374407, "e": 0.0, "inc": 0.14182218394293358, "pomega": 1.628764508071756, "f": 4.679556053862024, "P": 62184.429307885446, "RHill": 3546923.2887403825, "spacing": "logarithmic", "period_ratio": NaN}, "II": {"m": 1.8608633349464364e+22, "r": 1316341.8236623048, "msmp": 0.0013587232938513973, "rsrp": 0.1561611773186304, "a": 158712955.75086772, "aRp": 18.82854558006774, "e": 0.0, "inc": 0.14182218394293358, "pomega": 0.9268625190608951, "f": 0.2544944543862119, "P": 415249.3911280349, "RHill": 12188463.705853218, "spacing": "logarithmic", "period_ratio": 6.677706875334759}}