{"Planet": {"m": 2.031120128815296e+25, "Rp": 9824536.26, "Rstar": 681786000.0, "RpRstar": 0.01441, "rhostar": 1422.9730311053952, "impact": 0.23291812033685566, "q1": 0.37234403999999993, "q2": 0.25901343821697803, "a": 98292528321.34889, "Pp": 199.5845553696845, "rhoplan": 5113.412411381632, "aRp": null, "e": null, "inc": null, "pomega": null, "f": null, "P": 17244105.58394074, "RHill": 1504234180.6246545}, "I": {"m": 4.739623796843744e+21, "r": 915621.2079284661, "msmp": 0.00023335024500043992, "rsrp": 0.09319739717958618, "a": 168033596.23631772, "aRp": 17.10346338894959, "e": 0.0, "inc": -0.02260427424075065, "pomega": 1.0305454449219444, "f": 3.015602189134397, "P": 371665.9021557999, "RHill": 7172850.696227139, "spacing": "linear", "period_ratio": NaN}, "II": {"m": 2.433860868649491e+21, "r": 816311.3486608261, "msmp": 0.00011982850418941512, "rsrp": 0.08308904634861881, "a": 266726615.93271744, "aRp": 27.149028602874477, "e": 0.0, "inc": -0.02260427424075065, "pomega": 3.9613161492609374, "f": 3.286434559110835, "P": 743331.8043115998, "RHill": 9117574.403828435, "spacing": "linear", "period_ratio": 2.0}, "III": {"m": 6.532994963217054e+21, "r": 895874.711440287, "msmp": 0.0003216449322979037, "rsrp": 0.09118748078601799, "a": 554851035.504867, "aRp": 56.47605350737104, "e": 0.0, "inc": -0.02260427424075065, "pomega": 5.458748951242031, "f": 2.112618162089986, "P": 2229995.4129347997, "RHill": 26358956.92502083, "spacing": "linear", "period_ratio": 3.0}, "IV": {"m": 8.96685583186654e+21, "r": 853497.2902010389, "msmp": 0.0004414734364873186, "rsrp": 0.08687405365645615, "a": 1398192823.7464433, "aRp": 142.31641949748814, "e": 0.0, "inc": -0.02260427424075065, "pomega": 5.88793342616989, "f": 1.7644948837444023, "P": 8919981.651739199, "RHill": 73817870.0038566, "spacing": "linear", "period_ratio": 4.0}}