{"Planet": {"m": 1.1130210497311204e+25, "Rp": 7859183.76, "Rstar": 500904000.0, "RpRstar": 0.01569, "rhostar": 2643.9415000623385, "impact": 0.45103857574249173, "q1": 0.09235521000000001, "q2": 0.04886475814412636, "a": 118090810971.20467, "Pp": 306.18485847001136, "rhoplan": 5473.71824195067, "aRp": null, "e": null, "inc": null, "pomega": null, "f": null, "P": 26454371.771808982, "RHill": 1637352407.3361564}, "I": {"m": 1.600170958330697e+22, "r": 1221776.8197256953, "msmp": 0.00143768256558783, "rsrp": 0.15545848742512355, "a": 46289996.35527201, "aRp": 5.889924166281616, "e": 0.0, "inc": 0.15103844401947128, "pomega": 1.0223764871268315, "f": 3.0055480872327194, "P": 72551.1119245228, "RHill": 3622438.856826365, "spacing": "logarithmic", "period_ratio": NaN}, "II": {"m": 9.436905651693857e+21, "r": 1076494.543354367, "msmp": 0.000847864077141541, "rsrp": 0.13697281756322835, "a": 116620577.21331348, "aRp": 14.838764530085689, "e": 0.0, "inc": 0.15103844401947128, "pomega": 2.2075037487870675, "f": 3.8161600530554685, "P": 290204.4476980912, "RHill": 7653207.940834925, "spacing": "logarithmic", "period_ratio": 4.0}, "III": {"m": 1.4975958968992421e+22, "r": 1387824.2520851374, "msmp": 0.0013455234267680974, "rsrp": 0.17658630901959435, "a": 242620776.17485225, "aRp": 30.8709890980908, "e": 0.0, "inc": 0.15103844401947128, "pomega": 5.709473117415114, "f": 5.862169790046841, "P": 870613.3430942737, "RHill": 18571685.65011414, "spacing": "logarithmic", "period_ratio": 3.0}, "IV": {"m": 3.897852334395288e+21, "r": 751494.8549998974, "msmp": 0.0003502047275149843, "rsrp": 0.09561996232034883, "a": 585425363.7883048, "aRp": 74.48933396466414, "e": 0.0, "inc": 0.15103844401947128, "pomega": 1.4848651746039967, "f": 4.100816813146713, "P": 3264800.036603526, "RHill": 28611356.65355544, "spacing": "logarithmic", "period_ratio": 3.75}}