{"Planet": {"m": 9.42601665359871e+25, "Rp": 25987873.5, "Rstar": 1078335000.0, "RpRstar": 0.0241, "rhostar": 533.795992688694, "impact": 0.4551564960059179, "q1": 0.379456, "q2": 0.25681818181818183, "a": 42553563438.09121, "Pp": 46.665653581253316, "rhoplan": 1282.1161215414006, "aRp": null, "e": null, "inc": null, "pomega": null, "f": null, "P": 4031912.4694202864, "RHill": 952276883.8298824}, "I": {"m": 3.152672513803877e+22, "r": 1535120.5435695837, "msmp": 0.0003344649844852793, "rsrp": 0.05907064860730462, "a": 103476424.97622058, "aRp": 3.98171958841575, "e": 0.0, "inc": 0.08998072101240892, "pomega": 1.8618939959169032, "f": 0.765996888634055, "P": 83368.58163966087, "RHill": 4980250.833048677, "spacing": "linear", "period_ratio": NaN}, "II": {"m": 1.4116444091659145e+22, "r": 1034471.5129465351, "msmp": 0.00014976044081430412, "rsrp": 0.0398059315221207, "a": 247123514.26540118, "aRp": 9.509185669439294, "e": 0.0, "inc": 0.08998072101240892, "pomega": 4.908915253494042, "f": 2.11701683167197, "P": 307717.00335439923, "RHill": 9099258.917629724, "spacing": "linear", "period_ratio": 3.69104280416364}, "III": {"m": 3.7643850911091087e+22, "r": 1499508.8243696617, "msmp": 0.0003993611755048113, "rsrp": 0.05770032797680279, "a": 348691399.6992011, "aRp": 13.417465638317852, "e": 0.0, "inc": 0.08998072101240892, "pomega": 5.651033650111613, "f": 2.17796982445089, "P": 515689.22367431415, "RHill": 17804212.329141773, "spacing": "linear", "period_ratio": 1.6758554712701146}}