{"Planet": {"m": 4.111571834993245e+25, "Rp": 15756213.6, "Rstar": 556560000.0, "RpRstar": 0.02831, "rhostar": 2395.5243108350533, "impact": 0.3769753244541736, "q1": 0.39904488999999993, "q2": 0.24908975779642237, "a": 205271003086.22803, "Pp": 629.4147677849236, "rhoplan": 2509.3641777188905, "aRp": null, "e": null, "inc": null, "pomega": null, "f": null, "P": 54381435.9366174, "RHill": 4092117475.114018}, "I": {"m": 6.912063139928937e+22, "r": 1733047.6444044875, "msmp": 0.001681124255473526, "rsrp": 0.1099913779034125, "a": 65925698.48233713, "aRp": 4.184107943442524, "e": 0.0, "inc": -0.029027728233489036, "pomega": 4.4992106010006845, "f": 5.369518796864643, "P": 64149.07967710203, "RHill": 5435184.107917343, "spacing": "logarithmic", "period_ratio": NaN}, "II": {"m": 3.034564305334657e+22, "r": 1695129.025996031, "msmp": 0.0007380545511834996, "rsrp": 0.1075847960068294, "a": 100724719.61466862, "aRp": 6.3926982821982445, "e": 0.0, "inc": -0.029027728233489036, "pomega": 2.3947613967058112, "f": 4.1171547287369386, "P": 121204.00163976022, "RHill": 6311391.730096423, "spacing": "logarithmic", "period_ratio": 1.8894113875030993}, "III": {"m": 7.502117310410679e+22, "r": 1707419.8650851783, "msmp": 0.001824634862648096, "rsrp": 0.10836485899665503, "a": 203828861.54583633, "aRp": 12.936411419672321, "e": 0.0, "inc": -0.029027728233489036, "pomega": 3.455469147332788, "f": 5.774196398407163, "P": 348719.0959728274, "RHill": 17269665.143318813, "spacing": "logarithmic", "period_ratio": 2.8771252702471193}, "IV": {"m": 1.0115214351115523e+22, "r": 1106714.0610766746, "msmp": 0.00024601818372783316, "rsrp": 0.07023984880965783, "a": 411109251.89229417, "aRp": 26.091881103483782, "e": 0.0, "inc": -0.029027728233489036, "pomega": 2.455714389484731, "f": 2.8717028556666375, "P": 999667.3906526353, "RHill": 17861005.39389868, "spacing": "logarithmic", "period_ratio": 2.866683821440425}, "V": {"m": 2.8659773994827306e+22, "r": 1451046.8773254247, "msmp": 0.0006970515205621938, "rsrp": 0.09209362821315298, "a": 1204791772.854137, "aRp": 76.46454937968961, "e": 0.0, "inc": -0.029027728233489036, "pomega": 2.4142412191403113, "f": 4.967354720797543, "P": 5014062.522396595, "RHill": 74067303.60627061, "spacing": "logarithmic", "period_ratio": 5.015730801344988}}