{"Planet": {"m": 8.499615381835377e+24, "Rp": 7122298.32, "Rstar": 466119000.0, "RpRstar": 0.01528, "rhostar": 3609.2553429670365, "impact": 0.0784338678490284, "q1": 0.09235521000000001, "q2": 0.04886475814412636, "a": 86238841187.50824, "Pp": 182.18730393183506, "rhoplan": 5616.298520617882, "aRp": null, "e": null, "inc": null, "pomega": null, "f": null, "P": 15740983.05971055, "RHill": 1058758004.3479666}, "I": {"m": 1.197785499827615e+22, "r": 1045995.1200613718, "msmp": 0.0014092231777774506, "rsrp": 0.14686202024480374, "a": 31182164.862906583, "aRp": 4.37810429469719, "e": 0.0, "inc": -0.019706737928808865, "pomega": 4.677042528386605, "f": 0.4863671794936494, "P": 45901.93262487641, "RHill": 2423961.79775776, "spacing": "logarithmic", "period_ratio": NaN}, "II": {"m": 1.5623289128186284e+22, "r": 1290973.0597570087, "msmp": 0.0018381171884053705, "rsrp": 0.1812579313241977, "a": 111445605.70374194, "aRp": 15.647421758618773, "e": 0.0, "inc": -0.019706737928808865, "pomega": 0.12127760418898492, "f": 1.843042554851258, "P": 310079.47306386376, "RHill": 9465573.441318484, "spacing": "logarithmic", "period_ratio": 6.755259644466846}, "III": {"m": 3.4892012386282707e+22, "r": 1416719.0948642802, "msmp": 0.0041051283874386614, "rsrp": 0.19891319223262754, "a": 252462284.58299196, "aRp": 35.44674390765928, "e": 0.0, "inc": -0.019706737928808865, "pomega": 4.832881107862606, "f": 6.014866462678568, "P": 1056045.2777718375, "RHill": 28028401.99746805, "spacing": "logarithmic", "period_ratio": 3.4057245626005535}}