{"Planet": {"m": 1.6510743903712176e+24, "Rp": 4412964.24, "Rstar": 500904000.0, "RpRstar": 0.00881, "rhostar": 2757.2532786364395, "impact": 0.46924090417007525, "q1": 0.09235521000000001, "q2": 0.04886475814412636, "a": 92221422183.7217, "Pp": 206.91708658205604, "rhoplan": 4586.5571281096545, "aRp": null, "e": null, "inc": null, "pomega": null, "f": null, "P": 17877636.28068964, "RHill": 667478611.763355}, "I": {"m": 5.28103767358838e+21, "r": 989025.909850805, "msmp": 0.0031985461735621877, "rsrp": 0.22411826973037174, "a": 253358987.63906646, "aRp": 57.41242708077473, "e": 0.0, "inc": 0.021347511503040956, "pomega": 0.8200376863555716, "f": 0.20108203803355013, "P": 2409931.5726739373, "RHill": 25882930.02947773, "spacing": "linear", "period_ratio": NaN}}