{"Planet": {"m": 6.097615488180532e+25, "Rp": 20177387.1, "Rstar": 674829000.0, "RpRstar": 0.029900000000000003, "rhostar": 2116.199733421839, "impact": 0.4246836265052284, "q1": 0.39904488999999993, "q2": 0.24908975779642237, "a": 81884480274.97131, "Pp": 126.37104013299641, "rhoplan": 1772.0527569350622, "aRp": null, "e": null, "inc": null, "pomega": null, "f": null, "P": 10918457.86749089, "RHill": 1600070178.1831493}, "I": {"m": 5.614656443661111e+21, "r": 886261.3454733785, "msmp": 9.207954247925968e-05, "rsrp": 0.04392349421067401, "a": 129983500.23352596, "aRp": 6.442038287183673, "e": 0.0, "inc": -0.012201071578598233, "pomega": 2.3771667183778753, "f": 3.9481201405149857, "P": 145951.76011167778, "RHill": 4069760.5744153727, "spacing": "linear", "period_ratio": NaN}, "II": {"m": 6.285063183202736e+21, "r": 958585.7107332932, "msmp": 0.0001030741147155892, "rsrp": 0.04750792092070698, "a": 349236411.4515271, "aRp": 17.3083070528754, "e": 0.0, "inc": -0.012201071578598233, "pomega": 2.3759099556401657, "f": 2.4575995335912952, "P": 642767.4616429294, "RHill": 11353479.233044583, "spacing": "linear", "period_ratio": 4.403971977803512}, "III": {"m": 3.268232855265422e+21, "r": 723548.6347435042, "msmp": 5.359853965210637e-05, "rsrp": 0.035859382146834276, "a": 498807058.9053128, "aRp": 24.721092797258805, "e": 0.0, "inc": -0.012201071578598233, "pomega": 4.603521908230588, "f": 0.08985853574624271, "P": 1097196.0539214727, "RHill": 13039966.977211397, "spacing": "linear", "period_ratio": 1.706987548991688}}