{"Planet": {"m": 9.42601665359871e+25, "Rp": 25880039.999999996, "Rstar": 695700000.0, "RpRstar": 0.0372, "rhostar": 1381.5842278213752, "impact": 0.08528008985418478, "q1": 0.25, "q2": 0.2, "a": 158861793857.31192, "Pp": 403.75318453702846, "rhoplan": 1298.2094426876674, "aRp": null, "e": null, "inc": null, "pomega": null, "f": null, "P": 34884275.143999256, "RHill": 4013387708.432823}, "I": {"m": 2.378466204212104e+23, "r": 2684955.6467765607, "msmp": 0.002523299386813667, "rsrp": 0.10374619385350876, "a": 1653932358.9866805, "aRp": 63.90764307113439, "e": 0.0, "inc": 0.17013425561744902, "pomega": 5.520330325389806, "f": 6.1707050421545695, "P": 5321600.693080269, "RHill": 156123011.53492588, "spacing": "linear", "period_ratio": NaN}}