{"Planet": {"m": 6.222226560115909e+27, "Rp": 113986827.36000001, "Rstar": 779184000.0000001, "RpRstar": 0.14629, "rhostar": 1083.7297073245938, "impact": 0.33419995763149557, "q1": 0.25, "q2": 0.2, "a": 29951784104.272564, "Pp": 31.44156915427637, "rhoplan": 1002.9821713420843, "aRp": null, "e": null, "inc": null, "pomega": null, "f": null, "P": 2716551.574929478, "RHill": 2960654048.76397}, "I": {"m": 8.035423141697433e+24, "r": 6655007.852381862, "msmp": 0.0012914063903111473, "rsrp": 0.05838400810440682, "a": 155651061.99432504, "aRp": 1.3655179778163187, "e": 0.0, "inc": -0.03143652348076595, "pomega": 6.0261773273179555, "f": 0.08420310342654912, "P": 18921.344118902874, "RHill": 11752564.598354615, "spacing": "linear", "period_ratio": NaN}, "II": {"m": 4.4998369593505623e+24, "r": 7064850.308135315, "msmp": 0.0007231875785742425, "rsrp": 0.061979532826391265, "a": 358741766.568645, "aRp": 3.1472212612396455, "e": 0.0, "inc": -0.03143652348076595, "pomega": 0.4511778228377781, "f": 4.780725454247654, "P": 66224.70441616006, "RHill": 22326732.902525615, "spacing": "linear", "period_ratio": 3.5}, "III": {"m": 9.963924695704823e+24, "r": 7432401.67550499, "msmp": 0.0016013439239858235, "rsrp": 0.06520404021801164, "a": 704364377.0128143, "aRp": 6.179348906591185, "e": 0.0, "inc": -0.03143652348076595, "pomega": 1.3472496548247859, "f": 0.7697671768471841, "P": 182117.9371444402, "RHill": 57137140.80205107, "spacing": "linear", "period_ratio": 2.75}, "IV": {"m": 1.6070846283394873e+24, "r": 4804458.224878384, "msmp": 0.00025828127806222956, "rsrp": 0.04214924071625098, "a": 1989446245.1069193, "aRp": 17.453299571394606, "e": 0.0, "inc": -0.03143652348076595, "pomega": 5.224362700659174, "f": 5.536668240980032, "P": 865060.2014360909, "RHill": 87846156.82770938, "spacing": "linear", "period_ratio": 4.75}, "V": {"m": 1.3820927803719573e+25, "r": 9085392.125245685, "msmp": 0.0022212189913351716, "rsrp": 0.07970563209511619, "a": 2798434768.6135373, "aRp": 24.550510207423823, "e": 0.0, "inc": -0.03143652348076595, "pomega": 4.992489975551737, "f": 5.982190631498116, "P": 1441767.0023934848, "RHill": 253165912.1109277, "spacing": "linear", "period_ratio": 1.6666666666666667}}