{"Planet": {"m": 1.4880430301680767e+25, "Rp": 8665639.2, "Rstar": 500904000.0, "RpRstar": 0.0173, "rhostar": 3134.9592072167734, "impact": 0.40955530751957225, "q1": 0.39050001, "q2": 0.361577852456393, "a": 73581371225.52965, "Pp": 138.29966244594328, "rhoplan": 5459.150558863637, "aRp": null, "e": null, "inc": null, "pomega": null, "f": null, "P": 11949090.8353295, "RHill": 1061869844.6152424}, "I": {"m": 5.692178994170084e+21, "r": 973301.4958324211, "msmp": 0.0003825278489108708, "rsrp": 0.11231733440187784, "a": 151749603.15617213, "aRp": 17.51164566788935, "e": 0.0, "inc": -0.040408413024971224, "pomega": 1.8769751487694195, "f": 5.07857822308485, "P": 372629.77868572547, "RHill": 7637915.192307177, "spacing": "linear", "period_ratio": NaN}, "II": {"m": 1.0996254875101296e+22, "r": 1288024.233007406, "msmp": 0.0007389742535778183, "rsrp": 0.14863580207763624, "a": 382430449.15089923, "aRp": 44.13182228391176, "e": 0.0, "inc": -0.040408413024971224, "pomega": 2.524836340058764, "f": 6.114779100326488, "P": 1490519.1147429019, "RHill": 23972968.486140374, "spacing": "linear", "period_ratio": 4.0}, "III": {"m": 1.6817801573684344e+21, "r": 667741.4478007657, "msmp": 0.0001130195917236664, "rsrp": 0.07705622544275392, "a": 606943898.2188783, "aRp": 70.04029180200328, "e": 0.0, "inc": -0.040408413024971224, "pomega": 0.879105535027927, "f": 0.2764878022961314, "P": 2981038.2294858037, "RHill": 20346640.395986054, "spacing": "linear", "period_ratio": 2.0}}