{"Planet": {"m": 1.831030464417182e+25, "Rp": 9556135.2, "Rstar": 702657000.0, "RpRstar": 0.0136, "rhostar": 1299.9024878090472, "impact": 0.1255753547927787, "q1": 0.37234403999999993, "q2": 0.25901343821697803, "a": 99681374512.08188, "Pp": 203.82968259474504, "rhoplan": 5009.1046408872635, "aRp": null, "e": null, "inc": null, "pomega": null, "f": null, "P": 17610884.57618597, "RHill": 1473654307.1302712}, "I": {"m": 2.9428563901840013e+21, "r": 751653.0920214113, "msmp": 0.0001607213231769311, "rsrp": 0.07865659874939937, "a": 87108459.8521235, "aRp": 9.115448665075762, "e": 0.0, "inc": 0.04864719097217918, "pomega": 1.1983232704061877, "f": 0.48888070496906877, "P": 146111.64382241605, "RHill": 3283807.95009073, "spacing": "linear", "period_ratio": NaN}, "II": {"m": 2.236570856539841e+21, "r": 802544.5447994008, "msmp": 0.00012214820561446763, "rsrp": 0.08398212540979966, "a": 238295951.45468295, "aRp": 24.936435752257143, "e": 0.0, "inc": 0.04864719097217918, "pomega": 5.167808377462238, "f": 2.178598205819745, "P": 661116.0410886373, "RHill": 8197950.207529225, "spacing": "linear", "period_ratio": 4.524732073318928}, "III": {"m": 2.6485707511656014e+21, "r": 685169.9500402677, "msmp": 0.000144649190859238, "rsrp": 0.07169948265699168, "a": 313032471.6994074, "aRp": 32.75722508607951, "e": 0.0, "inc": 0.04864719097217918, "pomega": 1.9347862347040652, "f": 5.977163580547278, "P": 995363.931098656, "RHill": 11393425.276977804, "spacing": "linear", "period_ratio": 1.5055812735380374}}