{"Planet": {"m": 7.98888851983063e+23, "Rp": 3673296.0, "Rstar": 347850000.0, "RpRstar": 0.01056, "rhostar": 6090.248841008512, "impact": 0.2418976933110133, "q1": 0.15374241, "q2": 0.16284111196123438, "a": 97845404939.15416, "Pp": 262.92017931315974, "rhoplan": 3847.954905863534, "aRp": null, "e": null, "inc": null, "pomega": null, "f": null, "P": 22716303.492657002, "RHill": 614745814.1279416}, "I": {"m": 1.4137913969920579e+21, "r": 673150.5802101545, "msmp": 0.001769697240714571, "rsrp": 0.18325519648026037, "a": 107431285.9914855, "aRp": 29.246563846606836, "e": 0.0, "inc": -0.13033676892330892, "pomega": 5.710101498783969, "f": 1.4616150639563674, "P": 957295.5552731126, "RHill": 9009970.051828954, "spacing": "linear", "period_ratio": NaN}, "II": {"m": 1.8926562250054962e+21, "r": 698013.763007378, "msmp": 0.002369110822246925, "rsrp": 0.1900238268321905, "a": 197929582.3893619, "aRp": 53.883374056803994, "e": 0.0, "inc": -0.13033676892330892, "pomega": 5.128848732593238, "f": 5.868453603735389, "P": 2393238.8881827816, "RHill": 18294986.034934975, "spacing": "linear", "period_ratio": 2.5}}