{"Planet": {"m": 1.8305620683984736e+26, "Rp": 39543031.44, "Rstar": 918324000.0, "RpRstar": 0.043059999999999994, "rhostar": 668.1223427870314, "impact": 0.04267674994489945, "q1": 0.379456, "q2": 0.25681818181818183, "a": 96092446844.01268, "Pp": 180.09953794244933, "rhoplan": 706.7827957476303, "aRp": null, "e": null, "inc": null, "pomega": null, "f": null, "P": 15560600.078227622, "RHill": 2923251519.7802672}, "I": {"m": 7.604670471842486e+22, "r": 2207334.7402143544, "msmp": 0.00041542816838194827, "rsrp": 0.05582108047440974, "a": 287314219.62140137, "aRp": 7.265862255840276, "e": 0.0, "inc": -0.16995970523721157, "pomega": 4.137262932540294, "f": 5.192943632216432, "P": 276777.1718487939, "RHill": 14864444.454054896, "spacing": "linear", "period_ratio": NaN}, "II": {"m": 1.4076730447878647e+23, "r": 1877694.1710220594, "msmp": 0.0007689840563665852, "rsrp": 0.04748483114834404, "a": 748010681.3976061, "aRp": 18.91637171349871, "e": 0.0, "inc": -0.16995970523721157, "pomega": 3.700537881186177, "f": 1.5627844643419975, "P": 1162464.1217649346, "RHill": 47515994.83470474, "spacing": "linear", "period_ratio": 4.2}}