{"Planet": {"m": 5.729754449449248e+25, "Rp": 18970904.16, "Rstar": 723528000.0, "RpRstar": 0.02622, "rhostar": 1290.8878042472256, "impact": 0.36831027348597534, "q1": 0.37234403999999993, "q2": 0.25901343821697803, "a": 19706330134.5876, "Pp": 17.20656790635488, "rhoplan": 2003.4721567149306, "aRp": null, "e": null, "inc": null, "pomega": null, "f": null, "P": 1486647.4671090618, "RHill": 414791289.4598255}, "I": {"m": 1.540929846651186e+23, "r": 2308679.141644776, "msmp": 0.002689347092002001, "rsrp": 0.12169578857040496, "a": 68813928.43253511, "aRp": 3.6273404710793242, "e": 0.0, "inc": 0.16776037044621964, "pomega": 0.8822474418722012, "f": 2.0793139495406794, "P": 57921.57037771522, "RHill": 6635162.325519783, "spacing": "linear", "period_ratio": NaN}, "II": {"m": 5.8798638885374186e+22, "r": 1987960.1490962147, "msmp": 0.0010261982324744473, "rsrp": 0.10478995267330551, "a": 103541772.90398966, "aRp": 5.457925043040735, "e": 0.0, "inc": 0.16776037044621964, "pomega": 5.471944959987983, "f": 0.9532545365527986, "P": 106994.06178909537, "RHill": 7241339.893048045, "spacing": "linear", "period_ratio": 1.847223082719807}}