{"Planet": {"m": 2.2068237141348315e+25, "Rp": 10337406.3, "Rstar": 542646000.0, "RpRstar": 0.01905, "rhostar": 2465.7303186484223, "impact": 0.004633987339442647, "q1": 0.39904488999999993, "q2": 0.24908975779642237, "a": 81938235018.91447, "Pp": 162.51680149801055, "rhoplan": 4769.186156730501, "aRp": null, "e": null, "inc": null, "pomega": null, "f": null, "P": 14041451.649428112, "RHill": 1348468274.0283895}, "I": {"m": 9.175237351036728e+22, "r": 2012644.066632204, "msmp": 0.0041576666465331195, "rsrp": 0.1946952657391636, "a": 142047266.7640067, "aRp": 13.741093524011598, "e": 0.0, "inc": -0.043934330705767854, "pomega": 1.0732753780040738, "f": 4.0970465249335835, "P": 276593.23486377095, "RHill": 15837100.95434552, "spacing": "linear", "period_ratio": NaN}}