{"Planet": {"m": 2.2282384681851295e+28, "Rp": 121928381.99999999, "Rstar": 3200219999.9999995, "RpRstar": 0.0381, "rhostar": 20.42193589497834, "impact": 0.3712862063540495, "q1": 0.39790864000000004, "q2": 0.399571972098922, "a": 80409541267.02187, "Pp": 120.73776970067514, "rhoplan": 2934.665632701887, "aRp": null, "e": null, "inc": null, "pomega": null, "f": null, "P": 10431743.302138332, "RHill": 11126179130.864412}, "I": {"m": 2.3442488095925045e+25, "r": 12868655.04951848, "msmp": 0.0010520637010193365, "rsrp": 0.1055427361409461, "a": 437884186.6015293, "aRp": 3.5913228685469587, "e": 0.0, "inc": -0.058875843254094146, "pomega": 0.5906784867235535, "f": 4.326405724565602, "P": 47185.301310345, "RHill": 30879210.567475375, "spacing": "logarithmic", "period_ratio": NaN}, "II": {"m": 2.375927847559971e+25, "r": 23243543.298970602, "msmp": 0.0010662807780601384, "rsrp": 0.19063275438995497, "a": 842055026.2494001, "aRp": 6.906144512353164, "e": 0.0, "inc": -0.058875843254094146, "pomega": 2.011448761704356, "f": 1.8681778096054515, "P": 125827.47016092, "RHill": 59647271.34678822, "spacing": "logarithmic", "period_ratio": 2.6666666666666665}, "III": {"m": 9.50371139023988e+24, "r": 7391089.84730156, "msmp": 0.00042651231122405525, "rsrp": 0.06061828858929303, "a": 1550748124.99253, "aRp": 12.718516390978849, "e": 0.0, "inc": -0.058875843254094146, "pomega": 2.462626584542134, "f": 4.693380443976831, "P": 314568.67540229997, "RHill": 80936552.87961453, "spacing": "logarithmic", "period_ratio": 2.5}}