{"Planet": {"m": 3.34139487626958e+25, "Rp": 13705985.7, "Rstar": 626130000.0, "RpRstar": 0.02189, "rhostar": 1798.484549528119, "impact": 7.076829943508667e-05, "q1": 0.37871715999999994, "q2": 0.34367890802729933, "a": 182530259229.5581, "Pp": 510.4664654280631, "rhoplan": 3098.1922977101067, "aRp": null, "e": null, "inc": null, "pomega": null, "f": null, "P": 44104302.61298465, "RHill": 3321039951.766403}, "I": {"m": 2.011639127054169e+22, "r": 1532660.8161614821, "msmp": 0.0006020357370332761, "rsrp": 0.1118241948962111, "a": 197531798.31122178, "aRp": 14.412082621042119, "e": 0.0, "inc": -0.04149062538244344, "pomega": 0.3179609726405511, "f": 5.253268243626497, "P": 369264.8254234184, "RHill": 11564779.496770946, "spacing": "logarithmic", "period_ratio": NaN}, "II": {"m": 7.45489794143604e+22, "r": 1966466.3432225457, "msmp": 0.002231073613711553, "rsrp": 0.14347500327703872, "a": 551921143.8601217, "aRp": 40.26862102009356, "e": 0.0, "inc": -0.04149062538244344, "pomega": 4.99814540787143, "f": 1.3397090783985277, "P": 1723235.8519759527, "RHill": 50004364.67461458, "spacing": "logarithmic", "period_ratio": 4.666666666666667}}