{"Planet": {"m": 3.8635261704263866e+25, "Rp": 15402798.0, "Rstar": 570474000.0, "RpRstar": 0.027, "rhostar": 1968.7948243583137, "impact": 0.30101316017837265, "q1": 0.39050001, "q2": 0.361577852456393, "a": 19605993467.785515, "Pp": 19.748892565947184, "rhoplan": 2524.040907914972, "aRp": null, "e": null, "inc": null, "pomega": null, "f": null, "P": 1706304.3176978368, "RHill": 398728711.82463753}, "I": {"m": 1.016184367105601e+22, "r": 833856.5904874876, "msmp": 0.0002630199259122536, "rsrp": 0.0541366958449684, "a": 33279257.591439214, "aRp": 2.1605981972521624, "e": 0.0, "inc": -0.17250814078867846, "pomega": 2.2150443252133254, "f": 0.8904163996673141, "P": 23751.356303707373, "RHill": 1478414.0961915466, "spacing": "logarithmic", "period_ratio": NaN}, "II": {"m": 5.182540272238563e+22, "r": 1441093.3219195008, "msmp": 0.0013414016221524926, "rsrp": 0.09356048958893708, "a": 48345380.3917645, "aRp": 3.138740142652296, "e": 0.0, "inc": -0.17250814078867846, "pomega": 0.298481150206051, "f": 1.4578447757432385, "P": 41564.8735314879, "RHill": 3696869.9455325166, "spacing": "logarithmic", "period_ratio": 1.75}, "III": {"m": 6.300343076054726e+22, "r": 2154769.968503745, "msmp": 0.001630723540655972, "rsrp": 0.13989471059113706, "a": 94904163.53326747, "aRp": 6.161488551188392, "e": 0.0, "inc": -0.17250814078867846, "pomega": 0.25826474259934096, "f": 1.5187977685221583, "P": 114303.40221159173, "RHill": 7745300.89793095, "spacing": "logarithmic", "period_ratio": 2.75}, "IV": {"m": 3.759882158290722e+22, "r": 1443615.9112882975, "msmp": 0.0009731737258753377, "rsrp": 0.09372426433744684, "a": 174776701.39647257, "aRp": 11.347074823449127, "e": 0.0, "inc": -0.17250814078867846, "pomega": 2.3771667183778753, "f": 5.944487749366826, "P": 285758.50552897935, "RHill": 12008992.640935143, "spacing": "logarithmic", "period_ratio": 2.5}}