{"Planet": {"m": 5.729754449449248e+25, "Rp": 19625697.0, "Rstar": 1078335000.0, "RpRstar": 0.0182, "rhostar": 492.1523336846116, "impact": 0.09935626709936107, "q1": 0.31292836, "q2": 0.2426707186271005, "a": 110816072713.39311, "Pp": 204.23865968317824, "rhoplan": 1809.5564375174831, "aRp": null, "e": null, "inc": null, "pomega": null, "f": null, "P": 17646220.1966266, "RHill": 2158363489.2255588}, "I": {"m": 1.3325442411087857e+23, "r": 2317511.841839585, "msmp": 0.0023256568023379636, "rsrp": 0.11808558146187546, "a": 85890595.22887312, "aRp": 4.3764354065424085, "e": 0.0, "inc": -0.073572985270088, "pomega": 1.2800128483573174, "f": 0.3229880235913899, "P": 80783.5615629723, "RHill": 7890182.882333895, "spacing": "logarithmic", "period_ratio": NaN}, "II": {"m": 9.546585607943539e+22, "r": 2230115.371410954, "msmp": 0.0016661421867495859, "rsrp": 0.11363241628620649, "a": 162046236.3518542, "aRp": 8.256839813223154, "e": 0.0, "inc": -0.073572985270088, "pomega": 6.1719618048922795, "f": 4.1536008481305196, "P": 209414.1035999104, "RHill": 13319948.65405027, "spacing": "logarithmic", "period_ratio": 2.5922860981645153}, "III": {"m": 8.751036807281579e+22, "r": 1613458.7030036817, "msmp": 0.0015272970045204538, "rsrp": 0.08221153638536668, "a": 321176207.9707781, "aRp": 16.36508542706932, "e": 0.0, "inc": -0.073572985270088, "pomega": 2.3363219294023105, "f": 1.4289392327759156, "P": 584376.3819656974, "RHill": 25645477.00275705, "spacing": "logarithmic", "period_ratio": 2.7905302074695}, "IV": {"m": 7.159939205957653e+22, "r": 2139973.5968897613, "msmp": 0.0012496066400621891, "rsrp": 0.10903936797198903, "a": 878695275.9134641, "aRp": 44.77269143172159, "e": 0.0, "inc": -0.073572985270088, "pomega": 5.40030948393853, "f": 6.084616794621456, "P": 2644814.7564095, "RHill": 65622934.644194625, "spacing": "logarithmic", "period_ratio": 4.525875511109806}}