{"Planet": {"m": 1.2096132099847448e+24, "Rp": 4121883.3600000003, "Rstar": 640044000.0, "RpRstar": 0.00644, "rhostar": 1792.3507567401196, "impact": 0.08855467406223771, "q1": 0.37871715999999994, "q2": 0.34367890802729933, "a": 119633359699.6869, "Pp": 262.52521760373, "rhoplan": 4123.545751938483, "aRp": null, "e": null, "inc": null, "pomega": null, "f": null, "P": 22682178.800962273, "RHill": 705202245.4076626}, "I": {"m": 4.1652858208367346e+19, "r": 664514.1991883707, "msmp": 3.443485724572457e-05, "rsrp": 0.1612161580400399, "a": 155737933.93204138, "aRp": 37.783197710873935, "e": 0.0, "inc": -0.008081682604994256, "pomega": 0.5931920121989729, "f": 5.803101941374486, "P": 1359057.6580374176, "RHill": 3513069.5916556246, "spacing": "linear", "period_ratio": NaN}, "II": {"m": 2.108675946798597e+20, "r": 671859.7178953323, "msmp": 0.00017432646480648064, "rsrp": 0.16299823629539392, "a": 307035728.01966524, "aRp": 74.48918399759502, "e": 0.0, "inc": -0.008081682604994256, "pomega": 5.02013875578135, "f": 1.136741896258413, "P": 3761830.878974509, "RHill": 11892402.630118307, "spacing": "linear", "period_ratio": 2.7679700391864746}}