{"Planet": {"m": 3.629516066846504e+26, "Rp": 51022638.0, "Rstar": 660915000.0, "RpRstar": 0.0772, "rhostar": 1594.9688637740778, "impact": 0.16003198744488, "q1": 0.25, "q2": 0.2, "a": 201784716400.47427, "Pp": 580.9195418669631, "rhoplan": 652.3360611507936, "aRp": null, "e": null, "inc": null, "pomega": null, "f": null, "P": 50191448.41730561, "RHill": 8017485996.732835}, "I": {"m": 1.0763493721851001e+24, "r": 4064163.8936947715, "msmp": 0.002965545137041599, "rsrp": 0.07965413104855087, "a": 179796545.93847585, "aRp": 3.5238582908722957, "e": 0.0, "inc": -0.09106293336988115, "pomega": 1.911536124056436, "f": 0.9626802570856212, "P": 97181.06503964451, "RHill": 17910557.55213142, "spacing": "logarithmic", "period_ratio": NaN}, "II": {"m": 1.1002682471225471e+24, "r": 3767642.0013252823, "msmp": 0.003031446140086969, "rsrp": 0.07384255595183617, "a": 2580804109.4850783, "aRp": 50.58154988938593, "e": 0.0, "inc": -0.09106293336988115, "pomega": 0.39085321142771307, "f": 1.8725764791874355, "P": 5284792.413002836, "RHill": 258979015.4587443, "spacing": "logarithmic", "period_ratio": 54.38088593541275}}