{"Planet": {"m": 3.009146402989195e+29, "Rp": 133285127.94, "Rstar": 1036593000.0, "RpRstar": 0.12858, "rhostar": 494.3681405598241, "impact": 0.44538451537839885, "q1": 0.31292836, "q2": 0.2426707186271005, "a": 109331916558.68736, "Pp": 199.28473716109187, "rhoplan": 30339.58450781002, "aRp": null, "e": null, "inc": null, "pomega": null, "f": null, "P": 17218201.290718336, "RHill": 38447344497.27837}, "I": {"m": 5.112169498296831e+26, "r": 41868919.57613573, "msmp": 0.0016988769616588133, "rsrp": 0.31413046769166597, "a": 1015133035.0343833, "aRp": 7.616251345696711, "e": 0.0, "inc": -0.009617725951083872, "pomega": 0.5316106380511981, "f": 0.310420396214293, "P": 45307.61440712505, "RHill": 83985282.06622677, "spacing": "logarithmic", "period_ratio": NaN}, "II": {"m": 3.489258546456564e+26, "r": 23833061.770882323, "msmp": 0.001159550942084586, "rsrp": 0.17881261127356296, "a": 2557515795.255303, "aRp": 19.18830581313319, "e": 0.0, "inc": -0.009617725951083872, "pomega": 3.597483336693983, "f": 4.963584432584414, "P": 181230.4576285002, "RHill": 186297853.36327597, "spacing": "logarithmic", "period_ratio": 4.0}, "III": {"m": 9.737465711041582e+25, "r": 22754813.16783757, "msmp": 0.00032359561174453587, "rsrp": 0.17072282196466015, "a": 3594153025.1923137, "aRp": 26.965896951460838, "e": 0.0, "inc": -0.009617725951083872, "pomega": 3.7476664838502907, "f": 4.696522350821105, "P": 302050.762714167, "RHill": 171089629.84176758, "spacing": "logarithmic", "period_ratio": 1.6666666666666667}, "IV": {"m": 2.028638689800329e+26, "r": 10381855.379181221, "msmp": 0.0006741575244677829, "rsrp": 0.07789207648024125, "a": 9057755951.185402, "aRp": 67.9577391054677, "e": 0.0, "inc": -0.009617725951083872, "pomega": 2.2382944358609547, "f": 5.224362700659174, "P": 1208203.050856668, "RHill": 550681718.265037, "spacing": "logarithmic", "period_ratio": 4.0}}