{"Planet": {"m": 4.46724647110081e+25, "Rp": 16579922.4, "Rstar": 166968000.0, "RpRstar": 0.0993, "rhostar": 22435.732157671846, "impact": 0.046849580336895125, "q1": 0.11235904, "q2": 0.15244630071599044, "a": 11623622095.061861, "Pp": 16.865103750551, "rhoplan": 2339.9351666527245, "aRp": null, "e": null, "inc": null, "pomega": null, "f": null, "P": 1457144.9640476063, "RHill": 376707995.45166665}, "I": {"m": 4.378574445118105e+23, "r": 3719425.676431593, "msmp": 0.009801506304708423, "rsrp": 0.22433311729080185, "a": 175891159.23635492, "aRp": 10.60868410556342, "e": 0.0, "inc": 0.11787387177435452, "pomega": 1.57221018487482, "f": 1.4641285894317868, "P": 267119.17148412653, "RHill": 26099641.02939148, "spacing": "logarithmic", "period_ratio": NaN}}