{"Planet": {"m": 1.0675205665450538e+26, "Rp": 28426302.0, "Rstar": 626130000.0, "RpRstar": 0.0454, "rhostar": 1837.1616366147452, "impact": 0.3654850907820725, "q1": 0.37871715999999994, "q2": 0.34367890802729933, "a": 24917741108.168144, "Pp": 25.474122848921255, "rhoplan": 1109.498053147796, "aRp": null, "e": null, "inc": null, "pomega": null, "f": null, "P": 2200964.2141467966, "RHill": 663005548.2276638}, "I": {"m": 4.7384110607223686e+23, "r": 3522370.1295403633, "msmp": 0.004438707046233182, "rsrp": 0.12391235868599311, "a": 259769029.04357663, "aRp": 9.138333542068773, "e": 0.0, "inc": 0.0857566018106625, "pomega": 5.90489972312897, "f": 0.4851104167559397, "P": 310962.64206973393, "RHill": 29600504.543123737, "spacing": "linear", "period_ratio": NaN}}