{"Planet": {"m": 2.8305037738601235e+25, "Rp": 12414627.360000001, "Rstar": 1057464000.0, "RpRstar": 0.01174, "rhostar": 445.5982801398464, "impact": 0.4926246962533406, "q1": 0.26163225000000007, "q2": 0.21691104594330396, "a": 136790741909.44678, "Pp": 303.13151655722555, "rhoplan": 3531.6207863190198, "aRp": null, "e": null, "inc": null, "pomega": null, "f": null, "P": 26190563.03054429, "RHill": 2220042233.8213735}, "I": {"m": 2.430848984624018e+22, "r": 1361717.5111898044, "msmp": 0.0008588043609314561, "rsrp": 0.1096865392494394, "a": 53585117.87463981, "aRp": 4.316288868024453, "e": 0.0, "inc": 0.16531666512289525, "pomega": 2.1069627297702924, "f": 4.8435635911331385, "P": 56679.3702187237, "RHill": 3531575.6943824175, "spacing": "logarithmic", "period_ratio": NaN}, "II": {"m": 2.6087159834989482e+22, "r": 1532885.8728579904, "msmp": 0.0009216437044142463, "rsrp": 0.12347417513287248, "a": 78949761.6345458, "aRp": 6.359414531355357, "e": 0.0, "inc": 0.16531666512289525, "pomega": 4.041120583105503, "f": 4.147317034441971, "P": 101361.10393845968, "RHill": 5327188.836992729, "spacing": "logarithmic", "period_ratio": 1.7883244564523342}, "III": {"m": 2.0158259872491853e+22, "r": 1345669.2153027335, "msmp": 0.0007121792261382805, "rsrp": 0.10839384673264436, "a": 146092460.2475574, "aRp": 11.767768456608543, "e": 0.0, "inc": 0.16531666512289525, "pomega": 0.9771330285692826, "f": 1.4019188339151574, "P": 255171.54836680047, "RHill": 9045872.976768378, "spacing": "logarithmic", "period_ratio": 2.5174503675662923}, "IV": {"m": 1.6008029898743535e+22, "r": 1126807.1086321787, "msmp": 0.0005655540913451053, "rsrp": 0.09076447290417734, "a": 259865390.80715454, "aRp": 20.932194198952946, "e": 0.0, "inc": 0.16531666512289525, "pomega": 1.3836957742183669, "f": 1.5778656171945136, "P": 605403.6413796535, "RHill": 14900450.80925809, "spacing": "logarithmic", "period_ratio": 2.3725358303246495}, "V": {"m": 6.81823495687225e+21, "r": 917344.6231262245, "msmp": 0.00024088415001735977, "rsrp": 0.07389223989774465, "a": 548959411.0230598, "aRp": 44.2187586549565, "e": 0.0, "inc": 0.16531666512289525, "pomega": 4.2629392063112626, "f": 4.022269142039858, "P": 1859101.8734217691, "RHill": 23682955.089649443, "spacing": "logarithmic", "period_ratio": 3.0708468637305595}}