{"Planet": {"m": 2.400181691489103e+21, "Rp": 701265.6, "Rstar": 125226000.0, "RpRstar": 0.0056, "rhostar": 113613.9433169645, "impact": 0.35470002386424715, "q1": 0.3602400400000001, "q2": 0.23017327557480835, "a": 43717805460.67489, "Pp": 84.16836852341474, "rhoplan": 1661.5289126310774, "aRp": null, "e": null, "inc": null, "pomega": null, "f": null, "P": 7272147.040423034, "RHill": 41511145.54670902}, "I": {"m": 9.977117938392986e+18, "r": 609973.1053301546, "msmp": 0.004156817783325001, "rsrp": 0.8698175203947758, "a": 10578497.232355867, "aRp": 15.084865466601908, "e": 0.0, "inc": -0.16280313964747586, "pomega": 0.5938203935678277, "f": 2.189909070459132, "P": 539001.7084149632, "RHill": 1179335.0906163964, "spacing": "logarithmic", "period_ratio": NaN}}