{"Planet": {"m": 3.075358646928502e+25, "Rp": 12928332.24, "Rstar": 807012000.0, "RpRstar": 0.01602, "rhostar": 1074.791652311208, "impact": 0.23161177716830328, "q1": 0.29822521, "q2": 0.23274125618018676, "a": 195206023187.48062, "Pp": 499.0842064678057, "rhoplan": 3397.657892692567, "aRp": null, "e": null, "inc": null, "pomega": null, "f": null, "P": 43120875.43881841, "RHill": 3182246092.368366}, "I": {"m": 1.0905490929570987e+23, "r": 2296801.7666791747, "msmp": 0.003546087523958478, "rsrp": 0.17765646210521385, "a": 73766067.95296103, "aRp": 5.7057682757200725, "e": 0.0, "inc": 0.08638498317951734, "pomega": 0.3085352521077285, "f": 4.4753321089842, "P": 87709.25291398697, "RHill": 7799486.899525814, "spacing": "logarithmic", "period_ratio": NaN}, "II": {"m": 4.613861547126188e+22, "r": 1478006.8492863448, "msmp": 0.001500267798597818, "rsrp": 0.11432308683353769, "a": 194555672.56089818, "aRp": 15.04878347409319, "e": 0.0, "inc": 0.08638498317951734, "pomega": 2.3859640575418433, "f": 6.031832759637649, "P": 376070.64351717354, "RHill": 15442812.869250784, "spacing": "logarithmic", "period_ratio": 4.287696349277667}, "III": {"m": 5.0333035059558404e+22, "r": 1821865.9354692434, "msmp": 0.0016366557802885285, "rsrp": 0.14092041430003066, "a": 524471881.2778963, "aRp": 40.567636377350425, "e": 0.0, "inc": 0.08638498317951734, "pomega": 1.6312780335471755, "f": 1.5728385662436748, "P": 1664398.555991238, "RHill": 42854941.55255311, "spacing": "logarithmic", "period_ratio": 4.425760384870967}}