{"Planet": {"m": 1.8694057668743192e+25, "Rp": 9568657.8, "Rstar": 320022000.0, "RpRstar": 0.029900000000000003, "rhostar": 6662.475540205697, "impact": 0.20234139933382345, "q1": 0.15374241, "q2": 0.16284111196123438, "a": 146246420215.78552, "Pp": 520.5408555032415, "rhoplan": 5094.034696492335, "aRp": null, "e": null, "inc": null, "pomega": null, "f": null, "P": 44974729.91548006, "RHill": 2772414137.3501487}, "I": {"m": 5.248189334993382e+22, "r": 1714021.9509555416, "msmp": 0.0028074104766288655, "rsrp": 0.17912877508855438, "a": 750967257.9383695, "aRp": 78.48198500090258, "e": 0.0, "inc": 0.06121481834927606, "pomega": 3.153217708913608, "f": 0.9903290373152344, "P": 3655509.8084062333, "RHill": 73454074.21257617, "spacing": "linear", "period_ratio": NaN}}