{"Planet": {"m": 4.286817643841574e+24, "Rp": 5790450.24, "Rstar": 1064421000.0, "RpRstar": 0.00544, "rhostar": 405.42845205806026, "impact": 0.49732166712593706, "q1": 0.379456, "q2": 0.25681818181818183, "a": 171584191678.2923, "Pp": 442.08639681519367, "rhoplan": 5271.198835625995, "aRp": null, "e": null, "inc": null, "pomega": null, "f": null, "P": 38196264.68483273, "RHill": 1521834690.5113122}, "I": {"m": 1.3054212983043341e+22, "r": 1084606.2827089273, "msmp": 0.0030451990421838855, "rsrp": 0.18730949023904006, "a": 21287572.3455123, "aRp": 3.676324199879887, "e": 0.0, "inc": -0.16601486664384507, "pomega": 4.865556939043058, "f": 1.056309081044993, "P": 36428.262327429475, "RHill": 2139394.8540631626, "spacing": "logarithmic", "period_ratio": NaN}, "II": {"m": 1.0087346395988034e+22, "r": 1142617.7924323212, "msmp": 0.0023531083507784562, "rsrp": 0.19732797020501142, "a": 295433799.6485652, "aRp": 51.02086839598939, "e": 0.0, "inc": -0.16601486664384507, "pomega": 4.290587986540876, "f": 5.418532543635321, "P": 1884036.885603251, "RHill": 27245852.648498822, "spacing": "logarithmic", "period_ratio": 51.71909844803723}}