{"Planet": {"m": 9.045306714817169e+24, "Rp": 7186302.720000001, "Rstar": 667872000.0, "RpRstar": 0.01076, "rhostar": 1561.5779484743189, "impact": 0.43400468331120245, "q1": 0.25, "q2": 0.2, "a": 116551332327.40991, "Pp": 253.73017948638815, "rhoplan": 5818.5954810855665, "aRp": null, "e": null, "inc": null, "pomega": null, "f": null, "P": 21922287.507623937, "RHill": 1348053913.1634893}, "I": {"m": 9.196340349008754e+22, "r": 1862098.544919773, "msmp": 0.010166974585775156, "rsrp": 0.25911774350075983, "a": 242311662.99457565, "aRp": 33.71854379585273, "e": 0.0, "inc": 0.1546341818523629, "pomega": 2.5663095104031837, "f": 4.913313923076027, "P": 959688.4143569293, "RHill": 36396907.024314165, "spacing": "logarithmic", "period_ratio": NaN}}