{"Planet": {"m": 5.49692731649152e+25, "Rp": 18935562.6, "Rstar": 431334000.0, "RpRstar": 0.0439, "rhostar": 3726.6342574676123, "impact": 0.1485345978045649, "q1": 0.09235521000000001, "q2": 0.04886475814412636, "a": 93557184845.74661, "Pp": 227.58635683740727, "rhoplan": 1932.84374373172, "aRp": null, "e": null, "inc": null, "pomega": null, "f": null, "P": 19663461.230751988, "RHill": 2288027493.036181}, "I": {"m": 7.139137671077475e+21, "r": 964400.2557272752, "msmp": 0.00012987506037525915, "rsrp": 0.05093063650125056, "a": 54989455.58745285, "aRp": 2.9040307250999158, "e": 0.0, "inc": -0.09867332994823427, "pomega": 4.667616807853782, "f": 5.693135201824888, "P": 42296.84163216355, "RHill": 1930845.788839706, "spacing": "logarithmic", "period_ratio": NaN}, "II": {"m": 4.497656732778808e+22, "r": 1697407.368586141, "msmp": 0.0008182128803641325, "rsrp": 0.0896412430115037, "a": 81395922.07798702, "aRp": 4.298574264594969, "e": 0.0, "inc": -0.09867332994823427, "pomega": 6.181387525425102, "f": 4.313838097188505, "P": 76145.34878001743, "RHill": 5278586.788065531, "spacing": "logarithmic", "period_ratio": 1.8002608668093707}, "III": {"m": 6.139658397126623e+22, "r": 1848946.2673959772, "msmp": 0.0011169255192272278, "rsrp": 0.09764411580757452, "a": 160840748.29251367, "aRp": 8.494109823413098, "e": 0.0, "inc": -0.09867332994823427, "pomega": 1.1285729384633, "f": 0.7923889061259585, "P": 211479.72389921837, "RHill": 11570809.351988563, "spacing": "logarithmic", "period_ratio": 2.7773163730614665}, "IV": {"m": 1.21365340408317e+22, "r": 1213946.4944233685, "msmp": 0.00022078760263794043, "rsrp": 0.06410934388732492, "a": 945023236.5974051, "aRp": 49.907322880250995, "e": 0.0, "inc": -0.09867332994823427, "pomega": 3.5899427602677245, "f": 4.779468691509945, "P": 3013233.6033579526, "RHill": 39602897.670879625, "spacing": "logarithmic", "period_ratio": 14.248333352250464}}