{"Planet": {"m": 3.6304447711526203e+25, "Rp": 14755518.72, "Rstar": 890496000.0, "RpRstar": 0.01657, "rhostar": 685.6801132171994, "impact": 0.22206173592504963, "q1": 0.26163225000000007, "q2": 0.21691104594330396, "a": 136226872690.95958, "Pp": 314.2682565844902, "rhoplan": 2697.7877653119012, "aRp": null, "e": null, "inc": null, "pomega": null, "f": null, "P": 27152777.368899953, "RHill": 2470815322.8722525}, "I": {"m": 4.851009773471657e+22, "r": 1750710.3115214778, "msmp": 0.0013362026085667522, "rsrp": 0.11864783236312262, "a": 67414122.615342, "aRp": 4.5687395946282265, "e": 0.0, "inc": -0.018764165875526595, "pomega": 5.214308598757497, "f": 5.708844736046259, "P": 70604.6753213592, "RHill": 5148348.138144503, "spacing": "logarithmic", "period_ratio": NaN}, "II": {"m": 1.6675346096308825e+22, "r": 1461687.8444568594, "msmp": 0.0004593196466948212, "rsrp": 0.09906041747455825, "a": 112127600.3076098, "aRp": 7.599028027095329, "e": 0.0, "inc": -0.018764165875526595, "pomega": 0.05592594182808113, "f": 5.074179553502867, "P": 151518.6749943487, "RHill": 5998515.474036233, "spacing": "logarithmic", "period_ratio": 2.1460147547553627}, "III": {"m": 9.550425491522327e+22, "r": 2244831.4939500946, "msmp": 0.002630648885615794, "rsrp": 0.15213504428735491, "a": 198538491.690162, "aRp": 13.455202453916984, "e": 0.0, "inc": -0.018764165875526595, "pomega": 0.44363724641151997, "f": 3.0231427655606553, "P": 356610.13229655585, "RHill": 19003135.36984206, "spacing": "logarithmic", "period_ratio": 2.3535721409249164}, "IV": {"m": 4.39622760720869e+22, "r": 1701017.653400116, "msmp": 0.0012109336140136194, "rsrp": 0.11528009863147094, "a": 386683144.87702036, "aRp": 26.206001443575165, "e": 0.0, "inc": -0.018764165875526595, "pomega": 0.9331463327494436, "f": 3.2311369986516087, "P": 969989.7847094729, "RHill": 28577326.85206961, "spacing": "logarithmic", "period_ratio": 2.7200286723845313}, "V": {"m": 5.912168161418581e+22, "r": 1473389.424977115, "msmp": 0.0016284969291907288, "rsrp": 0.09985344825458733, "a": 633953549.095962, "aRp": 42.96382669602021, "e": 0.0, "inc": -0.018764165875526595, "pomega": 0.891044781036169, "f": 3.314711720709303, "P": 2035775.6227890926, "RHill": 51714540.1514776, "spacing": "logarithmic", "period_ratio": 2.0987598579698847}}