{"Planet": {"m": 3.862537841552806e+26, "Rp": 52180282.800000004, "Rstar": 473076000.00000006, "RpRstar": 0.1103, "rhostar": 4035.218558787822, "impact": 0.42294853653190057, "q1": 0.37871715999999994, "q2": 0.34367890802729933, "a": 25904161121.13447, "Pp": 27.739363394350303, "rhoplan": 649.0301208564135, "aRp": null, "e": null, "inc": null, "pomega": null, "f": null, "P": 2396680.997271866, "RHill": 1077384087.544704}, "I": {"m": 3.7088076788802636e+24, "r": 5761601.040372101, "msmp": 0.009601997005650719, "rsrp": 0.11041720610169058, "a": 351353353.37102216, "aRp": 6.733450539501908, "e": 0.0, "inc": 0.14161272348664863, "pomega": 1.8574953263349192, "f": 2.8522230332321374, "P": 256496.64373202567, "RHill": 51779462.75351956, "spacing": "linear", "period_ratio": NaN}}