{"Planet": {"m": 1.5180642912959475e+28, "Rp": 70717905.0, "Rstar": 744399000.0, "RpRstar": 0.095, "rhostar": 1162.3082802404492, "impact": 0.4821985775782509, "q1": 0.37871715999999994, "q2": 0.34367890802729933, "a": 23467937855.73896, "Pp": 22.497112412807546, "rhoplan": 10247.393097657003, "aRp": null, "e": null, "inc": null, "pomega": null, "f": null, "P": 1943750.512466572, "RHill": 3193415812.813866}, "I": {"m": 3.1645109439309825e+25, "r": 9753813.205819948, "msmp": 0.0020845697788131816, "rsrp": 0.1379256527158143, "a": 309614730.86501455, "aRp": 4.378166050945861, "e": 0.0, "inc": -0.08931742956750659, "pomega": 3.4787192579804174, "f": 2.937682899396396, "P": 33971.29947135363, "RHill": 27423318.619488005, "spacing": "linear", "period_ratio": NaN}, "II": {"m": 2.900801698603401e+25, "r": 9351462.534382882, "msmp": 0.0019108556305787502, "rsrp": 0.13223613644073423, "a": 799931981.8384454, "aRp": 11.311590492371705, "e": 0.0, "inc": -0.08931742956750659, "pomega": 2.7692766925432983, "f": 1.600487346473288, "P": 141090.24054466648, "RHill": 68826433.8505397, "spacing": "linear", "period_ratio": 4.153218827076106}, "III": {"m": 3.0326563212671913e+25, "r": 17534112.3513843, "msmp": 0.0019977127046959657, "rsrp": 0.2479444541150406, "a": 1549360923.201206, "aRp": 21.909033125362043, "e": 0.0, "inc": -0.08931742956750659, "pomega": 2.3319232598203268, "f": 0.1809738342301951, "P": 380300.9905505513, "RHill": 135297526.60783994, "spacing": "linear", "period_ratio": 2.6954450505040795}}