{"Planet": {"m": 2.253075007679787e+25, "Rp": 10368017.099999998, "Rstar": 486989999.99999994, "RpRstar": 0.021289999999999996, "rhostar": 2836.000229656539, "impact": 0.34851828277506314, "q1": 0.40411449000000005, "q2": 0.2892873997168476, "a": 30908325616.228886, "Pp": 41.29480463881153, "rhoplan": 4826.140115207572, "aRp": null, "e": null, "inc": null, "pomega": null, "f": null, "P": 3567871.120793316, "RHill": 544722453.088759}, "I": {"m": 2.4908270812058337e+22, "r": 1168810.7185875047, "msmp": 0.0011055233725977384, "rsrp": 0.11273232936580563, "a": 61025196.03039127, "aRp": 5.885908119344371, "e": 0.0, "inc": 0.14918820998895424, "pomega": 5.906784867235535, "f": 5.356951169487546, "P": 77199.2404569626, "RHill": 4375134.49223513, "spacing": "linear", "period_ratio": NaN}, "II": {"m": 1.2645737489198844e+22, "r": 973857.0737418006, "msmp": 0.0005612657122419285, "rsrp": 0.09392896099118131, "a": 153745986.32770416, "aRp": 14.82887082889786, "e": 0.0, "inc": 0.14918820998895424, "pomega": 2.1540913324344055, "f": 1.600487346473288, "P": 308796.9618278504, "RHill": 8793319.893424002, "spacing": "linear", "period_ratio": 4.0}, "III": {"m": 1.187932915652013e+22, "r": 1005103.501406617, "msmp": 0.0005272496084696907, "rsrp": 0.0969426932568058, "a": 319800914.84431934, "aRp": 30.84494477196796, "e": 0.0, "inc": 0.14918820998895424, "pomega": 4.620488205189669, "f": 1.9523809130320007, "P": 926390.8854835511, "RHill": 17913400.62666131, "spacing": "linear", "period_ratio": 3.0}, "IV": {"m": 2.414186247937961e+22, "r": 1635786.4808150602, "msmp": 0.0010715072688254998, "rsrp": 0.15777235560453123, "a": 541053505.8071516, "aRp": 52.18485854996822, "e": 0.0, "inc": 0.14918820998895424, "pomega": 0.6227259365351505, "f": 4.161141424556778, "P": 2038059.9480638125, "RHill": 38388237.32399317, "spacing": "linear", "period_ratio": 2.2}}