{"Planet": {"m": 1.3414529657537431e+25, "Rp": 8283699.899999999, "Rstar": 563517000.0, "RpRstar": 0.0147, "rhostar": 2493.5844898099213, "impact": 0.13985969986525681, "q1": 0.25, "q2": 0.2, "a": 123256010316.83508, "Pp": 281.7454962364861, "rhoplan": 5633.960135668458, "aRp": null, "e": null, "inc": null, "pomega": null, "f": null, "P": 24342810.874832395, "RHill": 1648472030.9081922}, "I": {"m": 6.605230104900729e+21, "r": 974956.1817691531, "msmp": 0.000492393715883236, "rsrp": 0.11769573904640765, "a": 61220391.552875645, "aRp": 7.3904646826807, "e": 0.0, "inc": -0.05489609458468013, "pomega": 2.7491684887399432, "f": 1.9498673875565813, "P": 100560.29537126952, "RHill": 3351916.4530067244, "spacing": "logarithmic", "period_ratio": NaN}, "II": {"m": 7.968214094800881e+21, "r": 917100.7162102045, "msmp": 0.0005939987683670784, "rsrp": 0.11071148487769392, "a": 109818413.92087643, "aRp": 13.257169531319747, "e": 0.0, "inc": -0.05489609458468013, "pomega": 5.818183094227002, "f": 4.310067808975376, "P": 241586.73540297846, "RHill": 6400736.22540689, "spacing": "logarithmic", "period_ratio": 2.4024067800421434}, "III": {"m": 8.911818395500986e+21, "r": 1069306.653297156, "msmp": 0.0006643407277789694, "rsrp": 0.12908563398067524, "a": 209359276.02788025, "aRp": 25.273643245801345, "e": 0.0, "inc": -0.05489609458468013, "pomega": 0.27083236997643784, "f": 3.1544744716513176, "P": 635892.0295202502, "RHill": 12666270.218338184, "spacing": "logarithmic", "period_ratio": 2.6321479466144995}, "IV": {"m": 6.081005493400674e+21, "r": 1112254.377668154, "msmp": 0.00045331484954329684, "rsrp": 0.13427024048374253, "a": 744235929.569239, "aRp": 89.84342003616513, "e": 0.0, "inc": -0.05489609458468013, "pomega": 2.038469160565114, "f": 3.3329347804060934, "P": 4262425.651799245, "RHill": 39640293.65088237, "spacing": "logarithmic", "period_ratio": 6.7030650706772335}}