{"Planet": {"m": 4.46724647110081e+25, "Rp": 16498247.22, "Rstar": 1266174000.0, "RpRstar": 0.01303, "rhostar": 301.6663282817259, "impact": 0.12947563151505415, "q1": 0.379456, "q2": 0.25681818181818183, "a": 181162474080.26566, "Pp": 428.5623714790375, "rhoplan": 2374.859296098636, "aRp": null, "e": null, "inc": null, "pomega": null, "f": null, "P": 37027788.89578884, "RHill": 3255936473.29202}, "I": {"m": 1.2080358627218423e+22, "r": 1199847.7786042818, "msmp": 0.00027042068767344293, "rsrp": 0.07272577278086646, "a": 90943720.7941222, "aRp": 5.512326223592751, "e": 0.0, "inc": -0.015971359791727285, "pomega": 5.449951612078063, "f": 3.648382227571225, "P": 99783.19691690207, "RHill": 4077671.8334004343, "spacing": "logarithmic", "period_ratio": NaN}, "II": {"m": 1.9204672689424176e+22, "r": 1327464.8559236024, "msmp": 0.0004298995547629096, "rsrp": 0.08046096280545384, "a": 130531567.03226574, "aRp": 7.911844530613461, "e": 0.0, "inc": -0.015971359791727285, "pomega": 4.05494497322031, "f": 3.7112203644567097, "P": 171568.2989949525, "RHill": 6830683.015667346, "spacing": "logarithmic", "period_ratio": 1.7194107254133375}, "III": {"m": 2.632898675162991e+22, "r": 1519463.2804860196, "msmp": 0.0005893784218523759, "rsrp": 0.09209846720226438, "a": 240203716.01678723, "aRp": 14.559347596973833, "e": 0.0, "inc": -0.015971359791727285, "pomega": 4.212668696802875, "f": 1.61242659248153, "P": 428251.2978193712, "RHill": 13963813.744859925, "spacing": "logarithmic", "period_ratio": 2.4960980573221763}, "IV": {"m": 2.570948118100332e+22, "r": 1670796.8784727566, "msmp": 0.0005755106942793788, "rsrp": 0.1012711748219734, "a": 355591367.3175817, "aRp": 21.553281544145857, "e": 0.0, "inc": -0.015971359791727285, "pomega": 0.2890554296732283, "f": 5.6617161333821455, "P": 771363.2221875177, "RHill": 20508249.399724692, "spacing": "logarithmic", "period_ratio": 1.8011929587026376}, "V": {"m": 1.858516711879758e+22, "r": 1396053.9855543703, "msmp": 0.0004160318271899123, "rsrp": 0.08461832138519562, "a": 1137214765.0070636, "aRp": 68.92942928073444, "e": 0.0, "inc": -0.015971359791727285, "pomega": 5.450579993446918, "f": 4.061228786908858, "P": 4411948.786025232, "RHill": 58863252.69313396, "spacing": "logarithmic", "period_ratio": 5.719677395965724}}