{"Planet": {"m": 8.32300498354571e+25, "Rp": 24527390.49, "Rstar": 897453000.0, "RpRstar": 0.027329999999999997, "rhostar": 781.5002503511013, "impact": 0.1715418197512898, "q1": 0.29822521, "q2": 0.23274125618018676, "a": 158052466072.62637, "Pp": 363.606053510056, "rhoplan": 1346.5965867700972, "aRp": null, "e": null, "inc": null, "pomega": null, "f": null, "P": 31415563.023268837, "RHill": 3590624191.161915}, "I": {"m": 1.7658609584268657e+23, "r": 1987363.092644044, "msmp": 0.0021216627431052976, "rsrp": 0.08102627523520314, "a": 88279047.21974052, "aRp": 3.599202583566016, "e": 0.0, "inc": 0.021382421579088456, "pomega": 4.166168475507616, "f": 5.2809170238561105, "P": 69849.47719885361, "RHill": 7865192.125270871, "spacing": "logarithmic", "period_ratio": NaN}, "II": {"m": 1.2049404186912732e+23, "r": 2177644.2672145483, "msmp": 0.0014477228129424387, "rsrp": 0.08878418061238069, "a": 211616767.35887113, "aRp": 8.62777340480427, "e": 0.0, "inc": 0.021382421579088456, "pomega": 0.9670789266676051, "f": 0.4781982216985364, "P": 259327.09871673028, "RHill": 16598600.166576749, "spacing": "logarithmic", "period_ratio": 3.7126562590934675}, "III": {"m": 4.5704636571048294e+22, "r": 1507493.0716907203, "msmp": 0.0005491362393919595, "rsrp": 0.06146161664875587, "a": 583223003.9649581, "aRp": 23.778436772666154, "e": 0.0, "inc": 0.021382421579088456, "pomega": 2.6322895541329423, "f": 2.089368051442357, "P": 1187051.8431135572, "RHill": 33114707.931033697, "spacing": "logarithmic", "period_ratio": 4.577430777530137}, "IV": {"m": 1.1841655838862507e+23, "r": 2402781.5187233062, "msmp": 0.001422762074788258, "rsrp": 0.09796319423800662, "a": 1543733183.2393613, "aRp": 62.939153020324476, "e": 0.0, "inc": 0.021382421579088456, "pomega": 0.6748815901501026, "f": 5.967737860014455, "P": 5109595.954806042, "RHill": 120385980.62688954, "spacing": "logarithmic", "period_ratio": 4.304442122261413}}