{"Planet": {"m": 7.898802722630459e+27, "Rp": 58208801.58, "Rstar": 960065999.9999999, "RpRstar": 0.06063, "rhostar": 734.9107479937045, "impact": 0.47872989030764124, "q1": 0.29822521, "q2": 0.23274125618018676, "a": 71375864377.32405, "Pp": 102.6947807518113, "rhoplan": 9561.074096595637, "aRp": null, "e": null, "inc": null, "pomega": null, "f": null, "P": 8872829.056956496, "RHill": 7057039674.050563}, "I": {"m": 1.1775331961496759e+25, "r": 7991548.628283681, "msmp": 0.0014907742825073795, "rsrp": 0.1372910695867943, "a": 726897906.869329, "aRp": 12.487766233604857, "e": 0.0, "inc": 0.059085303710379095, "pomega": 5.3984243398319665, "f": 6.009211030358874, "P": 169466.17372876752, "RHill": 57575400.02810871, "spacing": "linear", "period_ratio": NaN}, "II": {"m": 3.4633329298519876e+24, "r": 6144153.452250796, "msmp": 0.0004384630242668763, "rsrp": 0.10555368407312941, "a": 1153474216.4457483, "aRp": 19.816147818478218, "e": 0.0, "inc": 0.059085303710379095, "pomega": 4.539427008607394, "f": 3.402056730980126, "P": 338932.34745753504, "RHill": 60759165.16237956, "spacing": "linear", "period_ratio": 2.0}, "III": {"m": 5.310443825773047e+24, "r": 5194114.7708447045, "msmp": 0.0006723099705425436, "rsrp": 0.0892324636456586, "a": 2906799339.080994, "aRp": 49.937453790145426, "e": 0.0, "inc": 0.059085303710379095, "pomega": 3.5868008534234503, "f": 5.632810590414823, "P": 1355729.3898301402, "RHill": 176562235.35207716, "spacing": "linear", "period_ratio": 4.0}, "IV": {"m": 1.824022009722047e+25, "r": 15610955.240182694, "msmp": 0.0023092385944722153, "rsrp": 0.26818891329909245, "a": 5777727087.87434, "aRp": 99.25865042821141, "e": 0.0, "inc": 0.059085303710379095, "pomega": 2.402930354500924, "f": 0.6968749380600222, "P": 3796042.291524392, "RHill": 529508425.37418115, "spacing": "linear", "period_ratio": 2.8}}