{"Planet": {"m": 5.852834459209273e+23, "Rp": 3357448.1999999997, "Rstar": 264366000.0, "RpRstar": 0.0127, "rhostar": 10019.939704766275, "impact": 0.2923520046871929, "q1": 0.11235904, "q2": 0.15244630071599044, "a": 51164614680.20107, "Pp": 116.9855990186413, "rhoplan": 3691.8977863185173, "aRp": null, "e": null, "inc": null, "pomega": null, "f": null, "P": 10107555.755210608, "RHill": 322994056.39606565}, "I": {"m": 4.1746905924675216e+21, "r": 794020.6626232312, "msmp": 0.007132767245618508, "rsrp": 0.2364952831210415, "a": 108174104.65371206, "aRp": 32.21914329272811, "e": 0.0, "inc": 0.04215391682734579, "pomega": 0.49076584907563325, "f": 3.2349072868647375, "P": 1127030.0272735038, "RHill": 14437840.571927227, "spacing": "linear", "period_ratio": NaN}}