{"Planet": {"m": 1.3135794053718304e+26, "Rp": 31314848.4, "Rstar": 841797000.0, "RpRstar": 0.0372, "rhostar": 962.8985891042453, "impact": 0.23798937522448482, "q1": 0.29822521, "q2": 0.23274125618018676, "a": 240746706369.63937, "Pp": 677.8698219378836, "rhoplan": 1021.2140491185364, "aRp": null, "e": null, "inc": null, "pomega": null, "f": null, "P": 58567952.61543314, "RHill": 6332496417.742655}, "I": {"m": 3.0997019076490894e+22, "r": 1403502.8263966704, "msmp": 0.00023597369865673766, "rsrp": 0.04481908417594864, "a": 131729731.34255522, "aRp": 4.206622036291105, "e": 0.0, "inc": 0.07737818355926454, "pomega": 2.2678283601971323, "f": 4.839164921551155, "P": 101443.28754563158, "RHill": 5644141.864088364, "spacing": "logarithmic", "period_ratio": NaN}, "II": {"m": 4.986476981870275e+22, "r": 1675681.2857673503, "msmp": 0.00037960986305649106, "rsrp": 0.05351075835856036, "a": 258578883.38493568, "aRp": 8.257388957531587, "e": 0.0, "inc": 0.07737818355926454, "pomega": 4.369135657647731, "f": 0.9061259338886852, "P": 278969.04075048683, "RHill": 12981706.918960482, "spacing": "logarithmic", "period_ratio": 2.75}, "III": {"m": 6.468943111615494e+22, "r": 1833062.412142692, "msmp": 0.0004924668493705832, "rsrp": 0.05853652518856493, "a": 537885977.842456, "aRp": 17.17670706789869, "e": 0.0, "inc": 0.07737818355926454, "pomega": 3.410225688775239, "f": 3.0507915457902683, "P": 836907.1222514606, "RHill": 29451593.997991715, "spacing": "logarithmic", "period_ratio": 3.0}, "IV": {"m": 8.086178889519364e+22, "r": 1633889.0219795636, "msmp": 0.0006155835617132286, "rsrp": 0.052176175375626715, "a": 1239995375.447805, "aRp": 39.59768093425625, "e": 0.0, "inc": 0.07737818355926454, "pomega": 5.617101056193452, "f": 2.692614165543007, "P": 2929174.927880112, "RHill": 73137815.61596672, "spacing": "logarithmic", "period_ratio": 3.5}}