{"Planet": {"m": 8.32300498354571e+25, "Rp": 23890338.0, "Rstar": 702657000.0, "RpRstar": 0.034, "rhostar": 1382.0015923022504, "impact": 0.32766193425344137, "q1": 0.25, "q2": 0.2, "a": 43605698455.15035, "Pp": 57.19466145858619, "rhoplan": 1457.2184552694036, "aRp": null, "e": null, "inc": null, "pomega": null, "f": null, "P": 4941618.750021847, "RHill": 1046294122.7542541}, "I": {"m": 1.9912699377399714e+23, "r": 2515885.052782232, "msmp": 0.00239248918110303, "rsrp": 0.10530973035133416, "a": 92140574.16191995, "aRp": 3.8568133344082427, "e": 0.0, "inc": -0.02497815941198006, "pomega": 0.7069290399616996, "f": 1.0060385715366054, "P": 74472.23684927249, "RHill": 8544641.053923082, "spacing": "logarithmic", "period_ratio": NaN}, "II": {"m": 1.7221794056129478e+23, "r": 2205712.3476179685, "msmp": 0.0020691798323053227, "rsrp": 0.09232654421289345, "a": 197179895.97116262, "aRp": 8.253541493266551, "e": 0.0, "inc": -0.02497815941198006, "pomega": 5.356951169487546, "f": 2.988581790273639, "P": 233175.0220189979, "RHill": 17421610.25874779, "spacing": "logarithmic", "period_ratio": 3.131032877271173}, "III": {"m": 3.282904491949682e+23, "r": 2771488.6324215373, "msmp": 0.003944374055332022, "rsrp": 0.11600876607193826, "a": 483526329.71393025, "aRp": 20.239409325809046, "e": 0.0, "inc": -0.02497815941198006, "pomega": 3.4051986378244004, "f": 0.9444571973888307, "P": 894565.8107093035, "RHill": 52971110.07297863, "spacing": "logarithmic", "period_ratio": 3.8364564221480757}}