{"Planet": {"m": 1.6175948078938905e+23, "Rp": 2346456.9600000004, "Rstar": 236538000.00000003, "RpRstar": 0.00992, "rhostar": 12195.327199892086, "impact": 0.36481638841864616, "q1": 0.11235904, "q2": 0.15244630071599044, "a": 42450314593.69459, "Pp": 94.68739487810844, "rhoplan": 2989.1200474898887, "aRp": null, "e": null, "inc": null, "pomega": null, "f": null, "P": 8180990.917468569, "RHill": 182726751.65318713}, "I": {"m": 1.180591621784013e+20, "r": 606745.6696618614, "msmp": 0.0007298438496604376, "rsrp": 0.25857950092630777, "a": 25165625.403128903, "aRp": 10.724946518144913, "e": 0.0, "inc": -0.16217475827862102, "pomega": 0.9853019863643956, "f": 2.282281131680794, "P": 241321.10219536416, "RHill": 1571004.010399677, "spacing": "linear", "period_ratio": NaN}, "II": {"m": 4.6529199211487586e+20, "r": 733195.1958272331, "msmp": 0.002876443407485255, "rsrp": 0.31246905795673874, "a": 44303269.49609336, "aRp": 18.88092142806376, "e": 0.0, "inc": -0.16217475827862102, "pomega": 4.166796856876472, "f": 2.051665169311066, "P": 563082.5717891831, "RHill": 4368650.521699814, "spacing": "linear", "period_ratio": 2.3333333333333335}, "III": {"m": 2.5695229415299118e+20, "r": 691862.4117381799, "msmp": 0.0015884836727903648, "rsrp": 0.2948540815077127, "a": 106890043.38551274, "aRp": 45.553805250922956, "e": 0.0, "inc": -0.16217475827862102, "pomega": 3.4209081720457717, "f": 4.287446079696601, "P": 2111559.6442094366, "RHill": 8647510.27807952, "spacing": "linear", "period_ratio": 3.75}}