{"Planet": {"m": 1.0675205665450538e+26, "Rp": 29150943.119999997, "Rstar": 549603000.0, "RpRstar": 0.05304, "rhostar": 2344.6815686632717, "impact": 0.018205749343401023, "q1": 0.39904488999999993, "q2": 0.24908975779642237, "a": 36433320662.29101, "Pp": 48.47717465194083, "rhoplan": 1028.797289398754, "aRp": null, "e": null, "inc": null, "pomega": null, "f": null, "P": 4188427.8899276876, "RHill": 1018147034.4287847}, "I": {"m": 2.2911888486842395e+23, "r": 2475794.9229974984, "msmp": 0.0021462713885686455, "rsrp": 0.08493018262928498, "a": 100526832.47311221, "aRp": 3.448493314926142, "e": 0.0, "inc": 0.08963162025193402, "pomega": 0.7276656251339095, "f": 0.8388891274212169, "P": 74945.6311548984, "RHill": 8990899.136568876, "spacing": "linear", "period_ratio": NaN}, "II": {"m": 5.796983834020366e+22, "r": 1714291.1217371149, "msmp": 0.0005430325199992958, "rsrp": 0.058807398260846216, "a": 189754994.88164327, "aRp": 6.509394708106559, "e": 0.0, "inc": 0.08963162025193402, "pomega": 0.3845693977391646, "f": 5.159011038298271, "P": 194518.45882317846, "RHill": 10733995.556104928, "spacing": "linear", "period_ratio": 2.5954609471650953}, "III": {"m": 4.692796437064103e+22, "r": 1709151.294714313, "msmp": 0.00043959775428514407, "rsrp": 0.05863108056842564, "a": 272753358.1288863, "aRp": 9.356587778518717, "e": 0.0, "inc": 0.08963162025193402, "pomega": 1.503716615669642, "f": 5.397167577094256, "P": 335234.42074345244, "RHill": 14379645.397002747, "spacing": "linear", "period_ratio": 1.7234067284492927}}