{"Planet": {"m": 5.2194330262269295e+25, "Rp": 18186571.98, "Rstar": 653958000.0, "RpRstar": 0.02781, "rhostar": 1629.4422133525622, "impact": 0.15551715457607784, "q1": 0.37871715999999994, "q2": 0.34367890802729933, "a": 42759287613.09152, "Pp": 56.96583224252799, "rhoplan": 2071.48685853693, "aRp": null, "e": null, "inc": null, "pomega": null, "f": null, "P": 4921847.905754418, "RHill": 893179550.8890373}, "I": {"m": 2.410194485436381e+23, "r": 2695719.876123583, "msmp": 0.004617732373086285, "rsrp": 0.1482258382221839, "a": 339166997.0481934, "aRp": 18.649308809883443, "e": 0.0, "inc": 0.1105776658804288, "pomega": 6.038116573326198, "f": 2.8440540754370245, "P": 663415.0223601188, "RHill": 39160607.5572663, "spacing": "logarithmic", "period_ratio": NaN}}