{"Planet": {"m": 5.846847901021657e+27, "Rp": 98255102.4, "Rstar": 779184000.0000001, "RpRstar": 0.1261, "rhostar": 862.9699521288431, "impact": 0.0557456561369043, "q1": 0.37234403999999993, "q2": 0.25901343821697803, "a": 55796912099.83914, "Pp": 89.56434194256151, "rhoplan": 1471.5256925928675, "aRp": null, "e": null, "inc": null, "pomega": null, "f": null, "P": 7738359.143837315, "RHill": 5828304386.590758}, "I": {"m": 1.8342934753416182e+25, "r": 13869810.142064767, "msmp": 0.003137234808213671, "rsrp": 0.1411612201634097, "a": 241094665.1002563, "aRp": 2.4537622903159915, "e": 0.0, "inc": 0.13997194991241654, "pomega": 1.9517525316631459, "f": 0.20862261445980826, "P": 37593.895822775165, "RHill": 24471627.72042708, "spacing": "logarithmic", "period_ratio": NaN}}