{"Planet": {"m": 1.5510703857222145e+25, "Rp": 8871009.84, "Rstar": 459162000.0, "RpRstar": 0.01932, "rhostar": 3383.518653380195, "impact": 0.005049807686522634, "q1": 0.3701505600000001, "q2": 0.22016765285996057, "a": 153687543918.80252, "Pp": 457.86907725997776, "rhoplan": 5304.246686879107, "aRp": null, "e": null, "inc": null, "pomega": null, "f": null, "P": 39559888.27526208, "RHill": 2391610328.203913}, "I": {"m": 7.584655655214847e+22, "r": 1580521.7905356584, "msmp": 0.004889949369823894, "rsrp": 0.1781670654234849, "a": 207957078.84291315, "aRp": 23.44232309440355, "e": 0.0, "inc": -0.10317672975836065, "pomega": 1.7896301384985962, "f": 1.3780403418986733, "P": 584201.361389918, "RHill": 24473800.23869671, "spacing": "linear", "period_ratio": NaN}, "II": {"m": 4.550793393128908e+22, "r": 1543602.8498083097, "msmp": 0.002933969621894336, "rsrp": 0.17400531367332017, "a": 516111607.68476677, "aRp": 58.1795778601872, "e": 0.0, "inc": -0.10317672975836065, "pomega": 0.5378944517397466, "f": 2.609039443485313, "P": 2286338.4655856797, "RHill": 51229692.15153404, "spacing": "linear", "period_ratio": 3.9136137241208706}, "III": {"m": 2.8171578147940845e+22, "r": 1397270.5323085391, "msmp": 0.001816266908791731, "rsrp": 0.1575097488910619, "a": 864056548.0754182, "aRp": 97.40227591444294, "e": 0.0, "inc": -0.10317672975836065, "pomega": 5.766655821980905, "f": 0.620840792428586, "P": 4955419.922775664, "RHill": 73096228.74985549, "spacing": "linear", "period_ratio": 2.1674043442672253}}