{"Planet": {"m": 8.32300498354571e+25, "Rp": 24850473.57, "Rstar": 813969000.0, "RpRstar": 0.03053, "rhostar": 1021.0610154867185, "impact": 0.3404371022658762, "q1": 0.29822521, "q2": 0.23274125618018676, "a": 225102165628.1973, "Pp": 625.9548210074049, "rhoplan": 1294.754822141109, "aRp": null, "e": null, "inc": null, "pomega": null, "f": null, "P": 54082496.53503978, "RHill": 5157564564.279766}, "I": {"m": 7.155838028012428e+22, "r": 1791849.1455061955, "msmp": 0.0008597661592368704, "rsrp": 0.07210523133327135, "a": 251970590.98103532, "aRp": 10.139468379597377, "e": 0.0, "inc": -0.006929650095427037, "pomega": 5.972136529596439, "f": 2.172314392131196, "P": 337035.07150801003, "RHill": 16612546.849498874, "spacing": "logarithmic", "period_ratio": NaN}, "II": {"m": 3.072801035558278e+23, "r": 3063190.0386810307, "msmp": 0.003691937036723032, "rsrp": 0.12326485569993227, "a": 1678432935.6211002, "aRp": 67.54128571808542, "e": 0.0, "inc": -0.006929650095427037, "pomega": 4.648136985419282, "f": 5.48325582462737, "P": 5786190.142113117, "RHill": 179865693.58446196, "spacing": "logarithmic", "period_ratio": 17.167917024847668}}