{"Planet": {"m": 1.616353734337341e+26, "Rp": 36948627.0, "Rstar": 326979000.0, "RpRstar": 0.113, "rhostar": 6653.5557045229625, "impact": 0.3617633876599685, "q1": 0.11235904, "q2": 0.15244630071599044, "a": 115025504159.67308, "Pp": 351.77702060734316, "rhoplan": 764.9849432919242, "aRp": null, "e": null, "inc": null, "pomega": null, "f": null, "P": 30393534.580474447, "RHill": 4382263969.012188}, "I": {"m": 4.6220611594411454e+23, "r": 2968984.902784169, "msmp": 0.0028595604175320317, "rsrp": 0.08035440404278539, "a": 990829646.6788154, "aRp": 26.81641314246441, "e": 0.0, "inc": 0.12352930409404808, "pomega": 1.8373871225315643, "f": 0.8357472205769427, "P": 1884027.4691726703, "RHill": 97512060.47466713, "spacing": "linear", "period_ratio": NaN}, "II": {"m": 7.305838606858584e+23, "r": 3174659.8059901525, "msmp": 0.00451995033738934, "rsrp": 0.08592091408403761, "a": 2062145532.4193656, "aRp": 55.81115456385878, "e": 0.0, "inc": 0.12352930409404808, "pomega": 3.329164492192964, "f": 5.859027883202566, "P": 5652082.407518011, "RHill": 236405067.15768078, "spacing": "linear", "period_ratio": 3.0}}