{"Planet": {"m": 1.9894251417497542e+25, "Rp": 9853616.52, "Rstar": 1029636000.0, "RpRstar": 0.00957, "rhostar": 613.1761545076338, "impact": 0.31291396786072523, "q1": 0.31292836, "q2": 0.2426707186271005, "a": 103620230229.58112, "Pp": 177.32339639794355, "rhoplan": 4964.2314681755615, "aRp": null, "e": null, "inc": null, "pomega": null, "f": null, "P": 15320741.448782323, "RHill": 1380612054.531467}, "I": {"m": 3.2409737956109834e+22, "r": 1510396.0021259484, "msmp": 0.0016291006520408491, "rsrp": 0.15328341620158245, "a": 37974142.416448295, "aRp": 3.8538279158085498, "e": 0.0, "inc": 0.0449816329871926, "pomega": 4.403696632934747, "f": 3.7269298986780806, "P": 40317.324190640415, "RHill": 3098110.205922646, "spacing": "logarithmic", "period_ratio": NaN}, "II": {"m": 1.0417415771606726e+22, "r": 1115311.9667387307, "msmp": 0.000523639495298844, "rsrp": 0.1131880832255821, "a": 92928589.06212345, "aRp": 9.430911876213694, "e": 0.0, "inc": 0.0449816329871926, "pomega": 0.5655432319693597, "f": 4.190675348892956, "P": 154427.10975260116, "RHill": 5193415.34619452, "spacing": "logarithmic", "period_ratio": 3.830291638958795}, "III": {"m": 1.196073662665958e+22, "r": 1088109.1458063505, "msmp": 0.000601215716824599, "rsrp": 0.11042738913147297, "a": 165324305.55083877, "aRp": 16.778033244472027, "e": 0.0, "inc": 0.0449816329871926, "pomega": 4.964212813953269, "f": 0.36383281256695477, "P": 366427.2413714485, "RHill": 9674749.535902034, "spacing": "logarithmic", "period_ratio": 2.3728168063138697}, "IV": {"m": 2.4307303467082364e+22, "r": 1385663.4292521616, "msmp": 0.0012218254890306362, "rsrp": 0.14062485854200482, "a": 220564338.4885307, "aRp": 22.38410009572107, "e": 0.0, "inc": 0.0449816329871926, "pomega": 3.22610994770077, "f": 5.18351791168361, "P": 564483.1660599726, "RHill": 16349253.878059542, "spacing": "logarithmic", "period_ratio": 1.5405054600942023}}