{"Planet": {"m": 1.583983397205359e+24, "Rp": 4416303.6, "Rstar": 480032999.99999994, "RpRstar": 0.0092, "rhostar": 3433.1596986567215, "impact": 0.021775760619984208, "q1": 0.40411449000000005, "q2": 0.2892873997168476, "a": 140318250400.76697, "Pp": 370.967907664255, "rhoplan": 4390.209563996226, "aRp": null, "e": null, "inc": null, "pomega": null, "f": null, "P": 32051627.22219163, "RHill": 971535449.8103877}, "I": {"m": 3.4075432776971793e+21, "r": 888459.0930549431, "msmp": 0.002151249365182204, "rsrp": 0.20117708688663144, "a": 41344926.8014611, "aRp": 9.361885084499422, "e": 0.0, "inc": 0.11975901588091906, "pomega": 1.8147653932527898, "f": 3.866430562563856, "P": 162281.27041216538, "RHill": 3700656.094149575, "spacing": "logarithmic", "period_ratio": NaN}, "II": {"m": 5.310457056151453e+20, "r": 748953.8966779817, "msmp": 0.00033525964132709703, "rsrp": 0.1695884079794654, "a": 72474606.49963333, "aRp": 16.410693888806318, "e": 0.0, "inc": 0.11975901588091906, "pomega": 0.040216407606710025, "f": 6.256164908318828, "P": 376970.79415233986, "RHill": 3490914.454506103, "spacing": "logarithmic", "period_ratio": 2.3229470239843546}, "III": {"m": 3.5403047041009687e+21, "r": 815470.5531045129, "msmp": 0.0022350642755139803, "rsrp": 0.18465002114087287, "a": 234050036.11256158, "aRp": 52.996817545007914, "e": 0.0, "inc": 0.11975901588091906, "pomega": 4.359709937114909, "f": 1.0091804783808798, "P": 2185646.723501433, "RHill": 21217699.771884188, "spacing": "logarithmic", "period_ratio": 5.797920574765213}}