{"Planet": {"m": 3.269454892012421e+29, "Rp": 140503572.00000003, "Rstar": 1530540000.0000002, "RpRstar": 0.0918, "rhostar": 166.8221805623104, "impact": 0.3578013514199885, "q1": 0.3848961600000001, "q2": 0.36355577047066406, "a": 78662766633.99352, "Pp": 116.69285052524124, "rhoplan": 28140.035723000023, "aRp": null, "e": null, "inc": null, "pomega": null, "f": null, "P": 10082262.285380844, "RHill": 27664857024.016193}, "I": {"m": 7.264379236465898e+25, "r": 20655200.02981886, "msmp": 0.000222189309117353, "rsrp": 0.14700836239109177, "a": 2643955647.311124, "aRp": 18.817711248729843, "e": 0.0, "inc": 0.1126373603672308, "pomega": 3.951890428728115, "f": 4.665731663747218, "P": 182840.4735618405, "RHill": 111033696.93096915, "spacing": "linear", "period_ratio": NaN}, "II": {"m": 5.831966429275441e+25, "r": 25283884.560836654, "msmp": 0.00017837733267167782, "rsrp": 0.17995189873775344, "a": 4196956695.40229, "aRp": 29.870818482837496, "e": 0.0, "inc": 0.1126373603672308, "pomega": 4.842306828395429, "f": 4.530629669443426, "P": 365680.947123681, "RHill": 163810081.00142026, "spacing": "linear", "period_ratio": 2.0}, "III": {"m": 6.036596830302649e+25, "r": 7490749.738129984, "msmp": 0.0001846361864496314, "rsrp": 0.053313589337999054, "a": 10575690231.9417, "aRp": 75.26990297400907, "e": 0.0, "inc": 0.1126373603672308, "pomega": 2.4362345670502306, "f": 0.7075574213305545, "P": 1462723.788494724, "RHill": 417548803.7950617, "spacing": "linear", "period_ratio": 4.0}, "IV": {"m": 4.501868822598588e+25, "r": 20232362.75740744, "msmp": 0.0001376947831149794, "rsrp": 0.14399892094848263, "a": 16787599161.926275, "aRp": 119.48165390361942, "e": 0.0, "inc": 0.1126373603672308, "pomega": 6.170076660785715, "f": 4.15234408539281, "P": 2925447.576989448, "RHill": 601063932.1744016, "spacing": "linear", "period_ratio": 2.0}, "V": {"m": 2.864825614380918e+25, "r": 15644261.303226369, "msmp": 8.762395289135049e-05, "rsrp": 0.11134422478046584, "a": 24378484786.927464, "aRp": 173.50793606106654, "e": 0.0, "inc": 0.1126373603672308, "pomega": 2.53991749291128, "f": 2.15723323927868, "P": 5119533.259731534, "RHill": 750770566.3198997, "spacing": "linear", "period_ratio": 1.75}}