{"Planet": {"m": 1.4421675576709773e+26, "Rp": 33428385.0, "Rstar": 869625000.0, "RpRstar": 0.03844, "rhostar": 649.6265430409079, "impact": 0.19989696495827491, "q1": 0.3848961600000001, "q2": 0.36355577047066406, "a": 39645246702.55025, "Pp": 52.52405441269899, "rhoplan": 921.6816185174562, "aRp": null, "e": null, "inc": null, "pomega": null, "f": null, "P": 4538078.301257192, "RHill": 1187334645.6366737}, "I": {"m": 3.6432740707003924e+23, "r": 3242802.4743591426, "msmp": 0.0025262488060569625, "rsrp": 0.0970074526292294, "a": 212829638.3538556, "aRp": 6.366734090021268, "e": 0.0, "inc": 0.08600097234299489, "pomega": 5.259552057315045, "f": 5.031449620420737, "P": 198595.5121436551, "RHill": 20097886.807269633, "spacing": "linear", "period_ratio": NaN}, "II": {"m": 4.806021114540943e+23, "r": 2995616.731618763, "msmp": 0.0033324984250113123, "rsrp": 0.08961296609509442, "a": 442822132.7053182, "aRp": 13.24688981251467, "e": 0.0, "inc": 0.08600097234299489, "pomega": 3.0451361134705746, "f": 4.424433218106958, "P": 595786.5364309653, "RHill": 45861214.53946237, "spacing": "linear", "period_ratio": 3.0}}