{"Planet": {"m": 6.48909389917624e+25, "Rp": 21417194.07, "Rstar": 619173000.0, "RpRstar": 0.03459, "rhostar": 1839.793577253643, "impact": 0.3829947660807862, "q1": 0.37871715999999994, "q2": 0.34367890802729933, "a": 47212291899.001686, "Pp": 67.51360802853749, "rhoplan": 1576.9129990298138, "aRp": null, "e": null, "inc": null, "pomega": null, "f": null, "P": 5833175.73366564, "RHill": 1075585087.4744418}, "I": {"m": 1.7452789168630027e+23, "r": 2229197.763530675, "msmp": 0.0026895571923910015, "rsrp": 0.10408449193880208, "a": 83951503.79075024, "aRp": 3.919818045088585, "e": 0.0, "inc": -0.1323266432580159, "pomega": 4.310696190344231, "f": 1.221573381053817, "P": 73340.59873937083, "RHill": 8094965.265562189, "spacing": "logarithmic", "period_ratio": NaN}}