{"Planet": {"m": 3.140616365335662e+24, "Rp": 5376369.6, "Rstar": 292194000.0, "RpRstar": 0.0184, "rhostar": 7801.66461459461, "impact": 0.3854948822145903, "q1": 0.11235904, "q2": 0.15244630071599044, "a": 22955735285.803535, "Pp": 34.288963400910994, "rhoplan": 4824.573530665424, "aRp": null, "e": null, "inc": null, "pomega": null, "f": null, "P": 2962566.43783871, "RHill": 249512608.9196852}, "I": {"m": 1.1745259654728707e+22, "r": 1051427.8927787866, "msmp": 0.0037397944506582233, "rsrp": 0.1955646599852039, "a": 49317294.06579985, "aRp": 9.17297316497732, "e": 0.0, "inc": -0.06393780428098039, "pomega": 3.7489232465880002, "f": 0.28088647187811533, "P": 150023.0015212906, "RHill": 5307720.751650818, "spacing": "linear", "period_ratio": NaN}, "II": {"m": 9.450208917597805e+21, "r": 967630.9198423293, "msmp": 0.0030090300177709824, "rsrp": 0.179978496984718, "a": 119009414.44682351, "aRp": 22.135646040187325, "e": 0.0, "inc": -0.06393780428098039, "pomega": 0.8080984403473296, "f": 0.4430088650426651, "P": 562586.2557048397, "RHill": 11912870.118964374, "spacing": "linear", "period_ratio": 3.75}}