{"Planet": {"m": 4.754052117246043e+25, "Rp": 17119646.46, "Rstar": 647001000.0, "RpRstar": 0.02646, "rhostar": 1787.7328360338458, "impact": 0.09540895582817566, "q1": 0.37234403999999993, "q2": 0.25901343821697803, "a": 118393249281.90582, "Pp": 254.6217759192451, "rhoplan": 2261.991423147058, "aRp": null, "e": null, "inc": null, "pomega": null, "f": null, "P": 21999321.439422775, "RHill": 2349303579.50627}, "I": {"m": 3.668461567849472e+23, "r": 2977041.9408958605, "msmp": 0.0077164942187772255, "rsrp": 0.1738962278135655, "a": 781311981.0336062, "aRp": 45.638324533111074, "e": 0.0, "inc": 0.10429385219188039, "pomega": 3.58931437889887, "f": 1.4459055297349963, "P": 2426680.385550329, "RHill": 107051003.85818057, "spacing": "linear", "period_ratio": NaN}}