{"Planet": {"m": 8.675533091766844e+25, "Rp": 24758223.75, "Rstar": 869625000.0, "RpRstar": 0.02847, "rhostar": 916.6952329577255, "impact": 0.4808956199724027, "q1": 0.29822521, "q2": 0.23274125618018676, "a": 174825894149.73218, "Pp": 409.45824973470735, "rhoplan": 1364.7374549833096, "aRp": null, "e": null, "inc": null, "pomega": null, "f": null, "P": 35377192.77707872, "RHill": 3940586389.697508}, "I": {"m": 7.871358512815821e+21, "r": 881643.7924463619, "msmp": 9.07305456570249e-05, "rsrp": 0.035610139133925627, "a": 87214840.19706605, "aRp": 3.5226614428293166, "e": 0.0, "inc": 0.06687025066896965, "pomega": 0.6522598608713283, "f": 4.929023457297397, "P": 67250.38953537404, "RHill": 2717280.5409439863, "spacing": "logarithmic", "period_ratio": NaN}, "II": {"m": 5.622398937725589e+21, "r": 1053622.905197893, "msmp": 6.480753261216067e-05, "rsrp": 0.04255648207387628, "a": 124072741.68608293, "aRp": 5.011374924910877, "e": 0.0, "inc": 0.06687025066896965, "pomega": 1.1266877943567355, "f": 1.7808327993346282, "P": 114111.50087068464, "RHill": 3455501.7976205056, "spacing": "logarithmic", "period_ratio": 1.6968154632124686}, "III": {"m": 5.622398937725589e+21, "r": 890321.0649155967, "msmp": 6.480753261216067e-05, "rsrp": 0.03596061954628699, "a": 153862894.47358736, "aRp": 6.214617657035569, "e": 0.0, "inc": 0.06687025066896965, "pomega": 1.1713028715454294, "f": 4.120296635581213, "P": 157585.29754740055, "RHill": 4285175.78652179, "spacing": "logarithmic", "period_ratio": 1.3809764690237667}, "IV": {"m": 1.1244797875451184e+21, "r": 734560.0590948315, "msmp": 1.2961506522432142e-05, "rsrp": 0.029669335995674225, "a": 268531293.2843634, "aRp": 10.846145345316357, "e": 0.0, "inc": 0.06687025066896965, "pomega": 3.1601299039710113, "f": 3.8978496310065984, "P": 363344.39229420957, "RHill": 4373605.893959385, "spacing": "logarithmic", "period_ratio": 2.3056998206632704}, "V": {"m": 1.63560696370199e+21, "r": 700438.8151289736, "msmp": 1.885310039626493e-05, "rsrp": 0.028291157806867043, "a": 862344616.8401098, "aRp": 34.83063347143835, "e": 0.0, "inc": 0.06687025066896965, "pomega": 5.192943632216432, "f": 1.3818106301118023, "P": 2090961.8653112173, "RHill": 15913585.132671924, "spacing": "logarithmic", "period_ratio": 5.754765752977716}}