{"Planet": {"m": 5.165304996849609e+25, "Rp": 18147334.5, "Rstar": 980937000.0, "RpRstar": 0.0185, "rhostar": 714.138254000197, "impact": 0.10960720011506964, "q1": 0.29822521, "q2": 0.23274125618018676, "a": 155553485814.6605, "Pp": 324.9988212658848, "rhoplan": 2063.3306425550127, "aRp": null, "e": null, "inc": null, "pomega": null, "f": null, "P": 28079898.15737245, "RHill": 2841885446.959506}, "I": {"m": 1.3431900398213685e+23, "r": 2317846.8473150483, "msmp": 0.0026004079926366377, "rsrp": 0.1277238179146942, "a": 92073633.66202694, "aRp": 5.073672591532764, "e": 0.0, "inc": 0.1554371136014552, "pomega": 2.656168046149426, "f": 3.401428349611271, "P": 94420.8720138026, "RHill": 8778938.94500375, "spacing": "linear", "period_ratio": NaN}, "II": {"m": 9.73812778870492e+22, "r": 1846008.1050152972, "msmp": 0.0018852957946615622, "rsrp": 0.10172337458238273, "a": 231955844.06745884, "aRp": 12.781813443040841, "e": 0.0, "inc": 0.1554371136014552, "pomega": 0.4455223905180845, "f": 2.2351525290166805, "P": 377683.4880552104, "RHill": 19868179.132136557, "spacing": "linear", "period_ratio": 4.0}, "III": {"m": 1.3264001643236007e+23, "r": 2270786.7726691575, "msmp": 0.0025679028927286783, "rsrp": 0.12513059549704986, "a": 408151854.15617716, "aRp": 22.491008481503286, "e": 0.0, "inc": 0.1554371136014552, "pomega": 2.0403543046716788, "f": 0.06283813688548441, "P": 881261.4721288243, "RHill": 38753198.63267982, "spacing": "linear", "period_ratio": 2.3333333333333335}, "IV": {"m": 5.204861404307804e+22, "r": 1667652.3949203421, "msmp": 0.0010076580971466972, "rsrp": 0.0918951703304054, "a": 603639955.3290461, "aRp": 33.26328477215462, "e": 0.0, "inc": 0.1554371136014552, "pomega": 3.30654276291419, "f": 4.3722775644920056, "P": 1586270.6498318838, "RHill": 41960626.10076101, "spacing": "linear", "period_ratio": 1.8}}