{"Planet": {"m": 3.4829225597060045e+25, "Rp": 14021416.080000002, "Rstar": 410463000.0, "RpRstar": 0.03416, "rhostar": 4324.499044759888, "impact": 0.37473575716260243, "q1": 0.28601104000000005, "q2": 0.22690725504861628, "a": 26129533841.540264, "Pp": 33.591661831137856, "rhoplan": 3016.335031419242, "aRp": null, "e": null, "inc": null, "pomega": null, "f": null, "P": 2902319.5822103107, "RHill": 548854247.875483}, "I": {"m": 5.870972145820933e+21, "r": 944873.2518699731, "msmp": 0.00016856453295121512, "rsrp": 0.06738786200187942, "a": 52906851.56053685, "aRp": 3.7732887504852393, "e": 0.0, "inc": -0.11085694648880874, "pomega": 3.8130181462111943, "f": 2.6071542993787484, "P": 50146.00895122223, "RHill": 2026408.0409996004, "spacing": "linear", "period_ratio": NaN}, "II": {"m": 1.944759523303184e+22, "r": 1458413.8311093522, "msmp": 0.0005583700154009002, "rsrp": 0.1040133052744664, "a": 150566776.40210876, "aRp": 10.73834308482405, "e": 0.0, "inc": -0.11085694648880874, "pomega": 1.3573037567264634, "f": 5.240072234880546, "P": 240700.8429658667, "RHill": 8596653.65927827, "spacing": "linear", "period_ratio": 4.8}, "III": {"m": 9.173393977845209e+21, "r": 979910.2360168467, "msmp": 0.00026338208273627366, "rsrp": 0.06988668123290202, "a": 379367212.5788475, "aRp": 27.05626952472888, "e": 0.0, "inc": -0.11085694648880874, "pomega": 4.23277690060623, "f": 0.4210155171327456, "P": 962803.3718634668, "RHill": 16860927.120388985, "spacing": "linear", "period_ratio": 4.0}}