{"Planet": {"m": 3.139812964064963e+25, "Rp": 12879494.1, "Rstar": 841797000.0, "RpRstar": 0.0153, "rhostar": 907.1937120486276, "impact": 0.34179352523861206, "q1": 0.37234403999999993, "q2": 0.25901343821697803, "a": 129264828718.93234, "Pp": 274.77387475328777, "rhoplan": 3508.477983049065, "aRp": null, "e": null, "inc": null, "pomega": null, "f": null, "P": 23740462.778684065, "RHill": 2152472586.3029118}, "I": {"m": 4.164044959247557e+22, "r": 1718202.1641226152, "msmp": 0.0013262079642656708, "rsrp": 0.13340602905533497, "a": 50491239.843424544, "aRp": 3.92028129765008, "e": 0.0, "inc": 0.0848140297573802, "pomega": 2.0906248141800665, "f": 3.1261973100528495, "P": 49210.90802325793, "RHill": 3846326.621922796, "spacing": "logarithmic", "period_ratio": NaN}, "II": {"m": 5.618155897397497e+22, "r": 1674258.5845144172, "msmp": 0.0017893282057552702, "rsrp": 0.1299941264396726, "a": 107559626.70006627, "aRp": 8.351230713329514, "e": 0.0, "inc": 0.0848140297573802, "pomega": 2.21692946931989, "f": 0.4863671794936494, "P": 152971.61307583825, "RHill": 9053966.237673463, "spacing": "logarithmic", "period_ratio": 3.108489951121024}, "III": {"m": 6.609595173408823e+21, "r": 838632.2516810203, "msmp": 0.00021050920067709072, "rsrp": 0.0651137571995953, "a": 209178500.68609446, "aRp": 16.241204744687487, "e": 0.0, "inc": 0.0848140297573802, "pomega": 5.193572013585287, "f": 1.0783024289549126, "P": 415197.7385806843, "RHill": 8627805.014586022, "spacing": "logarithmic", "period_ratio": 2.7142142926533896}, "IV": {"m": 2.5116461658953518e+22, "r": 1337915.0934108694, "msmp": 0.0007999349625729444, "rsrp": 0.10387947562403631, "a": 414669609.67618835, "aRp": 32.19611006896524, "e": 0.0, "inc": 0.0848140297573802, "pomega": 0.15332505400058197, "f": 1.6067711601618364, "P": 1158523.3597386798, "RHill": 26689883.777622096, "spacing": "logarithmic", "period_ratio": 2.7902930389240233}, "V": {"m": 4.031853055779379e+22, "r": 1389420.758542488, "msmp": 0.0012841061241302524, "rsrp": 0.10787851974267282, "a": 975865425.7202164, "aRp": 75.76892524996121, "e": 0.0, "inc": 0.0848140297573802, "pomega": 3.9669715815806312, "f": 6.20966468702357, "P": 4181492.8008351335, "RHill": 73544435.52832429, "spacing": "logarithmic", "period_ratio": 3.6093297262286748}}