{"Planet": {"m": 2.95039222072329e+25, "Rp": 12746754.54, "Rstar": 605259000.0, "RpRstar": 0.02106, "rhostar": 2055.250517211349, "impact": 0.25669556140570315, "q1": 0.37871715999999994, "q2": 0.34367890802729933, "a": 38423844612.988464, "Pp": 48.525784153724885, "rhoplan": 3400.8875831015566, "aRp": null, "e": null, "inc": null, "pomega": null, "f": null, "P": 4192627.75088183, "RHill": 663632942.416873}, "I": {"m": 1.087938571014565e+23, "r": 2243054.824323239, "msmp": 0.003687437091831324, "rsrp": 0.17597066118159038, "a": 37743669.02487087, "aRp": 2.9610414875746778, "e": 0.0, "inc": 0.16776037044621964, "pomega": 2.6630802412068295, "f": 2.064232796688163, "P": 32772.08390600527, "RHill": 4043075.986327767, "spacing": "logarithmic", "period_ratio": NaN}, "II": {"m": 7.531882414716219e+22, "r": 1884434.0181921234, "msmp": 0.0025528410635755317, "rsrp": 0.1478363776660693, "a": 95072235.09359202, "aRp": 7.458544431466868, "e": 0.0, "inc": 0.16776037044621964, "pomega": 1.467270496276061, "f": 0.9036124084132658, "P": 131088.33562402107, "RHill": 9009234.228371654, "spacing": "logarithmic", "period_ratio": 4.0}, "III": {"m": 4.0170039545153175e+22, "r": 1315466.0028947636, "msmp": 0.0013615152339069507, "rsrp": 0.10320007330232654, "a": 249348943.3588491, "aRp": 19.561759236547527, "e": 0.0, "inc": 0.16776037044621964, "pomega": 4.425689980844667, "f": 4.391129005557651, "P": 557125.4264020895, "RHill": 19162019.698524334, "spacing": "logarithmic", "period_ratio": 4.25}, "IV": {"m": 6.360256261315918e+22, "r": 1674867.6319583394, "msmp": 0.0021557324536860046, "rsrp": 0.1313956134247753, "a": 447091554.5358025, "aRp": 35.07493245694857, "e": 0.0, "inc": 0.16776037044621964, "pomega": 3.5937130484808537, "f": 1.858752089072629, "P": 1337101.023365015, "RHill": 40045556.62170537, "spacing": "logarithmic", "period_ratio": 2.4}}