{"Planet": {"m": 3.2056181347032347e+25, "Rp": 13920261.3, "Rstar": 744399000.0, "RpRstar": 0.0187, "rhostar": 1162.3082802404492, "impact": 0.4181088735790247, "q1": 0.3848961600000001, "q2": 0.36355577047066406, "a": 15941777134.584293, "Pp": 12.64303255003176, "rhoplan": 2837.1416167054344, "aRp": null, "e": null, "inc": null, "pomega": null, "f": null, "P": 1092358.0123227441, "RHill": 278307226.0085362}, "I": {"m": 7.088113128396578e+22, "r": 1686764.712866763, "msmp": 0.0022111533035274558, "rsrp": 0.12117335131250466, "a": 59731383.4865102, "aRp": 4.290967116149623, "e": 0.0, "inc": -0.14684923489377233, "pomega": 3.772801738604484, "f": 5.757230101448082, "P": 62639.078265978955, "RHill": 5395542.366602289, "spacing": "logarithmic", "period_ratio": NaN}}