{"Planet": {"m": 3.944499146148222e+25, "Rp": 15022389.24, "Rstar": 514818000.0, "RpRstar": 0.02918, "rhostar": 2783.210914077203, "impact": 0.3882651523427352, "q1": 0.40411449000000005, "q2": 0.2892873997168476, "a": 30729176755.716354, "Pp": 38.01774200586118, "rhoplan": 2777.7056688666785, "aRp": null, "e": null, "inc": null, "pomega": null, "f": null, "P": 3284732.909306406, "RHill": 621311173.0824184}, "I": {"m": 2.1405529029277804e+21, "r": 720622.5452218585, "msmp": 5.4266785810259756e-05, "rsrp": 0.04796990237099319, "a": 65247255.242807806, "aRp": 4.343334086236725, "e": 0.0, "inc": 0.13267574401849083, "pomega": 5.003800840191124, "f": 4.945361372887623, "P": 64537.57758596043, "RHill": 1712773.2115193042, "spacing": "linear", "period_ratio": NaN}, "II": {"m": 4.226219833985617e+21, "r": 940345.5929599329, "msmp": 0.00010714211557410257, "rsrp": 0.06259627399722022, "a": 132571657.81292076, "aRp": 8.824938276790434, "e": 0.0, "inc": 0.13267574401849083, "pomega": 6.128603490441295, "f": 5.7710544915628885, "P": 186910.56046013033, "RHill": 4365798.37388679, "spacing": "linear", "period_ratio": 2.896150854301526}, "III": {"m": 2.7991845653670983e+21, "r": 712078.5851560964, "msmp": 7.096425836726279e-05, "rsrp": 0.04740115395625952, "a": 157416053.6248036, "aRp": 10.478762805962521, "e": 0.0, "inc": 0.13267574401849083, "pomega": 2.511640331312812, "f": 2.996750748068752, "P": 241846.15939693432, "RHill": 4518786.526039088, "spacing": "linear", "period_ratio": 1.2939138313082221}}