{"Planet": {"m": 2.5510125025983955e+26, "Rp": 46163869.2, "Rstar": 4355082000.0, "RpRstar": 0.0106, "rhostar": 10.746570643112548, "impact": 0.17601907185559595, "q1": 0.34680321, "q2": 0.15826116488368144, "a": 181436370068.06653, "Pp": 356.7476583991203, "rhoplan": 619.0380898757672, "aRp": null, "e": null, "inc": null, "pomega": null, "f": null, "P": 30822997.685683995, "RHill": 5149980923.753072}, "I": {"m": 5.249944871953637e+23, "r": 3778304.133566631, "msmp": 0.002057984767462401, "rsrp": 0.0818454821712958, "a": 947693259.6206181, "aRp": 20.528895780265707, "e": 0.0, "inc": -0.1718797594198236, "pomega": 2.717749420297201, "f": 1.7996842404002735, "P": 1403382.2333417812, "RHill": 83581101.85184677, "spacing": "logarithmic", "period_ratio": NaN}}