{"Planet": {"m": 8.679973372832929e+23, "Rp": 3753997.2, "Rstar": 660915000.0, "RpRstar": 0.00568, "rhostar": 1397.6531280494496, "impact": 0.4582187527146411, "q1": 0.25, "q2": 0.2, "a": 223208830338.6721, "Pp": 722.0508640264103, "rhoplan": 3916.949303168531, "aRp": null, "e": null, "inc": null, "pomega": null, "f": null, "P": 62385194.65188185, "RHill": 1239373309.151397}, "I": {"m": 3.545146814581907e+20, "r": 700378.436305815, "msmp": 0.0004084283052846346, "rsrp": 0.1865687156894563, "a": 24754385.92744462, "aRp": 6.594140754139246, "e": 0.0, "inc": -0.002461160361348136, "pomega": 0.4002789319605357, "f": 2.152834569696696, "P": 101649.99818900306, "RHill": 1273455.2356517455, "spacing": "linear", "period_ratio": NaN}, "II": {"m": 3.215365715551035e+20, "r": 643581.2700033046, "msmp": 0.0003704349745604829, "rsrp": 0.1714389318146813, "a": 91027022.1097968, "aRp": 24.248026106624906, "e": 0.0, "inc": -0.002461160361348136, "pomega": 5.186659818527883, "f": 4.857387981247945, "P": 716791.5698785633, "RHill": 4532807.178834743, "spacing": "linear", "period_ratio": 7.051565003924505}, "III": {"m": 8.656753849560487e+19, "r": 797920.14896356, "msmp": 9.973249315089933e-05, "rsrp": 0.2125521428102184, "a": 170049112.31458312, "aRp": 45.29814575103655, "e": 0.0, "inc": -0.002461160361348136, "pomega": 5.257666913208481, "f": 1.520054531259868, "P": 1830449.3170589148, "RHill": 5467802.797908998, "spacing": "linear", "period_ratio": 2.553670263405894}, "IV": {"m": 1.5664602203966587e+20, "r": 733831.3168994114, "msmp": 0.0001804683209397225, "rsrp": 0.19547998514740803, "a": 294848766.4947955, "aRp": 78.54261758500925, "e": 0.0, "inc": -0.002461160361348136, "pomega": 4.463392862975958, "f": 2.2326390035412613, "P": 4179050.298329663, "RHill": 11552941.021263368, "spacing": "linear", "period_ratio": 2.2830734833152206}, "V": {"m": 3.462701539824195e+20, "r": 606445.9157392312, "msmp": 0.00039892997260359734, "rsrp": 0.16154671498935352, "a": 427356233.8369919, "aRp": 113.84031768510427, "e": 0.0, "inc": -0.002461160361348136, "pomega": 0.5479485536414241, "f": 1.9322727092286458, "P": 7291489.687244002, "RHill": 21812989.025761656, "spacing": "linear", "period_ratio": 1.7447719378152398}}