{"Planet": {"m": 4.955414125630106e+25, "Rp": 17983845.0, "Rstar": 653958000.0, "RpRstar": 0.0275, "rhostar": 1765.2290644652758, "impact": 0.333011016329389, "q1": 0.37234403999999993, "q2": 0.25901343821697803, "a": 95168745792.76103, "Pp": 181.73139261291976, "rhoplan": 2033.9660181531658, "aRp": null, "e": null, "inc": null, "pomega": null, "f": null, "P": 15701592.321756268, "RHill": 1902395584.3988528}, "I": {"m": 4.1102503816894346e+23, "r": 3317367.164921429, "msmp": 0.008294463948897096, "rsrp": 0.18446373202846383, "a": 339272990.1159428, "aRp": 18.8654311753656, "e": 0.0, "inc": -0.15323777881046324, "pomega": 2.5713365613540224, "f": 2.76173611611704, "P": 679934.7968266002, "RHill": 47618053.95338157, "spacing": "logarithmic", "period_ratio": NaN}}