{"Planet": {"m": 7.662301445974538e+24, "Rp": 6860923.83, "Rstar": 493947000.0, "RpRstar": 0.01389, "rhostar": 3111.7402404590675, "impact": 0.2133337939464659, "q1": 0.39050001, "q2": 0.361577852456393, "a": 98884550629.63531, "Pp": 220.84540644946463, "rhoplan": 5663.9946049368655, "aRp": null, "e": null, "inc": null, "pomega": null, "f": null, "P": 19081043.117233746, "RHill": 1162777903.1638777}, "I": {"m": 2.7889724393729923e+21, "r": 777892.9251392222, "msmp": 0.00036398625909428363, "rsrp": 0.11338020132767196, "a": 38307195.41320277, "aRp": 5.583387363331618, "e": 0.0, "inc": 0.02096350066651856, "pomega": 0.818152542249007, "f": 2.6549112834117166, "P": 65862.6045689478, "RHill": 1896421.7830772125, "spacing": "linear", "period_ratio": NaN}, "II": {"m": 2.586138080145867e+21, "r": 743132.6695848006, "msmp": 0.0003375145311601541, "rsrp": 0.1083137909701587, "a": 123865868.86664394, "aRp": 18.053817814596542, "e": 0.0, "inc": 0.02096350066651856, "pomega": 4.519318804804039, "f": 0.7238953369207805, "P": 382958.39273299417, "RHill": 5979644.891268668, "spacing": "linear", "period_ratio": 5.814504227996281}, "III": {"m": 3.2453497476340284e+21, "r": 890059.3545451189, "msmp": 0.0004235476469460756, "rsrp": 0.12972879113644362, "a": 256226400.37816757, "aRp": 37.34575790767343, "e": 0.0, "inc": 0.02096350066651856, "pomega": 3.4705503001853044, "f": 4.5614203565173135, "P": 1139308.270467085, "RHill": 13341895.915883932, "spacing": "linear", "period_ratio": 2.9750184147587864}}