{"Planet": {"m": 5.060565770276237e+24, "Rp": 6088766.399999999, "Rstar": 222624000.0, "RpRstar": 0.027349999999999996, "rhostar": 15058.073074573787, "impact": 0.393461900844596, "q1": 0.15374241, "q2": 0.16284111196123438, "a": 64537211933.96562, "Pp": 174.94035643378254, "rhoplan": 5352.079147728341, "aRp": null, "e": null, "inc": null, "pomega": null, "f": null, "P": 15114846.79587881, "RHill": 866918267.258058}, "I": {"m": 1.8705035002870668e+21, "r": 657934.9046513044, "msmp": 0.0003696233949321764, "rsrp": 0.10805717635206114, "a": 30796736.08930821, "aRp": 5.057959866765165, "e": 0.0, "inc": 0.020404939449758686, "pomega": 3.234278905495883, "f": 0.5064753832970044, "P": 58419.01888196701, "RHill": 1532442.1555190573, "spacing": "logarithmic", "period_ratio": NaN}, "II": {"m": 7.088223790561517e+21, "r": 1075687.4461056532, "msmp": 0.001400678128164037, "rsrp": 0.17666755060691, "a": 58829860.38482334, "aRp": 9.662032753436451, "e": 0.0, "inc": 0.020404939449758686, "pomega": 2.1314696031556313, "f": 0.35189356655871273, "P": 154159.486749715, "RHill": 4563907.6559833875, "spacing": "logarithmic", "period_ratio": 2.6388578531451765}, "III": {"m": 4.4301398691009486e+21, "r": 878648.892477084, "msmp": 0.0008754238301025231, "rsrp": 0.14430655320872288, "a": 98592236.11419696, "aRp": 16.192481306919078, "e": 0.0, "inc": 0.020404939449758686, "pomega": 3.398286442766997, "f": 6.184529432269376, "P": 334542.6803077619, "RHill": 6539457.976632892, "spacing": "logarithmic", "period_ratio": 2.170107642164814}, "IV": {"m": 4.725482527041011e+21, "r": 905305.2784049513, "msmp": 0.0009337854187760246, "rsrp": 0.14868451488054318, "a": 182238937.6728486, "aRp": 29.93035464012031, "e": 0.0, "inc": 0.020404939449758686, "pomega": 2.193050977303406, "f": 0.8979569760935723, "P": 840691.3096531146, "RHill": 12350459.604940662, "spacing": "logarithmic", "period_ratio": 2.5129568187823517}, "V": {"m": 2.8549790267539456e+21, "r": 837509.2265672091, "msmp": 0.0005641620238438484, "rsrp": 0.13754990281236756, "a": 274252809.63703394, "aRp": 45.042425939847845, "e": 0.0, "inc": 0.020404939449758686, "pomega": 3.9701134884249054, "f": 0.8589973312245719, "P": 1552321.334415561, "RHill": 15712499.737575267, "spacing": "logarithmic", "period_ratio": 1.8464819566840516}}