{"Planet": {"m": 8.499615381835377e+24, "Rp": 7115550.029999999, "Rstar": 716571000.0, "RpRstar": 0.00993, "rhostar": 1315.9512126941825, "impact": 0.3173728004778257, "q1": 0.25, "q2": 0.2, "a": 68018083360.916885, "Pp": 110.87813134479464, "rhoplan": 5632.292941250122, "aRp": null, "e": null, "inc": null, "pomega": null, "f": null, "P": 9579870.548190257, "RHill": 760352600.6473255}, "I": {"m": 5.723899196832636e+22, "r": 1784915.4448828679, "msmp": 0.006734303776927653, "rsrp": 0.2508471498840502, "a": 171159975.65669852, "aRp": 24.054356295025382, "e": 0.0, "inc": 0.029481559222106435, "pomega": 0.5630297064939404, "f": 5.327417245151369, "P": 588739.6158188807, "RHill": 22410903.496195197, "spacing": "linear", "period_ratio": NaN}}