{"Planet": {"m": 5.165304996849609e+25, "Rp": 17969931.0, "Rstar": 855711000.0, "RpRstar": 0.021, "rhostar": 886.3838170271196, "impact": 0.362374913776777, "q1": 0.29822521, "q2": 0.23274125618018676, "a": 135541423645.11572, "Pp": 291.21961350377796, "rhoplan": 2125.0450072500794, "aRp": null, "e": null, "inc": null, "pomega": null, "f": null, "P": 25161374.606726415, "RHill": 2641393009.36962}, "I": {"m": 6.726658740703762e+21, "r": 962816.5681420763, "msmp": 0.00013022771636537328, "rsrp": 0.05357931358456948, "a": 242119322.41513464, "aRp": 13.473581084709487, "e": 0.0, "inc": -0.1626285892672384, "pomega": 4.721657605575299, "f": 4.0536882104825995, "P": 403129.81505536137, "RHill": 8509228.250192262, "spacing": "linear", "period_ratio": NaN}, "II": {"m": 3.646983654598427e+21, "r": 943784.1030437513, "msmp": 7.060538839086506e-05, "rsrp": 0.052520185138370944, "a": 339857453.9057141, "aRp": 18.91256309808391, "e": 0.0, "inc": -0.1626285892672384, "pomega": 5.750946287759533, "f": 4.932165364141672, "P": 670438.4128892649, "RHill": 9739477.606672456, "spacing": "linear", "period_ratio": 1.6630831753220592}, "III": {"m": 4.7005567103713065e+21, "r": 913755.135919002, "msmp": 9.100250059267055e-05, "rsrp": 0.050849117668788045, "a": 451636010.5703057, "aRp": 25.132873942048285, "e": 0.0, "inc": -0.1626285892672384, "pomega": 6.141799499187247, "f": 5.615844293455742, "P": 1027051.2251687035, "RHill": 14085294.10613663, "spacing": "linear", "period_ratio": 1.5319098748274433}, "IV": {"m": 4.4574244667314096e+21, "r": 898495.3362438253, "msmp": 8.629547469994618e-05, "rsrp": 0.0499999324562696, "a": 736116734.4498949, "aRp": 40.963804170972885, "e": 0.0, "inc": -0.1626285892672384, "pomega": 4.479730778566184, "f": 1.8895427761465164, "P": 2137126.942924588, "RHill": 22554625.130574938, "spacing": "linear", "period_ratio": 2.0808377328731034}, "V": {"m": 3.646983654598427e+21, "r": 930249.0905870907, "msmp": 7.060538839086506e-05, "rsrp": 0.05176698177567241, "a": 748535623.0418488, "aRp": 41.65489689647939, "e": 0.0, "inc": -0.1626285892672384, "pomega": 2.3476327940416977, "f": 2.0428678301470984, "P": 2191454.207686565, "RHill": 21451187.415872436, "spacing": "linear", "period_ratio": 1.025420700881545}}