{"Planet": {"m": 3.706532754861441e+25, "Rp": 14737430.52, "Rstar": 883539000.0, "RpRstar": 0.01668, "rhostar": 812.1236080766537, "impact": 0.41613289488653493, "q1": 0.37234403999999993, "q2": 0.25901343821697803, "a": 63758109977.713486, "Pp": 93.55543591867749, "rhoplan": 2764.482984692016, "aRp": null, "e": null, "inc": null, "pomega": null, "f": null, "P": 8083189.663373735, "RHill": 1109230130.0919714}, "I": {"m": 1.814380820213893e+23, "r": 2176388.260096358, "msmp": 0.0048950891310326995, "rsrp": 0.1476775925859536, "a": 252470505.09632203, "aRp": 17.13124311281381, "e": 0.0, "inc": -0.09200550542316342, "pomega": 0.9174367985280725, "f": 5.531012808660338, "P": 505532.05271387345, "RHill": 29722848.78250347, "spacing": "logarithmic", "period_ratio": NaN}}