{"Planet": {"m": 3.5522815640626635e+29, "Rp": 148617660.24, "Rstar": 1029636000.0, "RpRstar": 0.14434, "rhostar": 482.71314291026493, "impact": 0.2682608566571506, "q1": 0.26163225000000007, "q2": 0.21691104594330396, "a": 154989904285.69, "Pp": 339.3110806213989, "rhoplan": 25834.94334285521, "aRp": null, "e": null, "inc": null, "pomega": null, "f": null, "P": 29316477.365688864, "RHill": 58455110984.5605}, "I": {"m": 1.854193873050473e+26, "r": 16044707.100427084, "msmp": 0.0005219726645006917, "rsrp": 0.10795962656468129, "a": 849541646.7743955, "aRp": 5.716290011580628, "e": 0.0, "inc": -0.15610040504635753, "pomega": 2.414869600509166, "f": 5.040246959584705, "P": 31943.83185818667, "RHill": 47427129.75312774, "spacing": "logarithmic", "period_ratio": NaN}, "II": {"m": 3.302782836371155e+26, "r": 60557478.29306536, "msmp": 0.0009297638086418569, "rsrp": 0.4074716167329789, "a": 1668169859.2643352, "aRp": 11.224573557210075, "e": 0.0, "inc": -0.15610040504635753, "pomega": 2.527349865534183, "f": 4.551994635984491, "P": 87878.3550084842, "RHill": 112890500.24350788, "spacing": "logarithmic", "period_ratio": 2.7510273469575144}, "III": {"m": 1.2747582877222007e+26, "r": 40415995.91094518, "msmp": 0.0003588562068442257, "rsrp": 0.27194611895839366, "a": 3403607518.3286037, "aRp": 22.901770306652512, "e": 0.0, "inc": -0.15610040504635753, "pomega": 4.692752062607976, "f": 0.3613192870915354, "P": 256185.54199078027, "RHill": 167702373.85585308, "spacing": "logarithmic", "period_ratio": 2.915229147906181}, "IV": {"m": 2.955121485174192e+26, "r": 56031223.85945126, "msmp": 0.0008318939340479775, "rsrp": 0.3770159197027287, "a": 7700698167.812349, "aRp": 51.81549861151514, "e": 0.0, "inc": -0.15610040504635753, "pomega": 5.662344514751001, "f": 1.6237374571209173, "P": 871641.4997010867, "RHill": 502164108.61401665, "spacing": "logarithmic", "period_ratio": 3.4023836510354504}, "V": {"m": 3.8822184216994286e+26, "r": 52616635.18800428, "msmp": 0.0010928802662983235, "rsrp": 0.35404026078081574, "a": 26932197144.780067, "aRp": 181.21801339953637, "e": 0.0, "inc": -0.15610040504635753, "pomega": 5.8709671292108085, "f": 5.821325001071276, "P": 5700248.730274497, "RHill": 1923485402.1230311, "spacing": "logarithmic", "period_ratio": 6.539671105872416}}