{"Planet": {"m": 5.059271226627044e+25, "Rp": 17637247.259999998, "Rstar": 605259000.0, "RpRstar": 0.029139999999999996, "rhostar": 2076.6593767656336, "impact": 0.3523032081160238, "q1": 0.25, "q2": 0.2, "a": 83863987750.41469, "Pp": 155.6617863054375, "rhoplan": 2201.4404543836345, "aRp": null, "e": null, "inc": null, "pomega": null, "f": null, "P": 13449178.3367898, "RHill": 1727714044.9380643}, "I": {"m": 2.8838504581348358e+22, "r": 1603531.1767784464, "msmp": 0.0005700130174790934, "rsrp": 0.09091731567516997, "a": 61549285.535844155, "aRp": 3.489733098851173, "e": 0.0, "inc": 0.052557119489498205, "pomega": 3.038852299782026, "f": 1.71359599286716, "P": 52196.79147112931, "RHill": 3538432.01440056, "spacing": "logarithmic", "period_ratio": NaN}, "II": {"m": 5.998408952920461e+22, "r": 1737996.3008296678, "msmp": 0.001185627076356515, "rsrp": 0.09854124485578415, "a": 141365653.40169904, "aRp": 8.015176706305304, "e": 0.0, "inc": 0.052557119489498205, "pomega": 6.254908145581118, "f": 0.41473170344419713, "P": 181631.67141594767, "RHill": 10374157.955700714, "spacing": "logarithmic", "period_ratio": 3.479747821595708}, "III": {"m": 9.574383521007653e+22, "r": 1837758.7242782803, "msmp": 0.0018924432180305898, "rsrp": 0.10419759371668981, "a": 253266441.5462404, "aRp": 14.359748877628448, "e": 0.0, "inc": 0.052557119489498205, "pomega": 0.5781108593464566, "f": 1.4176283681365285, "P": 435400.5241431742, "RHill": 21720918.333793476, "spacing": "logarithmic", "period_ratio": 2.397161908762488}, "IV": {"m": 7.4980111911505766e+22, "r": 2157775.5901049827, "msmp": 0.0014820338454456436, "rsrp": 0.12234197084704153, "a": 769934145.0858173, "aRp": 43.65387261038021, "e": 0.0, "inc": 0.052557119489498205, "pomega": 3.571719700570934, "f": 0.9381733837002824, "P": 2308297.6754908636, "RHill": 60864753.74159363, "spacing": "logarithmic", "period_ratio": 5.301550061367906}}