{"Planet": {"m": 1.5192298959584925e+25, "Rp": 8772846.57, "Rstar": 326979000.0, "RpRstar": 0.02683, "rhostar": 6789.342555635676, "impact": 0.152969199969053, "q1": 0.15374241, "q2": 0.16284111196123438, "a": 154544081318.9107, "Pp": 542.3761130637515, "rhoplan": 5371.719007518448, "aRp": null, "e": null, "inc": null, "pomega": null, "f": null, "P": 46861296.16870813, "RHill": 2659058059.645349}, "I": {"m": 2.575207157779045e+22, "r": 1397343.58484233, "msmp": 0.001695074040229, "rsrp": 0.1592805224270929, "a": 41750218.5891052, "aRp": 4.759027558042109, "e": 0.0, "inc": 0.1727176012449634, "pomega": 0.802443008027636, "f": 2.9527640522489125, "P": 53184.56591388896, "RHill": 3451553.1042050584, "spacing": "logarithmic", "period_ratio": NaN}, "II": {"m": 1.308041730935388e+22, "r": 948328.1716528926, "msmp": 0.0008609899886877461, "rsrp": 0.10809811434475966, "a": 113766178.7299018, "aRp": 12.967989103894906, "e": 0.0, "inc": 0.1727176012449634, "pomega": 4.19256049299952, "f": 5.004429221559978, "P": 239330.54661250033, "RHill": 7504218.194491307, "spacing": "logarithmic", "period_ratio": 4.5}, "III": {"m": 3.1065991109715465e+22, "r": 1579510.37521453, "msmp": 0.0020448512231333966, "rsrp": 0.18004536641685845, "a": 317825562.56413084, "aRp": 36.228327946710095, "e": 0.0, "inc": 0.1727176012449634, "pomega": 0.6145569787400376, "f": 0.830720169626104, "P": 1116875.8841916684, "RHill": 27970634.056014437, "spacing": "logarithmic", "period_ratio": 4.666666666666667}, "IV": {"m": 4.087630409173089e+21, "r": 985712.2819357831, "msmp": 0.0002690593714649207, "rsrp": 0.11235945756837544, "a": 504218426.71464133, "aRp": 57.47489400292125, "e": 0.0, "inc": 0.1727176012449634, "pomega": 3.6955108302353383, "f": 3.6716323382188545, "P": 2233751.7683833367, "RHill": 22569797.84494373, "spacing": "logarithmic", "period_ratio": 2.0}, "V": {"m": 1.921186292311351e+22, "r": 1296952.6048318024, "msmp": 0.001264579045885127, "rsrp": 0.14783714664142386, "a": 1162718943.831812, "aRp": 132.53610838332625, "e": 0.0, "inc": 0.1727176012449634, "pomega": 3.9286403180804856, "f": 0.7835915669619906, "P": 7818131.189341678, "RHill": 87179891.43746108, "spacing": "logarithmic", "period_ratio": 3.5}}