{"Planet": {"m": 4.65646057712719e+25, "Rp": 17093349.0, "Rstar": 438291000.0, "RpRstar": 0.039, "rhostar": 3439.2161986650135, "impact": 0.12651544440999807, "q1": 0.28601104000000005, "q2": 0.22690725504861628, "a": 40717549118.40082, "Pp": 66.40633295993926, "rhoplan": 2225.7984807077783, "aRp": null, "e": null, "inc": null, "pomega": null, "f": null, "P": 5737507.167738752, "RHill": 952389515.409327}, "I": {"m": 5.109304132928135e+22, "r": 1655242.7741859865, "msmp": 0.0010972505937289236, "rsrp": 0.0968354869596348, "a": 84332936.02804062, "aRp": 4.933669582715512, "e": 0.0, "inc": 0.1368300430681423, "pomega": 0.36760310078008385, "f": 2.751053632846508, "P": 87238.20833781023, "RHill": 6031038.16909484, "spacing": "logarithmic", "period_ratio": NaN}, "II": {"m": 8.555113896995949e+22, "r": 2158824.8338474655, "msmp": 0.0018372568081042445, "rsrp": 0.1262961888771747, "a": 171138788.24340677, "aRp": 10.012010416648415, "e": 0.0, "inc": 0.1368300430681423, "pomega": 2.088739670073502, "f": 0.9645654011921858, "P": 252100.16564360738, "RHill": 14533313.978345215, "spacing": "logarithmic", "period_ratio": 2.8897907287069278}}