{"Planet": {"m": 2.6597432428946497e+25, "Rp": 11799072.0, "Rstar": 445248000.0, "RpRstar": 0.0265, "rhostar": 3603.1817714158715, "impact": 0.2838548624980731, "q1": 0.3701505600000001, "q2": 0.22016765285996057, "a": 143834173088.09192, "Pp": 420.68952043081555, "rhoplan": 3865.5166753009753, "aRp": null, "e": null, "inc": null, "pomega": null, "f": null, "P": 36347574.565222465, "RHill": 2705461323.237445}, "I": {"m": 4.7409206662735845e+22, "r": 1405929.7113395995, "msmp": 0.0017824730559758653, "rsrp": 0.11915595661587619, "a": 1206457021.4280238, "aRp": 102.25016182866109, "e": 0.0, "inc": -0.07486465808384518, "pomega": 5.1715786656753675, "f": 2.507870043099683, "P": 6243645.226533469, "RHill": 101425174.04984514, "spacing": "logarithmic", "period_ratio": NaN}}