{"Planet": {"m": 3.556828599855904e+24, "Rp": 5533736.94, "Rstar": 125226000.0, "RpRstar": 0.04419, "rhostar": 36259.769143712074, "impact": 0.41668341931652797, "q1": 0.11235904, "q2": 0.15244630071599044, "a": 124158546565.01227, "Pp": 713.0615515031031, "rhoplan": 5010.935332457337, "aRp": null, "e": null, "inc": null, "pomega": null, "f": null, "P": 61608518.049868114, "RHill": 1966790601.9791858}, "I": {"m": 2.2682812085835446e+21, "r": 620519.308088843, "msmp": 0.0006377257562187389, "rsrp": 0.11213386447835791, "a": 41554337.37103143, "aRp": 7.509272273255445, "e": 0.0, "inc": -0.016425190780344684, "pomega": 1.677149873473579, "f": 5.732723228062743, "P": 109202.26433389912, "RHill": 2480012.8379404764, "spacing": "logarithmic", "period_ratio": NaN}, "II": {"m": 2.5285757735029676e+21, "r": 697088.0078135777, "msmp": 0.0007109074003749876, "rsrp": 0.1259705720332954, "a": 65965006.89523087, "aRp": 11.920517294273635, "e": 0.0, "inc": -0.016425190780344684, "pomega": 1.2448234917014462, "f": 0.3361840323373416, "P": 218404.52866779824, "RHill": 4082042.6592275193, "spacing": "logarithmic", "period_ratio": 2.0}}