{"Planet": {"m": 1.6506520289271766e+25, "Rp": 8993731.32, "Rstar": 438291000.0, "RpRstar": 0.02052, "rhostar": 4228.544506555345, "impact": 0.2528324595218506, "q1": 0.40411449000000005, "q2": 0.2892873997168476, "a": 141524153061.62762, "Pp": 388.0816611201881, "rhoplan": 5416.854782682087, "aRp": null, "e": null, "inc": null, "pomega": null, "f": null, "P": 33530255.52078425, "RHill": 2186853038.4350233}, "I": {"m": 3.983209929432712e+22, "r": 1088900.007053465, "msmp": 0.0024131130363202933, "rsrp": 0.1210732195915171, "a": 301151866.39696866, "aRp": 33.48464121084825, "e": 0.0, "inc": -0.16517702481870528, "pomega": 1.814137011883935, "f": 1.4704124031203354, "P": 988107.533604299, "RHill": 28007286.204416733, "spacing": "linear", "period_ratio": NaN}, "II": {"m": 5.110533494366495e+22, "r": 1592412.562368059, "msmp": 0.003096069556033582, "rsrp": 0.1770580536275192, "a": 759027451.4037429, "aRp": 84.39516641061309, "e": 0.0, "inc": -0.16517702481870528, "pomega": 5.343755160741595, "f": 0.19542660571385653, "P": 3952430.134417196, "RHill": 76704463.12186733, "spacing": "linear", "period_ratio": 4.0}, "III": {"m": 5.786927633326765e+22, "r": 1617841.5530113757, "msmp": 0.0035058434678615553, "rsrp": 0.1798854663818638, "a": 1459808081.713462, "aRp": 162.31395288262425, "e": 0.0, "inc": -0.16517702481870528, "pomega": 5.9708797668587295, "f": 6.203380873335021, "P": 10539813.691779189, "RHill": 153763357.17087862, "spacing": "linear", "period_ratio": 2.6666666666666665}}