{"Planet": {"m": 3.944499146148222e+25, "Rp": 15027120.0, "Rstar": 695700000.0, "RpRstar": 0.0216, "rhostar": 1409.7798243075256, "impact": 0.23831682813395483, "q1": 0.25, "q2": 0.2, "a": 45755478299.97212, "Pp": 61.7832358786693, "rhoplan": 2775.0831059743728, "aRp": null, "e": null, "inc": null, "pomega": null, "f": null, "P": 5338071.579917028, "RHill": 858811794.112207}, "I": {"m": 1.8504127478848528e+22, "r": 1292123.9378746985, "msmp": 0.000469112219149995, "rsrp": 0.08598613292997584, "a": 55993566.95704612, "aRp": 3.7261675528674902, "e": 0.0, "inc": 0.006859829943332063, "pomega": 2.0937667210243407, "f": 2.5820190446245546, "P": 51296.34624671088, "RHill": 3016638.696675821, "spacing": "logarithmic", "period_ratio": NaN}, "II": {"m": 1.8924675830640538e+22, "r": 1268463.812355009, "msmp": 0.000479773860494313, "rsrp": 0.0844116379156491, "a": 106363446.1671215, "aRp": 7.0780992077737785, "e": 0.0, "inc": 0.006859829943332063, "pomega": 3.1946908792580277, "f": 3.588685997530015, "P": 134296.75430804002, "RHill": 5773389.29518941, "spacing": "logarithmic", "period_ratio": 2.6180569208991398}, "III": {"m": 1.0934257146592313e+22, "r": 1124034.3378458384, "msmp": 0.0002772026749522698, "rsrp": 0.07480038342981479, "a": 160050473.23990586, "aRp": 10.650774948220675, "e": 0.0, "inc": 0.006859829943332063, "pomega": 1.3441077479805117, "f": 3.156987997126737, "P": 247917.01361842168, "RHill": 7235729.951847021, "spacing": "logarithmic", "period_ratio": 1.8460387586863631}, "IV": {"m": 3.406441649515296e+22, "r": 1354616.0721099637, "msmp": 0.0008635929488897633, "rsrp": 0.09014475642105499, "a": 337384350.3026415, "aRp": 22.45169735136483, "e": 0.0, "inc": 0.006859829943332063, "pomega": 4.277391977794924, "f": 2.2722270297791165, "P": 758544.4378286329, "RHill": 22276872.103635605, "spacing": "logarithmic", "period_ratio": 3.0596707614271965}}