{"Planet": {"m": 9.430841044541937e+23, "Rp": 3837481.1999999993, "Rstar": 486989999.99999994, "RpRstar": 0.00788, "rhostar": 2877.101682260257, "impact": 0.24985037295386903, "q1": 0.09235521000000001, "q2": 0.04886475814412636, "a": 101167180028.63179, "Pp": 242.7843052678106, "rhoplan": 3984.033972421339, "aRp": null, "e": null, "inc": null, "pomega": null, "f": null, "P": 20976563.975138836, "RHill": 616095520.4330482}, "I": {"m": 6.97096061334888e+20, "r": 523340.754691802, "msmp": 0.0007391663776777678, "rsrp": 0.13637610907170103, "a": 16230730.637598293, "aRp": 4.229527075624056, "e": 0.0, "inc": -0.13662058261185736, "pomega": 5.927521452407745, "f": 4.910172016231752, "P": 51766.4580602306, "RHill": 1017524.9180707593, "spacing": "linear", "period_ratio": NaN}, "II": {"m": 2.583355992005761e+21, "r": 795879.7835772606, "msmp": 0.0027392636349234923, "rsrp": 0.20739639938229815, "a": 43169316.89693461, "aRp": 11.249388504348795, "e": 0.0, "inc": -0.13662058261185736, "pomega": 4.2359188074505045, "f": 2.3250110647629234, "P": 224321.31826099925, "RHill": 4188058.142234137, "spacing": "linear", "period_ratio": 4.333333333333333}, "III": {"m": 7.38101712001646e+20, "r": 714109.1610935725, "msmp": 0.0007826467528352835, "rsrp": 0.18608798945870345, "a": 81572040.0292238, "aRp": 21.256661799209287, "e": 0.0, "inc": -0.13662058261185736, "pomega": 4.29498665612286, "f": 4.29372989338515, "P": 583235.4274785981, "RHill": 5212221.156153649, "spacing": "linear", "period_ratio": 2.6}}