{"Planet": {"m": 5.849840414306613e+25, "Rp": 19749531.6, "Rstar": 1050507000.0, "RpRstar": 0.0188, "rhostar": 487.2674606539435, "impact": 0.47824142862202323, "q1": 0.31292836, "q2": 0.2426707186271005, "a": 108030248490.76036, "Pp": 205.47052112663957, "rhoplan": 1812.946588605958, "aRp": null, "e": null, "inc": null, "pomega": null, "f": null, "P": 17752653.02534166, "RHill": 2182069969.4883795}, "I": {"m": 2.7470314771676325e+23, "r": 2797059.4156720587, "msmp": 0.00469590840538039, "rsrp": 0.14162662043448457, "a": 209020597.58763814, "aRp": 10.583572401668409, "e": 0.0, "inc": -0.13840099649027943, "pomega": 4.940334321936785, "f": 2.5795055191491354, "P": 303159.5878935094, "RHill": 24269185.76431701, "spacing": "logarithmic", "period_ratio": NaN}, "II": {"m": 1.5629661852850324e+23, "r": 2465612.7515785075, "msmp": 0.0026718099547853942, "rsrp": 0.12484411283852967, "a": 508963327.8403574, "aRp": 25.770906275081348, "e": 0.0, "inc": -0.13840099649027943, "pomega": 3.455469147332788, "f": 3.963201293367502, "P": 1153069.0942161235, "RHill": 48968251.20015909, "spacing": "logarithmic", "period_ratio": 3.8035052832343896}}