{"Planet": {"m": 1.0456064239087648e+26, "Rp": 27538588.8, "Rstar": 222624000.0, "RpRstar": 0.1237, "rhostar": 15058.073074573787, "impact": 0.3345818447536302, "q1": 0.15374241, "q2": 0.16284111196123438, "a": 29742230892.813873, "Pp": 54.727294070256285, "rhoplan": 1195.2385432668768, "aRp": null, "e": null, "inc": null, "pomega": null, "f": null, "P": 4728438.207670143, "RHill": 1096304555.03934}, "I": {"m": 4.3977315481207294e+23, "r": 3688558.0540219066, "msmp": 0.004205914814181036, "rsrp": 0.1339414332669765, "a": 96340502.17968002, "aRp": 3.4983819570188004, "e": 0.0, "inc": -0.04309648888062806, "pomega": 0.7930172874948133, "f": 2.672505961739652, "P": 70973.27670542183, "RHill": 10782562.354292348, "spacing": "linear", "period_ratio": NaN}, "II": {"m": 2.041803933056052e+23, "r": 2519612.0696429033, "msmp": 0.0019527461637269085, "rsrp": 0.09149387021759456, "a": 518102571.52768195, "aRp": 18.813693587947466, "e": 0.0, "inc": -0.04309648888062806, "pomega": 4.884408380108703, "f": 5.407221678995934, "P": 886120.7103169472, "RHill": 44901128.959298275, "spacing": "linear", "period_ratio": 12.485272646982835}}