{"Planet": {"m": 9.618647041914038e+27, "Rp": 82104426.9, "Rstar": 647001000.0, "RpRstar": 0.1269, "rhostar": 1682.5720809730315, "impact": 0.17144820977002084, "q1": 0.37871715999999994, "q2": 0.34367890802729933, "a": 94444282441.64427, "Pp": 186.52917132650276, "rhoplan": 4148.83016609721, "aRp": null, "e": null, "inc": null, "pomega": null, "f": null, "P": 16116120.402609838, "RHill": 11226581533.33031}, "I": {"m": 2.910544172049333e+24, "r": 4777924.528928954, "msmp": 0.00030259392608611164, "rsrp": 0.05819326325422477, "a": 343621666.1396396, "aRp": 4.185178304187635, "e": 0.0, "inc": -0.17366017329824565, "pomega": 4.974895297223801, "f": 1.5062301411450614, "P": 49943.05721265759, "RHill": 15995341.737463856, "spacing": "logarithmic", "period_ratio": NaN}, "II": {"m": 1.8936070516947464e+24, "r": 5529019.80638241, "msmp": 0.00019686833745361477, "rsrp": 0.06734131173117548, "a": 604481612.3246058, "aRp": 7.362351034504399, "e": 0.0, "inc": -0.17366017329824565, "pomega": 1.9385565229171942, "f": 0.5988474445186664, "P": 116533.80016286773, "RHill": 24381923.686450776, "spacing": "logarithmic", "period_ratio": 2.3333333333333335}, "III": {"m": 2.3494754159916316e+24, "r": 5491577.963711212, "msmp": 0.0002442625668405963, "rsrp": 0.06688528464366167, "a": 1419901728.8551137, "aRp": 17.293851043921162, "e": 0.0, "inc": -0.17366017329824565, "pomega": 1.8889143947776614, "f": 1.9649485404090976, "P": 419521.68058632384, "RHill": 61541797.2716087, "spacing": "logarithmic", "period_ratio": 3.6}, "IV": {"m": 3.050811361063759e+24, "r": 4556511.45946435, "msmp": 0.0003171767658974906, "rsrp": 0.055496538146645895, "a": 3927420429.451702, "aRp": 47.83445397207567, "e": 0.0, "inc": -0.17366017329824565, "pomega": 4.39615605650849, "f": 3.3693808997996744, "P": 1929799.7306970896, "RHill": 185709490.63395417, "spacing": "logarithmic", "period_ratio": 4.6}, "V": {"m": 5.961355533113089e+23, "r": 3218733.2492017043, "msmp": 6.19770691983602e-05, "rsrp": 0.039202919632116744, "a": 9895637677.552702, "aRp": 120.52501979710793, "e": 0.0, "inc": -0.17366017329824565, "pomega": 2.9112908819044927, "f": 4.465906388451377, "P": 7719198.922788358, "RHill": 271527432.061114, "spacing": "logarithmic", "period_ratio": 4.0}}