{"Planet": {"m": 2.3977266711981466e+25, "Rp": 11220249.6, "Rstar": 417420000.0, "RpRstar": 0.026879999999999998, "rhostar": 4111.857820896949, "impact": 0.14461720990609062, "q1": 0.3701505600000001, "q2": 0.22016765285996057, "a": 136192014365.1194, "Pp": 399.7268700846161, "rhoplan": 4052.3179238923317, "aRp": null, "e": null, "inc": null, "pomega": null, "f": null, "P": 34536401.575310834, "RHill": 2525974507.6334424}, "I": {"m": 2.0032478270282126e+22, "r": 1310691.3723105208, "msmp": 0.000835477976322959, "rsrp": 0.1168148142007929, "a": 49553656.66649522, "aRp": 4.416448691702475, "e": 0.0, "inc": 0.10967000390319406, "pomega": 2.717749420297201, "f": 2.784357845395814, "P": 54765.79351789203, "RHill": 3236038.088237366, "spacing": "logarithmic", "period_ratio": NaN}, "II": {"m": 3.7621971385651793e+22, "r": 1695305.413197279, "msmp": 0.0015690683945577522, "rsrp": 0.15109337792247324, "a": 137601470.13739565, "aRp": 12.263672827509618, "e": 0.0, "inc": 0.10967000390319406, "pomega": 1.4861219373417065, "f": 5.752831431866098, "P": 253321.07858634877, "RHill": 11086554.949767942, "spacing": "logarithmic", "period_ratio": 4.625534705410386}, "III": {"m": 4.006495654056425e+22, "r": 1847617.8287201403, "msmp": 0.001670955952645918, "rsrp": 0.16466815753547412, "a": 260511727.23563844, "aRp": 23.21799750654731, "e": 0.0, "inc": 0.10967000390319406, "pomega": 2.980412832478526, "f": 2.052921932048776, "P": 659865.6879641907, "RHill": 21434261.624599885, "spacing": "logarithmic", "period_ratio": 2.604858986257886}, "IV": {"m": 1.2214925774562276e+22, "r": 1236038.859423564, "msmp": 0.0005094377904408288, "rsrp": 0.11016144056399281, "a": 373733573.5533786, "aRp": 33.3088466724821, "e": 0.0, "inc": 0.10967000390319406, "pomega": 4.211411934065166, "f": 2.9119192632733477, "P": 1134513.7005678655, "RHill": 20695952.29461718, "spacing": "logarithmic", "period_ratio": 1.7193100372714527}}