{"Planet": {"m": 1.089336452175774e+28, "Rp": 78753240.0, "Rstar": 695700000.0, "RpRstar": 0.1132, "rhostar": 1423.8776225506008, "impact": 0.11540657547633781, "q1": 0.25, "q2": 0.2, "a": 128944575798.75246, "Pp": 290.0544775599786, "rhoplan": 5324.3688827894175, "aRp": null, "e": null, "inc": null, "pomega": null, "f": null, "P": 25060706.86118215, "RHill": 15708724038.079355}, "I": {"m": 1.9131717387410194e+25, "r": 10550625.26311406, "msmp": 0.0017562725776042538, "rsrp": 0.13397068188069544, "a": 231142108.8526334, "aRp": 2.9350171352014645, "e": 0.0, "inc": -0.1409494320417463, "pomega": 4.862415032198784, "f": 4.505494414689233, "P": 25872.21192354724, "RHill": 19336118.242346868, "spacing": "logarithmic", "period_ratio": NaN}, "II": {"m": 1.8790079576920726e+25, "r": 5244197.8294238495, "msmp": 0.0017249105672898922, "rsrp": 0.06659024859705899, "a": 513318030.5241435, "aRp": 6.518056025684067, "e": 0.0, "inc": -0.1409494320417463, "pomega": 4.156114373605939, "f": 0.9117813662083788, "P": 85625.18647761109, "RHill": 42684312.94687056, "spacing": "logarithmic", "period_ratio": 3.30954255981803}, "III": {"m": 4.7829293468525485e+24, "r": 6175829.996162903, "msmp": 0.00043906814440106346, "rsrp": 0.0784200116231777, "a": 1158429214.432291, "aRp": 14.709607051497704, "e": 0.0, "inc": -0.1409494320417463, "pomega": 2.533005297853877, "f": 5.984704156973535, "P": 290472.4306901033, "RHill": 61048227.581757106, "spacing": "logarithmic", "period_ratio": 3.3923713645406757}, "IV": {"m": 2.698938702866796e+25, "r": 10499370.131265657, "msmp": 0.002477598814834573, "rsrp": 0.13331984984066253, "a": 2486530527.8298516, "aRp": 31.573691797694313, "e": 0.0, "inc": -0.1409494320417463, "pomega": 5.228132988872304, "f": 5.115024342478431, "P": 912534.6061069216, "RHill": 233290491.90610105, "spacing": "logarithmic", "period_ratio": 3.141553241176539}, "V": {"m": 2.1523182060836472e+25, "r": 14568657.203737956, "msmp": 0.001975806649804786, "rsrp": 0.18499121056781861, "a": 4895189123.219534, "aRp": 62.158574342078296, "e": 0.0, "inc": -0.1409494320417463, "pomega": 3.9581742424166633, "f": 4.106472245466406, "P": 2521282.929481822, "RHill": 425902841.82237434, "spacing": "logarithmic", "period_ratio": 2.762945002423726}}