{"Planet": {"m": 1.1844790996521293e+25, "Rp": 8001663.12, "Rstar": 612216000.0, "RpRstar": 0.01307, "rhostar": 1882.5419681510737, "impact": 0.39486937763988117, "q1": 0.37871715999999994, "q2": 0.34367890802729933, "a": 204029043752.8903, "Pp": 609.8544293392445, "rhoplan": 5519.4779583026775, "aRp": null, "e": null, "inc": null, "pomega": null, "f": null, "P": 52691422.69491072, "RHill": 2646335740.5953674}, "I": {"m": 4.204099786964145e+22, "r": 1758535.5878191541, "msmp": 0.00354932373918531, "rsrp": 0.21977126023010501, "a": 455466249.39487994, "aRp": 56.921447774582134, "e": 0.0, "inc": 0.11406867348517793, "pomega": 1.1310864639387195, "f": 2.399160066287795, "P": 2168344.3135060505, "RHill": 48172330.110443145, "spacing": "linear", "period_ratio": NaN}, "II": {"m": 2.302245121432745e+22, "r": 1266542.6565122441, "msmp": 0.0019436772857443355, "rsrp": 0.15828492621072057, "a": 1082443781.5838048, "aRp": 135.27734988970704, "e": 0.0, "inc": 0.11406867348517793, "pomega": 4.4545955238119905, "f": 0.7144696163879578, "P": 7950595.816188851, "RHill": 93664061.24917035, "spacing": "linear", "period_ratio": 3.6666666666666665}}