{"Planet": {"m": 2.5516652442456245e+25, "Rp": 11215449.27, "Rstar": 758313000.0, "RpRstar": 0.01479, "rhostar": 968.8617348597581, "impact": 0.15733660736792587, "q1": 0.37871715999999994, "q2": 0.34367890802729933, "a": 98915382327.3759, "Pp": 208.16510290447624, "rhoplan": 4318.024111098289, "aRp": null, "e": null, "inc": null, "pomega": null, "f": null, "P": 17985464.890946746, "RHill": 1669293399.4106112}, "I": {"m": 4.3184136735288533e+21, "r": 612591.4415514668, "msmp": 0.00016923903647892306, "rsrp": 0.0546203212019403, "a": 28224580.905610543, "aRp": 2.516580497680816, "e": 0.0, "inc": 0.035102081465752555, "pomega": 4.974266915854947, "f": 4.357824793008344, "P": 22828.094606902385, "RHill": 1082481.7881926356, "spacing": "logarithmic", "period_ratio": NaN}, "II": {"m": 1.6264155393809978e+21, "r": 704581.8075078963, "msmp": 6.373937737517886e-05, "rsrp": 0.06282243274842046, "a": 61845607.75349566, "aRp": 5.514322811741956, "e": 0.0, "inc": 0.035102081465752555, "pomega": 0.8470580852163299, "f": 0.003770288213129065, "P": 74048.21766224215, "RHill": 1712922.5065197276, "spacing": "logarithmic", "period_ratio": 3.2437318548632907}, "III": {"m": 1.1777491836896885e+21, "r": 570776.1605053674, "msmp": 4.615610085788815e-05, "rsrp": 0.05089195686811461, "a": 119216984.609664, "aRp": 10.62971101198374, "e": 0.0, "inc": 0.035102081465752555, "pomega": 0.8238079745687007, "f": 1.9844283628435977, "P": 198181.14549531284, "RHill": 2965109.611109681, "spacing": "logarithmic", "period_ratio": 2.67637968545416}, "IV": {"m": 1.7946654227652388e+21, "r": 666196.4355349228, "msmp": 7.033310606916287e-05, "rsrp": 0.059399888448242504, "a": 263517577.4618874, "aRp": 23.495944845184734, "e": 0.0, "inc": 0.035102081465752555, "pomega": 4.103330338622132, "f": 2.48022126287007, "P": 651274.7927033996, "RHill": 7542044.725683798, "spacing": "logarithmic", "period_ratio": 3.2862601085268364}, "V": {"m": 1.6264155393809978e+21, "r": 753993.8736692087, "msmp": 6.373937737517886e-05, "rsrp": 0.0672281471314799, "a": 316225715.0311666, "aRp": 28.195545931185567, "e": 0.0, "inc": 0.035102081465752555, "pomega": 0.41787361028847136, "f": 2.125814170835938, "P": 856144.5411114204, "RHill": 8758425.441886978, "spacing": "logarithmic", "period_ratio": 1.3145672927975913}}