{"Planet": {"m": 3.4829225597060045e+25, "Rp": 14192280.000000002, "Rstar": 347850000.0, "RpRstar": 0.0408, "rhostar": 5751.901683174704, "impact": 0.2739058140333649, "q1": 0.15888196000000002, "q2": 0.16821374811841444, "a": 35261368859.1228, "Pp": 58.528381495741165, "rhoplan": 2908.6984312093455, "aRp": null, "e": null, "inc": null, "pomega": null, "f": null, "P": 5056852.161232037, "RHill": 794720946.9705598}, "I": {"m": 9.097342880116204e+21, "r": 1061643.999073525, "msmp": 0.0002611985401387769, "rsrp": 0.07480433017623137, "a": 42431547.51616739, "aRp": 2.9897625692395713, "e": 0.0, "inc": -0.039256380515404005, "pomega": 4.289959605172021, "f": 4.621116586558524, "P": 36014.85685495015, "RHill": 1880638.696510707, "spacing": "linear", "period_ratio": NaN}, "II": {"m": 3.3356923893759422e+22, "r": 1358385.2051478932, "msmp": 0.0009577279805088488, "rsrp": 0.0957129654395131, "a": 106945612.04455961, "aRp": 7.53547788266294, "e": 0.0, "inc": -0.039256380515404005, "pomega": 0.9444571973888307, "f": 4.660704612796379, "P": 144059.4274198006, "RHill": 7309201.65587642, "spacing": "linear", "period_ratio": 4.0}, "III": {"m": 2.2743357200290506e+22, "r": 1328167.0121523417, "msmp": 0.0006529963503469421, "rsrp": 0.09358376611455957, "a": 155290274.3186302, "aRp": 10.941883497128732, "e": 0.0, "inc": -0.039256380515404005, "pomega": 3.518935665587127, "f": 3.76965983176021, "P": 252103.99798465107, "RHill": 9341302.230196068, "spacing": "linear", "period_ratio": 1.75}, "IV": {"m": 2.6533916733672253e+22, "r": 1348476.9756007995, "msmp": 0.0007618290754047658, "rsrp": 0.09501482324198786, "a": 351139170.75194865, "aRp": 24.74156166253404, "e": 0.0, "inc": -0.039256380515404005, "pomega": 2.0259015331880175, "f": 2.806351193305734, "P": 857153.5931478136, "RHill": 22236070.49102806, "spacing": "linear", "period_ratio": 3.4}}