{"Planet": {"m": 4.46724647110081e+25, "Rp": 16531223.4, "Rstar": 758313000.0, "RpRstar": 0.0218, "rhostar": 1153.9252123048805, "impact": 0.234114815446543, "q1": 0.37234403999999993, "q2": 0.25901343821697803, "a": 204524160985.15735, "Pp": 567.1131315388594, "rhoplan": 2360.675650271972, "aRp": null, "e": null, "inc": null, "pomega": null, "f": null, "P": 48998574.564957455, "RHill": 3924463080.2255807}, "I": {"m": 1.4139344564148355e+23, "r": 2587522.9568223287, "msmp": 0.0031651140485794965, "rsrp": 0.15652337968055824, "a": 1337526198.6804726, "aRp": 80.90908738674916, "e": 0.0, "inc": 0.07343334496589804, "pomega": 4.037978676261228, "f": 2.326267827500633, "P": 5619844.322157991, "RHill": 136162756.1903352, "spacing": "logarithmic", "period_ratio": NaN}}