{"Planet": {"m": 1.8689275540670704e+26, "Rp": 40091590.89, "Rstar": 674829000.0, "RpRstar": 0.05941, "rhostar": 1436.5443445856279, "impact": 0.19373914986320317, "q1": 0.37871715999999994, "q2": 0.34367890802729933, "a": 180715027040.55597, "Pp": 502.84980975798493, "rhoplan": 692.3791602584698, "aRp": null, "e": null, "inc": null, "pomega": null, "f": null, "P": 43446223.5630899, "RHill": 5836534426.1924715}, "I": {"m": 3.083086726623877e+23, "r": 3367541.439621835, "msmp": 0.0016496555577633876, "rsrp": 0.08399620381394736, "a": 167551674.58124477, "aRp": 4.179222397059753, "e": 0.0, "inc": 0.00511432614095747, "pomega": 1.5250815822107067, "f": 3.395772917291578, "P": 121911.87453517788, "RHill": 13726909.780690823, "spacing": "logarithmic", "period_ratio": NaN}, "II": {"m": 4.3894794073967085e+23, "r": 3836757.9726837683, "msmp": 0.002348662150036011, "rsrp": 0.09569981852829808, "a": 219605865.24613953, "aRp": 5.477604165139667, "e": 0.0, "inc": 0.00511432614095747, "pomega": 1.7965423335559993, "f": 3.117399970888882, "P": 182867.8118027668, "RHill": 20239993.397908363, "spacing": "logarithmic", "period_ratio": 1.5}, "III": {"m": 4.0236894567803106e+23, "r": 3359157.1662358595, "msmp": 0.0021529403041996736, "rsrp": 0.08378707583474145, "a": 624851029.9363122, "aRp": 15.58558830081667, "e": 0.0, "inc": 0.00511432614095747, "pomega": 2.910034119166783, "f": 0.9507410110773792, "P": 877765.4966532807, "RHill": 55943126.534784086, "spacing": "logarithmic", "period_ratio": 4.8}, "IV": {"m": 1.4109040952346549e+23, "r": 2293569.390002873, "msmp": 0.0007549271196544313, "rsrp": 0.05720824090757035, "a": 1764832422.3351443, "aRp": 44.0200147501591, "e": 0.0, "inc": 0.00511432614095747, "pomega": 2.8446824568058795, "f": 0.7182399046010869, "P": 4169386.109103083, "RHill": 111420404.6017396, "spacing": "logarithmic", "period_ratio": 4.75}}