{"Planet": {"m": 1.738455148672628e+27, "Rp": 56066463.0, "Rstar": 695700000.0, "RpRstar": 0.08059, "rhostar": 1381.5842278213752, "impact": 0.1615203654275813, "q1": 0.25, "q2": 0.2, "a": 63197619031.21522, "Pp": 101.26391345330157, "rhoplan": 2354.8616869301095, "aRp": null, "e": null, "inc": null, "pomega": null, "f": null, "P": 8749202.122365255, "RHill": 4218300034.279129}, "I": {"m": 8.21982770303943e+22, "r": 2235065.5544945495, "msmp": 4.7282368540342035e-05, "rsrp": 0.03986457206145766, "a": 177912091.3933993, "aRp": 3.1732355114571664, "e": 0.0, "inc": -0.15470400200445786, "pomega": 2.830229685322218, "f": 0.43483990724755217, "P": 43771.67758770186, "RHill": 4460649.724092625, "spacing": "logarithmic", "period_ratio": NaN}, "II": {"m": 7.43698696941663e+22, "r": 2098649.6263638437, "msmp": 4.2779285822214236e-05, "rsrp": 0.03743146105656502, "a": 248262852.8267854, "aRp": 4.428009892951253, "e": 0.0, "inc": -0.15470400200445786, "pomega": 5.468174671774854, "f": 4.250371578934166, "P": 72152.86566788702, "RHill": 6020268.118002706, "spacing": "logarithmic", "period_ratio": 1.6483916003292314}, "III": {"m": 5.8713055021710206e+22, "r": 1646045.3011943295, "msmp": 3.377312038595859e-05, "rsrp": 0.029358821889555072, "a": 329227603.65137714, "aRp": 5.872095117742261, "e": 0.0, "inc": -0.15470400200445786, "pomega": 3.2104004134793986, "f": 4.07065450744168, "P": 110187.48968682099, "RHill": 7378694.880632438, "spacing": "logarithmic", "period_ratio": 1.5271394790333601}, "IV": {"m": 1.1742611004342041e+23, "r": 2025011.5375330625, "msmp": 6.754624077191718e-05, "rsrp": 0.03611805398769426, "a": 497935896.2604068, "aRp": 8.881171909496178, "e": 0.0, "inc": -0.15470400200445786, "pomega": 0.27397427682071207, "f": 1.790258519867451, "P": 204946.61414666413, "RHill": 14060477.791028423, "spacing": "logarithmic", "period_ratio": 1.8599807902800134}, "V": {"m": 8.611248069850832e+22, "r": 2058156.1424596605, "msmp": 4.9533909899405945e-05, "rsrp": 0.03670922031339235, "a": 1798297783.5859966, "aRp": 32.07439327117883, "e": 0.0, "inc": -0.15470400200445786, "pomega": 6.055711251654133, "f": 0.8508283734294589, "P": 1406620.4234642542, "RHill": 45791906.717976965, "spacing": "logarithmic", "period_ratio": 6.863350386738504}}