{"Planet": {"m": 1.4880430301680767e+25, "Rp": 8617775.040000001, "Rstar": 779184000.0000001, "RpRstar": 0.01106, "rhostar": 1083.7297073245938, "impact": 0.13438947275723245, "q1": 0.37234403999999993, "q2": 0.25901343821697803, "a": 23921939816.280254, "Pp": 22.474576487937128, "rhoplan": 5550.6190481507365, "aRp": null, "e": null, "inc": null, "pomega": null, "f": null, "P": 1941803.4085577677, "RHill": 316216540.64098793}, "I": {"m": 2.4828374398077992e+22, "r": 1175689.7222292915, "msmp": 0.0016685252976369634, "rsrp": 0.13642613282108734, "a": 34483787.34119633, "aRp": 4.001472210766403, "e": 0.0, "inc": -0.10708665827567967, "pomega": 5.202997734118109, "f": 4.254141867147295, "P": 40339.42328873823, "RHill": 2835864.4723815126, "spacing": "logarithmic", "period_ratio": NaN}, "II": {"m": 9.35094620187353e+21, "r": 1247323.8155372394, "msmp": 0.0006284056315775577, "rsrp": 0.14473849801691263, "a": 56152742.332087755, "aRp": 6.515921113216684, "e": 0.0, "inc": -0.10708665827567967, "pomega": 2.511011949943957, "f": 5.446809705233789, "P": 83866.65158830797, "RHill": 3334857.2000713954, "spacing": "logarithmic", "period_ratio": 2.0790245559043843}}