{"Planet": {"m": 8.859623976938862e+24, "Rp": 7216287.39, "Rstar": 549603000.0, "RpRstar": 0.01313, "rhostar": 2344.6815686632717, "impact": 0.32768449605121464, "q1": 0.39904488999999993, "q2": 0.24908975779642237, "a": 199719043203.65912, "Pp": 622.2020217974746, "rhoplan": 5628.403420469713, "aRp": null, "e": null, "inc": null, "pomega": null, "f": null, "P": 53758254.68330181, "RHill": 2434506289.7738595}, "I": {"m": 3.440738357656233e+22, "r": 1434843.1575664042, "msmp": 0.0038836166936794324, "rsrp": 0.1988339820770919, "a": 234205193.41456288, "aRp": 32.45508122904219, "e": 0.0, "inc": -0.012969093251643027, "pomega": 2.644228800141184, "f": 0.45369134831319746, "P": 924320.2338088751, "RHill": 25525145.28310238, "spacing": "linear", "period_ratio": NaN}, "II": {"m": 2.975773714729714e+22, "r": 1506603.913968853, "msmp": 0.003358803626965995, "rsrp": 0.2087782584790949, "a": 402076940.1428233, "aRp": 55.71797773741704, "e": 0.0, "inc": -0.012969093251643027, "pomega": 1.0720186152663642, "f": 4.792664700255896, "P": 2079720.526069969, "RHill": 41750686.32989607, "spacing": "linear", "period_ratio": 2.25}}