{"Planet": {"m": 1.2093037787531302e+25, "Rp": 8053284.06, "Rstar": 820926000.0, "RpRstar": 0.00981, "rhostar": 1063.964050694893, "impact": 0.08250241194347019, "q1": 0.41062464000000004, "q2": 0.4605961298377029, "a": 35102135808.98022, "Pp": 37.281958140492414, "rhoplan": 5527.4872119612, "aRp": null, "e": null, "inc": null, "pomega": null, "f": null, "P": 3221161.1833385443, "RHill": 413519247.37317926}, "I": {"m": 8.903701376522794e+21, "r": 963663.9050041654, "msmp": 0.0007362667290846542, "rsrp": 0.11966098523589958, "a": 60204123.67217176, "aRp": 7.475723347596876, "e": 0.0, "inc": 0.12283110257309829, "pomega": 5.586310369119564, "f": 6.002298835301471, "P": 103273.4869572065, "RHill": 3769330.4499472897, "spacing": "linear", "period_ratio": NaN}, "II": {"m": 9.132001411818256e+21, "r": 1213220.9216719496, "msmp": 0.0007551453631637482, "rsrp": 0.1506492149827321, "a": 156721470.18447044, "aRp": 19.460566523772968, "e": 0.0, "inc": 0.12283110257309829, "pomega": 4.609805721919137, "f": 1.1983232704061877, "P": 433748.64522026735, "RHill": 9895360.001746332, "spacing": "linear", "period_ratio": 4.2}, "III": {"m": 1.8492302858931958e+22, "r": 1134905.5794913708, "msmp": 0.0015291693604065895, "rsrp": 0.14092456829237573, "a": 378379790.58461595, "aRp": 46.98453298872162, "e": 0.0, "inc": 0.12283110257309829, "pomega": 5.60264828470979, "f": 5.944487749366826, "P": 1626557.4195760025, "RHill": 30225445.45680018, "spacing": "linear", "period_ratio": 3.75}}