{"Planet": {"m": 1.6852469043771235e+25, "Rp": 9122574.959999999, "Rstar": 514818000.0, "RpRstar": 0.01772, "rhostar": 2783.210914077203, "impact": 0.2183256013428143, "q1": 0.39904488999999993, "q2": 0.24908975779642237, "a": 178654368001.08304, "Pp": 532.9463267919958, "rhoplan": 5299.35003700736, "aRp": null, "e": null, "inc": null, "pomega": null, "f": null, "P": 46046562.63482844, "RHill": 2720585845.816267}, "I": {"m": 1.5490538421019083e+23, "r": 2594021.7708436255, "msmp": 0.009191850986811021, "rsrp": 0.2843519271935504, "a": 458468570.2642795, "aRp": 50.25648704171125, "e": 0.0, "inc": -0.10666773736310979, "pomega": 5.827608814759825, "f": 1.5382775909566584, "P": 1830723.3583016277, "RHill": 66589150.63065128, "spacing": "logarithmic", "period_ratio": NaN}}