{"Planet": {"m": 4.952879160305729e+27, "Rp": 97125285.6, "Rstar": 876582000.0, "RpRstar": 0.1108, "rhostar": 852.7564754886612, "impact": 0.34965758574957784, "q1": 0.29822521, "q2": 0.23274125618018676, "a": 27492752965.684948, "Pp": 26.133550336783685, "rhoplan": 1290.5421585486945, "aRp": null, "e": null, "inc": null, "pomega": null, "f": null, "P": 2257938.7490981105, "RHill": 2424934219.135874}, "I": {"m": 6.117766023100384e+23, "r": 3521673.6255435855, "msmp": 0.00012351938791744618, "rsrp": 0.03625908128648618, "a": 240337967.53405005, "aRp": 2.4745149118413514, "e": 0.0, "inc": 0.0622970307067483, "pomega": 5.373289085077772, "f": 0.5674283760759242, "P": 40715.04286872778, "RHill": 8299023.79025124, "spacing": "logarithmic", "period_ratio": NaN}, "II": {"m": 4.298970718935405e+23, "r": 2755537.205346277, "msmp": 8.6797407725773e-05, "rsrp": 0.02837095601133838, "a": 571476034.2490928, "aRp": 5.88390583068816, "e": 0.0, "inc": 0.0622970307067483, "pomega": 3.9223565043919373, "f": 1.0098088597497346, "P": 149288.49051866852, "RHill": 17543915.314911526, "spacing": "logarithmic", "period_ratio": 3.6666666666666665}, "III": {"m": 1.0582081769687147e+24, "r": 3436429.6843149737, "msmp": 0.00021365515747882573, "rsrp": 0.035381411370747864, "a": 1317432623.4727676, "aRp": 13.56425996931913, "e": 0.0, "inc": 0.0622970307067483, "pomega": 4.945989754256479, "f": 2.7523103955842174, "P": 522509.7168153398, "RHill": 54608358.53562233, "spacing": "logarithmic", "period_ratio": 3.5}}