{"Planet": {"m": 7.812889575699981e+29, "Rp": 289856448.0, "Rstar": 8626680000.0, "RpRstar": 0.0336, "rhostar": 1.7745877416512437, "impact": 0.4862790650410367, "q1": 0.38775529000000003, "q2": 0.2586317648948129, "a": 110668173668.92609, "Pp": 139.06410974365997, "rhoplan": 7659.03720482994, "aRp": null, "e": null, "inc": null, "pomega": null, "f": null, "P": 12015139.081852222, "RHill": 41977235720.41426}, "I": {"m": 5.401156757726178e+27, "r": 88414276.58323783, "msmp": 0.006913135921599495, "rsrp": 0.30502780667221113, "a": 5809150386.818846, "aRp": 20.041473725707306, "e": 0.0, "inc": 0.16364098147261566, "pomega": 5.32239019420053, "f": 5.214308598757497, "P": 383922.96375004464, "RHill": 767297706.3006119, "spacing": "logarithmic", "period_ratio": NaN}}