{"Planet": {"m": 4.19881752820264e+24, "Rp": 5767909.56, "Rstar": 980937000.0, "RpRstar": 0.00588, "rhostar": 457.65197967618263, "impact": 0.16127245723521322, "q1": 0.26163225000000007, "q2": 0.21691104594330396, "a": 213156123449.8051, "Pp": 651.2321443598826, "rhoplan": 5223.758200781297, "aRp": null, "e": null, "inc": null, "pomega": null, "f": null, "P": 56266457.27269386, "RHill": 1956668686.0618918}, "I": {"m": 4.7201801260013394e+20, "r": 717776.5584656683, "msmp": 0.00011241689104841561, "rsrp": 0.12444310213242463, "a": 39398999.63707789, "aRp": 6.830724238519075, "e": 0.0, "inc": 0.11850225314320936, "pomega": 0.5473201722725692, "f": 2.59961372295249, "P": 92814.72635812145, "RHill": 1318424.6074748635, "spacing": "logarithmic", "period_ratio": NaN}, "II": {"m": 5.5915979954169656e+20, "r": 686126.8536599083, "msmp": 0.00013317077862658451, "rsrp": 0.11895589667669969, "a": 78269679.10489082, "aRp": 13.569852004560701, "e": 0.0, "inc": 0.11850225314320936, "pomega": 3.6666052872680157, "f": 0.47945498443624607, "P": 259881.23380274005, "RHill": 2771337.689059968, "spacing": "logarithmic", "period_ratio": 2.8}, "III": {"m": 4.5023256586474324e+20, "r": 757902.0825392309, "msmp": 0.00010722841915387338, "rsrp": 0.1313997861192593, "a": 213336323.94166753, "aRp": 36.986766474484654, "e": 0.0, "inc": 0.11850225314320936, "pomega": 0.34812327834558365, "f": 3.097291767085527, "P": 1169465.5521123302, "RHill": 7027394.864031212, "spacing": "logarithmic", "period_ratio": 4.5}, "IV": {"m": 3.703525945016436e+20, "r": 654045.4221979637, "msmp": 8.820402220721842e-05, "rsrp": 0.11339384145925543, "a": 366311369.97363144, "aRp": 63.508514855013, "e": 0.0, "inc": 0.11850225314320936, "pomega": 3.555381784980708, "f": 6.100954710211682, "P": 2631297.492252743, "RHill": 11305925.274837792, "spacing": "logarithmic", "period_ratio": 2.25}}