{"Planet": {"m": 8.325134636762747e+24, "Rp": 7066085.76, "Rstar": 640044000.0, "RpRstar": 0.01104, "rhostar": 1683.7234381498092, "impact": 0.11171276191849921, "q1": 0.37871715999999994, "q2": 0.34367890802729933, "a": 148529961179.69855, "Pp": 374.70454275134233, "rhoplan": 5633.339745015668, "aRp": null, "e": null, "inc": null, "pomega": null, "f": null, "P": 32374472.49371598, "RHill": 1700491445.8228953}, "I": {"m": 4.143142694863292e+21, "r": 755594.7012594194, "msmp": 0.0004976667496244079, "rsrp": 0.10693256874077614, "a": 54658864.030025974, "aRp": 7.735380787400176, "e": 0.0, "inc": -0.07489956815989267, "pomega": 3.0583321222165263, "f": 5.891075333014164, "P": 107687.23743307569, "RHill": 3003306.9777058745, "spacing": "logarithmic", "period_ratio": NaN}, "II": {"m": 3.793017960086114e+21, "r": 669397.2279554596, "msmp": 0.0004556104045857257, "rsrp": 0.09473381030057858, "a": 195341342.38998863, "aRp": 27.644915307394832, "e": 0.0, "inc": -0.07489956815989267, "pomega": 2.3388354548777297, "f": 5.538553385086597, "P": 727568.2074458926, "RHill": 10422013.404506894, "spacing": "logarithmic", "period_ratio": 6.7563085913319485}, "III": {"m": 4.4349133071776093e+21, "r": 922957.6254793728, "msmp": 0.0005327137038233099, "rsrp": 0.13061794844100122, "a": 826465412.4661145, "aRp": 116.96226744722024, "e": 0.0, "inc": -0.07489956815989267, "pomega": 4.049289540900616, "f": 3.726301517309226, "P": 6331443.733971396, "RHill": 46453191.2395782, "spacing": "logarithmic", "period_ratio": 8.70219955899083}}