{"Planet": {"m": 5.973971379930706e+24, "Rp": 6397170.21, "Rstar": 354807000.0, "RpRstar": 0.01803, "rhostar": 5738.977505831573, "impact": 0.020872273210524428, "q1": 0.28601104000000005, "q2": 0.22690725504861628, "a": 25070642477.263317, "Pp": 34.100474038259115, "rhoplan": 5447.670227002754, "aRp": null, "e": null, "inc": null, "pomega": null, "f": null, "P": 2946280.9569055876, "RHill": 308020438.32490194}, "I": {"m": 1.9357388904696562e+21, "r": 691941.3948432859, "msmp": 0.0003240288189147819, "rsrp": 0.10816366801709437, "a": 27627427.62271348, "aRp": 4.318695097330149, "e": 0.0, "inc": -0.13728387405675968, "pomega": 3.1984611674711565, "f": 4.0712828888105355, "P": 45686.27629392642, "RHill": 1315713.2375303248, "spacing": "logarithmic", "period_ratio": NaN}, "II": {"m": 1.4518041678522417e+21, "r": 578584.2148268975, "msmp": 0.00024302161418608632, "rsrp": 0.09044377370520168, "a": 36201194.3378726, "aRp": 5.65893874158346, "e": 0.0, "inc": -0.13728387405675968, "pomega": 4.763130775919719, "f": 2.5260931027964735, "P": 68529.41444088964, "RHill": 1566381.1483731477, "spacing": "logarithmic", "period_ratio": 1.5}, "III": {"m": 2.419673613087069e+21, "r": 702686.8378287842, "msmp": 0.0004050360236434771, "rsrp": 0.10984338617883739, "a": 98678230.80311663, "aRp": 15.425293929003749, "e": 0.0, "inc": -0.13728387405675968, "pomega": 5.348153830323579, "f": 5.717013693841372, "P": 308382.36498400336, "RHill": 5062272.1168766385, "spacing": "logarithmic", "period_ratio": 4.5}}