{"Planet": {"m": 2.073688972307956e+25, "Rp": 9840676.5, "Rstar": 480032999.99999994, "RpRstar": 0.0205, "rhostar": 3304.4162099570945, "impact": 0.37268357688616394, "q1": 0.40411449000000005, "q2": 0.2892873997168476, "a": 32177445760.244373, "Pp": 41.52306045128117, "rhoplan": 5194.935304191342, "aRp": null, "e": null, "inc": null, "pomega": null, "f": null, "P": 3587592.422990693, "RHill": 531814461.5699996}, "I": {"m": 4.169706143743425e+22, "r": 1626190.581263539, "msmp": 0.0020107673809455925, "rsrp": 0.16525190938484147, "a": 45545984.14378066, "aRp": 4.628338726893488, "e": 0.0, "inc": 0.015063697814492516, "pomega": 4.250371578934166, "f": 4.421919692631538, "P": 51861.38839364229, "RHill": 3985935.648054337, "spacing": "linear", "period_ratio": NaN}, "II": {"m": 3.295412920055288e+22, "r": 1493807.5144913115, "msmp": 0.0015891548655860327, "rsrp": 0.15179927055739628, "a": 115226674.20419845, "aRp": 11.709222857208896, "e": 0.0, "inc": 0.015063697814492516, "pomega": 5.189801725372158, "f": 2.2835378944185036, "P": 208732.43105408116, "RHill": 9323264.731458236, "spacing": "linear", "period_ratio": 4.0248137876630725}, "III": {"m": 1.9503464220735375e+22, "r": 1303716.9315769589, "msmp": 0.0009405202265713253, "rsrp": 0.1324824499186574, "a": 252878983.82613313, "aRp": 25.697317031622077, "e": 0.0, "inc": 0.015063697814492516, "pomega": 5.70256092235771, "f": 1.6677241529407563, "P": 678844.2887612816, "RHill": 17178887.384131033, "spacing": "linear", "period_ratio": 3.2522224042194847}}