{"Planet": {"m": 1.0241421364439202e+26, "Rp": 27626247.0, "Rstar": 528732000.0, "RpRstar": 0.05225, "rhostar": 2633.4456916372897, "impact": 0.4134451463957568, "q1": 0.39050001, "q2": 0.361577852456393, "a": 111196167032.73775, "Pp": 258.4785266938234, "rhoplan": 1159.5939856778614, "aRp": null, "e": null, "inc": null, "pomega": null, "f": null, "P": 22332544.706346344, "RHill": 3064758251.458595}, "I": {"m": 5.576903407970258e+22, "r": 1627071.1766966302, "msmp": 0.0005445438879543295, "rsrp": 0.05889584555935629, "a": 58328302.14843276, "aRp": 2.111336445679095, "e": 0.0, "inc": 0.029935390210723833, "pomega": 1.362959189046157, "f": 4.300642088442554, "P": 33845.246193043386, "RHill": 3302553.633595044, "spacing": "linear", "period_ratio": NaN}, "II": {"m": 5.084823695502297e+22, "r": 1615411.7049160383, "msmp": 0.0004964958978407126, "rsrp": 0.05847380228360509, "a": 146975758.60542774, "aRp": 5.320149298796458, "e": 0.0, "inc": 0.029935390210723833, "pomega": 4.550737873246781, "f": 0.6214691737974408, "P": 135380.98477217354, "RHill": 8069448.367161875, "spacing": "linear", "period_ratio": 4.0}, "III": {"m": 3.362544701864419e+22, "r": 1706184.6321132905, "msmp": 0.00032832793244305154, "rsrp": 0.06175955178107582, "a": 305704767.85745096, "aRp": 11.06573643019448, "e": 0.0, "inc": 0.029935390210723833, "pomega": 3.234278905495883, "f": 1.9693472099910816, "P": 406142.9543165206, "RHill": 14622817.883041728, "spacing": "linear", "period_ratio": 3.0}, "IV": {"m": 1.3122125665812374e+22, "r": 1146284.1544801993, "msmp": 0.00012812797363631286, "rsrp": 0.041492576044809826, "a": 795742884.3587866, "aRp": 28.803872069875673, "e": 0.0, "inc": 0.029935390210723833, "pomega": 0.096770730803646, "f": 1.4276824700382058, "P": 1705800.4081293866, "RHill": 27815081.159430757, "spacing": "linear", "period_ratio": 4.2}, "V": {"m": 4.838783839268313e+22, "r": 1656083.606458789, "msmp": 0.0004724719027839037, "rsrp": 0.059946021855910754, "a": 1042837813.5845989, "aRp": 37.74808114850341, "e": 0.0, "inc": 0.029935390210723833, "pomega": 5.9168389691372125, "f": 1.9925973206387109, "P": 2558700.61219408, "RHill": 56316416.79055912, "spacing": "linear", "period_ratio": 1.5}}