{"Planet": {"m": 3.272802470448566e+25, "Rp": 14122014.3, "Rstar": 737442000.0, "RpRstar": 0.01915, "rhostar": 1242.8622415844136, "impact": 0.35698821602239283, "q1": 0.37234403999999993, "q2": 0.25901343821697803, "a": 171997532715.7773, "Pp": 439.4359475734758, "rhoplan": 2774.222209526691, "aRp": null, "e": null, "inc": null, "pomega": null, "f": null, "P": 37967265.87034831, "RHill": 2984626521.1334295}, "I": {"m": 3.2860280191321146e+22, "r": 1645348.9739816887, "msmp": 0.001004041047024062, "rsrp": 0.11650951054352697, "a": 47189285.3860852, "aRp": 3.3415406884331786, "e": 0.0, "inc": -0.13260592386639586, "pomega": 3.5503547340298693, "f": 5.228132988872304, "P": 43557.63536357353, "RHill": 3276323.712279409, "spacing": "logarithmic", "period_ratio": NaN}, "II": {"m": 1.0051379823227649e+22, "r": 1089715.3806799953, "msmp": 0.00030711843791324256, "rsrp": 0.07716430231061268, "a": 93723377.55050603, "aRp": 6.63668620916961, "e": 0.0, "inc": -0.13260592386639586, "pomega": 2.6385733678214907, "f": 5.094916138675076, "P": 121961.37901800587, "RHill": 4384393.005295435, "spacing": "logarithmic", "period_ratio": 2.8}, "III": {"m": 4.6390983799512215e+21, "r": 839431.4133427335, "msmp": 0.00014174697134457345, "rsrp": 0.05944133715703244, "a": 255445940.68019015, "aRp": 18.08849185772246, "e": 0.0, "inc": -0.13260592386639586, "pomega": 3.5761183701529182, "f": 4.529372906705716, "P": 548826.2055810264, "RHill": 9234850.095599316, "spacing": "logarithmic", "period_ratio": 4.5}, "IV": {"m": 3.324687172298373e+22, "r": 1449137.2812456004, "msmp": 0.001015853294636109, "rsrp": 0.10261548037418432, "a": 531503720.3544455, "aRp": 37.636537470043876, "e": 0.0, "inc": -0.13260592386639586, "pomega": 0.3273866931733738, "f": 0.6013609699940858, "P": 1646478.6167430792, "RHill": 37046133.58053757, "spacing": "logarithmic", "period_ratio": 3.0}}