{"Planet": {"m": 3.2056181347032347e+25, "Rp": 13268112.12, "Rstar": 960065999.9999999, "RpRstar": 0.01382, "rhostar": 573.9813871191707, "impact": 0.0441595352044043, "q1": 0.26163225000000007, "q2": 0.21691104594330396, "a": 22735443693.979378, "Pp": 20.920415196184297, "rhoplan": 3276.3914098339205, "aRp": null, "e": null, "inc": null, "pomega": null, "f": null, "P": 1807523.8729503234, "RHill": 389347193.5591332}, "I": {"m": 7.743166544989989e+22, "r": 1787004.3943892112, "msmp": 0.0024154987336652387, "rsrp": 0.13468414935200376, "a": 64374255.74179535, "aRp": 4.851802212671938, "e": 0.0, "inc": -0.16975024478092662, "pomega": 0.010054101901677506, "f": 4.394270912401925, "P": 70075.39564824074, "RHill": 5988812.838958682, "spacing": "logarithmic", "period_ratio": NaN}, "II": {"m": 9.884893461689346e+22, "r": 2091705.3923491437, "msmp": 0.0030836154046790278, "rsrp": 0.15764905914505822, "a": 146646940.2406654, "aRp": 11.052585244558923, "e": 0.0, "inc": -0.16975024478092662, "pomega": 4.995003501027156, "f": 3.096663385716672, "P": 240858.54249773707, "RHill": 14799691.294105612, "spacing": "logarithmic", "period_ratio": 3.437134250469036}}