{"Planet": {"m": 3.1083809606265195e+24, "Rp": 5266588.140000001, "Rstar": 431334000.0, "RpRstar": 0.012210000000000002, "rhostar": 3549.175483302488, "impact": 0.4174487189848133, "q1": 0.39050001, "q2": 0.361577852456393, "a": 21087649264.15243, "Pp": 24.95608018768774, "rhoplan": 5079.928041838747, "aRp": null, "e": null, "inc": null, "pomega": null, "f": null, "P": 2156205.3282162207, "RHill": 201193267.80949962}, "I": {"m": 5.917877925314988e+21, "r": 863618.5411558675, "msmp": 0.0019038457641698434, "rsrp": 0.16398064898917034, "a": 22847698.39579156, "aRp": 4.3382352651163565, "e": 0.0, "inc": -0.12105068869467622, "pomega": 4.069397744703971, "f": 4.516176897959765, "P": 47594.9144341968, "RHill": 1963417.358635407, "spacing": "logarithmic", "period_ratio": NaN}, "II": {"m": 5.762144295701434e+21, "r": 933347.3325489254, "msmp": 0.0018537445598495838, "rsrp": 0.1772204903322714, "a": 34336130.90621344, "aRp": 6.5196157347920956, "e": 0.0, "inc": -0.12105068869467622, "pomega": 3.100433673929801, "f": 3.140650081536511, "P": 87686.90825929503, "RHill": 2924562.4594875453, "spacing": "logarithmic", "period_ratio": 1.842358775127711}, "III": {"m": 9.34401777681314e+20, "r": 595458.5168719095, "msmp": 0.00030060722592155424, "rsrp": 0.11306342949990189, "a": 58144063.75617039, "aRp": 11.0401767160343, "e": 0.0, "inc": -0.12105068869467622, "pomega": 0.8018146266587811, "f": 2.632917935501797, "P": 193376.05361811336, "RHill": 2700628.017337215, "spacing": "logarithmic", "period_ratio": 2.205301309589907}, "IV": {"m": 7.786681480677619e+20, "r": 579122.9517279755, "msmp": 0.0002505060216012953, "rsrp": 0.10996169366833676, "a": 96684758.83686298, "aRp": 18.358139324117143, "e": 0.0, "inc": -0.12105068869467622, "pomega": 5.154612368716286, "f": 1.1423973285781066, "P": 414660.3634464851, "RHill": 4225943.211245438, "spacing": "logarithmic", "period_ratio": 2.1443211591512394}}