{"Planet": {"m": 2.6597432428946497e+25, "Rp": 11708631.0, "Rstar": 688743000.0, "RpRstar": 0.017, "rhostar": 1365.7573952452533, "impact": 0.44908690342564683, "q1": 0.37871715999999994, "q2": 0.34367890802729933, "a": 173068401484.8116, "Pp": 468.7809617583925, "rhoplan": 3955.785615813605, "aRp": null, "e": null, "inc": null, "pomega": null, "f": null, "P": 40502675.095925115, "RHill": 2907899197.462388}, "I": {"m": 4.277691622207701e+22, "r": 1811652.385669715, "msmp": 0.0016083099876784373, "rsrp": 0.15472794263220996, "a": 62490657.002988964, "aRp": 5.337144624592659, "e": 0.0, "inc": 0.09867332994823427, "pomega": 2.346376031303988, "f": 3.681686440120532, "P": 73608.98443611001, "RHill": 5076502.356349316, "spacing": "logarithmic", "period_ratio": NaN}, "II": {"m": 6.002567276323707e+22, "r": 1496991.9953397429, "msmp": 0.002256822079484258, "rsrp": 0.1278537170861173, "a": 141327953.23563176, "aRp": 12.070407995232898, "e": 0.0, "inc": 0.09867332994823427, "pomega": 2.2885649453693424, "f": 0.874706865445943, "P": 250270.54708277402, "RHill": 12853461.227428662, "spacing": "logarithmic", "period_ratio": 3.4}, "III": {"m": 1.6558806279513684e+22, "r": 1109510.5600338103, "msmp": 0.0006225716081335888, "rsrp": 0.09476005862972454, "a": 385005413.98882115, "aRp": 32.882188702404335, "e": 0.0, "inc": 0.09867332994823427, "pomega": 0.7553144053635227, "f": 3.6716323382188545, "P": 1126217.4618724831, "RHill": 22794121.320848275, "spacing": "logarithmic", "period_ratio": 4.5}, "IV": {"m": 4.8296518315248196e+22, "r": 1811841.4501596747, "msmp": 0.0018158338570562987, "rsrp": 0.15474409007847925, "a": 970538339.789838, "aRp": 82.89084691368598, "e": 0.0, "inc": 0.09867332994823427, "pomega": 2.6065259180098934, "f": 0.6510030981336186, "P": 4504869.847489933, "RHill": 82097698.26650283, "spacing": "logarithmic", "period_ratio": 4.0}, "V": {"m": 5.933572250159061e+22, "r": 1927746.6636592124, "msmp": 0.0022308815958120226, "rsrp": 0.16464321607361376, "a": 2645743077.269075, "aRp": 225.96519416053636, "e": 0.0, "inc": 0.09867332994823427, "pomega": 1.3623308076773022, "f": 6.259306815163103, "P": 20271914.313704696, "RHill": 239698927.27217948, "spacing": "logarithmic", "period_ratio": 4.5}}