{"Planet": {"m": 3.410552186124593e+26, "Rp": 50279630.4, "Rstar": 556560000.0, "RpRstar": 0.09034, "rhostar": 2312.9200242545344, "impact": 0.12879921567748398, "q1": 0.39904488999999993, "q2": 0.24908975779642237, "a": 33460156493.51968, "Pp": 42.15200938929, "rhoplan": 640.5600659190536, "aRp": null, "e": null, "inc": null, "pomega": null, "f": null, "P": 3641933.611234656, "RHill": 1366157331.7488828}, "I": {"m": 2.6148859086450918e+23, "r": 2848119.3379936684, "msmp": 0.0007667045586586916, "rsrp": 0.05664559017907316, "a": 116945266.05579625, "aRp": 2.3258974882161474, "e": 0.0, "inc": -0.12139978945515113, "pomega": 2.4092141681894725, "f": 0.4411237209361006, "P": 52646.82708977088, "RHill": 7421384.106853635, "spacing": "linear", "period_ratio": NaN}, "II": {"m": 4.9846262633547085e+23, "r": 3390564.2936248276, "msmp": 0.0014615305649431315, "rsrp": 0.0674341530884608, "a": 294751787.99015003, "aRp": 5.8622504908100925, "e": 0.0, "inc": -0.12139978945515113, "pomega": 4.434487320008635, "f": 4.041748964474357, "P": 210587.30835908352, "RHill": 23192736.688716643, "spacing": "linear", "period_ratio": 4.0}, "III": {"m": 6.537214771612734e+23, "r": 3791874.9077493385, "msmp": 0.0019167613966467303, "rsrp": 0.07541572755374389, "a": 700976069.8835425, "aRp": 13.941551763744519, "e": 0.0, "inc": -0.12139978945515113, "pomega": 0.1237911296644043, "f": 4.856759599879091, "P": 772153.4639833062, "RHill": 60374302.34483283, "spacing": "linear", "period_ratio": 3.6666666666666665}}