{"Planet": {"m": 3.139812964064963e+25, "Rp": 13034426.49, "Rstar": 744399000.0, "RpRstar": 0.01751, "rhostar": 1231.3562968883969, "impact": 0.2722475519248939, "q1": 0.37871715999999994, "q2": 0.34367890802729933, "a": 17525903428.75627, "Pp": 14.159106127598715, "rhoplan": 3384.849688063771, "aRp": null, "e": null, "inc": null, "pomega": null, "f": null, "P": 1223346.769424529, "RHill": 298065258.799603}, "I": {"m": 2.790818223835571e+23, "r": 2584458.740439002, "msmp": 0.008888485574702624, "rsrp": 0.19827943656913452, "a": 61980943.38869792, "aRp": 4.7551722690867635, "e": 0.0, "inc": -0.09727692690633462, "pomega": 6.011096174465439, "f": 5.638466022734517, "P": 66679.2656043826, "RHill": 8902124.9948461, "spacing": "logarithmic", "period_ratio": NaN}}