{"Planet": {"m": 2.8305037738601235e+25, "Rp": 12347283.6, "Rstar": 709614000.0, "RpRstar": 0.0174, "rhostar": 1235.4743241720746, "impact": 0.26473271276402777, "q1": 0.25, "q2": 0.2, "a": 96206008050.65685, "Pp": 195.32993368664776, "rhoplan": 3589.7223477880207, "aRp": null, "e": null, "inc": null, "pomega": null, "f": null, "P": 16876506.27052637, "RHill": 1656227797.433773}, "I": {"m": 2.867311145503547e+22, "r": 1333387.476804882, "msmp": 0.0010130038235537228, "rsrp": 0.10799034994262885, "a": 36534347.78615233, "aRp": 2.9588975980232877, "e": 0.0, "inc": 0.07828584553649934, "pomega": 5.928778215145455, "f": 2.7347157172562815, "P": 31906.364022877347, "RHill": 2544083.1525494587, "spacing": "logarithmic", "period_ratio": NaN}, "II": {"m": 3.282863485431597e+22, "r": 1548766.7489146057, "msmp": 0.001159815971894842, "rsrp": 0.1254338038299052, "a": 95109109.5814168, "aRp": 7.702836726080934, "e": 0.0, "inc": 0.07828584553649934, "pomega": 1.8537250381217902, "f": 5.648520124636194, "P": 134006.72889608485, "RHill": 6928587.8185662655, "spacing": "logarithmic", "period_ratio": 4.2}, "III": {"m": 1.3713227217625659e+22, "r": 1043275.7399963319, "msmp": 0.00048448008952569347, "rsrp": 0.08449435307344297, "a": 219197936.170225, "aRp": 17.752725479653275, "e": 0.0, "inc": 0.07828584553649934, "pomega": 4.058715261433439, "f": 0.4964212813953269, "P": 469023.551136297, "RHill": 11936802.833696125, "spacing": "logarithmic", "period_ratio": 3.5}}