{"Planet": {"m": 1.3699179904698156e+24, "Rp": 4272989.4, "Rstar": 257409000.0, "RpRstar": 0.0166, "rhostar": 11411.16474771653, "impact": 0.2966695889769896, "q1": 0.11235904, "q2": 0.15244630071599044, "a": 39360601823.15383, "Pp": 76.98579712094006, "rhoplan": 4191.896135437485, "aRp": null, "e": null, "inc": null, "pomega": null, "f": null, "P": 6651572.871249221, "RHill": 324456325.86063766}, "I": {"m": 1.2617258626672176e+22, "r": 1312116.1077200952, "msmp": 0.00921022916294797, "rsrp": 0.30707216538381654, "a": 111567862.76855704, "aRp": 26.11002563417476, "e": 0.0, "inc": -0.03792979762559934, "pomega": 5.512161367594693, "f": 0.5309822566823433, "P": 770810.408763058, "RHill": 16215194.939838747, "spacing": "linear", "period_ratio": NaN}}