{"Planet": {"m": 4.7491894460351554e+29, "Rp": 187493376.24, "Rstar": 4508136000.0, "RpRstar": 0.04159, "rhostar": 7.9271614640317045, "impact": 0.4672140785463109, "q1": 0.37112463999999995, "q2": 0.2852921864740644, "a": 131455685198.37286, "Pp": 226.22190389053864, "rhoplan": 17201.76839155933, "aRp": null, "e": null, "inc": null, "pomega": null, "f": null, "P": 19545572.49614254, "RHill": 49077188205.27201}, "I": {"m": 1.1793514189749115e+27, "r": 81634209.75912973, "msmp": 0.0024832688448751796, "rsrp": 0.43539783322603487, "a": 2720010953.2815676, "aRp": 14.507237577288226, "e": 0.0, "inc": 0.16266349934328592, "pomega": 2.0127055244420657, "f": 5.436755603332111, "P": 158119.22328658245, "RHill": 255390544.85029867, "spacing": "logarithmic", "period_ratio": NaN}, "II": {"m": 1.4557619077971563e+27, "r": 112987239.12079571, "msmp": 0.0030652849803927996, "rsrp": 0.6026198972286196, "a": 7757403406.819382, "aRp": 41.374279787300615, "e": 0.0, "inc": 0.16266349934328592, "pomega": 5.994758258875213, "f": 2.697012835124991, "P": 761337.5045467553, "RHill": 781327141.0897337, "spacing": "logarithmic", "period_ratio": 4.814958540283699}, "III": {"m": 1.1793514189749115e+27, "r": 87682944.4007983, "msmp": 0.0024832688448751796, "rsrp": 0.4676588909922885, "a": 21563636572.56251, "aRp": 115.01012465080409, "e": 0.0, "inc": 0.16266349934328592, "pomega": 0.4593467806328911, "f": 2.0309285841388562, "P": 3529487.9099395983, "RHill": 2024678939.8316379, "spacing": "logarithmic", "period_ratio": 4.635904429850461}}