{"Planet": {"m": 1.3979136798646146e+26, "Rp": 33597857.52, "Rstar": 473076000.00000006, "RpRstar": 0.07102, "rhostar": 3362.682132323185, "impact": 0.1950167245793918, "q1": 0.40411449000000005, "q2": 0.2892873997168476, "a": 138626775463.39175, "Pp": 376.20971424442575, "rhoplan": 879.9479695015829, "aRp": null, "e": null, "inc": null, "pomega": null, "f": null, "P": 32504519.310718384, "RHill": 4366275116.576279}, "I": {"m": 2.367392116749218e+22, "r": 1289848.3251302494, "msmp": 0.00016935180983267118, "rsrp": 0.038390790971193134, "a": 115881101.72352633, "aRp": 3.449062240190318, "e": 0.0, "inc": -0.033216937359188015, "pomega": 2.274112173885681, "f": 0.8414026528966363, "P": 81137.00661402768, "RHill": 4445310.943865391, "spacing": "logarithmic", "period_ratio": NaN}, "II": {"m": 2.970845009253921e+22, "r": 1195668.2577520052, "msmp": 0.0002125199182213913, "rsrp": 0.03558763403411222, "a": 215476974.15288156, "aRp": 6.413414129892457, "e": 0.0, "inc": -0.033216937359188015, "pomega": 4.4451698032791676, "f": 1.5521019810714651, "P": 205727.32936046555, "RHill": 8915800.253062136, "spacing": "logarithmic", "period_ratio": 2.535554834295521}, "III": {"m": 1.4390030513573686e+22, "r": 1032873.9646517669, "msmp": 0.00010293933538848646, "rsrp": 0.030742256825064564, "a": 362454503.33448446, "aRp": 10.78802429942814, "e": 0.0, "inc": -0.033216937359188015, "pomega": 6.254908145581118, "f": 2.402930354500924, "P": 448843.27991025127, "RHill": 11778053.83669257, "spacing": "logarithmic", "period_ratio": 2.1817387184558723}, "IV": {"m": 1.4390030513573686e+22, "r": 1129063.6253730091, "msmp": 0.00010293933538848646, "rsrp": 0.03360522690177207, "a": 505716268.741107, "aRp": 15.052039209347386, "e": 0.0, "inc": -0.033216937359188015, "pomega": 4.268594638630956, "f": 0.7370913456667322, "P": 739732.7809730893, "RHill": 16433382.35427395, "spacing": "logarithmic", "period_ratio": 1.6480870140709314}, "V": {"m": 1.7175197709749226e+22, "r": 1284036.2186313528, "msmp": 0.00012286307772174182, "rsrp": 0.03821780058049822, "a": 1828077209.6621416, "aRp": 54.41052925990685, "e": 0.0, "inc": -0.033216937359188015, "pomega": 6.163792847097167, "f": 5.782993737571131, "P": 5083957.987069457, "RHill": 63012674.466521785, "spacing": "logarithmic", "period_ratio": 6.872695272989945}}