{"Planet": {"m": 3.4114248629341594e+25, "Rp": 14087925.0, "Rstar": 626130000.0, "RpRstar": 0.0225, "rhostar": 1875.8387237013715, "impact": 0.41707386655021583, "q1": 0.39904488999999993, "q2": 0.24908975779642237, "a": 23111473007.556458, "Pp": 22.51967093511869, "rhoplan": 2912.7694323190512, "aRp": null, "e": null, "inc": null, "pomega": null, "f": null, "P": 1945699.5687942547, "RHill": 417516134.5452271}, "I": {"m": 4.90598862976319e+22, "r": 1428700.3159299449, "msmp": 0.0014381054330311587, "rsrp": 0.1014131120040705, "a": 39099576.22821526, "aRp": 2.7753963928836405, "e": 0.0, "inc": 0.05985332538342389, "pomega": 5.949514800317664, "f": 3.46740839334103, "P": 32170.300727455615, "RHill": 3060050.1299646343, "spacing": "logarithmic", "period_ratio": NaN}, "II": {"m": 9.434593518775366e+22, "r": 1529478.9161488588, "msmp": 0.0027655873712137667, "rsrp": 0.10856665663317053, "a": 77708616.01945943, "aRp": 5.515973148597784, "e": 0.0, "inc": 0.05985332538342389, "pomega": 0.19982527529584043, "f": 6.029319234162229, "P": 90076.84203687572, "RHill": 7562949.79062658, "spacing": "logarithmic", "period_ratio": 2.8}}