{"Planet": {"m": 1.3421395435284897e+23, "Rp": 2228187.96, "Rstar": 236538000.00000003, "RpRstar": 0.009419999999999998, "rhostar": 17216.932517494708, "impact": 0.3332200588360611, "q1": 0.37112463999999995, "q2": 0.2178266579120158, "a": 32322165631.60409, "Pp": 52.9468755211586, "rhoplan": 2896.367017640283, "aRp": null, "e": null, "inc": null, "pomega": null, "f": null, "P": 4574610.0450281035, "RHill": 116540499.36744446}, "I": {"m": 3.3153973467642194e+20, "r": 761127.3607037957, "msmp": 0.0024702329670192326, "rsrp": 0.3415902851857236, "a": 22764775.961750176, "aRp": 10.216721555999332, "e": 0.0, "inc": -0.07908877728559163, "pomega": 5.714500168365952, "f": 5.539810147824306, "P": 227739.0467382546, "RHill": 2133711.0195668903, "spacing": "linear", "period_ratio": NaN}}