{"Planet": {"m": 2.499284467823272e+25, "Rp": 11037280.5, "Rstar": 660915000.0, "RpRstar": 0.0167, "rhostar": 1627.8548197281825, "impact": 0.4465766477991512, "q1": 0.37039396, "q2": 0.32024318107131117, "a": 17599018246.188446, "Pp": 14.812304009188573, "rhoplan": 4437.525293655051, "aRp": null, "e": null, "inc": null, "pomega": null, "f": null, "P": 1279783.0663938927, "RHill": 284668590.97570693}, "I": {"m": 3.235906173381701e+22, "r": 1527760.309929786, "msmp": 0.0012947330386124405, "rsrp": 0.13841818280597162, "a": 130231852.74258596, "aRp": 11.799270005196114, "e": 0.0, "inc": -0.08572169173461498, "pomega": 4.604150289599443, "f": 2.333808403926891, "P": 228488.330389401, "RHill": 9841702.0046671, "spacing": "logarithmic", "period_ratio": NaN}}