{"Planet": {"m": 4.1136762053388665e+23, "Rp": 3059688.6, "Rstar": 417420000.0, "RpRstar": 0.007330000000000001, "rhostar": 3981.322651979586, "impact": 0.417123590078067, "q1": 0.3701505600000001, "q2": 0.22016765285996057, "a": 94998644874.80576, "Pp": 236.65813249557036, "rhoplan": 3428.544654038041, "aRp": null, "e": null, "inc": null, "pomega": null, "f": null, "P": 20447262.64761728, "RHill": 459347945.6782195}, "I": {"m": 1.5540283811130487e+19, "r": 667153.1763994141, "msmp": 3.7777119625900034e-05, "rsrp": 0.21804610325358406, "a": 51234139.546347216, "aRp": 16.744886896773487, "e": 0.0, "inc": -0.06833647386296429, "pomega": 2.1968212655165353, "f": 0.742118396617571, "P": 439736.9111008263, "RHill": 1191960.8074698173, "spacing": "logarithmic", "period_ratio": NaN}, "II": {"m": 9.842179747049307e+19, "r": 673647.5441220821, "msmp": 0.0002392550909640335, "rsrp": 0.22016866164814355, "a": 80597704.28919451, "aRp": 26.34179971425671, "e": 0.0, "inc": -0.06833647386296429, "pomega": 3.8356398754899685, "f": 6.005440742145746, "P": 867549.0018094206, "RHill": 3469253.081321788, "spacing": "logarithmic", "period_ratio": 1.9728819207776314}, "III": {"m": 5.050592238617406e+19, "r": 626428.488353391, "msmp": 0.00012277563878417504, "rsrp": 0.20473602717393885, "a": 133377056.13302955, "aRp": 43.59170934356835, "e": 0.0, "inc": -0.06833647386296429, "pomega": 4.623630112033943, "f": 4.160513043187923, "P": 1846957.8601762813, "RHill": 4596332.556000616, "spacing": "logarithmic", "period_ratio": 2.128937796394368}, "IV": {"m": 6.734122984823212e+19, "r": 730484.8588250548, "msmp": 0.0001637008517122335, "rsrp": 0.2387448378979007, "a": 207908184.18716574, "aRp": 67.95076603127708, "e": 0.0, "inc": -0.06833647386296429, "pomega": 5.5171884185455315, "f": 3.3674957556931098, "P": 3594461.101022587, "RHill": 7885843.371022033, "spacing": "logarithmic", "period_ratio": 1.9461521989892703}}