{"Planet": {"m": 2.772398979089121e+25, "Rp": 11863076.399999999, "Rstar": 340893000.0, "RpRstar": 0.0348, "rhostar": 5991.46539412798, "impact": 0.45162377291131617, "q1": 0.15374241, "q2": 0.16284111196123438, "a": 184418872332.83798, "Pp": 707.0128296158322, "rhoplan": 3964.378744506601, "aRp": null, "e": null, "inc": null, "pomega": null, "f": null, "P": 61085908.4788079, "RHill": 3877557223.844838}, "I": {"m": 2.7851897545564923e+22, "r": 1385627.8937030549, "msmp": 0.0010046136128183014, "rsrp": 0.11680173396700497, "a": 48806360.277474254, "aRp": 4.114140264448964, "e": 0.0, "inc": -0.021731522339563353, "pomega": 3.471178681554159, "f": 4.343372021524683, "P": 49778.95026772619, "RHill": 3389240.2558179023, "spacing": "logarithmic", "period_ratio": NaN}, "II": {"m": 6.329976714901118e+21, "r": 983639.6999069507, "msmp": 0.00022832127564052302, "rsrp": 0.0829160722514567, "a": 136260077.46425998, "aRp": 11.486065913244898, "e": 0.0, "inc": -0.021731522339563353, "pomega": 2.9043786868470898, "f": 4.118411491474649, "P": 232301.76791605557, "RHill": 5774446.216520085, "spacing": "logarithmic", "period_ratio": 4.666666666666667}}