{"Planet": {"m": 7.052241916872284e+24, "Rp": 6634751.76, "Rstar": 633087000.0, "RpRstar": 0.01048, "rhostar": 1739.843009624838, "impact": 0.44105209018160885, "q1": 0.37871715999999994, "q2": 0.34367890802729933, "a": 151638464461.13242, "Pp": 386.5289913426947, "rhoplan": 5764.538677319832, "aRp": null, "e": null, "inc": null, "pomega": null, "f": null, "P": 33396104.852008823, "RHill": 1642662743.963856}, "I": {"m": 1.616531774472551e+22, "r": 1141898.0061492946, "msmp": 0.0022922239388938797, "rsrp": 0.17210862553044404, "a": 98987691.57338446, "aRp": 14.919577273435843, "e": 0.0, "inc": 0.004485944772102651, "pomega": 5.751574669128388, "f": 0.1922846988695823, "P": 284897.0943294005, "RHill": 9049539.072503302, "spacing": "linear", "period_ratio": NaN}, "II": {"m": 1.81859824628162e+22, "r": 1186005.8485858764, "msmp": 0.0025787519312556145, "rsrp": 0.17875662745004892, "a": 446916713.5115001, "aRp": 67.35997512460061, "e": 0.0, "inc": 0.004485944772102651, "pomega": 4.056201735958019, "f": 4.861786650829929, "P": 2732713.1850780956, "RHill": 42493519.25708047, "spacing": "linear", "period_ratio": 9.591930698733307}, "III": {"m": 1.5267244536685199e+22, "r": 1171925.2303800823, "msmp": 0.0021648781645108857, "rsrp": 0.17663437499582987, "a": 764112462.3834083, "aRp": 115.16820674288624, "e": 0.0, "inc": 0.004485944772102651, "pomega": 1.6306496521783205, "f": 4.746792860329492, "P": 6110542.10318618, "RHill": 68537461.98900212, "spacing": "linear", "period_ratio": 2.2360715118412813}}