{"Planet": {"m": 5.2735610556042505e+25, "Rp": 18305258.4, "Rstar": 994851000.0, "RpRstar": 0.0184, "rhostar": 506.2120484366879, "impact": 0.16532557047225327, "q1": 0.26163225000000007, "q2": 0.21691104594330396, "a": 158852054669.69318, "Pp": 390.0312720647943, "rhoplan": 2052.5217962491447, "aRp": null, "e": null, "inc": null, "pomega": null, "f": null, "P": 33698701.90639823, "RHill": 3231632804.453312}, "I": {"m": 5.62728615174259e+22, "r": 2049703.1947636558, "msmp": 0.0010670751874129595, "rsrp": 0.11197346412567746, "a": 146966427.58164647, "aRp": 8.028645341692991, "e": 0.0, "inc": -0.1154301664510301, "pomega": 3.119913496364301, "f": 1.726163620244257, "P": 188590.85731794723, "RHill": 10413004.590096613, "spacing": "linear", "period_ratio": NaN}, "II": {"m": 3.86452181505214e+22, "r": 1462595.8207288024, "msmp": 0.0007328106708739602, "rsrp": 0.07990030999665115, "a": 213400364.62887746, "aRp": 11.657872288155051, "e": 0.0, "inc": -0.1154301664510301, "pomega": 3.0030345617573, "f": 5.196085539060706, "P": 330034.00030640763, "RHill": 13339882.384102035, "spacing": "linear", "period_ratio": 1.75}, "III": {"m": 2.7797437617041706e+22, "r": 1424735.7187661843, "msmp": 0.0005271094299268835, "rsrp": 0.07783204626962187, "a": 537698376.4430197, "aRp": 29.37398449633575, "e": 0.0, "inc": -0.1154301664510301, "pomega": 2.9527640522489125, "f": 0.6484895726581992, "P": 1320136.0012256305, "RHill": 30116088.78611621, "spacing": "linear", "period_ratio": 4.0}, "IV": {"m": 4.610306726728868e+22, "r": 1445389.6065571378, "msmp": 0.0008742302740250751, "rsrp": 0.07896034980621404, "a": 795738939.7377445, "aRp": 43.47051116949786, "e": 0.0, "inc": -0.1154301664510301, "pomega": 5.413505492684482, "f": 3.5308749115953693, "P": 2376244.802206135, "RHill": 52756034.05488292, "spacing": "linear", "period_ratio": 1.8}, "V": {"m": 2.7119451333699257e+22, "r": 1443853.8583608908, "msmp": 0.0005142531023676919, "rsrp": 0.07887645324694738, "a": 1345861352.707611, "aRp": 73.52320974106605, "e": 0.0, "inc": -0.1154301664510301, "pomega": 4.5343999576565555, "f": 5.19922744590498, "P": 5227738.564853497, "RHill": 74762797.59414904, "spacing": "linear", "period_ratio": 2.2}}