{"Planet": {"m": 6.694519722404459e+25, "Rp": 20960049.600000005, "Rstar": 779184000.0000001, "RpRstar": 0.026900000000000004, "rhostar": 1093.7642416516733, "impact": 0.0530546717524063, "q1": 0.37234403999999993, "q2": 0.25901343821697803, "a": 103869210027.92613, "Pp": 202.40470130151047, "rhoplan": 1735.6170106260636, "aRp": null, "e": null, "inc": null, "pomega": null, "f": null, "P": 17487766.192450505, "RHill": 2259654718.0926423}, "I": {"m": 4.813515950624865e+22, "r": 1882403.3183485845, "msmp": 0.0007190233430063005, "rsrp": 0.08980910609813557, "a": 372084314.97508293, "aRp": 17.752072255357774, "e": 0.0, "inc": 0.1372140539046647, "pomega": 0.09614234943479115, "f": 6.153738745195489, "P": 674408.8495519472, "RHill": 23112589.61200233, "spacing": "linear", "period_ratio": NaN}, "II": {"m": 8.218197964481478e+21, "r": 810260.6538289344, "msmp": 0.00012276008295229523, "rsrp": 0.03865738246291813, "a": 793965883.1115148, "aRp": 37.87996203556286, "e": 0.0, "inc": 0.1372140539046647, "pomega": 6.001042072563761, "f": 1.8769751487694195, "P": 2102777.881349811, "RHill": 27359856.419063553, "spacing": "linear", "period_ratio": 3.11795713052523}}