{"Planet": {"m": 3.139812964064963e+25, "Rp": 12960751.86, "Rstar": 681786000.0, "RpRstar": 0.01901, "rhostar": 1378.0370406494353, "impact": 0.4038151295316236, "q1": 0.37871715999999994, "q2": 0.34367890802729933, "a": 43574407541.01944, "Pp": 59.8631967154494, "rhoplan": 3442.901368033928, "aRp": null, "e": null, "inc": null, "pomega": null, "f": null, "P": 5172180.196214828, "RHill": 779341409.9641285}, "I": {"m": 1.3729164055120334e+22, "r": 1081761.5182921393, "msmp": 0.00043726056972979223, "rsrp": 0.0834644108595826, "a": 62341070.66453854, "aRp": 4.809988752036685, "e": 0.0, "inc": 0.051160716447598564, "pomega": 2.4255520837796984, "f": 3.5252194792756755, "P": 67544.74606258598, "RHill": 3280806.453620525, "spacing": "linear", "period_ratio": NaN}, "II": {"m": 1.5512172373967142e+22, "r": 1368359.545348581, "msmp": 0.0004940476567076876, "rsrp": 0.10557717330980372, "a": 114835406.68402027, "aRp": 8.86024267144794, "e": 0.0, "inc": 0.051160716447598564, "pomega": 5.9344336474651485, "f": 1.1543365745863488, "P": 168861.86515646495, "RHill": 6294458.034868979, "spacing": "linear", "period_ratio": 2.5}, "III": {"m": 6.95373244350251e+21, "r": 949724.4465150224, "msmp": 0.00022146963921379096, "rsrp": 0.07327695621163004, "a": 324463194.9071381, "aRp": 25.0342880113699, "e": 0.0, "inc": 0.051160716447598564, "pomega": 4.391757386926506, "f": 5.438640747438676, "P": 802093.8594932085, "RHill": 13611200.186300442, "spacing": "linear", "period_ratio": 4.75}}