{"Planet": {"m": 9.42601665359871e+25, "Rp": 26039077.02, "Rstar": 737442000.0, "RpRstar": 0.03531, "rhostar": 1124.4944090525646, "impact": 0.4508284502442115, "q1": 0.25, "q2": 0.2, "a": 63200543996.252754, "Pp": 102.90083421710881, "rhoplan": 1274.5674841124542, "aRp": null, "e": null, "inc": null, "pomega": null, "f": null, "P": 8890632.076358201, "RHill": 1613293165.290033}, "I": {"m": 9.165329231384975e+22, "r": 1937214.025163359, "msmp": 0.0009723438402674359, "rsrp": 0.07439641672688439, "a": 235177714.75224096, "aRp": 9.03172238292496, "e": 0.0, "inc": -0.1739394539066256, "pomega": 2.1760846803443252, "f": 2.9081489750602185, "P": 285559.1725900908, "RHill": 16154581.195528107, "spacing": "linear", "period_ratio": NaN}, "II": {"m": 1.081809351901177e+23, "r": 2114532.1906928145, "msmp": 0.001147684532774678, "rsrp": 0.0812061114558205, "a": 489217922.15729034, "aRp": 18.787836518995416, "e": 0.0, "inc": -0.1739394539066256, "pomega": 3.7715449758667745, "f": 1.6520146187193852, "P": 856677.5177702723, "RHill": 35514261.1093378, "spacing": "linear", "period_ratio": 3.0}}