{"Planet": {"m": 3.555918727307215e+25, "Rp": 14566566.600000001, "Rstar": 264366000.0, "RpRstar": 0.0551, "rhostar": 10019.939704766275, "impact": 0.4590801868031035, "q1": 0.11235904, "q2": 0.15244630071599044, "a": 132136881496.99486, "Pp": 485.51665001148325, "rhoplan": 2746.5759984727733, "aRp": null, "e": null, "inc": null, "pomega": null, "f": null, "P": 41948638.56099215, "RHill": 3279271725.112528}, "I": {"m": 2.1117649307016005e+22, "r": 1335073.407695247, "msmp": 0.0005938732273278848, "rsrp": 0.09165326630197448, "a": 112782217.88055307, "aRp": 7.742539541236372, "e": 0.0, "inc": -0.07004706758929137, "pomega": 3.4818611648246915, "f": 2.281652750311939, "P": 154430.5150583325, "RHill": 6573017.596609816, "spacing": "logarithmic", "period_ratio": NaN}, "II": {"m": 7.47239898555951e+22, "r": 1818318.4266092665, "msmp": 0.0021013975736217465, "rsrp": 0.1248282094566654, "a": 209667565.6925313, "aRp": 14.393753274195118, "e": 0.0, "inc": -0.07004706758929137, "pomega": 1.790258519867451, "f": 3.4611245796524814, "P": 391148.9230444856, "RHill": 18620595.96833882, "spacing": "logarithmic", "period_ratio": 2.5328473643744456}, "III": {"m": 5.68552096727354e+22, "r": 2051838.1720389759, "msmp": 0.0015988894581904591, "rsrp": 0.14085942338937824, "a": 1527883086.1164975, "aRp": 104.88971959366852, "e": 0.0, "inc": -0.07004706758929137, "pomega": 2.7881281336089434, "f": 0.9243489935854757, "P": 7696430.6602021605, "RHill": 123876573.69550572, "spacing": "logarithmic", "period_ratio": 19.67647156049268}}