{"Planet": {"m": 1.4571235284701781e+26, "Rp": 34251815.519999996, "Rstar": 1085292000.0, "RpRstar": 0.03156, "rhostar": 531.0232463354283, "impact": 0.11604458988522526, "q1": 0.25877569000000006, "q2": 0.04885000982897582, "a": 17510732077.08701, "Pp": 12.231722434095365, "rhoplan": 865.6791803742387, "aRp": null, "e": null, "inc": null, "pomega": null, "f": null, "P": 1056820.8183058396, "RHill": 450971080.41011924}, "I": {"m": 4.838877784288507e+23, "r": 2866436.0914483126, "msmp": 0.003320842529643869, "rsrp": 0.08368712863627828, "a": 52547312.237008505, "aRp": 1.5341467726382438, "e": 0.0, "inc": 0.11553489667917258, "pomega": 1.2599046445539626, "f": 2.942709950347235, "P": 24228.95395226764, "RHill": 5435750.522184886, "spacing": "logarithmic", "period_ratio": NaN}, "II": {"m": 5.435451757693938e+23, "r": 2964459.2274935176, "msmp": 0.0037302614716547564, "rsrp": 0.08654896630990373, "a": 94299479.90278858, "aRp": 2.753123548961255, "e": 0.0, "inc": 0.11553489667917258, "pomega": 2.810121481518863, "f": 2.292963614951326, "P": 58235.023935006226, "RHill": 10140249.418441562, "spacing": "logarithmic", "period_ratio": 2.403530257630288}}