{"Planet": {"m": 7.05043788242228e+25, "Rp": 22146218.1, "Rstar": 563517000.0, "RpRstar": 0.0393, "rhostar": 2387.474511520137, "impact": 0.27414336767408165, "q1": 0.39904488999999993, "q2": 0.24908975779642237, "a": 109825023065.95134, "Pp": 242.17675408044582, "rhoplan": 1549.6326688884317, "aRp": null, "e": null, "inc": null, "pomega": null, "f": null, "P": 20924071.552550517, "RHill": 2591095629.916833}, "I": {"m": 2.4223128971102275e+22, "r": 1417987.6966968526, "msmp": 0.0003435691424428247, "rsrp": 0.0640284354779678, "a": 78693005.34927596, "aRp": 3.5533383169054926, "e": 0.0, "inc": 0.03258855599033317, "pomega": 1.911536124056436, "f": 5.333701058839917, "P": 63929.09647194, "RHill": 3821499.1184573, "spacing": "logarithmic", "period_ratio": NaN}, "II": {"m": 3.8064916954589314e+22, "r": 1655240.6726037175, "msmp": 0.0005398943666958678, "rsrp": 0.07474145992465041, "a": 113851131.22944547, "aRp": 5.140883681148496, "e": 0.0, "inc": 0.03258855599033317, "pomega": 3.97074186979376, "f": 5.030821239051882, "P": 111239.18069099505, "RHill": 6427861.796771838, "spacing": "logarithmic", "period_ratio": 1.7400399322055267}, "III": {"m": 7.612983390917863e+22, "r": 1884966.159742708, "msmp": 0.0010797887333917355, "rsrp": 0.08511458485738962, "a": 194813570.86562708, "aRp": 8.796697024564526, "e": 0.0, "inc": 0.03258855599033317, "pomega": 6.275644730753329, "f": 2.3840789134352787, "P": 248922.08206852546, "RHill": 13857717.996054616, "spacing": "logarithmic", "period_ratio": 2.2377194844682635}, "IV": {"m": 6.661360467053123e+22, "r": 1874130.5103655797, "msmp": 0.0009448151417177675, "rsrp": 0.08462530721512129, "a": 388647203.405748, "aRp": 17.54914548618791, "e": 0.0, "inc": 0.03258855599033317, "pomega": 3.6867134910713704, "f": 5.9074132486043895, "P": 701450.7995233298, "RHill": 26442189.318307552, "spacing": "logarithmic", "period_ratio": 2.817953287608402}, "V": {"m": 2.681846421800611e+22, "r": 1591918.5976993747, "msmp": 0.00038038012199027047, "rsrp": 0.07188218731122198, "a": 881765062.4109515, "aRp": 39.815604561889124, "e": 0.0, "inc": 0.03258855599033317, "pomega": 3.460496198283627, "f": 5.556148063414532, "P": 2397815.2007382833, "RHill": 44298097.35735203, "spacing": "logarithmic", "period_ratio": 3.418365482465365}}