{"Planet": {"m": 2.3485059574038207e+25, "Rp": 10919289.78, "Rstar": 702657000.0, "RpRstar": 0.015539999999999998, "rhostar": 1395.6847763844507, "impact": 0.05308043235112958, "q1": 0.25, "q2": 0.2, "a": 131530875102.68752, "Pp": 298.15992667199373, "rhoplan": 4306.454688855307, "aRp": null, "e": null, "inc": null, "pomega": null, "f": null, "P": 25761017.664460257, "RHill": 2063237167.6803906}, "I": {"m": 2.3801830289369117e+22, "r": 1300746.2821489691, "msmp": 0.0010134881801909963, "rsrp": 0.11912370752642204, "a": 57598847.591073155, "aRp": 5.274962818238638, "e": 0.0, "inc": -0.028992818157441563, "pomega": 4.222722798704552, "f": 3.3385902127257867, "P": 69339.69072821151, "RHill": 4011556.7355761966, "spacing": "logarithmic", "period_ratio": NaN}, "II": {"m": 3.3232744177609696e+22, "r": 1390954.8438419795, "msmp": 0.0014150589685685603, "rsrp": 0.12738510213271212, "a": 125094584.62861736, "aRp": 11.456293142594607, "e": 0.0, "inc": -0.028992818157441563, "pomega": 0.3035082011568897, "f": 3.705564932137016, "P": 221887.01033027685, "RHill": 9737697.308003759, "spacing": "logarithmic", "period_ratio": 3.2}, "III": {"m": 4.490911375352664e+21, "r": 946973.1914242178, "msmp": 0.00019122418494169744, "rsrp": 0.08672479717121473, "a": 245442601.72643688, "aRp": 22.477890656954145, "e": 0.0, "inc": -0.028992818157441563, "pomega": 1.1643906764880263, "f": 1.5828926681453523, "P": 610189.2784082614, "RHill": 9804462.741420139, "spacing": "logarithmic", "period_ratio": 2.75}, "IV": {"m": 2.290364801429858e+22, "r": 1304199.40236191, "msmp": 0.0009752433432026566, "rsrp": 0.11943994789392888, "a": 583773439.7144647, "aRp": 53.462583325127646, "e": 0.0, "inc": -0.028992818157441563, "pomega": 5.28343054933153, "f": 0.8847609673476206, "P": 2237360.6874969583, "RHill": 40139772.961877935, "spacing": "logarithmic", "period_ratio": 3.6666666666666665}, "V": {"m": 2.0658192326622244e+22, "r": 1273935.8668924929, "msmp": 0.0008796312507318078, "rsrp": 0.11666838160352339, "a": 1345682277.6236064, "aRp": 123.23899307887098, "e": 0.0, "inc": -0.028992818157441563, "pomega": 4.625515256140508, "f": 5.695020345931453, "P": 7830762.406239354, "RHill": 89399618.33146466, "spacing": "logarithmic", "period_ratio": 3.5}}