{"Planet": {"m": 1.4118400303317354e+28, "Rp": 62926065.00000001, "Rstar": 626130000.0, "RpRstar": 0.1005, "rhostar": 1856.5001801580584, "impact": 0.1476529148516531, "q1": 0.37871715999999994, "q2": 0.34367890802729933, "a": 121188032665.9427, "Pp": 270.8096539670997, "rhoplan": 13527.114261300068, "aRp": null, "e": null, "inc": null, "pomega": null, "f": null, "P": 23397954.102757413, "RHill": 16371511081.714767}, "I": {"m": 5.322869145799456e+25, "r": 11060315.74626425, "msmp": 0.003770164488499989, "rsrp": 0.17576684234528644, "a": 440112915.0843223, "aRp": 6.994127395131449, "e": 0.0, "inc": -0.17366017329824565, "pomega": 5.90489972312897, "f": 0.4681441197968589, "P": 59650.39021706196, "RHill": 47494551.87534752, "spacing": "logarithmic", "period_ratio": NaN}, "II": {"m": 1.6053097423839626e+25, "r": 14222470.401607994, "msmp": 0.0011370337346269805, "rsrp": 0.22601874758270665, "a": 804119554.812925, "aRp": 12.778799291087482, "e": 0.0, "inc": -0.17366017329824565, "pomega": 3.806105951153791, "f": 4.7059480713539275, "P": 147508.9707322105, "RHill": 58193077.07059683, "spacing": "logarithmic", "period_ratio": 2.4728919659274604}, "III": {"m": 1.1828598101776567e+25, "r": 11577223.809640719, "msmp": 0.0008378143307777752, "rsrp": 0.18398137257813146, "a": 1532294792.4098713, "aRp": 24.350716867642543, "e": 0.0, "inc": -0.17366017329824565, "pomega": 4.540683771345104, "f": 5.98910282655552, "P": 388075.20568056894, "RHill": 100157736.74440223, "spacing": "logarithmic", "period_ratio": 2.630858338677484}, "IV": {"m": 4.900419213593149e+25, "r": 26626286.610460356, "msmp": 0.003470945084650783, "rsrp": 0.42313605038643926, "a": 5911674586.728978, "aRp": 93.94635731201335, "e": 0.0, "inc": -0.17366017329824565, "pomega": 0.7245237182896352, "f": 1.4283108514070608, "P": 2936957.34839214, "RHill": 620610828.8798858, "spacing": "logarithmic", "period_ratio": 7.568010801518708}}