{"Planet": {"m": 1.0241421364439202e+26, "Rp": 27734219.639999997, "Rstar": 967022999.9999999, "RpRstar": 0.02868, "rhostar": 561.682208834929, "impact": 0.029874710838130425, "q1": 0.37871715999999994, "q2": 0.34367890802729933, "a": 158897136389.06393, "Pp": 386.5289913426947, "rhoplan": 1146.1033280384227, "aRp": null, "e": null, "inc": null, "pomega": null, "f": null, "P": 33396104.852008823, "RHill": 4007736573.5265646}, "I": {"m": 8.937124987403379e+22, "r": 2210468.5949677145, "msmp": 0.0008726449844584396, "rsrp": 0.07970184932766743, "a": 176162378.8633334, "aRp": 6.351805861134134, "e": 0.0, "inc": 0.15990560333553408, "pomega": 0.8275782627818298, "f": 4.505494414689233, "P": 177614.01380712955, "RHill": 11672179.212891161, "spacing": "logarithmic", "period_ratio": NaN}, "II": {"m": 8.937124987403379e+22, "r": 2409202.148313355, "msmp": 0.0008726449844584396, "rsrp": 0.08686749364451761, "a": 443901378.6589384, "aRp": 16.00554781857704, "e": 0.0, "inc": 0.15990560333553408, "pomega": 0.20233880077125982, "f": 4.412493972098716, "P": 710456.0552285182, "RHill": 29412048.57693386, "spacing": "logarithmic", "period_ratio": 4.0}, "III": {"m": 6.296610786579652e+22, "r": 1922560.108621033, "msmp": 0.0006148180572320823, "rsrp": 0.06932086547148414, "a": 762144891.0358182, "aRp": 27.480307754417794, "e": 0.0, "inc": 0.15990560333553408, "pomega": 0.7829631855931358, "f": 0.27397427682071207, "P": 1598526.124264166, "RHill": 44934439.54656765, "spacing": "logarithmic", "period_ratio": 2.25}}