{"Planet": {"m": 2.71548696392384e+25, "Rp": 11597179.860000001, "Rstar": 563517000.0, "RpRstar": 0.02058, "rhostar": 2254.837038657907, "impact": 0.019157098618346247, "q1": 0.39904488999999993, "q2": 0.24908975779642237, "a": 97508462210.91351, "Pp": 208.47828137029077, "rhoplan": 4156.252605985481, "aRp": null, "e": null, "inc": null, "pomega": null, "f": null, "P": 18012523.510393124, "RHill": 1705988834.596977}, "I": {"m": 3.446271339982363e+22, "r": 1520797.2695201137, "msmp": 0.0012691172470231822, "rsrp": 0.13113509386583866, "a": 79342335.61370972, "aRp": 6.8415197980476705, "e": 0.0, "inc": 0.07339843488985054, "pomega": 4.991233212814027, "f": 0.31104877758314786, "P": 104240.19278819214, "RHill": 5956143.38975409, "spacing": "linear", "period_ratio": NaN}, "II": {"m": 9.764435463283366e+22, "r": 1923485.4736059997, "msmp": 0.0035958321998990177, "rsrp": 0.16585803590408396, "a": 556639369.4360259, "aRp": 47.9978215528017, "e": 0.0, "inc": 0.07339843488985054, "pomega": 5.956426995375067, "f": 1.427054088669351, "P": 1934793.4123472706, "RHill": 59128923.67000223, "spacing": "linear", "period_ratio": 18.56091552208291}}