{"Planet": {"m": 1.9894251417497542e+25, "Rp": 9792673.200000001, "Rstar": 626130000.0, "RpRstar": 0.01564, "rhostar": 1798.484549528119, "impact": 0.44380212744366754, "q1": 0.37871715999999994, "q2": 0.34367890802729933, "a": 85361157842.57788, "Pp": 163.25141128102186, "rhoplan": 5057.492044086775, "aRp": null, "e": null, "inc": null, "pomega": null, "f": null, "P": 14104921.934680289, "RHill": 1306570334.6191547}, "I": {"m": 5.96937089247325e+21, "r": 1044882.020702592, "msmp": 0.00030005506451089806, "rsrp": 0.10670038705086082, "a": 53615545.45814886, "aRp": 5.475067365481864, "e": 0.0, "inc": -0.026688753138307125, "pomega": 5.2444709044625295, "f": 5.258923675946191, "P": 67683.70938818474, "RHill": 2488765.422048016, "spacing": "linear", "period_ratio": NaN}, "II": {"m": 1.2857106537634687e+22, "r": 1003048.762226961, "msmp": 0.0006462724466388571, "rsrp": 0.10242849339922432, "a": 135118293.80911735, "aRp": 13.797896759091005, "e": 0.0, "inc": -0.026688753138307125, "pomega": 3.361840323373416, "f": 1.7934004267117252, "P": 270734.83755273896, "RHill": 8099886.77037341, "spacing": "linear", "period_ratio": 4.0}, "III": {"m": 1.4234653666666984e+22, "r": 1040380.3838288625, "msmp": 0.0007155159230644493, "rsrp": 0.106240692666928, "a": 281063859.94139856, "aRp": 28.701443844914433, "e": 0.0, "inc": -0.026688753138307125, "pomega": 5.559918351627661, "f": 4.573359602525556, "P": 812204.5126582169, "RHill": 17430279.679693922, "spacing": "linear", "period_ratio": 3.0}, "IV": {"m": 1.2857106537634687e+22, "r": 1161034.5431949291, "msmp": 0.0006462724466388571, "rsrp": 0.11856155305937596, "a": 708220211.400867, "aRp": 72.32143837914114, "e": 0.0, "inc": -0.026688753138307125, "pomega": 0.11310864639387194, "f": 3.1180283522577366, "P": 3248818.0506328675, "RHill": 42455417.09504521, "spacing": "linear", "period_ratio": 4.0}}