{"Planet": {"m": 7.05043788242228e+25, "Rp": 22500607.68, "Rstar": 667872000.0, "RpRstar": 0.03369, "rhostar": 1465.9711353024218, "impact": 0.032057946616820265, "q1": 0.25, "q2": 0.2, "a": 178265605288.9081, "Pp": 495.3468019913952, "rhoplan": 1477.5586855700308, "aRp": null, "e": null, "inc": null, "pomega": null, "f": null, "P": 42797963.692056544, "RHill": 4175110019.516082}, "I": {"m": 8.459720009811107e+22, "r": 2157229.291220575, "msmp": 0.00119988575899695, "rsrp": 0.09587426801535055, "a": 160363202.20352083, "aRp": 7.127060943605628, "e": 0.0, "inc": 0.11682656949292977, "pomega": 2.7598509720104754, "f": 1.4880070814482709, "P": 185894.11676753638, "RHill": 11815286.797287492, "spacing": "logarithmic", "period_ratio": NaN}, "II": {"m": 1.0920729467210702e+23, "r": 1970524.4532486375, "msmp": 0.0015489434343415175, "rsrp": 0.08757649932273463, "a": 333607663.2937867, "aRp": 14.826606820504624, "e": 0.0, "inc": 0.11682656949292977, "pomega": 5.971508148227584, "f": 3.5855440906857408, "P": 557682.3503026091, "RHill": 26763369.251303617, "spacing": "logarithmic", "period_ratio": 3.0}, "III": {"m": 1.0920729467210702e+23, "r": 2491850.7293113545, "msmp": 0.0015489434343415175, "rsrp": 0.11074593027664195, "a": 693931903.6635522, "aRp": 30.84058499808269, "e": 0.0, "inc": 0.11682656949292977, "pomega": 4.196330781212649, "f": 1.1757015411274134, "P": 1673047.0509078274, "RHill": 55670051.4300014, "spacing": "logarithmic", "period_ratio": 3.0}}