{"Planet": {"m": 4.111571834993245e+25, "Rp": 15887074.770000001, "Rstar": 925281000.0, "RpRstar": 0.01717, "rhostar": 731.0653473762341, "impact": 0.07827256560705997, "q1": 0.29822521, "q2": 0.23274125618018676, "a": 228229475220.7282, "Pp": 623.1381070100987, "rhoplan": 2447.8649543058846, "aRp": null, "e": null, "inc": null, "pomega": null, "f": null, "P": 53839132.44567253, "RHill": 4064857829.731541}, "I": {"m": 2.928703841351032e+22, "r": 1388435.715492073, "msmp": 0.0007123075940021474, "rsrp": 0.08739404425249475, "a": 94732951.74047273, "aRp": 5.962894561266846, "e": 0.0, "inc": 0.061668649337893455, "pomega": 2.3765383370090207, "f": 4.630542307091346, "P": 110552.87699426526, "RHill": 5866105.140407202, "spacing": "linear", "period_ratio": NaN}, "II": {"m": 3.2732572344511525e+22, "r": 1419017.62693713, "msmp": 0.0007961084874141644, "rsrp": 0.08931899972024428, "a": 182176496.86714, "aRp": 11.466962893077639, "e": 0.0, "inc": 0.061668649337893455, "pomega": 1.2787560856196079, "f": 1.5772372358256588, "P": 294807.67198470735, "RHill": 11706920.785453675, "spacing": "linear", "period_ratio": 2.6666666666666665}, "III": {"m": 4.077215151684769e+22, "r": 1678623.1056689445, "msmp": 0.0009916439053755382, "rsrp": 0.1056596717753689, "a": 443652594.60750115, "aRp": 27.92537965801373, "e": 0.0, "inc": 0.061668649337893455, "pomega": 5.391512144774563, "f": 3.4001715868735616, "P": 1120269.1535418879, "RHill": 30675232.034935545, "spacing": "linear", "period_ratio": 3.8}, "IV": {"m": 4.708896372368324e+22, "r": 1545073.5695643697, "msmp": 0.001145278876630903, "rsrp": 0.09725349643862535, "a": 1054984785.70106, "aRp": 66.4052256928517, "e": 0.0, "inc": 0.061668649337893455, "pomega": 4.9070301093874775, "f": 1.91467803090071, "P": 4107653.562986922, "RHill": 76531964.5916428, "spacing": "linear", "period_ratio": 3.6666666666666665}, "V": {"m": 2.2395970551507885e+22, "r": 1272418.0546438827, "msmp": 0.0005447058071781125, "rsrp": 0.08009139964813564, "a": 2194017890.5366855, "aRp": 138.10080976516267, "e": 0.0, "inc": 0.061668649337893455, "pomega": 1.3353104088165437, "f": 1.4647569708006416, "P": 12322960.688960766, "RHill": 124237798.80680679, "spacing": "linear", "period_ratio": 3.0}}