{"Planet": {"m": 2.6051438331714897e+25, "Rp": 11521626.840000002, "Rstar": 772227000.0000001, "RpRstar": 0.01492, "rhostar": 1102.9761770602247, "impact": 0.1000184121608112, "q1": 0.37234403999999993, "q2": 0.25901343821697803, "a": 158577056151.95438, "Pp": 385.36856702955345, "rhoplan": 4066.3212034177977, "aRp": null, "e": null, "inc": null, "pomega": null, "f": null, "P": 33295844.191353418, "RHill": 2534237263.088913}, "I": {"m": 3.9676831832293815e+22, "r": 1390105.038609676, "msmp": 0.001523018857042969, "rsrp": 0.12065180186044594, "a": 231941016.29211235, "aRp": 20.130925911163455, "e": 0.0, "inc": -0.07067544895814622, "pomega": 0.9262341376920402, "f": 4.377932996811699, "P": 531859.62046539, "RHill": 18502861.487457257, "spacing": "linear", "period_ratio": NaN}, "II": {"m": 3.804627709945984e+22, "r": 1601554.5169208553, "msmp": 0.001460429041000108, "rsrp": 0.13900419959451274, "a": 461261911.3707264, "aRp": 40.03444285917581, "e": 0.0, "inc": -0.07067544895814622, "pomega": 5.4983369774798865, "f": 3.3605835606357064, "P": 1491645.5885716781, "RHill": 36285573.885712534, "spacing": "linear", "period_ratio": 2.8045851408430895}, "III": {"m": 4.1850904809405795e+22, "r": 1847055.6609995558, "msmp": 0.0016064719451001177, "rsrp": 0.160312053727263, "a": 1172863716.2701213, "aRp": 101.79671087751711, "e": 0.0, "inc": -0.07067544895814622, "pomega": 1.22974233884893, "f": 3.914815927965679, "P": 6047611.985803085, "RHill": 95242659.69412413, "spacing": "linear", "period_ratio": 4.0543223082863555}}