{"Planet": {"m": 4.0271691785245295e+25, "Rp": 15802825.5, "Rstar": 1217475000.0, "RpRstar": 0.01298, "rhostar": 360.377536429399, "impact": 0.14233493301969158, "q1": 0.26163225000000007, "q2": 0.21691104594330396, "a": 74646822500.53775, "Pp": 109.99268505664855, "rhoplan": 2436.1668629310916, "aRp": null, "e": null, "inc": null, "pomega": null, "f": null, "P": 9503367.988894435, "RHill": 1270268045.328447}, "I": {"m": 5.600051605112785e+22, "r": 2012061.6606719045, "msmp": 0.001390567755379109, "rsrp": 0.12732290568366425, "a": 116670593.93410945, "aRp": 7.382894529469395, "e": 0.0, "inc": -0.006266358650524689, "pomega": 2.5857893328376838, "f": 1.3277698323902856, "P": 152622.10327093958, "RHill": 9029250.642051533, "spacing": "linear", "period_ratio": NaN}, "II": {"m": 7.160721724570442e+22, "r": 1941310.390573692, "msmp": 0.0017781030314683677, "rsrp": 0.12284577783724132, "a": 214936790.99834427, "aRp": 13.601162083220135, "e": 0.0, "inc": -0.006266358650524689, "pomega": 0.70567227722399, "f": 3.3052860001764803, "P": 381555.25817734894, "RHill": 18054660.088754945, "spacing": "linear", "period_ratio": 2.5}}