{"Planet": {"m": 4.197743428425663e+25, "Rp": 16422833.340000002, "Rstar": 737442000.0, "RpRstar": 0.02227, "rhostar": 1231.0254583312285, "impact": 0.2270893580475175, "q1": 0.25, "q2": 0.2, "a": 23348382678.289425, "Pp": 22.083832043768442, "rhoplan": 2262.471015338717, "aRp": null, "e": null, "inc": null, "pomega": null, "f": null, "P": 1908043.0885815935, "RHill": 441613083.3393517}, "I": {"m": 9.0552404583907e+22, "r": 2020558.7831556485, "msmp": 0.0021571686342408995, "rsrp": 0.12303350714972598, "a": 108385379.49862152, "aRp": 6.5996760275606325, "e": 0.0, "inc": -0.01167742043788586, "pomega": 5.592594182808113, "f": 5.405964916258224, "P": 133800.33367290185, "RHill": 9710128.635978607, "spacing": "linear", "period_ratio": NaN}, "II": {"m": 9.422344801298425e+22, "r": 2083772.171704497, "msmp": 0.002244621416710124, "rsrp": 0.1268826230263929, "a": 183928118.5095532, "aRp": 11.199536322491426, "e": 0.0, "inc": -0.01167742043788586, "pomega": 2.7102088438709426, "f": 0.04398669581983909, "P": 295770.1806407488, "RHill": 16697652.201245941, "spacing": "linear", "period_ratio": 2.210533954002016}}