{"Planet": {"m": 1.8885123347552053e+26, "Rp": 39240262.800000004, "Rstar": 410463000.0, "RpRstar": 0.0956, "rhostar": 4393.141886740204, "impact": 0.17812824546161543, "q1": 0.09235521000000001, "q2": 0.04886475814412636, "a": 59830679288.26005, "Pp": 115.47128533692123, "rhoplan": 746.1660663976382, "aRp": null, "e": null, "inc": null, "pomega": null, "f": null, "P": 9976719.053109994, "RHill": 2196316019.2783566}, "I": {"m": 4.7280124648246526e+23, "r": 3276649.5429511378, "msmp": 0.0025035645136188703, "rsrp": 0.08350223237931875, "a": 857002502.4703262, "aRp": 21.83987673166975, "e": 0.0, "inc": -0.11522070599474515, "pomega": 1.286296662045866, "f": 1.1141201669796386, "P": 1402320.4456196744, "RHill": 80685333.95275356, "spacing": "linear", "period_ratio": NaN}}