{"Planet": {"m": 3.075358646928502e+25, "Rp": 12590430.75, "Rstar": 883539000.0, "RpRstar": 0.01425, "rhostar": 812.1236080766537, "impact": 0.30369103117109186, "q1": 0.29822521, "q2": 0.23274125618018676, "a": 190667278828.03943, "Pp": 483.8165404600507, "rhoplan": 3678.623958312154, "aRp": null, "e": null, "inc": null, "pomega": null, "f": null, "P": 41801749.09574838, "RHill": 3117011235.5538206}, "I": {"m": 6.483854649476871e+22, "r": 1688137.8178915742, "msmp": 0.002108324717168382, "rsrp": 0.134081021643487, "a": 1455468382.8323162, "aRp": 115.60115866824621, "e": 0.0, "inc": 0.03984985180821138, "pomega": 2.3444908871974235, "f": 1.5464465487517713, "P": 7692649.58537708, "RHill": 129402159.55629112, "spacing": "logarithmic", "period_ratio": NaN}}