{"Planet": {"m": 1.45637813009895e+28, "Rp": 62166360.6, "Rstar": 1106163000.0, "RpRstar": 0.0562, "rhostar": 364.7482839499937, "impact": 0.017036740699089448, "q1": 0.25, "q2": 0.2, "a": 23293706251.094707, "Pp": 21.929443109121113, "rhoplan": 14471.688625559844, "aRp": null, "e": null, "inc": null, "pomega": null, "f": null, "P": 1894703.8846280642, "RHill": 3095825519.258449}, "I": {"m": 5.948821472791767e+24, "r": 5329058.825650418, "msmp": 0.0004084668225818242, "rsrp": 0.0857225479216877, "a": 636734358.8111084, "aRp": 10.242426171737458, "e": 0.0, "inc": -0.1150461556145077, "pomega": 5.9627108090636165, "f": 3.6150780150219184, "P": 102373.7662756925, "RHill": 32756950.38389701, "spacing": "linear", "period_ratio": NaN}}