{"Planet": {"m": 3.075358646928502e+25, "Rp": 12848187.6, "Rstar": 528732000.0, "RpRstar": 0.0243, "rhostar": 2569.2153089144294, "impact": 0.19444668770192175, "q1": 0.39050001, "q2": 0.361577852456393, "a": 169809366026.62204, "Pp": 493.8596885139014, "rhoplan": 3461.637231697624, "aRp": null, "e": null, "inc": null, "pomega": null, "f": null, "P": 42669477.08760108, "RHill": 3160005559.1689687}, "I": {"m": 1.778404676576956e+22, "r": 1318810.8058296465, "msmp": 0.0005782755381565425, "rsrp": 0.10264566854780721, "a": 59329579.39199724, "aRp": 4.6177391892999164, "e": 0.0, "inc": -0.12401804515871298, "pomega": 3.6672336686368703, "f": 4.773813259190251, "P": 63359.31757793548, "RHill": 3427223.747258751, "spacing": "linear", "period_ratio": NaN}, "II": {"m": 3.319688729610318e+22, "r": 1524967.6799280364, "msmp": 0.0010794476712255462, "rsrp": 0.11869126816984182, "a": 295269585.6854709, "aRp": 22.981419238108796, "e": 0.0, "inc": -0.12401804515871298, "pomega": 1.9203334632204037, "f": 2.9735006374211226, "P": 703271.3424035544, "RHill": 21001266.901083205, "spacing": "linear", "period_ratio": 11.099730383593409}, "III": {"m": 2.430486391321839e+22, "r": 1274084.1483571192, "msmp": 0.0007903099021472746, "rsrp": 0.0991645038213109, "a": 407795465.1573618, "aRp": 31.739532286823227, "e": 0.0, "inc": -0.12401804515871298, "pomega": 3.346130789152045, "f": 3.6213618287104667, "P": 1141618.935137925, "RHill": 26141737.42642276, "spacing": "linear", "period_ratio": 1.6232979595560373}, "IV": {"m": 2.786167326637232e+22, "r": 1608998.759539483, "msmp": 0.0009059650097785837, "rsrp": 0.1252315742602858, "a": 966031595.6005747, "aRp": 75.18816082671262, "e": 0.0, "inc": -0.12401804515871298, "pomega": 4.438257608221764, "f": 5.226247844765739, "P": 4162166.7842337894, "RHill": 64811895.17598942, "spacing": "linear", "period_ratio": 3.645845961490588}, "V": {"m": 4.0903307561269996e+22, "r": 1581946.6964490432, "msmp": 0.0013300337377600481, "rsrp": 0.12312605837488264, "a": 1425599490.9748292, "aRp": 110.95724434898735, "e": 0.0, "inc": -0.12401804515871298, "pomega": 6.065136972186956, "f": 3.58931437889887, "P": 7459965.131664626, "RHill": 108703784.9124117, "spacing": "linear", "period_ratio": 1.7923272945050726}}