{"Planet": {"m": 8.497441094687928e+25, "Rp": 24610874.490000006, "Rstar": 772227000.0000001, "RpRstar": 0.03187, "rhostar": 1061.7434227775993, "impact": 0.34410827759505325, "q1": 0.3848961600000001, "q2": 0.36355577047066406, "a": 119695799727.0729, "Pp": 257.57342526823487, "rhoplan": 1360.875565908421, "aRp": null, "e": null, "inc": null, "pomega": null, "f": null, "P": 22254343.943175495, "RHill": 2873118256.1639986}, "I": {"m": 1.1379060341262553e+23, "r": 2154443.0156715713, "msmp": 0.001339116119130974, "rsrp": 0.08754028697952093, "a": 78782075.94907025, "aRp": 3.201108354808006, "e": 0.0, "inc": -0.060586436980421224, "pomega": 0.9394301464379919, "f": 2.3759099556401657, "P": 58302.001610312014, "RHill": 6020876.9036832405, "spacing": "logarithmic", "period_ratio": NaN}, "II": {"m": 8.928185806221388e+22, "r": 1853452.6645231799, "msmp": 0.0010506911088566104, "rsrp": 0.07531031314130193, "a": 219983565.68244678, "aRp": 8.93847009669776, "e": 0.0, "inc": -0.060586436980421224, "pomega": 4.643109934468443, "f": 5.838919679399212, "P": 272076.0075147894, "RHill": 15506299.619533356, "spacing": "logarithmic", "period_ratio": 4.666666666666667}, "III": {"m": 3.326186868984439e+22, "r": 1679865.3010893718, "msmp": 0.0003914339425152078, "rsrp": 0.06825703417291985, "a": 300867208.87963325, "aRp": 12.224970266777106, "e": 0.0, "inc": -0.060586436980421224, "pomega": 1.4823516491285773, "f": 1.3742700536855441, "P": 435321.61202366307, "RHill": 15259978.892717723, "spacing": "logarithmic", "period_ratio": 1.6}}