{"Planet": {"m": 1.5192298959584925e+25, "Rp": 8669813.4, "Rstar": 431334000.0, "RpRstar": 0.0201, "rhostar": 3726.6342574676123, "impact": 0.4679254598216539, "q1": 0.09235521000000001, "q2": 0.04886475814412636, "a": 49724159867.65544, "Pp": 88.18375377774062, "rhoplan": 5565.518592077403, "aRp": null, "e": null, "inc": null, "pomega": null, "f": null, "P": 7619076.326396789, "RHill": 792111007.6986073}, "I": {"m": 1.2577235136162132e+23, "r": 2351015.394306885, "msmp": 0.008278691177431753, "rsrp": 0.27117254845495115, "a": 300374463.27658284, "aRp": 34.646012482412, "e": 0.0, "inc": 0.1675159999138872, "pomega": 4.389243861451086, "f": 5.543580436037435, "P": 1022985.4923433755, "RHill": 42131780.89454634, "spacing": "logarithmic", "period_ratio": NaN}}