{"Planet": {"m": 1.488423783950222e+24, "Rp": 4324471.2, "Rstar": 486989999.99999994, "RpRstar": 0.00888, "rhostar": 2836.000229656539, "impact": 0.3615968798080357, "q1": 0.3701505600000001, "q2": 0.22016765285996057, "a": 21821888600.524708, "Pp": 24.49762766095967, "rhoplan": 4393.786643897314, "aRp": null, "e": null, "inc": null, "pomega": null, "f": null, "P": 2116595.0299069155, "RHill": 155468514.7124925}, "I": {"m": 1.769594705932733e+21, "r": 749918.3611418236, "msmp": 0.0011889051525609822, "rsrp": 0.17341273105063656, "a": 20603370.81987426, "aRp": 4.764367680347659, "e": 0.0, "inc": -0.06959323660067399, "pomega": 5.768540966087469, "f": 2.1440372305327284, "P": 58920.050500924495, "RHill": 1513376.307203814, "spacing": "logarithmic", "period_ratio": NaN}, "II": {"m": 1.2780406209514187e+21, "r": 671791.6406655797, "msmp": 0.000858653721294043, "rsrp": 0.15534654055866523, "a": 40437004.99713497, "aRp": 9.350739807709893, "e": 0.0, "inc": -0.06959323660067399, "pomega": 3.1148864454134624, "f": 3.9060185888017114, "P": 162030.13887754237, "RHill": 2664881.584094572, "spacing": "logarithmic", "period_ratio": 2.75}}