{"Planet": {"m": 1.948586072520746e+25, "Rp": 9622922.4, "Rstar": 633087000.0, "RpRstar": 0.0152, "rhostar": 1646.3030628708145, "impact": 0.388417557782365, "q1": 0.37871715999999994, "q2": 0.34367890802729933, "a": 90013766247.91731, "Pp": 181.73139261291976, "rhoplan": 5220.475163512842, "aRp": null, "e": null, "inc": null, "pomega": null, "f": null, "P": 15701592.321756268, "RHill": 1393730654.5177846}, "I": {"m": 5.950293347349127e+21, "r": 997276.2041151819, "msmp": 0.0003053646657574463, "rsrp": 0.10363548230578913, "a": 67959293.34864877, "aRp": 7.0622302169503905, "e": 0.0, "inc": 0.11529052614684013, "pomega": 6.031204378268794, "f": 3.084095758339575, "P": 97594.24126322416, "RHill": 3173082.498564617, "spacing": "logarithmic", "period_ratio": NaN}, "II": {"m": 5.485426679587477e+21, "r": 747718.4434797129, "msmp": 0.00028150805124514585, "rsrp": 0.07770180537668192, "a": 102904220.92600203, "aRp": 10.693655902909704, "e": 0.0, "inc": 0.11529052614684013, "pomega": 5.082976892666834, "f": 4.032323243941535, "P": 181846.88786066417, "RHill": 4676163.750149756, "spacing": "logarithmic", "period_ratio": 1.863295267291436}, "III": {"m": 6.787053349320097e+21, "r": 1005373.0623639863, "msmp": 0.00034830657187958714, "rsrp": 0.10447689595459964, "a": 233065239.40336597, "aRp": 24.21979828117142, "e": 0.0, "inc": 0.11529052614684013, "pomega": 0.9130381289460885, "f": 2.923230127912735, "P": 619808.9553091283, "RHill": 11369926.13753254, "spacing": "logarithmic", "period_ratio": 3.4084111232304513}, "IV": {"m": 6.415160015110779e+21, "r": 1067580.9451714128, "msmp": 0.0003292212802697469, "rsrp": 0.11094144801286278, "a": 551196354.2140701, "aRp": 57.279517728841924, "e": 0.0, "inc": 0.11529052614684013, "pomega": 3.9135591652279693, "f": 0.4210155171327456, "P": 2254266.3915729676, "RHill": 26389341.376550984, "spacing": "logarithmic", "period_ratio": 3.6370342381527183}}