{"Planet": {"m": 1.3414529657537431e+25, "Rp": 8356748.4, "Rstar": 633087000.0, "RpRstar": 0.0132, "rhostar": 1739.843009624838, "impact": 0.3087126616453554, "q1": 0.37871715999999994, "q2": 0.34367890802729933, "a": 148480485421.78894, "Pp": 374.5168202327954, "rhoplan": 5487.50412879941, "aRp": null, "e": null, "inc": null, "pomega": null, "f": null, "P": 32358253.268113524, "RHill": 1992925928.4683936}, "I": {"m": 6.231346344014896e+22, "r": 1712389.2047550213, "msmp": 0.004645221638847093, "rsrp": 0.20491094416041306, "a": 150814433.35200778, "aRp": 18.047023331707315, "e": 0.0, "inc": -0.02941173907001146, "pomega": 0.802443008027636, "f": 1.2071206095701557, "P": 388013.89668557676, "RHill": 17447691.295184385, "spacing": "logarithmic", "period_ratio": NaN}, "II": {"m": 6.773202547842279e+22, "r": 1960716.0205770545, "msmp": 0.005049153955268579, "rsrp": 0.23462666658446416, "a": 371697289.78964186, "aRp": 44.4786981728015, "e": 0.0, "inc": -0.02941173907001146, "pomega": 2.250862063238052, "f": 6.2354283231466185, "P": 1500996.6469865907, "RHill": 44213529.014450945, "spacing": "logarithmic", "period_ratio": 3.8684095075154192}}