{"Planet": {"m": 2.6597432428946497e+25, "Rp": 12011677.92, "Rstar": 612216000.0, "RpRstar": 0.01962, "rhostar": 1903.2292425263602, "impact": 0.4697578541604456, "q1": 0.37871715999999994, "q2": 0.34367890802729933, "a": 14955701686.650396, "Pp": 12.03714324937026, "rhoplan": 3663.8701136704913, "aRp": null, "e": null, "inc": null, "pomega": null, "f": null, "P": 1040009.1767455904, "RHill": 253093913.49793506}, "I": {"m": 2.0811173506809187e+22, "r": 1302739.1700151032, "msmp": 0.0007824504700746973, "rsrp": 0.10845605240929597, "a": 39343836.36732865, "aRp": 3.275465478625542, "e": 0.0, "inc": 0.07758764401554949, "pomega": 0.2079942330909534, "f": 2.5505999761818123, "P": 36787.67716418572, "RHill": 2513748.9691586467, "spacing": "logarithmic", "period_ratio": NaN}, "II": {"m": 1.6139277413443864e+22, "r": 1223822.9971268617, "msmp": 0.0006067983237313982, "rsrp": 0.10188609828516462, "a": 99134454.711751, "aRp": 8.25317290157169, "e": 0.0, "inc": 0.07758764401554949, "pomega": 3.2512452024549634, "f": 0.7936456688636682, "P": 147150.70865674288, "RHill": 5819231.858180551, "spacing": "logarithmic", "period_ratio": 4.0}, "III": {"m": 1.2316816973417683e+22, "r": 1032885.3908187529, "msmp": 0.0004630829312686985, "rsrp": 0.08599010044208319, "a": 182598483.94257677, "aRp": 15.201746596829892, "e": 0.0, "inc": 0.07758764401554949, "pomega": 6.20966468702357, "f": 5.427329882799289, "P": 367876.7716418572, "RHill": 9795118.033632224, "spacing": "logarithmic", "period_ratio": 2.5}}