{"Planet": {"m": 6.223818675564244e+26, "Rp": 55917583.20000001, "Rstar": 473076000.00000006, "RpRstar": 0.11820000000000001, "rhostar": 3362.682132323185, "impact": 0.4289372930293702, "q1": 0.40411449000000005, "q2": 0.2892873997168476, "a": 45078089610.891304, "Pp": 69.74889404798624, "rhoplan": 849.8125575842708, "aRp": null, "e": null, "inc": null, "pomega": null, "f": null, "P": 6026304.445746011, "RHill": 2335724790.602344}, "I": {"m": 5.864682141815112e+24, "r": 5978650.056317936, "msmp": 0.00942296433673564, "rsrp": 0.10691896384244902, "a": 207270540.75827032, "aRp": 3.706714934673183, "e": 0.0, "inc": -0.04913593203684405, "pomega": 1.4195135122430929, "f": 4.377932996811699, "P": 91562.64317677713, "RHill": 30354727.934209265, "spacing": "linear", "period_ratio": NaN}}