{"Planet": {"m": 1.2485582761788442e+27, "Rp": 56724595.199999996, "Rstar": 681786000.0, "RpRstar": 0.0832, "rhostar": 1348.0797136787955, "impact": 0.2716963469616498, "q1": 0.25, "q2": 0.2, "a": 143888826512.07034, "Pp": 363.05984032539897, "rhoplan": 1633.074481044004, "aRp": null, "e": null, "inc": null, "pomega": null, "f": null, "P": 31368370.20411447, "RHill": 8848577353.123964}, "I": {"m": 4.169593416091211e+24, "r": 6066609.885744332, "msmp": 0.0033395264727667036, "rsrp": 0.10694849146749544, "a": 595999296.3351536, "aRp": 10.5068937774483, "e": 0.0, "inc": -0.08851449781841429, "pomega": 2.7196345644037656, "f": 6.136772448236408, "P": 316167.5234115901, "RHill": 61768486.3405789, "spacing": "linear", "period_ratio": NaN}, "II": {"m": 2.332986792336747e+24, "r": 4674581.849874188, "msmp": 0.0018685445740480348, "rsrp": 0.0824083774135807, "a": 1501089825.016571, "aRp": 26.462768393921852, "e": 0.0, "inc": -0.08851449781841429, "pomega": 0.31104877758314786, "f": 2.355173370467956, "P": 1264670.0936463603, "RHill": 128193916.79573762, "spacing": "linear", "period_ratio": 4.0}, "III": {"m": 4.2688694498076636e+24, "r": 5447385.850831191, "msmp": 0.0034190390078325736, "rsrp": 0.09603216790925978, "a": 2642094842.2534184, "aRp": 46.57758830958424, "e": 0.0, "inc": -0.08851449781841429, "pomega": 0.6830505479452156, "f": 3.2185693712745116, "P": 2950896.885174841, "RHill": 275978978.9791345, "spacing": "linear", "period_ratio": 2.3333333333333335}}