{"Planet": {"m": 5.165304996849609e+25, "Rp": 17907318.0, "Rstar": 626130000.0, "RpRstar": 0.0286, "rhostar": 1759.8074624414928, "impact": 0.08175783079294752, "q1": 0.37871715999999994, "q2": 0.34367890802729933, "a": 77772894263.68994, "Pp": 143.52442178104278, "rhoplan": 2147.41371943001, "aRp": null, "e": null, "inc": null, "pomega": null, "f": null, "P": 12400510.041882096, "RHill": 1648051323.1568656}, "I": {"m": 7.462612041067146e+22, "r": 1929272.3747985405, "msmp": 0.0014447572884115647, "rsrp": 0.10773653401355471, "a": 63839107.551345475, "aRp": 3.5649731328468883, "e": 0.0, "inc": -0.16968042462883165, "pomega": 2.523579577321054, "f": 4.770042970977122, "P": 54543.842934375665, "RHill": 5003931.472774082, "spacing": "logarithmic", "period_ratio": NaN}, "II": {"m": 8.196639454942607e+22, "r": 1871481.0271505977, "msmp": 0.0015868645626815553, "rsrp": 0.10450928649117627, "a": 181663707.3886057, "aRp": 10.144663058343282, "e": 0.0, "inc": -0.16968042462883165, "pomega": 5.630297064939404, "f": 0.5567458928053919, "P": 261810.44608500318, "RHill": 14691778.610024724, "spacing": "logarithmic", "period_ratio": 4.8}, "III": {"m": 9.29768057575579e+22, "r": 1641814.8382972013, "msmp": 0.0018000254740865398, "rsrp": 0.091684016461717, "a": 405400994.03116935, "aRp": 22.638844858351728, "e": 0.0, "inc": -0.16968042462883165, "pomega": 5.732723228062743, "f": 5.304167134503739, "P": 872701.4869500106, "RHill": 34193005.39253181, "spacing": "logarithmic", "period_ratio": 3.3333333333333335}, "IV": {"m": 7.462612041067146e+22, "r": 1773862.2230147712, "msmp": 0.0014447572884115647, "rsrp": 0.09905795066658063, "a": 1055195642.597102, "aRp": 58.925386961749496, "e": 0.0, "inc": -0.16968042462883165, "pomega": 5.852744069514018, "f": 4.599751620017459, "P": 3665346.245190045, "RHill": 82709907.5857057, "spacing": "logarithmic", "period_ratio": 4.2}}