{"Planet": {"m": 2.920856468279463e+24, "Rp": 5244673.59, "Rstar": 271323000.0, "RpRstar": 0.01933, "rhostar": 9031.108636977355, "impact": 0.1334930420924867, "q1": 0.11235904, "q2": 0.15244630071599044, "a": 168183314760.6159, "Pp": 706.3045970338773, "rhoplan": 4833.54997941304, "aRp": null, "e": null, "inc": null, "pomega": null, "f": null, "P": 61024717.183726996, "RHill": 1830133311.4878478}, "I": {"m": 4.4223577935938185e+20, "r": 665802.7082277057, "msmp": 0.00015140620025737926, "rsrp": 0.1269483594741128, "a": 33996619.92915902, "aRp": 6.48212311896402, "e": 0.0, "inc": 0.16950587424859417, "pomega": 0.016337915590225946, "f": 5.831379102972954, "P": 89195.4361626487, "RHill": 1256347.7757982996, "spacing": "logarithmic", "period_ratio": NaN}, "II": {"m": 1.3635603196914272e+21, "r": 557387.7932139152, "msmp": 0.0004668357841269193, "rsrp": 0.10627692718126147, "a": 48481657.18566692, "aRp": 9.243979888111001, "e": 0.0, "inc": 0.16950587424859417, "pomega": 0.2092509958286631, "f": 1.7123392301294502, "P": 151875.1551200771, "RHill": 2607704.7469231375, "spacing": "logarithmic", "period_ratio": 1.702723386464879}, "III": {"m": 3.1325034371289534e+20, "r": 611931.2354105941, "msmp": 0.0001072460585156436, "rsrp": 0.11667670540591148, "a": 127392013.5962958, "aRp": 24.28978875619518, "e": 0.0, "inc": 0.16950587424859417, "pomega": 2.4657684913864086, "f": 1.6947445518015147, "P": 647011.3733738336, "RHill": 4196580.555498921, "spacing": "logarithmic", "period_ratio": 4.260152839760307}, "IV": {"m": 1.3819868104980683e+21, "r": 701525.4099081372, "msmp": 0.00047314437580431014, "rsrp": 0.13375959397086848, "a": 241183257.93998754, "aRp": 45.98632380094174, "e": 0.0, "inc": 0.16950587424859417, "pomega": 5.337471347053046, "f": 3.515793758742853, "P": 1685155.246476931, "RHill": 13030806.620569047, "spacing": "logarithmic", "period_ratio": 2.604521830411895}, "V": {"m": 2.9482385290625457e+20, "r": 643948.3193866946, "msmp": 0.00010093746683825284, "rsrp": 0.12278139112689654, "a": 752267425.0214994, "aRp": 143.43455548041064, "e": 0.0, "inc": 0.16950587424859417, "pomega": 2.0623476525815985, "f": 1.6463591863996916, "P": 9284496.687784432, "RHill": 24285626.1416761, "spacing": "logarithmic", "period_ratio": 5.50957943322733}}