{"Planet": {"m": 1.8305620683984736e+26, "Rp": 38678693.760000005, "Rstar": 946152000.0000001, "RpRstar": 0.04088, "rhostar": 605.2827838181734, "impact": 0.08987735056593715, "q1": 0.26163225000000007, "q2": 0.21691104594330396, "a": 158542866078.55002, "Pp": 383.4422630898447, "rhoplan": 755.2321215622402, "aRp": null, "e": null, "inc": null, "pomega": null, "f": null, "P": 33129411.530962583, "RHill": 4837911108.660937}, "I": {"m": 8.079976605214882e+23, "r": 4724937.709645298, "msmp": 0.004413932062016291, "rsrp": 0.12215866799854665, "a": 539854672.1986463, "aRp": 13.957417371652372, "e": 0.0, "inc": -0.12412277538685546, "pomega": 5.105598621945608, "f": 1.4534461061612545, "P": 711448.8955413235, "RHill": 61401407.641160525, "spacing": "linear", "period_ratio": NaN}, "II": {"m": 1.0894350478941414e+23, "r": 1985471.669862667, "msmp": 0.0005951369072381517, "rsrp": 0.05133243853017509, "a": 1301406373.7389457, "aRp": 33.64659576701655, "e": 0.0, "inc": -0.12412277538685546, "pomega": 4.225864705548827, "f": 1.8901711575153712, "P": 2667933.358279963, "RHill": 75900529.51543897, "spacing": "linear", "period_ratio": 3.75}, "III": {"m": 1.8157250798235697e+23, "r": 2986654.577483901, "msmp": 0.00099189484539692, "rsrp": 0.07721704864223161, "a": 3000422061.037707, "aRp": 77.57299353631808, "e": 0.0, "inc": -0.12412277538685546, "pomega": 4.79706336983788, "f": 4.9880913059697525, "P": 9337766.753979871, "RHill": 207474061.88718483, "spacing": "linear", "period_ratio": 3.5}}