{"Planet": {"m": 6.907472963359637e+24, "Rp": 6607480.319999999, "Rstar": 737442000.0, "RpRstar": 0.00896, "rhostar": 1136.3311923057495, "impact": 0.28374049754465214, "q1": 0.25, "q2": 0.2, "a": 179366586703.79755, "Pp": 489.42508188006, "rhoplan": 5716.404462161773, "aRp": null, "e": null, "inc": null, "pomega": null, "f": null, "P": 42286327.074437186, "RHill": 1909333572.2036076}, "I": {"m": 9.427672952840945e+21, "r": 1184326.0310454576, "msmp": 0.0013648512274821183, "rsrp": 0.17924019046423095, "a": 52116633.21838982, "aRp": 7.887520006777685, "e": 0.0, "inc": -0.11302137120375322, "pomega": 3.3580700351602872, "f": 1.4722975472268998, "P": 110023.57851379292, "RHill": 4008338.3337832065, "spacing": "logarithmic", "period_ratio": NaN}, "II": {"m": 4.020625229888052e+21, "r": 670483.5866005244, "msmp": 0.0005820689058379624, "rsrp": 0.10147341408964264, "a": 77364001.71465614, "aRp": 11.70854818598327, "e": 0.0, "inc": -0.11302137120375322, "pomega": 1.5288518704238359, "f": 5.7980748904236465, "P": 199067.07749285383, "RHill": 4478748.1412151605, "spacing": "logarithmic", "period_ratio": 1.8093128780382117}, "III": {"m": 4.57519422711399e+21, "r": 799573.9567060521, "msmp": 0.00066235427216044, "rsrp": 0.12101041819009944, "a": 116807794.80557325, "aRp": 17.678114674365503, "e": 0.0, "inc": -0.11302137120375322, "pomega": 5.449951612078063, "f": 1.4735543099646096, "P": 369301.7506823719, "RHill": 7059839.926940951, "spacing": "logarithmic", "period_ratio": 1.8551623670449937}, "IV": {"m": 4.7138364764204727e+21, "r": 915071.8081715185, "msmp": 0.0006824256137410591, "rsrp": 0.13849028129553606, "a": 303835216.2655802, "aRp": 45.98352194041498, "e": 0.0, "inc": -0.11302137120375322, "pomega": 5.446809705233789, "f": 4.213925459540585, "P": 1549267.597834219, "RHill": 18547389.73198962, "spacing": "logarithmic", "period_ratio": 4.195126600325025}, "V": {"m": 3.604698481968599e+21, "r": 745665.3977366186, "msmp": 0.0005218548810961044, "rsrp": 0.11285170165086753, "a": 804538203.952651, "aRp": 121.76172534595625, "e": 0.0, "inc": -0.11302137120375322, "pomega": 3.576746751521773, "f": 1.193296219455349, "P": 6676119.89301511, "RHill": 44911356.22939156, "spacing": "logarithmic", "period_ratio": 4.309210301918091}}