{"Planet": {"m": 1.112167102261728e+28, "Rp": 75041680.50000001, "Rstar": 591345000.0, "RpRstar": 0.1269, "rhostar": 2157.8555421926712, "impact": 0.49786711593364097, "q1": 0.25, "q2": 0.2, "a": 78013708235.73097, "Pp": 141.45376460280536, "rhoplan": 6283.097249548507, "aRp": null, "e": null, "inc": null, "pomega": null, "f": null, "P": 12221605.261682384, "RHill": 9801877345.627008}, "I": {"m": 7.172443131333961e+24, "r": 5961128.607175074, "msmp": 0.0006449069673745896, "rsrp": 0.07943756812822272, "a": 847205946.5906401, "aRp": 11.289805091593596, "e": 0.0, "inc": -0.04271247804410566, "pomega": 4.892577337903816, "f": 2.3162137255989554, "P": 179777.56043283496, "RHill": 50751350.12843088, "spacing": "linear", "period_ratio": NaN}, "II": {"m": 3.0306097738030817e+24, "r": 5873067.3497002395, "msmp": 0.00027249590170757307, "rsrp": 0.07826407018830339, "a": 1560373073.2667046, "aRp": 20.793418575783416, "e": 0.0, "inc": -0.04271247804410566, "pomega": 0.15332505400058197, "f": 3.713733889932129, "P": 449443.9010820874, "RHill": 70141441.55926079, "spacing": "linear", "period_ratio": 2.5}, "III": {"m": 4.0408130317374455e+24, "r": 6063928.589591849, "msmp": 0.00036332786894343103, "rsrp": 0.08080747324937436, "a": 2874318773.4740615, "aRp": 38.302963823872, "e": 0.0, "inc": -0.04271247804410566, "pomega": 4.902631439805494, "f": 4.03169486257268, "P": 1123609.7527052185, "RHill": 142209109.55223083, "spacing": "linear", "period_ratio": 2.5}, "IV": {"m": 6.667341502366783e+24, "r": 7046725.224260011, "msmp": 0.000599490983756661, "rsrp": 0.0939041500311285, "a": 7243399364.744338, "aRp": 96.52501538454135, "e": 0.0, "inc": -0.04271247804410566, "pomega": 4.352797742057505, "f": 4.975523678592656, "P": 4494439.010820874, "RHill": 423476743.14137596, "spacing": "linear", "period_ratio": 4.0}}