{"Planet": {"m": 1.208994426677138e+26, "Rp": 30229556.4, "Rstar": 709614000.0, "RpRstar": 0.0426, "rhostar": 1355.0363555435656, "impact": 0.2168864176900982, "q1": 0.25, "q2": 0.2, "a": 49787567970.89783, "Pp": 69.435033239557, "rhoplan": 1044.8173284989946, "aRp": null, "e": null, "inc": null, "pomega": null, "f": null, "P": 5999186.871897724, "RHill": 1348507086.3145032}, "I": {"m": 3.913376037646402e+23, "r": 3104797.197365651, "msmp": 0.003236885093343337, "rsrp": 0.10270733570425966, "a": 308183517.4619783, "aRp": 10.194774722594948, "e": 0.0, "inc": -0.09158658451059352, "pomega": 3.351157840102884, "f": 5.545465580144, "P": 377813.2834469084, "RHill": 31609048.0733187, "spacing": "linear", "period_ratio": NaN}, "II": {"m": 4.143574628096187e+23, "r": 2889069.0695628617, "msmp": 0.003427290098834119, "rsrp": 0.09557100446114591, "a": 696877043.3133743, "aRp": 23.052837232946437, "e": 0.0, "inc": -0.09158658451059352, "pomega": 3.9079037329082755, "f": 2.378423481115585, "P": 1284565.1637194885, "RHill": 72850526.58485463, "spacing": "linear", "period_ratio": 3.4}}