{"Planet": {"m": 1.8305620683984736e+26, "Rp": 38343644.64, "Rstar": 514818000.0, "RpRstar": 0.07448, "rhostar": 1008.913956352986, "impact": 0.08726307750426299, "q1": 0.40360609, "q2": 0.2911223044231072, "a": 73069397257.07518, "Pp": 231.49716347539726, "rhoplan": 775.2034136581278, "aRp": null, "e": null, "inc": null, "pomega": null, "f": null, "P": 20001354.92427432, "RHill": 3456118490.807988}, "I": {"m": 1.4162537013455503e+23, "r": 2057576.8035681474, "msmp": 0.0007736715000243644, "rsrp": 0.053661482180066104, "a": 131490630.62288778, "aRp": 3.429267923209289, "e": 0.0, "inc": -0.1554022035254077, "pomega": 0.3770288213129065, "f": 5.872852273317373, "P": 85675.97465997795, "RHill": 8369636.364820788, "spacing": "linear", "period_ratio": NaN}, "II": {"m": 1.4693632151460076e+23, "r": 2132280.9925626023, "msmp": 0.0008026841812752777, "rsrp": 0.05560976304110152, "a": 317385087.06905586, "aRp": 8.27738442834306, "e": 0.0, "inc": -0.1554022035254077, "pomega": 0.8577405684868623, "f": 3.5490979712921598, "P": 321284.9049749173, "RHill": 20451617.733531944, "spacing": "linear", "period_ratio": 3.75}, "III": {"m": 1.0975966185428017e+23, "r": 1888235.9131753873, "msmp": 0.0005995954125188825, "rsrp": 0.04924508170528954, "a": 865031945.9822025, "aRp": 22.55998234137094, "e": 0.0, "inc": -0.1554022035254077, "pomega": 5.266464252372449, "f": 3.161386666708721, "P": 1445782.072387128, "RHill": 50576001.960802786, "spacing": "linear", "period_ratio": 4.5}}