{"Planet": {"m": 3.2056181347032347e+25, "Rp": 13331003.4, "Rstar": 904410000.0, "RpRstar": 0.01474, "rhostar": 757.1871609844698, "impact": 0.4836216530270232, "q1": 0.29822521, "q2": 0.23274125618018676, "a": 59996959818.70921, "Pp": 85.40045900155035, "rhoplan": 3230.2390237740397, "aRp": null, "e": null, "inc": null, "pomega": null, "f": null, "P": 7378599.65773395, "RHill": 994481668.8323183}, "I": {"m": 2.0009851171942193e+23, "r": 2358178.5778419906, "msmp": 0.006242119407586467, "rsrp": 0.17689430473342993, "a": 84173107.15409863, "aRp": 6.314086391583895, "e": 0.0, "inc": 0.15309813850627327, "pomega": 0.4851104167559397, "f": 6.00481236077689, "P": 104575.48941185587, "RHill": 10745920.70227335, "spacing": "logarithmic", "period_ratio": NaN}, "II": {"m": 1.1005418144568204e+23, "r": 2351351.818432264, "msmp": 0.0034331656741725565, "rsrp": 0.1763822082914077, "a": 153391381.60973346, "aRp": 11.506364300359676, "e": 0.0, "inc": 0.15309813850627327, "pomega": 3.72818666141579, "f": 3.58805761616116, "P": 257619.2588740684, "RHill": 16044473.176107282, "spacing": "logarithmic", "period_ratio": 2.4634764830931952}}