{"Planet": {"m": 5.612133618327917e+25, "Rp": 19074424.32, "Rstar": 827883000.0, "RpRstar": 0.02304, "rhostar": 836.5856422495002, "impact": 0.22198893884150583, "q1": 0.379456, "q2": 0.25681818181818183, "a": 74023559894.18578, "Pp": 127.1332445665324, "rhoplan": 1930.5678729581189, "aRp": null, "e": null, "inc": null, "pomega": null, "f": null, "P": 10984312.3305484, "RHill": 1562680692.1689417}, "I": {"m": 8.935520877179258e+22, "r": 1945783.1752461002, "msmp": 0.0015921789260323266, "rsrp": 0.10201006030918054, "a": 55861254.99178016, "aRp": 2.928594543910207, "e": 0.0, "inc": 0.12736941245927216, "pomega": 4.59723809454204, "f": 0.16463591863996915, "P": 42828.57015704644, "RHill": 4522732.417722479, "spacing": "logarithmic", "period_ratio": NaN}, "II": {"m": 7.75979444597146e+22, "r": 1921741.6498177121, "msmp": 0.0013826816989228098, "rsrp": 0.1007496539647972, "a": 119983639.14269769, "aRp": 6.290288877389181, "e": 0.0, "inc": 0.12736941245927216, "pomega": 0.15395343536943681, "f": 0.6378070893876668, "P": 134832.94247210305, "RHill": 9268063.842028683, "spacing": "logarithmic", "period_ratio": 3.1482008850094534}, "III": {"m": 1.1051828453353291e+23, "r": 2270088.0948246173, "msmp": 0.001969273934829456, "rsrp": 0.11901214195200505, "a": 226792407.57797766, "aRp": 11.8898690609593, "e": 0.0, "inc": 0.12736941245927216, "pomega": 3.0344536302000424, "f": 5.439269128807531, "P": 350290.6703668541, "RHill": 19710159.439349916, "spacing": "logarithmic", "period_ratio": 2.5979605869635995}, "IV": {"m": 1.551958889194292e+23, "r": 2202930.6665006327, "msmp": 0.0027653633978456196, "rsrp": 0.11549133171955318, "a": 706161456.5392011, "aRp": 37.02137714315045, "e": 0.0, "inc": 0.12736941245927216, "pomega": 1.1342283707829937, "f": 1.5621560829731425, "P": 1923841.8020696323, "RHill": 68724933.43560375, "spacing": "logarithmic", "period_ratio": 5.492129722024346}}