{"Planet": {"m": 1.2605248911075387e+25, "Rp": 8152838.7299999995, "Rstar": 605259000.0, "RpRstar": 0.01347, "rhostar": 1883.9796407770696, "impact": 0.3096112247019758, "q1": 0.37871715999999994, "q2": 0.34367890802729933, "a": 140651686027.61722, "Pp": 354.9644189793796, "rhoplan": 5553.109810377247, "aRp": null, "e": null, "inc": null, "pomega": null, "f": null, "P": 30668925.7998184, "RHill": 1883470426.334195}, "I": {"m": 1.9665888758549845e+22, "r": 1308360.5110718475, "msmp": 0.0015601349007293896, "rsrp": 0.1604791354767602, "a": 65916930.54753758, "aRp": 8.085150796002264, "e": 0.0, "inc": 0.021347511503040956, "pomega": 1.9762594050484847, "f": 4.548852729140217, "P": 115839.91831716994, "RHill": 5300830.79892539, "spacing": "logarithmic", "period_ratio": NaN}, "II": {"m": 2.0857760804522556e+22, "r": 1510503.209182993, "msmp": 0.0016546885310766248, "rsrp": 0.18527328446039226, "a": 133212459.6756543, "aRp": 16.339395894766376, "e": 0.0, "inc": 0.021347511503040956, "pomega": 0.9042407897821207, "f": 3.9889649294905505, "P": 332781.78769872145, "RHill": 10924708.256494772, "spacing": "logarithmic", "period_ratio": 2.872772983036506}, "III": {"m": 1.996385677004303e+22, "r": 1151301.4135902869, "msmp": 0.0015837733083161989, "rsrp": 0.14121479054330405, "a": 272759180.1766465, "aRp": 33.45573109069048, "e": 0.0, "inc": 0.021347511503040956, "pomega": 5.324903719675949, "f": 3.2594141602500764, "P": 975049.6219408702, "RHill": 22044654.5693342, "spacing": "logarithmic", "period_ratio": 2.9299969468990756}, "IV": {"m": 2.9796801149317955e+21, "r": 1027269.865143169, "msmp": 0.0002363840758680894, "rsrp": 0.12600149459146348, "a": 693612442.0185667, "aRp": 85.07618818293082, "e": 0.0, "inc": 0.021347511503040956, "pomega": 2.8484527450190087, "f": 4.465906388451377, "P": 3956628.5628801147, "RHill": 29735998.68722791, "spacing": "logarithmic", "period_ratio": 4.057874054660221}}