{"Planet": {"m": 5.612133618327917e+25, "Rp": 19393333.2, "Rstar": 640044000.0, "RpRstar": 0.0303, "rhostar": 1647.5143319530393, "impact": 0.12422039729730772, "q1": 0.25, "q2": 0.2, "a": 59037999055.716995, "Pp": 94.92493807008442, "rhoplan": 1836.8852025190495, "aRp": null, "e": null, "inc": null, "pomega": null, "f": null, "P": 8201514.649255294, "RHill": 1286129732.0193467}, "I": {"m": 1.8759457512917505e+23, "r": 2187551.0875120573, "msmp": 0.003342660526052605, "rsrp": 0.11279912869810628, "a": 100261629.88060644, "aRp": 5.169901885695773, "e": 0.0, "inc": -0.11330065181213314, "pomega": 4.289331223803166, "f": 2.390991108492682, "P": 102894.10803221373, "RHill": 10394216.689107358, "spacing": "linear", "period_ratio": NaN}, "II": {"m": 1.0678460430429964e+23, "r": 2033435.6931041954, "msmp": 0.001902745222522252, "rsrp": 0.10485230528108472, "a": 208452780.7501382, "aRp": 10.74868247765362, "e": 0.0, "inc": -0.11330065181213314, "pomega": 1.467898877644916, "f": 4.567075788837007, "P": 308682.32409664115, "RHill": 17909940.98408179, "spacing": "linear", "period_ratio": 3.0}}