{"Planet": {"m": 3.707481165852549e+24, "Rp": 5562121.5, "Rstar": 542646000.0, "RpRstar": 0.01025, "rhostar": 2822.2214490554234, "impact": 0.3957318283742155, "q1": 0.39050001, "q2": 0.361577852456393, "a": 32497140174.82664, "Pp": 37.94161349298082, "rhoplan": 5143.620633957617, "aRp": null, "e": null, "inc": null, "pomega": null, "f": null, "P": 3278155.405793543, "RHill": 282111769.348852}, "I": {"m": 9.242967089874045e+21, "r": 1185787.7779772275, "msmp": 0.0024930584071486688, "rsrp": 0.21318983736281696, "a": 22857971.08284745, "aRp": 4.109577808188377, "e": 0.0, "inc": -0.17146083850725372, "pomega": 2.7516820142153624, "f": 6.150596838351214, "P": 43596.674308695794, "RHill": 2149024.7231584378, "spacing": "logarithmic", "period_ratio": NaN}, "II": {"m": 1.5873791306522817e+22, "r": 1328916.3831996676, "msmp": 0.004281556829668366, "rsrp": 0.23892257355393398, "a": 45018073.17618875, "aRp": 8.093687485285741, "e": 0.0, "inc": -0.17146083850725372, "pomega": 4.733596851583541, "f": 0.1181356973447107, "P": 120389.92402441698, "RHill": 5068510.946900401, "spacing": "logarithmic", "period_ratio": 2.761447425369416}, "III": {"m": 7.434560485333471e+21, "r": 863978.0907359557, "msmp": 0.002005286110097842, "rsrp": 0.155332473541967, "a": 125843732.1480867, "aRp": 22.625131822109008, "e": 0.0, "inc": -0.17146083850725372, "pomega": 0.37137338899321287, "f": 1.5257099635795617, "P": 563313.1739159127, "RHill": 11003139.523140736, "spacing": "logarithmic", "period_ratio": 4.67907242637402}}