{"Planet": {"m": 1.7929841523108332e+26, "Rp": 37790424.0, "Rstar": 1349658000.0, "RpRstar": 0.028, "rhostar": 254.87077081357916, "impact": 0.3178999568757368, "q1": 0.379456, "q2": 0.25681818181818183, "a": 16722620876.611073, "Pp": 11.881329107593357, "rhoplan": 793.12665884528, "aRp": null, "e": null, "inc": null, "pomega": null, "f": null, "P": 1026546.8348960661, "RHill": 473983032.72932357}, "I": {"m": 8.967264280048941e+23, "r": 4419538.364882498, "msmp": 0.005001307049196031, "rsrp": 0.11694863134857915, "a": 115553112.72564375, "aRp": 3.0577352803885915, "e": 0.0, "inc": -0.0021818797529682132, "pomega": 4.066884219228552, "f": 4.474703727615345, "P": 71166.88237566165, "RHill": 13701530.129133536, "spacing": "linear", "period_ratio": NaN}, "II": {"m": 6.4197460186714e+23, "r": 3503596.501100749, "msmp": 0.0035804811829471582, "rsrp": 0.092711224968017, "a": 212750299.97454625, "aRp": 5.629741015198619, "e": 0.0, "inc": -0.0021818797529682132, "pomega": 6.116035863064198, "f": 1.4484190552104157, "P": 177917.2059391541, "RHill": 22567159.309449997, "spacing": "linear", "period_ratio": 2.5}}