{"Planet": {"m": 5.729754449449248e+25, "Rp": 19287934.65, "Rstar": 702657000.0, "RpRstar": 0.02745, "rhostar": 1395.6847763844507, "impact": 0.14627723657304936, "q1": 0.25, "q2": 0.2, "a": 145300171276.9075, "Pp": 346.18103964525034, "rhoplan": 1906.2955033826602, "aRp": null, "e": null, "inc": null, "pomega": null, "f": null, "P": 29910041.82534963, "RHill": 3068332009.8867354}, "I": {"m": 4.727953216865181e+22, "r": 1644390.1817326753, "msmp": 0.000825158086367844, "rsrp": 0.0852548606977303, "a": 71843934.87861295, "aRp": 3.724812230147874, "e": 0.0, "inc": -0.1711117377467788, "pomega": 2.8754731438797667, "f": 4.504237651951523, "P": 61846.490453796985, "RHill": 4672278.756214336, "spacing": "logarithmic", "period_ratio": NaN}, "II": {"m": 8.99464270525571e+22, "r": 2013636.2044588842, "msmp": 0.001569812944797362, "rsrp": 0.10439874672941638, "a": 107102431.36846595, "aRp": 5.5528201081117805, "e": 0.0, "inc": -0.1711117377467788, "pomega": 0.44363724641151997, "f": 4.822198624592074, "P": 112529.75750909398, "RHill": 8630611.091890061, "spacing": "logarithmic", "period_ratio": 1.8195011015727791}, "III": {"m": 5.996428470170479e+22, "r": 1889264.6214120737, "msmp": 0.001046541963198242, "rsrp": 0.09795059220672307, "a": 188699132.0467967, "aRp": 9.783273091232541, "e": 0.0, "inc": -0.1711117377467788, "pomega": 4.356568030270634, "f": 5.657945845169016, "P": 263230.81004479696, "RHill": 13283576.870037848, "spacing": "logarithmic", "period_ratio": 2.339210675216502}, "IV": {"m": 8.764010841018387e+22, "r": 1552046.1524575434, "msmp": 0.001529561330828199, "rsrp": 0.08046720297538666, "a": 507621972.1147324, "aRp": 26.318109290915313, "e": 0.0, "inc": -0.1711117377467788, "pomega": 0.7031587517485706, "f": 5.2620655827904645, "P": 1161148.4131801343, "RHill": 40552935.0696319, "spacing": "logarithmic", "period_ratio": 4.411141739002849}, "V": {"m": 6.457692198645126e+22, "r": 1987665.3656100277, "msmp": 0.0011270451911365676, "rsrp": 0.10305226566132253, "a": 745687553.9588408, "aRp": 38.66082955433701, "e": 0.0, "inc": -0.1711117377467788, "pomega": 3.04450773210172, "f": 5.228761370241158, "P": 2067758.1727393314, "RHill": 53805943.71660402, "spacing": "logarithmic", "period_ratio": 1.7807871494016765}}