{"Planet": {"m": 3.706532754861441e+25, "Rp": 14417130.24, "Rstar": 890496000.0, "RpRstar": 0.01619, "rhostar": 799.9601320867325, "impact": 0.3367798077735864, "q1": 0.29822521, "q2": 0.23274125618018676, "a": 134006340070.77898, "Pp": 283.8712733175321, "rhoplan": 2952.8593945509233, "aRp": null, "e": null, "inc": null, "pomega": null, "f": null, "P": 24526478.014634773, "RHill": 2324823131.0719714}, "I": {"m": 1.2726821688079908e+23, "r": 2218049.971645871, "msmp": 0.0034336191070718507, "rsrp": 0.1538482301763455, "a": 156994207.19847715, "aRp": 10.889421444144292, "e": 0.0, "inc": -0.002042239448778238, "pomega": 1.4050607407594315, "f": 1.0242616312333959, "P": 248069.9754123521, "RHill": 16422045.413411885, "spacing": "logarithmic", "period_ratio": NaN}, "II": {"m": 5.454352152034242e+22, "r": 1625715.9034862712, "msmp": 0.001471551045887935, "rsrp": 0.11276279512102619, "a": 249050230.60126126, "aRp": 17.274605032718444, "e": 0.0, "inc": -0.002042239448778238, "pomega": 5.32113343146282, "f": 1.5835210495142071, "P": 496139.9508247042, "RHill": 19641363.833788827, "spacing": "logarithmic", "period_ratio": 2.0}}