{"Planet": {"m": 1.0458739689948044e+25, "Rp": 7555302.0, "Rstar": 521775000.0, "RpRstar": 0.01448, "rhostar": 2706.777262670449, "impact": 0.1816035644930475, "q1": 0.39050001, "q2": 0.361577852456393, "a": 109015006651.30173, "Pp": 252.46188340262853, "rhoplan": 5789.422688087728, "aRp": null, "e": null, "inc": null, "pomega": null, "f": null, "P": 21812706.725987107, "RHill": 1410182569.382665}, "I": {"m": 2.286187746402624e+22, "r": 1211774.9652345541, "msmp": 0.0021859113183588384, "rsrp": 0.16038736310402338, "a": 45209830.259096295, "aRp": 5.983854816008188, "e": 0.0, "inc": 0.049764313405698896, "pomega": 5.954541851268503, "f": 0.14012904525463024, "P": 72212.51948303747, "RHill": 4068209.4519674787, "spacing": "logarithmic", "period_ratio": NaN}, "II": {"m": 3.271613499162374e+22, "r": 1149268.2994057243, "msmp": 0.0031281144728238534, "rsrp": 0.15211414439895643, "a": 83173386.3746621, "aRp": 11.008611750352546, "e": 0.0, "inc": 0.049764313405698896, "pomega": 5.7779666866202914, "f": 4.305040758024537, "P": 180109.12001725336, "RHill": 8434088.975279024, "spacing": "logarithmic", "period_ratio": 2.494153663473278}, "III": {"m": 2.838026167948085e+22, "r": 1493939.6054017823, "msmp": 0.002713545084859248, "rsrp": 0.19773393643322032, "a": 183037311.21256775, "aRp": 24.226339491468078, "e": 0.0, "inc": 0.049764313405698896, "pomega": 2.7554523024284916, "f": 1.4301959955136252, "P": 588109.6830013319, "RHill": 17701560.609445535, "spacing": "logarithmic", "period_ratio": 3.2652965210478766}, "IV": {"m": 1.970851505519503e+22, "r": 1394057.4148429623, "msmp": 0.001884406308930033, "rsrp": 0.18451379108908714, "a": 315492763.20998216, "aRp": 41.75779647325576, "e": 0.0, "inc": 0.049764313405698896, "pomega": 1.3968917829643186, "f": 2.5901880024196675, "P": 1331412.4808030494, "RHill": 27019283.827649012, "spacing": "logarithmic", "period_ratio": 2.263884644796835}}