{"Planet": {"m": 2.5516652442456245e+25, "Rp": 11491990.02, "Rstar": 925281000.0, "RpRstar": 0.012419999999999999, "rhostar": 737.057686289154, "impact": 0.12161195512527345, "q1": 0.29822521, "q2": 0.23274125618018676, "a": 209671637379.39178, "Pp": 546.468354912722, "rhoplan": 4013.7412186776164, "aRp": null, "e": null, "inc": null, "pomega": null, "f": null, "P": 47214865.86445918, "RHill": 3176655802.420934}, "I": {"m": 3.3201809156963234e+22, "r": 1590441.1536251856, "msmp": 0.001301182011701501, "rsrp": 0.13839562607148745, "a": 63547593.986707546, "aRp": 5.529729305030109, "e": 0.0, "inc": -0.05873620294990417, "pomega": 5.403451390782805, "f": 0.1181356973447107, "P": 77078.18174023298, "RHill": 4810291.3046603855, "spacing": "logarithmic", "period_ratio": NaN}, "II": {"m": 5.138375226672879e+21, "r": 748164.8199294149, "msmp": 0.00020137340657285126, "rsrp": 0.06510315607891687, "a": 160071253.39355808, "aRp": 13.928941211659536, "e": 0.0, "inc": -0.05873620294990417, "pomega": 2.172314392131196, "f": 0.9809033167824117, "P": 308312.7269609319, "RHill": 6505394.422336939, "spacing": "logarithmic", "period_ratio": 4.0}, "III": {"m": 7.509933023598821e+21, "r": 996576.1122449853, "msmp": 0.00029431497883724406, "rsrp": 0.08671919402214946, "a": 403366776.49144703, "aRp": 35.099819595165904, "e": 0.0, "inc": -0.05873620294990417, "pomega": 5.761000389661211, "f": 6.076447836826343, "P": 1233250.9078437276, "RHill": 18603607.211294614, "spacing": "logarithmic", "period_ratio": 4.0}, "IV": {"m": 3.162077062567926e+22, "r": 1464606.425177343, "msmp": 0.0012392209635252386, "rsrp": 0.12744584903297218, "a": 1016740530.7743442, "aRp": 88.47384386906596, "e": 0.0, "inc": -0.05873620294990417, "pomega": 2.210017274262487, "f": 3.597483336693983, "P": 4933003.6313749105, "RHill": 75721516.30392724, "spacing": "logarithmic", "period_ratio": 4.0}, "V": {"m": 1.0276750453345758e+22, "r": 987634.7494573151, "msmp": 0.0004027468131457025, "rsrp": 0.08594114228593065, "a": 1954646825.4949336, "aRp": 170.08775869916164, "e": 0.0, "inc": -0.05873620294990417, "pomega": 2.3696261419516174, "f": 1.1914110753487845, "P": 13154676.350333095, "RHill": 100085673.92018856, "spacing": "logarithmic", "period_ratio": 2.6666666666666665}}