{"Planet": {"m": 8.497441094687928e+25, "Rp": 24379832.52, "Rstar": 1106163000.0, "RpRstar": 0.02204, "rhostar": 364.7482839499937, "impact": 0.07457979452909935, "q1": 0.26163225000000007, "q2": 0.21691104594330396, "a": 33593854588.756813, "Pp": 38.113117486403425, "rhoplan": 1399.9334793895616, "aRp": null, "e": null, "inc": null, "pomega": null, "f": null, "P": 3292973.3508252557, "RHill": 803777276.4991227}, "I": {"m": 2.5072033794334083e+23, "r": 2307220.4910265123, "msmp": 0.002950539287645967, "rsrp": 0.09463643727387314, "a": 44232532.53106972, "aRp": 1.8143083015350312, "e": 0.0, "inc": 0.010176287167843717, "pomega": 3.0130886636589778, "f": 3.2349072868647375, "P": 24507.887350892852, "RHill": 4398809.840690461, "spacing": "logarithmic", "period_ratio": NaN}, "II": {"m": 9.670641606386008e+22, "r": 1736759.1661151948, "msmp": 0.001138065153806302, "rsrp": 0.07123753474066913, "a": 81427911.77486482, "aRp": 3.3399701047193586, "e": 0.0, "inc": 0.010176287167843717, "pomega": 0.8577405684868623, "f": 0.8407742715277815, "P": 61269.71837723213, "RHill": 5894612.415592977, "spacing": "logarithmic", "period_ratio": 2.5}, "III": {"m": 3.5817191134763007e+22, "r": 1667412.8654758686, "msmp": 0.00042150561252085275, "rsrp": 0.06839312222953156, "a": 159793131.64030582, "aRp": 6.554316216455527, "e": 0.0, "inc": 0.010176287167843717, "pomega": 5.046530773273253, "f": 3.672889100956564, "P": 168491.72553738835, "RHill": 8307151.748239652, "spacing": "logarithmic", "period_ratio": 2.75}, "IV": {"m": 1.611773601064335e+23, "r": 2511349.3032067246, "msmp": 0.0018967752563438368, "rsrp": 0.1030092926662453, "a": 332546410.6180068, "aRp": 13.64022539306627, "e": 0.0, "inc": 0.010176287167843717, "pomega": 3.4366177062671426, "f": 0.1181356973447107, "P": 505475.17661216506, "RHill": 28541960.769391537, "spacing": "logarithmic", "period_ratio": 3.0}, "V": {"m": 3.5817191134763007e+22, "r": 1329667.258523817, "msmp": 0.00042150561252085275, "rsrp": 0.054539638753999815, "a": 691384726.3389186, "aRp": 28.358879240525585, "e": 0.0, "inc": 0.010176287167843717, "pomega": 4.457737430656264, "f": 3.9807959716954375, "P": 1516425.5298364952, "RHill": 35942958.11813122, "spacing": "logarithmic", "period_ratio": 3.0}}