{"Planet": {"m": 6.763945109870982e+25, "Rp": 21516331.32, "Rstar": 918324000.0, "RpRstar": 0.02343, "rhostar": 772.3249100106967, "impact": 0.16250994932799068, "q1": 0.29822521, "q2": 0.23274125618018676, "a": 23984582066.276463, "Pp": 20.888988308489914, "rhoplan": 1621.088764643748, "aRp": null, "e": null, "inc": null, "pomega": null, "f": null, "P": 1804808.5898535287, "RHill": 498884039.50636435}, "I": {"m": 5.436816305832798e+23, "r": 3661727.424015847, "msmp": 0.008037936762524234, "rsrp": 0.1701836325885247, "a": 51987204.077053666, "aRp": 2.416174175043037, "e": 0.0, "inc": -0.0014836782320183928, "pomega": 0.29156895514864767, "f": 0.2394133015336956, "P": 34912.68280946535, "RHill": 7220560.3921619775, "spacing": "logarithmic", "period_ratio": NaN}}