{"Planet": {"m": 2.95039222072329e+25, "Rp": 12776182.649999999, "Rstar": 730485000.0, "RpRstar": 0.01749, "rhostar": 1290.8900669612153, "impact": 0.20173881506685276, "q1": 0.37871715999999994, "q2": 0.34367890802729933, "a": 127353194798.6424, "Pp": 278.6564518576242, "rhoplan": 3377.441296425191, "aRp": null, "e": null, "inc": null, "pomega": null, "f": null, "P": 24075917.44049873, "RHill": 2128100263.5999606}, "I": {"m": 3.870269463561114e+22, "r": 1720054.9757782847, "msmp": 0.0013117813409270433, "rsrp": 0.13462980476240177, "a": 436970732.48469955, "aRp": 34.20197914004459, "e": 0.0, "inc": -0.03248382576219069, "pomega": 2.8138917697319923, "f": 3.7181325595141126, "P": 1292501.3068435283, "RHill": 33166457.043102473, "spacing": "logarithmic", "period_ratio": NaN}}