{"Planet": {"m": 4.0271691785245295e+25, "Rp": 15664381.2, "Rstar": 723528000.0, "RpRstar": 0.02165, "rhostar": 1290.8878042472256, "impact": 0.45694688399800587, "q1": 0.37871715999999994, "q2": 0.34367890802729933, "a": 187030454635.54187, "Pp": 503.10185780399775, "rhoplan": 2501.33312831118, "aRp": null, "e": null, "inc": null, "pomega": null, "f": null, "P": 43468000.5142654, "RHill": 3500183590.4718843}, "I": {"m": 1.0814430324809403e+22, "r": 1050349.8456991157, "msmp": 0.00026853677721012915, "rsrp": 0.06705338897773477, "a": 42830411.58975182, "aRp": 2.7342549343571783, "e": 0.0, "inc": 0.063483973292363, "pomega": 2.310558293279262, "f": 1.5112571920959001, "P": 33966.21364521089, "RHill": 1915930.5120434675, "spacing": "linear", "period_ratio": NaN}, "II": {"m": 1.2568121728832538e+22, "r": 1266825.884320891, "msmp": 0.00031208328162258224, "rsrp": 0.08087302448442017, "a": 273049636.5416383, "aRp": 17.4312430893624, "e": 0.0, "inc": 0.063483973292363, "pomega": 3.0665010800116392, "f": 1.0971538700205579, "P": 546728.5032190813, "RHill": 12841764.044095734, "spacing": "linear", "period_ratio": 16.096245196177996}, "III": {"m": 1.183741697715624e+22, "r": 1190328.8243505005, "msmp": 0.0002939389047840603, "rsrp": 0.07598952101283775, "a": 477207187.7030202, "aRp": 30.464477441535976, "e": 0.0, "inc": 0.063483973292363, "pomega": 0.4247858053458746, "f": 3.9650864374740666, "P": 1263204.6488257973, "RHill": 21999809.25528077, "spacing": "linear", "period_ratio": 2.3104788599609822}, "IV": {"m": 5.991778963745749e+21, "r": 955149.9874142121, "msmp": 0.00014878389007588232, "rsrp": 0.06097591569172309, "a": 793379737.8253138, "aRp": 50.64864852914291, "e": 0.0, "inc": 0.063483973292363, "pomega": 1.108464734659945, "f": 2.7278035221988786, "P": 2708110.7487115725, "RHill": 29149156.352213934, "spacing": "linear", "period_ratio": 2.143841657983825}, "V": {"m": 5.845638013410494e+21, "r": 817677.3396868857, "msmp": 0.00014515501470817804, "rsrp": 0.05219978556745579, "a": 1609465981.503049, "aRp": 102.74685995914406, "e": 0.0, "inc": 0.063483973292363, "pomega": 0.46374545021487495, "f": 3.9927352177036797, "P": 7824710.061606236, "RHill": 58647845.82014358, "spacing": "linear", "period_ratio": 2.8893611774662347}}