{"Planet": {"m": 1.6848158012601173e+26, "Rp": 37945704.24, "Rstar": 807012000.0, "RpRstar": 0.04702, "rhostar": 1002.5367513154968, "impact": 0.20326147722716748, "q1": 0.37234403999999993, "q2": 0.25901343821697803, "a": 55746349454.513336, "Pp": 78.8600219367254, "rhoplan": 736.1663558711418, "aRp": null, "e": null, "inc": null, "pomega": null, "f": null, "P": 6813505.895333075, "RHill": 1639647636.2469492}, "I": {"m": 4.804972814976072e+23, "r": 3013015.347442074, "msmp": 0.0028519276774246235, "rsrp": 0.07940333188666823, "a": 76548454.77670833, "aRp": 2.0173154329289193, "e": 0.0, "inc": -0.08020589971911135, "pomega": 4.704062927247363, "f": 3.535273581177353, "P": 39626.61986625624, "RHill": 7526773.48126491, "spacing": "logarithmic", "period_ratio": NaN}, "II": {"m": 2.097945876961384e+23, "r": 2632857.7916607675, "msmp": 0.00124520785915723, "rsrp": 0.06938487094635004, "a": 136858837.82890254, "aRp": 3.6067017484586428, "e": 0.0, "inc": -0.08020589971911135, "pomega": 3.753321916169984, "f": 4.163654950032197, "P": 94806.87668927085, "RHill": 10208917.961985018, "spacing": "logarithmic", "period_ratio": 2.3925047609221637}, "III": {"m": 2.1656215504117507e+23, "r": 2756364.8483621213, "msmp": 0.0012853758546139146, "rsrp": 0.07263970727565343, "a": 437607591.5117552, "aRp": 11.53246725226031, "e": 0.0, "inc": -0.08020589971911135, "pomega": 0.8093552030850393, "f": 4.930280220035107, "P": 542062.2052793537, "RHill": 32990417.25055991, "spacing": "logarithmic", "period_ratio": 5.717541007662981}}