{"Planet": {"m": 4.111571834993245e+25, "Rp": 16028928.0, "Rstar": 556560000.0, "RpRstar": 0.0288, "rhostar": 2643.3371705766103, "impact": 0.04939959973147545, "q1": 0.37871715999999994, "q2": 0.34367890802729933, "a": 14908172353.520308, "Pp": 11.727531893444109, "rhoplan": 2383.448864193508, "aRp": null, "e": null, "inc": null, "pomega": null, "f": null, "P": 1013258.755593571, "RHill": 287603543.82907}, "I": {"m": 2.483344685224884e+23, "r": 2386307.266252963, "msmp": 0.006039891274887489, "rsrp": 0.14887503807197605, "a": 43834971.352923036, "aRp": 2.7347412972921856, "e": 0.0, "inc": -0.15690333679544982, "pomega": 4.396784437877344, "f": 3.642098413882677, "P": 34705.36011286885, "RHill": 5535072.950609758, "spacing": "logarithmic", "period_ratio": NaN}, "II": {"m": 1.280474603319081e+23, "r": 2329481.8223910583, "msmp": 0.0031143189386138616, "rsrp": 0.14532985751705033, "a": 130543311.51210213, "aRp": 8.144232197692954, "e": 0.0, "inc": -0.15690333679544982, "pomega": 4.775698403296816, "f": 4.773813259190251, "P": 178619.8780023428, "RHill": 13218085.883327555, "spacing": "logarithmic", "period_ratio": 5.146751897154641}}