{"Planet": {"m": 5.056683132715824e+27, "Rp": 100431252.0, "Rstar": 834840000.0, "RpRstar": 0.1203, "rhostar": 913.7461824215445, "impact": 0.24736260614500183, "q1": 0.29822521, "q2": 0.23274125618018676, "a": 128772988289.11429, "Pp": 275.3251988678304, "rhoplan": 1191.7097724262424, "aRp": null, "e": null, "inc": null, "pomega": null, "f": null, "P": 23788097.182180546, "RHill": 11735410657.984846}, "I": {"m": 5.050593627798935e+24, "r": 6166058.217497085, "msmp": 0.0009987957511362554, "rsrp": 0.0613958115099181, "a": 233789083.10167333, "aRp": 2.327851923041578, "e": 0.0, "inc": 0.10600444591820743, "pomega": 1.495547657874529, "f": 3.518935665587127, "P": 38642.36518590182, "RHill": 16203520.075178996, "spacing": "logarithmic", "period_ratio": NaN}, "II": {"m": 5.396524698196124e+24, "r": 5321909.597038509, "msmp": 0.0010672064190223006, "rsrp": 0.052990573064234124, "a": 563330016.3376943, "aRp": 5.609110761037752, "e": 0.0, "inc": 0.10600444591820743, "pomega": 0.8395175087900718, "f": 3.873342757621259, "P": 144529.6190857417, "RHill": 39915228.27806093, "spacing": "logarithmic", "period_ratio": 3.7401856328005385}, "III": {"m": 3.390124489892438e+24, "r": 5681665.928293715, "msmp": 0.0006704245452832404, "rsrp": 0.05657268843261772, "a": 1115067036.776653, "aRp": 11.102789366567421, "e": 0.0, "inc": 0.10600444591820743, "pomega": 1.5370208282189488, "f": 5.051557824224092, "P": 402578.0302996197, "RHill": 67667042.39604726, "spacing": "logarithmic", "period_ratio": 2.7854361814984907}, "IV": {"m": 3.1133796335746874e+24, "r": 5390020.653187958, "msmp": 0.0006156960109744043, "rsrp": 0.05366875893559465, "a": 5256494221.129646, "aRp": 52.33922824271519, "e": 0.0, "inc": 0.10600444591820743, "pomega": 2.5788771377802804, "f": 0.5755973338710373, "P": 4120546.0096360403, "RHill": 310059150.63526076, "spacing": "logarithmic", "period_ratio": 10.235397114366409}}