{"Planet": {"m": 3.944499146148222e+25, "Rp": 15252526.8, "Rstar": 201753000.0, "RpRstar": 0.0756, "rhostar": 16763.137031005062, "impact": 0.3580923574732259, "q1": 0.11235904, "q2": 0.15244630071599044, "a": 136280056284.08244, "Pp": 589.7187181549076, "rhoplan": 2653.8591332869178, "aRp": null, "e": null, "inc": null, "pomega": null, "f": null, "P": 50951697.24858402, "RHill": 3864451597.152282}, "I": {"m": 1.694114588204578e+23, "r": 2286695.540610464, "msmp": 0.004294878831090305, "rsrp": 0.14992240765054507, "a": 1845796318.1237926, "aRp": 121.01577281764176, "e": 0.0, "inc": 0.1283818046646494, "pomega": 5.084862036773399, "f": 0.2519809289107925, "P": 9690052.104392903, "RHill": 208030491.7730566, "spacing": "linear", "period_ratio": NaN}}