{"Planet": {"m": 2.889826346880522e+25, "Rp": 12340326.600000001, "Rstar": 681786000.0, "RpRstar": 0.0181, "rhostar": 1422.9730311053952, "impact": 0.3137256882054493, "q1": 0.37871715999999994, "q2": 0.34367890802729933, "a": 40217284713.37488, "Pp": 52.23532519611733, "rhoplan": 3671.1588372890774, "aRp": null, "e": null, "inc": null, "pomega": null, "f": null, "P": 4513132.096944537, "RHill": 692234230.3874019}, "I": {"m": 5.392241692228955e+22, "r": 1599982.1719006146, "msmp": 0.0018659396949749984, "rsrp": 0.12965476715183652, "a": 40760678.19673818, "aRp": 3.303046954749008, "e": 0.0, "inc": 0.07256059306471074, "pomega": 2.0793139495406794, "f": 2.3111866746481167, "P": 37196.18759835083, "RHill": 3479366.553912588, "spacing": "logarithmic", "period_ratio": NaN}, "II": {"m": 3.97323072058976e+22, "r": 1807803.5310539003, "msmp": 0.0013749029331394736, "rsrp": 0.1464955985082194, "a": 106088902.9567684, "aRp": 8.59692829821606, "e": 0.0, "inc": 0.07256059306471074, "pomega": 5.971508148227584, "f": 1.1920394567176393, "P": 156223.98791307348, "RHill": 8179376.882926365, "spacing": "logarithmic", "period_ratio": 4.2}, "III": {"m": 2.9326226747210124e+22, "r": 1263034.7562698, "msmp": 0.0010148093077934207, "rsrp": 0.10235018871135873, "a": 220647356.29831815, "aRp": 17.88018773330668, "e": 0.0, "inc": 0.07256059306471074, "pomega": 3.637071362931838, "f": 6.241712136835167, "P": 468671.9637392204, "RHill": 15373985.15369329, "spacing": "logarithmic", "period_ratio": 3.0}, "IV": {"m": 8.135662904064736e+22, "r": 2182255.3989986284, "msmp": 0.0028152774345236806, "rsrp": 0.17683935520787822, "a": 601774642.8574888, "aRp": 48.76488786427166, "e": 0.0, "inc": 0.07256059306471074, "pomega": 4.611062484656847, "f": 0.9149232730526531, "P": 2109023.8368264916, "RHill": 58916083.00123067, "spacing": "logarithmic", "period_ratio": 4.5}}