{"Planet": {"m": 1.649385592750349e+28, "Rp": 61936083.9, "Rstar": 883539000.0, "RpRstar": 0.0701, "rhostar": 681.3579423693959, "impact": 0.45575272022854796, "q1": 0.25, "q2": 0.2, "a": 20292753416.659412, "Pp": 18.2638498701086, "rhoplan": 16573.04694601298, "aRp": null, "e": null, "inc": null, "pomega": null, "f": null, "P": 1577996.6287773831, "RHill": 2857772090.39785}, "I": {"m": 2.6088246587964467e+25, "r": 11192981.863263255, "msmp": 0.0015816948264027418, "rsrp": 0.1807182688743299, "a": 378357710.9297749, "aRp": 6.1088413587894745, "e": 0.0, "inc": 0.17362526322219815, "pomega": 0.145156096205469, "f": 0.5674283760759242, "P": 44037.90018998564, "RHill": 30565844.716424704, "spacing": "linear", "period_ratio": NaN}, "II": {"m": 4.7828452077934895e+25, "r": 16382229.511432711, "msmp": 0.002899773848405029, "rsrp": 0.2645021848311064, "a": 974299941.7349875, "aRp": 15.730732077088708, "e": 0.0, "inc": 0.17362526322219815, "pomega": 2.245835012287213, "f": 6.18767133911365, "P": 181855.38109810028, "RHill": 96332678.22226448, "spacing": "linear", "period_ratio": 4.129519807110485}}