{"Planet": {"m": 3.2064383739061017e+24, "Rp": 5390770.59, "Rstar": 480032999.99999994, "RpRstar": 0.01123, "rhostar": 2918.1857438582133, "impact": 0.08135307385648327, "q1": 0.3701505600000001, "q2": 0.22016765285996057, "a": 18697349053.61775, "Pp": 19.571557642646383, "rhoplan": 4886.31810962793, "aRp": null, "e": null, "inc": null, "pomega": null, "f": null, "P": 1690982.5803246475, "RHill": 172879026.7683178}, "I": {"m": 1.5461418092554573e+22, "r": 1174194.225086302, "msmp": 0.004821991346654009, "rsrp": 0.21781565464211344, "a": 54810659.53993714, "aRp": 10.167499919512831, "e": 0.0, "inc": -0.029027728233489036, "pomega": 1.3120602981689147, "f": 3.97074186979376, "P": 173867.54987172867, "RHill": 6420468.978903729, "spacing": "logarithmic", "period_ratio": NaN}}