{"Planet": {"m": 3.8635261704263866e+25, "Rp": 15297399.45, "Rstar": 744399000.0, "RpRstar": 0.02055, "rhostar": 1139.2922746911336, "impact": 0.364213511862031, "q1": 0.37871715999999994, "q2": 0.34367890802729933, "a": 84126550236.57916, "Pp": 154.80610016097998, "rhoplan": 2576.5728565352374, "aRp": null, "e": null, "inc": null, "pomega": null, "f": null, "P": 13375247.05390867, "RHill": 1573403987.498566}, "I": {"m": 9.561693054448207e+21, "r": 993271.2246747689, "msmp": 0.0002474861728034563, "rsrp": 0.06493072420062672, "a": 66375113.14548954, "aRp": 4.338980188262623, "e": 0.0, "inc": -0.09214514572735338, "pomega": 0.11310864639387194, "f": 3.845693977391646, "P": 66902.02367560701, "RHill": 2889449.9048166038, "spacing": "logarithmic", "period_ratio": NaN}, "II": {"m": 3.22707140587627e+22, "r": 1359501.5561809775, "msmp": 0.0008352658332116653, "rsrp": 0.08887141638842265, "a": 122312400.03008631, "aRp": 7.995633534305487, "e": 0.0, "inc": -0.09214514572735338, "pomega": 2.499072703935715, "f": 3.0344536302000424, "P": 167305.2269620375, "RHill": 7986778.535130207, "spacing": "logarithmic", "period_ratio": 2.5007498692904004}, "III": {"m": 1.9123386108896413e+22, "r": 1317041.858291252, "msmp": 0.0004949723456069127, "rsrp": 0.08609580096251275, "a": 257000477.37995398, "aRp": 16.800272374397206, "e": 0.0, "inc": -0.09214514572735338, "pomega": 4.296871800229424, "f": 1.7267920016131117, "P": 509657.6144624733, "RHill": 14095716.516045144, "spacing": "logarithmic", "period_ratio": 3.046274307844055}, "IV": {"m": 4.183240711321089e+22, "r": 1720478.3877144055, "msmp": 0.001082752006015121, "rsrp": 0.11246868419288127, "a": 634790624.5045534, "aRp": 41.496636508668374, "e": 0.0, "inc": -0.09214514572735338, "pomega": 4.699664257665379, "f": 6.0978128033674075, "P": 1977861.3492399293, "RHill": 45195974.11955211, "spacing": "logarithmic", "period_ratio": 3.880764837244596}}