{"Planet": {"m": 3.272802470448566e+25, "Rp": 13651303.68, "Rstar": 667872000.0, "RpRstar": 0.02044, "rhostar": 1513.7745418883703, "impact": 0.265805922101788, "q1": 0.37871715999999994, "q2": 0.34367890802729933, "a": 200577750592.9213, "Pp": 581.7935187648437, "rhoplan": 3071.2049666187627, "aRp": null, "e": null, "inc": null, "pomega": null, "f": null, "P": 50266960.0212825, "RHill": 3598645758.0495086}, "I": {"m": 2.160321062314677e+22, "r": 1540039.8114612408, "msmp": 0.0006600829355945169, "rsrp": 0.11281265493474399, "a": 285999405.9519831, "aRp": 20.950336514086185, "e": 0.0, "inc": -0.13033676892330892, "pomega": 0.6667126323549897, "f": 1.4389933346775932, "P": 650012.2151442702, "RHill": 17265965.998821475, "spacing": "linear", "period_ratio": NaN}, "II": {"m": 9.81964119233944e+21, "r": 1053770.2075112707, "msmp": 0.00030003769799750773, "rsrp": 0.07719191018035214, "a": 561308342.1421981, "aRp": 41.11756322325093, "e": 0.0, "inc": -0.13033676892330892, "pomega": 4.929651838666253, "f": 6.280671781704167, "P": 1787533.591646743, "RHill": 26054716.584749132, "spacing": "linear", "period_ratio": 2.75}, "III": {"m": 7.855712953871553e+22, "r": 1580639.1778270348, "msmp": 0.002400301583980062, "rsrp": 0.11578668344641461, "a": 1531017449.1113582, "aRp": 112.15173913055594, "e": 0.0, "inc": -0.13033676892330892, "pomega": 5.2601804386839, "f": 3.3486443146274643, "P": 8043901.162410343, "RHill": 142133022.89669693, "spacing": "linear", "period_ratio": 4.5}, "IV": {"m": 3.7314636530889865e+22, "r": 1600016.2783117017, "msmp": 0.001140143252390529, "rsrp": 0.11720611568079202, "a": 3594730777.1213074, "aRp": 263.3250905104257, "e": 0.0, "inc": -0.13033676892330892, "pomega": 0.358805761616116, "f": 3.4309622739474492, "P": 28958044.184677236, "RHill": 260382879.56401592, "spacing": "linear", "period_ratio": 3.6}}