{"Planet": {"m": 1.024404189344273e+25, "Rp": 7624315.44, "Rstar": 528732000.0, "RpRstar": 0.01442, "rhostar": 2569.2153089144294, "impact": 0.07180837933892059, "q1": 0.39904488999999993, "q2": 0.24908975779642237, "a": 23870543096.21212, "Pp": 26.028993028743436, "rhoplan": 5517.980590283217, "aRp": null, "e": null, "inc": null, "pomega": null, "f": null, "P": 2248904.997683433, "RHill": 307926475.651241}, "I": {"m": 2.669207472328752e+21, "r": 637752.7913977235, "msmp": 0.00026056194421045144, "rsrp": 0.0836472200575326, "a": 36097783.57322969, "aRp": 4.734560611677642, "e": 0.0, "inc": -0.026898213594592074, "pomega": 4.479730778566184, "f": 2.7491684887399432, "P": 52108.13934115929, "RHill": 1598614.62038886, "spacing": "logarithmic", "period_ratio": NaN}, "II": {"m": 8.897358241095843e+21, "r": 1222187.8570983103, "msmp": 0.0008685398140348385, "rsrp": 0.16030132366851682, "a": 75101625.57324626, "aRp": 9.850277859601025, "e": 0.0, "inc": -0.026898213594592074, "pomega": 4.949760042469607, "f": 0.592563630830118, "P": 156324.41802347786, "RHill": 4968273.509767757, "spacing": "logarithmic", "period_ratio": 3.0}, "III": {"m": 5.516362109479424e+21, "r": 988328.4252723751, "msmp": 0.0005384946847016, "rsrp": 0.12962848049114492, "a": 105560334.67777286, "aRp": 13.845221319669436, "e": 0.0, "inc": -0.026898213594592074, "pomega": 1.3114319168000597, "f": 4.061228786908858, "P": 260540.69670579644, "RHill": 5954621.308410796, "spacing": "logarithmic", "period_ratio": 1.6666666666666667}, "IV": {"m": 1.3168090196821846e+22, "r": 1219877.871444735, "msmp": 0.0012854389247715608, "rsrp": 0.15999834752964195, "a": 229284894.22208866, "aRp": 30.0728499530823, "e": 0.0, "inc": -0.026898213594592074, "pomega": 0.3242447863290996, "f": 5.640351166841081, "P": 833730.2294585486, "RHill": 17285641.732822854, "spacing": "logarithmic", "period_ratio": 3.2}}