{"Planet": {"m": 1.0677937189237068e+25, "Rp": 7674127.5600000005, "Rstar": 640044000.0, "RpRstar": 0.01199, "rhostar": 1756.1416505433494, "impact": 0.4260000299758977, "q1": 0.37871715999999994, "q2": 0.34367890802729933, "a": 103647262463.02928, "Pp": 213.87498571113156, "rhoplan": 5640.4234717730415, "aRp": null, "e": null, "inc": null, "pomega": null, "f": null, "P": 18478798.765441768, "RHill": 1271317397.3926568}, "I": {"m": 8.593670094151811e+21, "r": 1015201.5443996895, "msmp": 0.0008048062038437429, "rsrp": 0.13228885452611494, "a": 45462899.66312353, "aRp": 5.9241782610039815, "e": 0.0, "inc": 0.045819474812332395, "pomega": 1.55273036244032, "f": 3.902248300588582, "P": 72118.10928838012, "RHill": 2932111.5286944536, "spacing": "logarithmic", "period_ratio": NaN}, "II": {"m": 4.55990658057035e+21, "r": 855444.9256656274, "msmp": 0.0004270400265293331, "rsrp": 0.11147129350891677, "a": 114544912.78959365, "aRp": 14.926115300277031, "e": 0.0, "inc": 0.045819474812332395, "pomega": 2.2408079613363743, "f": 2.4865050765586183, "P": 288472.43715352047, "RHill": 5980785.803340464, "spacing": "logarithmic", "period_ratio": 4.0}, "III": {"m": 8.067527027162924e+21, "r": 996971.3523713247, "msmp": 0.0007555323546288199, "rsrp": 0.1299133151718584, "a": 238289095.3078023, "aRp": 31.05096878371439, "e": 0.0, "inc": 0.045819474812332395, "pomega": 0.23124434373858266, "f": 4.587183992640362, "P": 865417.3114605614, "RHill": 15048092.052569358, "spacing": "logarithmic", "period_ratio": 3.0}, "IV": {"m": 1.3679719741711041e+22, "r": 1351063.3936977417, "msmp": 0.0012811200795879985, "rsrp": 0.17605433101476117, "a": 600555993.0010318, "aRp": 78.25723358200625, "e": 0.0, "inc": 0.045819474812332395, "pomega": 4.245344527983327, "f": 4.986834543232043, "P": 3461669.2458422454, "RHill": 45224769.94683124, "spacing": "logarithmic", "period_ratio": 4.0}, "V": {"m": 2.279953290285175e+21, "r": 714064.1511891929, "msmp": 0.00021352001326466655, "rsrp": 0.09304825149260261, "a": 1248762665.6934588, "aRp": 162.7237306039071, "e": 0.0, "inc": 0.045819474812332395, "pomega": 5.464404383561725, "f": 3.180238107774366, "P": 10385007.737526737, "RHill": 51751032.284409, "spacing": "logarithmic", "period_ratio": 3.0}}