{"Planet": {"m": 2.6044774111630506e+26, "Rp": 47134440.269999996, "Rstar": 480032999.99999994, "RpRstar": 0.09819, "rhostar": 3175.6727212574674, "impact": 0.1450399482162975, "q1": 0.40411449000000005, "q2": 0.2892873997168476, "a": 60572555758.1479, "Pp": 109.38804586530614, "rhoplan": 593.7681846150595, "aRp": null, "e": null, "inc": null, "pomega": null, "f": null, "P": 9451127.16276245, "RHill": 2358104978.3304157}, "I": {"m": 1.9543782134167565e+23, "r": 2571233.7395965755, "msmp": 0.0007503916927979855, "rsrp": 0.05455106128062175, "a": 534920879.34066564, "aRp": 11.348832748972532, "e": 0.0, "inc": -0.13340885561548815, "pomega": 1.2328842456932043, "f": 3.797308611989823, "P": 589370.16784181, "RHill": 33703769.09729856, "spacing": "linear", "period_ratio": NaN}, "II": {"m": 2.0452795256686984e+23, "r": 2481956.389315847, "msmp": 0.0007852936319978917, "rsrp": 0.052656961132846125, "a": 916739658.4736767, "aRp": 19.44946525772495, "e": 0.0, "inc": -0.13340885561548815, "pomega": 2.9986358921753165, "f": 1.6878323567441114, "P": 1322255.1912980531, "RHill": 58643015.36038824, "spacing": "linear", "period_ratio": 2.2435054630266817}}