{"Planet": {"m": 2.3002956501314457e+25, "Rp": 10699309.44, "Rstar": 445248000.0, "RpRstar": 0.02403, "rhostar": 3549.4029390066794, "impact": 0.16634713105071286, "q1": 0.28601104000000005, "q2": 0.22690725504861628, "a": 25554640522.821743, "Pp": 31.742359000624024, "rhoplan": 4483.6097451934365, "aRp": null, "e": null, "inc": null, "pomega": null, "f": null, "P": 2742539.817653916, "RHill": 460264305.05683255}, "I": {"m": 1.2166519239550045e+23, "r": 2103194.4313257015, "msmp": 0.005289111092678375, "rsrp": 0.19657291371186864, "a": 50940718.70508601, "aRp": 4.761122107062454, "e": 0.0, "inc": 0.07667998203831475, "pomega": 2.3444908871974235, "f": 5.525985757709499, "P": 58148.33585423738, "RHill": 6153925.194300317, "spacing": "linear", "period_ratio": NaN}, "II": {"m": 1.066910148699004e+23, "r": 2192641.35912712, "msmp": 0.004638143573579498, "rsrp": 0.20493297921918222, "a": 80845892.53709503, "aRp": 7.556178554369863, "e": 0.0, "inc": 0.07667998203831475, "pomega": 0.9444571973888307, "f": 3.040737443888591, "P": 116296.67170847477, "RHill": 9348292.037014276, "spacing": "linear", "period_ratio": 2.0}}