{"Planet": {"m": 8.318747311332448e+27, "Rp": 86652913.5, "Rstar": 1008765000.0, "RpRstar": 0.0859, "rhostar": 550.2933259833385, "impact": 0.019350006409834974, "q1": 0.379456, "q2": 0.25681818181818183, "a": 217048496151.5203, "Pp": 584.1305574697278, "rhoplan": 3052.2479792320855, "aRp": null, "e": null, "inc": null, "pomega": null, "f": null, "P": 50468880.16538449, "RHill": 22883268151.00847}, "I": {"m": 1.2218902456266636e+24, "r": 3740667.7094483566, "msmp": 0.00014688392373237604, "rsrp": 0.043168400903777535, "a": 1777652081.0407817, "aRp": 20.514625639688177, "e": 0.0, "inc": 0.011118859221125987, "pomega": 4.717258935993315, "f": 3.6798012960139674, "P": 631955.2055845782, "RHill": 65032597.76234103, "spacing": "linear", "period_ratio": NaN}, "II": {"m": 2.0719008512799938e+24, "r": 4667705.165267165, "msmp": 0.00024906404458968103, "rsrp": 0.05386668464721806, "a": 3274574638.2584133, "aRp": 37.78955035664685, "e": 0.0, "inc": 0.011118859221125987, "pomega": 3.716875796776403, "f": 3.9933635990725347, "P": 1579888.0139614455, "RHill": 142851505.28866297, "spacing": "linear", "period_ratio": 2.5}, "III": {"m": 4.4094300168266544e+24, "r": 6826820.653223481, "msmp": 0.00053005937694727, "rsrp": 0.07878350972265324, "a": 7111516278.362942, "aRp": 82.0689806161329, "e": 0.0, "inc": 0.011118859221125987, "pomega": 1.5791223799322234, "f": 6.018008369522843, "P": 5055641.644676626, "RHill": 399052434.0435468, "spacing": "linear", "period_ratio": 3.2}, "IV": {"m": 3.559419411173325e+24, "r": 5934648.433237185, "msmp": 0.0004278792560899651, "rsrp": 0.06848758101177042, "a": 19858751626.234276, "aRp": 229.17580983857255, "e": 0.0, "inc": 0.011118859221125987, "pomega": 0.6711113019369735, "f": 4.084478897556487, "P": 23592994.341824256, "RHill": 1037572859.843175, "spacing": "linear", "period_ratio": 4.666666666666667}}