{"Planet": {"m": 7.052241916872284e+24, "Rp": 6761369.16, "Rstar": 633087000.0, "RpRstar": 0.01068, "rhostar": 1683.7190415724237, "impact": 0.47672050579011616, "q1": 0.25, "q2": 0.2, "a": 27106330441.00257, "Pp": 29.695749490076956, "rhoplan": 5446.714949172018, "aRp": null, "e": null, "inc": null, "pomega": null, "f": null, "P": 2565712.755942649, "RHill": 296863340.91354376}, "I": {"m": 7.589444388999934e+21, "r": 1025178.7863093372, "msmp": 0.0010761747084770885, "rsrp": 0.1516229571333356, "a": 31274373.450404666, "aRp": 4.625449773608378, "e": 0.0, "inc": 0.003613192870915355, "pomega": 4.193188874368375, "f": 3.270096643520609, "P": 50624.735792895895, "RHill": 2222162.3922907044, "spacing": "linear", "period_ratio": NaN}}