{"Planet": {"m": 3.4829225597060045e+25, "Rp": 14192280.000000002, "Rstar": 834840000.0, "RpRstar": 0.017, "rhostar": 979.0137668802262, "impact": 0.02444547004001041, "q1": 0.37234403999999993, "q2": 0.25901343821697803, "a": 163931925128.36014, "Pp": 382.4827249435505, "rhoplan": 2908.6984312093455, "aRp": null, "e": null, "inc": null, "pomega": null, "f": null, "P": 33046507.435122766, "RHill": 2777849258.196368}, "I": {"m": 9.88814150430184e+22, "r": 2069706.2308456025, "msmp": 0.002839035704869793, "rsrp": 0.1458332439076457, "a": 194937357.0222144, "aRp": 13.735450330899221, "e": 0.0, "inc": -0.08715300485256212, "pomega": 5.919352494612632, "f": 0.26077826807476034, "P": 354186.5722490667, "RHill": 19138663.506795958, "spacing": "logarithmic", "period_ratio": NaN}}