{"Planet": {"m": 5.165304996849609e+25, "Rp": 18605661.66, "Rstar": 737442000.0, "RpRstar": 0.02523, "rhostar": 1207.3518918248587, "impact": 0.22138892886236672, "q1": 0.37871715999999994, "q2": 0.34367890802729933, "a": 213718200059.63007, "Pp": 617.5426465029619, "rhoplan": 1914.5733250151698, "aRp": null, "e": null, "inc": null, "pomega": null, "f": null, "P": 53355684.65785591, "RHill": 4359778102.626979}, "I": {"m": 1.7445360402144797e+22, "r": 1236563.4010486247, "msmp": 0.00033774114815649734, "rsrp": 0.0664616729921028, "a": 71733737.04556352, "aRp": 3.8554789588473857, "e": 0.0, "inc": -0.04606384534466482, "pomega": 0.005655432319693597, "f": 2.9898385530113485, "P": 65004.11931706543, "RHill": 3463732.6497678524, "spacing": "logarithmic", "period_ratio": NaN}, "II": {"m": 4.312336279181862e+21, "r": 827271.0200183933, "msmp": 8.348657594879714e-05, "rsrp": 0.04446340233075018, "a": 150142769.16768825, "aRp": 8.069735541331362, "e": 0.0, "inc": -0.04606384534466482, "pomega": 4.692123681239122, "f": 6.084616794621456, "P": 196864.55318566802, "RHill": 4549910.842055775, "spacing": "logarithmic", "period_ratio": 3.028493505549047}, "III": {"m": 1.5485207547971224e+22, "r": 1283894.4643011608, "msmp": 0.0002997927045434078, "rsrp": 0.06900557947161771, "a": 493847700.1143259, "aRp": 26.542872225610807, "e": 0.0, "inc": -0.04606384534466482, "pomega": 3.9028766819574368, "f": 6.1260899649658755, "P": 1174230.8473829755, "RHill": 22917098.81462756, "spacing": "logarithmic", "period_ratio": 5.964663665355379}, "IV": {"m": 1.1172871268789364e+22, "r": 1083237.4081992083, "msmp": 0.00021630612859461067, "rsrp": 0.05822084847044393, "a": 1938244311.0029671, "aRp": 104.17497353345762, "e": 0.0, "inc": -0.04606384534466482, "pomega": 5.943230986629116, "f": 5.202369352749255, "P": 9130505.722147353, "RHill": 80672288.01575997, "spacing": "logarithmic", "period_ratio": 7.775733146933277}}