{"Planet": {"m": 7.902845460270101e+25, "Rp": 23189976.810000002, "Rstar": 813969000.0, "RpRstar": 0.02849, "rhostar": 985.8520149526938, "impact": 0.11966181980844415, "q1": 0.25, "q2": 0.2, "a": 88364619765.50446, "Pp": 156.67915168739376, "rhoplan": 1512.8432681788358, "aRp": null, "e": null, "inc": null, "pomega": null, "f": null, "P": 13537078.70579082, "RHill": 2013374266.9763517}, "I": {"m": 3.064845339763404e+23, "r": 2405622.758607698, "msmp": 0.0038781542106210622, "rsrp": 0.10373545339512126, "a": 172536320.10275877, "aRp": 7.440124736492082, "e": 0.0, "inc": -0.008710063973849075, "pomega": 4.886293524215268, "f": 5.015111704830511, "P": 195688.61372410945, "RHill": 18795265.761431508, "spacing": "logarithmic", "period_ratio": NaN}, "II": {"m": 2.4972813879553664e+23, "r": 2657985.910825459, "msmp": 0.0031599775049504955, "rsrp": 0.11461787705105766, "a": 384913159.4917502, "aRp": 16.5982554724146, "e": 0.0, "inc": -0.008710063973849075, "pomega": 6.001670453932617, "f": 4.885036761477559, "P": 652295.3790803648, "RHill": 39163696.03648034, "spacing": "logarithmic", "period_ratio": 3.3333333333333335}}