{"Planet": {"m": 1.567324292017364e+25, "Rp": 8875114.47, "Rstar": 577431000.0, "RpRstar": 0.015370000000000002, "rhostar": 2292.978393363261, "impact": 0.21728117421761484, "q1": 0.25, "q2": 0.2, "a": 19155110243.769375, "Pp": 17.353775622453238, "rhoplan": 5352.397581475796, "aRp": null, "e": null, "inc": null, "pomega": null, "f": null, "P": 1499366.2137799598, "RHill": 270791008.41229254}, "I": {"m": 1.6692891687424165e+22, "r": 1206184.3147124911, "msmp": 0.0010650566556291994, "rsrp": 0.13590633887480338, "a": 32617425.67045893, "aRp": 3.6751554901870387, "e": 0.0, "inc": -0.14238074515969343, "pomega": 0.49327937455105264, "f": 6.257421671056538, "P": 36169.37007423698, "RHill": 2309582.6055162703, "spacing": "logarithmic", "period_ratio": NaN}, "II": {"m": 2.5503028966898014e+22, "r": 1212447.021396512, "msmp": 0.0016271698905446091, "rsrp": 0.13661198686449302, "a": 72797552.18086077, "aRp": 8.202435295559717, "e": 0.0, "inc": -0.14238074515969343, "pomega": 6.040630098801617, "f": 5.842061586243486, "P": 120564.56691412326, "RHill": 5936821.498912005, "spacing": "logarithmic", "period_ratio": 3.3333333333333335}, "III": {"m": 2.4111954659612687e+22, "r": 1525819.7629365288, "msmp": 0.0015384151692421771, "rsrp": 0.17192113612665647, "a": 151420537.89990705, "aRp": 17.06124900267422, "e": 0.0, "inc": -0.14238074515969343, "pomega": 5.712615024259388, "f": 5.558661588889951, "P": 361693.7007423698, "RHill": 12119988.77360988, "spacing": "logarithmic", "period_ratio": 3.0}, "IV": {"m": 1.5765508815900595e+22, "r": 1250116.9639406633, "msmp": 0.0010058868414275768, "rsrp": 0.1408564326878663, "a": 259953779.81453097, "aRp": 29.290188953983254, "e": 0.0, "inc": -0.14238074515969343, "pomega": 5.155869131453996, "f": 5.233160039823142, "P": 813810.8266703321, "RHill": 18059487.740596578, "spacing": "logarithmic", "period_ratio": 2.25}}