{"Planet": {"m": 7.980717103688294e+27, "Rp": 88042922.1, "Rstar": 1245303000.0, "RpRstar": 0.0707, "rhostar": 319.5475928449536, "impact": 0.06783487858373993, "q1": 0.26163225000000007, "q2": 0.21691104594330396, "a": 46446009465.44939, "Pp": 55.333973151221606, "rhoplan": 2791.707817683266, "aRp": null, "e": null, "inc": null, "pomega": null, "f": null, "P": 4780855.280265546, "RHill": 4689273239.071017}, "I": {"m": 5.724949047462776e+24, "r": 6482114.464575218, "msmp": 0.0007173476985942763, "rsrp": 0.07362448121852169, "a": 251260130.09651536, "aRp": 2.853836788959954, "e": 0.0, "inc": -0.10143122595598608, "pomega": 4.541940534082814, "f": 2.333808403926891, "P": 34275.650401041275, "RHill": 15595276.000571977, "spacing": "logarithmic", "period_ratio": NaN}, "II": {"m": 6.04300177232182e+24, "r": 7245990.27632283, "msmp": 0.0007572003485161806, "rsrp": 0.08230065635591655, "a": 579217099.997822, "aRp": 6.578803681003928, "e": 0.0, "inc": -0.10143122595598608, "pomega": 1.6859472126375468, "f": 3.2185693712745116, "P": 119964.77640364447, "RHill": 36604787.64298395, "spacing": "logarithmic", "period_ratio": 3.5}, "III": {"m": 8.163353271382104e+24, "r": 7126290.172573121, "msmp": 0.001022884681328875, "rsrp": 0.08094109103374617, "a": 1617649109.7376559, "aRp": 18.373414593172118, "e": 0.0, "inc": -0.10143122595598608, "pomega": 2.4871334579274733, "f": 5.7427773299644205, "P": 559835.6232170076, "RHill": 113010673.47311084, "spacing": "logarithmic", "period_ratio": 4.666666666666667}, "IV": {"m": 5.300878747650719e+24, "r": 6506432.385209519, "msmp": 0.0006642108320317373, "rsrp": 0.07390068650628669, "a": 2979379207.5039744, "aRp": 33.84007636775125, "e": 0.0, "inc": -0.10143122595598608, "pomega": 2.0101919989666466, "f": 0.20108203803355013, "P": 1399589.058042519, "RHill": 180241177.37352434, "spacing": "logarithmic", "period_ratio": 2.5}}