{"Planet": {"m": 9.227795735202904e+27, "Rp": 85960552.86000001, "Rstar": 633087000.0, "RpRstar": 0.13578, "rhostar": 1590.1790948184002, "impact": 0.3347016442361367, "q1": 0.25, "q2": 0.2, "a": 99131585319.27231, "Pp": 213.12607029080297, "rhoplan": 3468.260926304635, "aRp": null, "e": null, "inc": null, "pomega": null, "f": null, "P": 18414092.473125376, "RHill": 12103083013.467718}, "I": {"m": 1.1455928999418083e+25, "r": 4239115.152195054, "msmp": 0.0012414588844565692, "rsrp": 0.04931465667861752, "a": 122210024.4679964, "aRp": 1.421698911907119, "e": 0.0, "inc": 0.015098607890540017, "pomega": 4.191303730261811, "f": 5.057841637912641, "P": 10809.829765480083, "RHill": 9107038.93057618, "spacing": "logarithmic", "period_ratio": NaN}, "II": {"m": 2.5743660672849647e+24, "r": 5527112.444196839, "msmp": 0.00027897952459698207, "rsrp": 0.06429824216229264, "a": 239803803.03993955, "aRp": 2.789695913548822, "e": 0.0, "inc": 0.015098607890540017, "pomega": 4.552623017353346, "f": 1.298864289422963, "P": 29727.03185507023, "RHill": 10864416.955848731, "spacing": "logarithmic", "period_ratio": 2.75}, "III": {"m": 9.78259105568286e+24, "r": 8372222.080077538, "msmp": 0.0010601221934685313, "rsrp": 0.09739609392360458, "a": 629354042.2764424, "aRp": 7.321428508044176, "e": 0.0, "inc": 0.015098607890540017, "pomega": 1.7519272563673054, "f": 4.496697075525264, "P": 126339.88538404847, "RHill": 44494525.859758936, "spacing": "logarithmic", "period_ratio": 4.25}, "IV": {"m": 8.109253111947632e+24, "r": 7187629.406097082, "msmp": 0.0008787855024804927, "rsrp": 0.08361543948889257, "a": 1128087953.0007987, "aRp": 13.123321284799825, "e": 0.0, "inc": 0.015098607890540017, "pomega": 4.222722798704552, "f": 4.25225672304073, "P": 303215.7249217163, "RHill": 74919839.38854262, "spacing": "logarithmic", "period_ratio": 2.4}, "V": {"m": 5.921041954755416e+24, "r": 5593014.570413486, "msmp": 0.0006416529065730585, "rsrp": 0.06506489761091429, "a": 2600283430.277048, "aRp": 30.24972901828598, "e": 0.0, "inc": 0.015098607890540017, "pomega": 4.519947186172894, "f": 3.8237006294817264, "P": 1061255.037226007, "RHill": 155505943.38430792, "spacing": "logarithmic", "period_ratio": 3.5}}