{"Planet": {"m": 4.852447388536552e+26, "Rp": 53915636.88, "Rstar": 2045358000.0, "RpRstar": 0.02636, "rhostar": 67.12660302680423, "impact": 0.4696646874540572, "q1": 0.39790864000000004, "q2": 0.399571972098922, "a": 78989715099.52577, "Pp": 127.38833294985321, "rhoplan": 739.1422148501798, "aRp": null, "e": null, "inc": null, "pomega": null, "f": null, "P": 11006351.966867317, "RHill": 3211835648.4426713}, "I": {"m": 7.192428475381687e+23, "r": 3976485.3595417636, "msmp": 0.0014822269876378505, "rsrp": 0.07375384192144896, "a": 342018135.60586756, "aRp": 6.343579625463706, "e": 0.0, "inc": 0.02658402291016465, "pomega": 4.9070301093874775, "f": 1.4245405631939316, "P": 220672.73036296052, "RHill": 27038356.45285863, "spacing": "logarithmic", "period_ratio": NaN}, "II": {"m": 8.879541327631711e+22, "r": 2030603.375151705, "msmp": 0.00018299098612812966, "rsrp": 0.037662605742211995, "a": 931828989.1552807, "aRp": 17.283093422957275, "e": 0.0, "inc": 0.02658402291016465, "pomega": 0.5686851388136339, "f": 2.6706208176330875, "P": 993027.2866333224, "RHill": 36680819.63790437, "spacing": "logarithmic", "period_ratio": 4.5}}