{"Planet": {"m": 1.0445369277968005e+30, "Rp": 376478055.0, "Rstar": 4765545000.0, "RpRstar": 0.079, "rhostar": 5.044027165320839, "impact": 0.18893533872378132, "q1": 0.38019556000000004, "q2": 0.27254297761920204, "a": 16329384192.818989, "Pp": 10.176936884592429, "rhoplan": 4673.219611726352, "aRp": null, "e": null, "inc": null, "pomega": null, "f": null, "P": 879287.3468287858, "RHill": 8719723987.365173}, "I": {"m": 2.9078297691342396e+27, "r": 107375574.88339491, "msmp": 0.002783845828474066, "rsrp": 0.2852107140305825, "a": 3261290919.8212485, "aRp": 8.662632194647436, "e": 0.0, "inc": -0.17058808660606642, "pomega": 0.11122350228730742, "f": 5.679939193078936, "P": 139957.36415341467, "RHill": 318100376.44831055, "spacing": "logarithmic", "period_ratio": NaN}}