{"Planet": {"m": 5.972443177934841e+25, "Rp": 19986069.599999998, "Rstar": 500904000.0, "RpRstar": 0.0399, "rhostar": 3059.418021500707, "impact": 0.46281445078508177, "q1": 0.37871715999999994, "q2": 0.34367890802729933, "a": 95507210105.7972, "Pp": 207.02080154097146, "rhoplan": 1785.9990799061652, "aRp": null, "e": null, "inc": null, "pomega": null, "f": null, "P": 17886597.253139935, "RHill": 2208256105.07197}, "I": {"m": 9.918902332847377e+22, "r": 2036290.178946021, "msmp": 0.0016607780161882006, "rsrp": 0.10188547421780325, "a": 46343621.03539889, "aRp": 2.318796139657139, "e": 0.0, "inc": -0.0003665557984986467, "pomega": 4.69840749492767, "f": 0.5454350281660048, "P": 31370.800816269817, "RHill": 3805281.0794957257, "spacing": "logarithmic", "period_ratio": NaN}, "II": {"m": 1.7749614700884776e+23, "r": 2314076.679218471, "msmp": 0.0029719185552841477, "rsrp": 0.11578448016704952, "a": 116829538.22615616, "aRp": 5.845548452716095, "e": 0.0, "inc": -0.0003665557984986467, "pomega": 4.550737873246781, "f": 1.2605330259228174, "P": 125483.20326507927, "RHill": 11646386.797860514, "spacing": "logarithmic", "period_ratio": 4.0}, "III": {"m": 1.7749614700884776e+23, "r": 2401504.352211525, "msmp": 0.0029719185552841477, "rsrp": 0.12015891069505359, "a": 269317571.51114994, "aRp": 13.475264366694189, "e": 0.0, "inc": -0.0003665557984986467, "pomega": 3.5622939800381115, "f": 5.920609257350342, "P": 439191.2114277774, "RHill": 26847462.182103235, "spacing": "logarithmic", "period_ratio": 3.5}}