{"Planet": {"m": 2.2068237141348315e+25, "Rp": 10331979.84, "Rstar": 584388000.0, "RpRstar": 0.01768, "rhostar": 2116.9150935942694, "impact": 0.013359633043006802, "q1": 0.39904488999999993, "q2": 0.24908975779642237, "a": 169943638389.44324, "Pp": 468.7809617583925, "rhoplan": 4776.704578085407, "aRp": null, "e": null, "inc": null, "pomega": null, "f": null, "P": 40502675.095925115, "RHill": 2732467900.528367}, "I": {"m": 6.538671202821034e+21, "r": 1087956.2384513072, "msmp": 0.00029629331790031403, "rsrp": 0.10529988011003583, "a": 71262043.63119322, "aRp": 6.897230224482631, "e": 0.0, "inc": 0.07270023336890072, "pomega": 4.355311267532925, "f": 5.509019460750419, "P": 98472.79499066461, "RHill": 3294011.721692826, "spacing": "logarithmic", "period_ratio": NaN}, "II": {"m": 8.173339003526292e+21, "r": 987446.4930177014, "msmp": 0.00037036664737539256, "rsrp": 0.09557185634401136, "a": 161134401.54026756, "aRp": 15.595694536340439, "e": 0.0, "inc": 0.07270023336890072, "pomega": 1.726163620244257, "f": 0.9268625190608951, "P": 334807.5029682597, "RHill": 8023400.581361146, "spacing": "logarithmic", "period_ratio": 3.4}, "III": {"m": 2.766360893501206e+21, "r": 713750.69810153, "msmp": 0.00012535486526551746, "rsrp": 0.06908169674685795, "a": 335145696.098284, "aRp": 32.4377032561345, "e": 0.0, "inc": 0.07270023336890072, "pomega": 3.099805292560946, "f": 4.229006612393101, "P": 1004422.5089047791, "RHill": 11629836.964377569, "spacing": "logarithmic", "period_ratio": 3.0}, "IV": {"m": 3.8980539862971554e+21, "r": 827094.521758816, "msmp": 0.0001766364010559565, "rsrp": 0.08005189078638543, "a": 913515831.9762224, "aRp": 88.41633899047778, "e": 0.0, "inc": 0.07270023336890072, "pomega": 3.052048308527978, "f": 0.08985853574624271, "P": 4519901.290071506, "RHill": 35538770.265839264, "spacing": "logarithmic", "period_ratio": 4.5}, "V": {"m": 3.772310309319825e+21, "r": 947175.9822409943, "msmp": 0.00017093845263479646, "rsrp": 0.09167419961216207, "a": 1197042104.3941324, "aRp": 115.85795974550918, "e": 0.0, "inc": 0.07270023336890072, "pomega": 0.3217312608536802, "f": 0.5950771563055374, "P": 6779851.935107259, "RHill": 46062651.219378114, "spacing": "logarithmic", "period_ratio": 1.5}}