{"Planet": {"m": 6.222226560115909e+27, "Rp": 110064192.48, "Rstar": 612216000.0, "RpRstar": 0.17978, "rhostar": 1923.9165169016467, "impact": 0.31292172224640924, "q1": 0.37871715999999994, "q2": 0.34367890802729933, "a": 77513892189.83742, "Pp": 141.0290968772091, "rhoplan": 1114.086870845199, "aRp": null, "e": null, "inc": null, "pomega": null, "f": null, "P": 12184913.970190866, "RHill": 8053625798.812875}, "I": {"m": 2.0625954517876776e+25, "r": 10838368.571645906, "msmp": 0.003314883236506989, "rsrp": 0.09847315759496776, "a": 1908758714.1089537, "aRp": 17.342231575049244, "e": 0.0, "inc": -0.10059338413084629, "pomega": 4.228378231024246, "f": 0.6315232756991184, "P": 811730.7872953386, "RHill": 197333139.9177646, "spacing": "linear", "period_ratio": NaN}}