{"Planet": {"m": 1.8305620683984736e+26, "Rp": 38124777.42, "Rstar": 570474000.0, "RpRstar": 0.06683, "rhostar": 2096.63864412184, "impact": 0.024190112813879394, "q1": 0.39904488999999993, "q2": 0.24908975779642237, "a": 76310383339.20831, "Pp": 146.94487970440525, "rhoplan": 788.6310989472047, "aRp": null, "e": null, "inc": null, "pomega": null, "f": null, "P": 12696037.606460614, "RHill": 2552494308.480453}, "I": {"m": 8.332603180366717e+23, "r": 3564301.7369297943, "msmp": 0.004551936983844948, "rsrp": 0.09349042743682971, "a": 1229841866.9527373, "aRp": 32.258335659359695, "e": 0.0, "inc": 0.0928433472483032, "pomega": 1.4666421149072062, "f": 1.1072079719222354, "P": 2446090.322990291, "RHill": 141321292.98645464, "spacing": "logarithmic", "period_ratio": NaN}}