{"Planet": {"m": 1.1844790996521293e+25, "Rp": 7962286.499999999, "Rstar": 486989999.99999994, "RpRstar": 0.01635, "rhostar": 3082.608945278847, "impact": 0.39305386822116317, "q1": 0.40411449000000005, "q2": 0.2892873997168476, "a": 27990574802.22035, "Pp": 34.134667595649816, "rhoplan": 5601.77152357514, "aRp": null, "e": null, "inc": null, "pomega": null, "f": null, "P": 2949235.2802641443, "RHill": 387220321.7807017}, "I": {"m": 2.047893115738216e+22, "r": 1160420.198083486, "msmp": 0.0017289398490354648, "rsrp": 0.14573956841209948, "a": 56075387.84968974, "aRp": 7.042623729966228, "e": 0.0, "inc": 0.0031593618822979563, "pomega": 3.6232469728170313, "f": 1.269330365086785, "P": 93755.47195955907, "RHill": 4666506.00725243, "spacing": "linear", "period_ratio": NaN}, "II": {"m": 8.191572462952861e+21, "r": 1021154.5195064794, "msmp": 0.0006915759396141858, "rsrp": 0.1282489043199437, "a": 122992284.35127698, "aRp": 15.446854914260745, "e": 0.0, "inc": 0.0031593618822979563, "pomega": 2.4129844564026017, "f": 5.668628328439549, "P": 304705.28386856697, "RHill": 7541378.5504003, "spacing": "linear", "period_ratio": 3.25}, "III": {"m": 2.278281091258764e+22, "r": 1482914.5499659649, "msmp": 0.001923445582051954, "rsrp": 0.18624229986775345, "a": 310048256.7726053, "aRp": 38.93960067533432, "e": 0.0, "inc": 0.0031593618822979563, "pomega": 4.580900178951814, "f": 2.468910398230683, "P": 1218821.1354742679, "RHill": 26735122.41063926, "spacing": "linear", "period_ratio": 4.0}}