{"Planet": {"m": 1.2343329055797821e+26, "Rp": 30160403.82, "Rstar": 598302000.0, "RpRstar": 0.05041, "rhostar": 1972.6314092370762, "impact": 0.38939314038336703, "q1": 0.37871715999999994, "q2": 0.34367890802729933, "a": 88591702525.06859, "Pp": 176.43702738316685, "rhoplan": 1074.069146750954, "aRp": null, "e": null, "inc": null, "pomega": null, "f": null, "P": 15244159.165905615, "RHill": 2528510489.207911}, "I": {"m": 7.689782792213188e+22, "r": 1900399.4715742928, "msmp": 0.0006229909903115803, "rsrp": 0.06300974890508919, "a": 108138516.89332452, "aRp": 3.585446585486882, "e": 0.0, "inc": -0.05576884648586741, "pomega": 0.8489432293228945, "f": 1.9963676088518398, "P": 77820.89620471725, "RHill": 6403743.27385503, "spacing": "logarithmic", "period_ratio": NaN}, "II": {"m": 4.6543422163395595e+22, "r": 1442389.7519278252, "msmp": 0.00037707349413595634, "rsrp": 0.047823953569592, "a": 143429269.001499, "aRp": 4.755548694158665, "e": 0.0, "inc": -0.05576884648586741, "pomega": 0.5881649612481341, "f": 3.2349072868647375, "P": 118887.3551613342, "RHill": 7184656.929478726, "spacing": "logarithmic", "period_ratio": 1.5277047805847246}, "III": {"m": 4.451979511281319e+22, "r": 1662375.0663804465, "msmp": 0.0003606789943909149, "rsrp": 0.05511779869731355, "a": 317554672.5854807, "aRp": 10.52886010680346, "e": 0.0, "inc": -0.05576884648586741, "pomega": 1.422655419087367, "f": 6.200238966490748, "P": 391660.9815379761, "RHill": 15672984.566135336, "spacing": "logarithmic", "period_ratio": 3.294387203807157}, "IV": {"m": 1.0927586073145052e+23, "r": 2289553.68776764, "msmp": 0.0008853029862322453, "rsrp": 0.07591256739902762, "a": 951418213.6837678, "aRp": 31.54527437238298, "e": 0.0, "inc": -0.05576884648586741, "pomega": 4.802090420788719, "f": 1.7682651719575315, "P": 2030607.0460714952, "RHill": 63342473.63326285, "spacing": "logarithmic", "period_ratio": 5.184603883944983}}