{"Planet": {"m": 3.4114248629341594e+25, "Rp": 14108169.869999997, "Rstar": 480032999.99999994, "RpRstar": 0.02939, "rhostar": 3175.6727212574674, "impact": 0.08561396532531151, "q1": 0.40411449000000005, "q2": 0.2892873997168476, "a": 31732901682.950195, "Pp": 41.48146575443522, "rhoplan": 2900.2481639339803, "aRp": null, "e": null, "inc": null, "pomega": null, "f": null, "P": 3583998.641183203, "RHill": 627386873.6055073}, "I": {"m": 8.050967253761332e+22, "r": 1675993.3800851996, "msmp": 0.0023600013417375146, "rsrp": 0.11879594557824813, "a": 41084646.30250125, "aRp": 2.912117353354582, "e": 0.0, "inc": 0.0485424607440367, "pomega": 3.857004842031033, "f": 3.4567259100704977, "P": 34635.10958503222, "RHill": 3792653.941299819, "spacing": "linear", "period_ratio": NaN}, "II": {"m": 6.261863419592147e+22, "r": 1631666.6200784582, "msmp": 0.0018355565991291778, "rsrp": 0.11565402423655809, "a": 79847815.58673105, "aRp": 5.659686289751987, "e": 0.0, "inc": 0.0485424607440367, "pomega": 5.945116130735681, "f": 0.12756141787753336, "P": 93865.37942537865, "RHill": 6778681.281001713, "spacing": "linear", "period_ratio": 2.710122201141906}, "III": {"m": 1.6772848445336106e+22, "r": 1202865.375960724, "msmp": 0.0004916669461953154, "rsrp": 0.08526019937699575, "a": 293423571.2451588, "aRp": 20.79813143369522, "e": 0.0, "inc": 0.0485424607440367, "pomega": 1.5546155065468845, "f": 1.5068585225139162, "P": 661675.2061146516, "RHill": 16057511.84925734, "spacing": "linear", "period_ratio": 7.049193325220317}}