{"Planet": {"m": 1.1246845693324154e+25, "Rp": 7897934.25, "Rstar": 660915000.0, "RpRstar": 0.01195, "rhostar": 1562.0829078199731, "impact": 0.221929970631065, "q1": 0.37871715999999994, "q2": 0.34367890802729933, "a": 100182020275.50102, "Pp": 205.36758283977005, "rhoplan": 5450.063791063036, "aRp": null, "e": null, "inc": null, "pomega": null, "f": null, "P": 17743759.15735613, "RHill": 1258973071.2290366}, "I": {"m": 2.370957362577936e+22, "r": 1060146.2040263682, "msmp": 0.0021081087330870707, "rsrp": 0.13423082168940165, "a": 22302395.022392575, "aRp": 2.8238263723697843, "e": 0.0, "inc": 0.1388897375549443, "pomega": 1.613054973850385, "f": 5.3795728987663205, "P": 24128.571217971985, "RHill": 1982784.0714290524, "spacing": "logarithmic", "period_ratio": NaN}, "II": {"m": 3.1483204322756194e+22, "r": 1207055.5011377619, "msmp": 0.002799291924263159, "rsrp": 0.15283179916796116, "a": 56211431.51886465, "aRp": 7.117232144451525, "e": 0.0, "inc": 0.1388897375549443, "pomega": 5.52347223223408, "f": 1.8757183860317097, "P": 96514.28487188794, "RHill": 5492882.272263208, "spacing": "logarithmic", "period_ratio": 4.0}, "III": {"m": 1.2049127580314106e+22, "r": 1422500.1263823495, "msmp": 0.001071333946322938, "rsrp": 0.18011040372770254, "a": 116857291.89063157, "aRp": 14.795931213358932, "e": 0.0, "inc": 0.1388897375549443, "pomega": 1.391236350644625, "f": 6.281300163073022, "P": 289542.8546156638, "RHill": 8290683.854864864, "spacing": "logarithmic", "period_ratio": 3.0}, "IV": {"m": 1.554726139395368e+22, "r": 1198171.7235872403, "msmp": 0.0013823663823521776, "rsrp": 0.15170697623713952, "a": 294492417.01356804, "aRp": 37.28727129040965, "e": 0.0, "inc": 0.1388897375549443, "pomega": 4.655677561845541, "f": 4.519947186172894, "P": 1158171.4184626553, "RHill": 22746159.812076975, "spacing": "logarithmic", "period_ratio": 4.0}}