{"Planet": {"m": 3.944499146148222e+25, "Rp": 15229777.409999998, "Rstar": 897453000.0, "RpRstar": 0.01697, "rhostar": 755.231334372913, "impact": 0.13035449624306816, "q1": 0.25, "q2": 0.2, "a": 114874493320.91313, "Pp": 229.18862347945333, "rhoplan": 2665.7694657611587, "aRp": null, "e": null, "inc": null, "pomega": null, "f": null, "P": 19801897.06862477, "RHill": 2058002489.749835}, "I": {"m": 2.2930724110885903e+22, "r": 1280662.2438301307, "msmp": 0.0005813342394376637, "rsrp": 0.0840893605568547, "a": 54132582.529174484, "aRp": 3.554390919307237, "e": 0.0, "inc": 0.17163538888749116, "pomega": 0.19856851255813074, "f": 2.9395680435029607, "P": 48757.67575395035, "RHill": 3132518.390704262, "spacing": "logarithmic", "period_ratio": NaN}, "II": {"m": 4.681689505972538e+22, "r": 1590667.0478465457, "msmp": 0.0011868907388518967, "rsrp": 0.1044445368454368, "a": 136433072.6388043, "aRp": 8.958310352534843, "e": 0.0, "inc": 0.17163538888749116, "pomega": 2.7397427682071203, "f": 6.182644288162812, "P": 195030.7030158014, "RHill": 10015734.928925328, "spacing": "logarithmic", "period_ratio": 4.0}, "III": {"m": 6.401493814288981e+22, "r": 1685443.4226266688, "msmp": 0.0016228914184301445, "rsrp": 0.11066763336409584, "a": 324461851.9647339, "aRp": 21.304438221906615, "e": 0.0, "inc": 0.17163538888749116, "pomega": 1.0651064202089608, "f": 3.317853627553577, "P": 715112.5777246051, "RHill": 26437459.073590193, "spacing": "logarithmic", "period_ratio": 3.6666666666666665}, "IV": {"m": 1.5287149407257267e+22, "r": 1302189.2395344644, "msmp": 0.0003875561596251091, "rsrp": 0.08550284120892247, "a": 514839254.73714256, "aRp": 33.80477868304857, "e": 0.0, "inc": 0.17163538888749116, "pomega": 3.7677746876536453, "f": 5.42355959458616, "P": 1430225.1554492102, "RHill": 26026121.284177344, "spacing": "logarithmic", "period_ratio": 2.0}, "V": {"m": 2.1019830434978746e+22, "r": 1262018.1978566598, "msmp": 0.0005328897194845251, "rsrp": 0.08286517681000434, "a": 1010604307.5713347, "aRp": 66.35712921895782, "e": 0.0, "inc": 0.17163538888749116, "pomega": 3.206001743897415, "f": 5.370147178233498, "P": 3933119.177485328, "RHill": 56809352.688815415, "spacing": "logarithmic", "period_ratio": 2.75}}