{"Planet": {"m": 2.3977266711981466e+25, "Rp": 11182681.799999999, "Rstar": 793097999.9999999, "RpRstar": 0.014100000000000001, "rhostar": 1094.2954093524424, "impact": 0.018136936842638063, "q1": 0.37234403999999993, "q2": 0.25901343821697803, "a": 45823428427.759575, "Pp": 57.74182160023245, "rhoplan": 4093.296110912139, "aRp": null, "e": null, "inc": null, "pomega": null, "f": null, "P": 4988893.386260084, "RHill": 695417799.0203675}, "I": {"m": 1.0601697874562619e+23, "r": 2309066.716842412, "msmp": 0.004421562308127865, "rsrp": 0.2064859537398634, "a": 236345319.78044647, "aRp": 21.13494097457432, "e": 0.0, "inc": -0.08963162025193401, "pomega": 5.832635865710663, "f": 1.6457308050308368, "P": 569429.110789995, "RHill": 26896669.39848905, "spacing": "linear", "period_ratio": NaN}}