{"Planet": {"m": 2.5005636428761305e+23, "Rp": 2644355.7, "Rstar": 146097000.0, "RpRstar": 0.0181, "rhostar": 27400.968402478637, "impact": 0.12714435416553194, "q1": 0.11235904, "q2": 0.15244630071599044, "a": 108189947839.37302, "Pp": 529.4857442098235, "rhoplan": 3228.4174365324443, "aRp": null, "e": null, "inc": null, "pomega": null, "f": null, "P": 45747568.299728744, "RHill": 665630160.5442263}, "I": {"m": 2.105039014987314e+20, "r": 717965.1606802314, "msmp": 0.0008418258103465477, "rsrp": 0.2715085420165794, "a": 36855495.79289237, "aRp": 13.937419914004899, "e": 0.0, "inc": -0.1150461556145077, "pomega": 4.972381771748382, "f": 2.4198966514600047, "P": 343976.45299904677, "RHill": 2412881.0834056623, "spacing": "logarithmic", "period_ratio": NaN}, "II": {"m": 1.274882783724711e+20, "r": 678211.5571388039, "msmp": 0.0005098381668295992, "rsrp": 0.25647516222526484, "a": 82231849.90820415, "aRp": 31.097121279185, "e": 0.0, "inc": -0.1150461556145077, "pomega": 4.085107278925342, "f": 5.047159154642108, "P": 1146588.1766634893, "RHill": 4554881.576257493, "spacing": "logarithmic", "period_ratio": 3.3333333333333335}, "III": {"m": 1.0376952890782532e+20, "r": 653774.404213861, "msmp": 0.00041498455439618545, "rsrp": 0.24723391191807553, "a": 207204728.89448306, "aRp": 78.35735899466287, "e": 0.0, "inc": -0.1150461556145077, "pomega": 0.7710239395848938, "f": 5.087375562248818, "P": 4586352.706653957, "RHill": 10716095.010121385, "spacing": "logarithmic", "period_ratio": 4.0}}