{"Planet": {"m": 6.76740700864835e+23, "Rp": 3506328.0000000005, "Rstar": 194796000.00000003, "RpRstar": 0.018, "rhostar": 18624.095711059683, "impact": 0.012084507376464049, "q1": 0.11235904, "q2": 0.15244630071599044, "a": 152312879710.6378, "Pp": 696.8126060400607, "rhoplan": 3747.797076623928, "aRp": null, "e": null, "inc": null, "pomega": null, "f": null, "P": 60204609.16186124, "RHill": 1113958488.3404586}, "I": {"m": 3.4090903556304163e+21, "r": 696679.2817695527, "msmp": 0.005037513409898058, "rsrp": 0.19869198824797699, "a": 52612515.67507602, "aRp": 15.005018262717012, "e": 0.0, "inc": -0.12981311778259655, "pomega": 3.6546660412597736, "f": 5.8087573736941795, "P": 355883.8860804965, "RHill": 6253464.973632402, "spacing": "logarithmic", "period_ratio": NaN}, "II": {"m": 3.4090903556304163e+21, "r": 798900.4202012788, "msmp": 0.005037513409898058, "rsrp": 0.22784531857866083, "a": 96913082.48484549, "aRp": 27.639479958761836, "e": 0.0, "inc": -0.12981311778259655, "pomega": 4.188790204786391, "f": 3.7922815610389846, "P": 889709.7152012412, "RHill": 11518980.969253061, "spacing": "logarithmic", "period_ratio": 2.5}}