{"Planet": {"m": 6.225411198395946e+25, "Rp": 20353399.2, "Rstar": 1106163000.0, "RpRstar": 0.0184, "rhostar": 424.37059959566574, "impact": 0.4643128416108062, "q1": 0.379456, "q2": 0.25681818181818183, "a": 85321848592.35689, "Pp": 143.0218494381006, "rhoplan": 1762.6601299114225, "aRp": null, "e": null, "inc": null, "pomega": null, "f": null, "P": 12357087.79145189, "RHill": 1749761106.0462997}, "I": {"m": 1.7851662833790505e+23, "r": 2364685.1376033826, "msmp": 0.0028675475827829983, "rsrp": 0.11618133729737795, "a": 42578918.68708908, "aRp": 2.0919807187336588, "e": 0.0, "inc": 0.10104721511946366, "pomega": 1.2108908977832846, "f": 2.975385781527687, "P": 27043.514986673286, "RHill": 4194283.232452933, "spacing": "logarithmic", "period_ratio": NaN}, "II": {"m": 1.2927066189986224e+23, "r": 2119003.9001719137, "msmp": 0.0020764999737394123, "rsrp": 0.10411056548096957, "a": 91663622.04374138, "aRp": 4.5036026239657, "e": 0.0, "inc": 0.10104721511946366, "pomega": 1.0261467753399605, "f": 5.311079329561142, "P": 85455.11595089835, "RHill": 8108376.493338253, "spacing": "logarithmic", "period_ratio": 3.159911571887367}, "III": {"m": 1.7236088253314983e+23, "r": 2152487.2976793675, "msmp": 0.0027686666316525522, "rsrp": 0.10575566648736333, "a": 223801367.7510807, "aRp": 10.995773509472595, "e": 0.0, "inc": 0.10104721511946366, "pomega": 5.297883320815191, "f": 5.573114360373613, "P": 325901.76479275007, "RHill": 21789430.20923767, "spacing": "logarithmic", "period_ratio": 3.813718595619365}, "IV": {"m": 8.618044126657491e+22, "r": 2017852.329406258, "msmp": 0.0013843333158262761, "rsrp": 0.09914080245653797, "a": 492285666.30027187, "aRp": 24.186901728939304, "e": 0.0, "inc": 0.10104721511946366, "pomega": 0.9256057563231854, "f": 1.201465177250462, "P": 1063943.0331994505, "RHill": 38041444.20746111, "spacing": "logarithmic", "period_ratio": 3.2646126782284877}}