{"Planet": {"m": 5.729754449449248e+25, "Rp": 19046039.76, "Rstar": 848754000.0, "RpRstar": 0.02244, "rhostar": 830.7217410317672, "impact": 0.14525385396249246, "q1": 0.37234403999999993, "q2": 0.25901343821697803, "a": 115492735560.782, "Pp": 239.52153953087503, "rhoplan": 1979.8548024920538, "aRp": null, "e": null, "inc": null, "pomega": null, "f": null, "P": 20694661.015467603, "RHill": 2400286177.050004}, "I": {"m": 1.5011623654632222e+23, "r": 2005543.9045722755, "msmp": 0.0026199418818157487, "rsrp": 0.10529978566905372, "a": 37796917.216739215, "aRp": 1.9845026941568882, "e": 0.0, "inc": 0.03220454515381077, "pomega": 5.667371565701839, "f": 1.0940119631762837, "P": 23579.00102114204, "RHill": 3612821.574507898, "spacing": "linear", "period_ratio": NaN}, "II": {"m": 2.370256366520877e+22, "r": 1239319.3955267929, "msmp": 0.00041367503397090764, "rsrp": 0.06506966336012693, "a": 102946712.49418524, "aRp": 5.405150561031131, "e": 0.0, "inc": 0.03220454515381077, "pomega": 3.2235964222253504, "f": 3.1601299039710113, "P": 106105.50459513918, "RHill": 5318532.709810565, "spacing": "linear", "period_ratio": 4.5}, "III": {"m": 5.135555460795234e+22, "r": 1796932.0266249734, "msmp": 0.0008962959069369668, "rsrp": 0.0943467539324812, "a": 189659954.61765197, "aRp": 9.957973258880351, "e": 0.0, "inc": 0.03220454515381077, "pomega": 2.2489769191314872, "f": 0.6019893513629407, "P": 265263.76148784795, "RHill": 12679020.239842243, "spacing": "linear", "period_ratio": 2.5}, "IV": {"m": 3.3578631859045747e+22, "r": 1688942.7154612688, "msmp": 0.0005860396314587857, "rsrp": 0.08867684498949448, "a": 320783889.26970756, "aRp": 16.842550646324362, "e": 0.0, "inc": 0.03220454515381077, "pomega": 5.528499283184919, "f": 4.846077116608558, "P": 583580.2752732655, "RHill": 18612917.79236699, "spacing": "linear", "period_ratio": 2.2}}