{"Planet": {"m": 5.165304996849609e+25, "Rp": 18246680.46, "Rstar": 563517000.0, "RpRstar": 0.03238, "rhostar": 2387.474511520137, "impact": 0.48705082920639897, "q1": 0.39904488999999993, "q2": 0.24908975779642237, "a": 13252488214.903776, "Pp": 10.151469793212081, "rhoplan": 2029.8117455196614, "aRp": null, "e": null, "inc": null, "pomega": null, "f": null, "P": 877086.9901335238, "RHill": 281863944.531631}, "I": {"m": 6.495913540714889e+22, "r": 1825422.5066573815, "msmp": 0.001257605029069307, "rsrp": 0.10004134783085808, "a": 66174871.00802163, "aRp": 3.6266799954703446, "e": 0.0, "inc": -0.03824398831002676, "pomega": 4.739252283903235, "f": 4.802718802157574, "P": 57569.93810416563, "RHill": 4952609.735033028, "spacing": "linear", "period_ratio": NaN}, "II": {"m": 2.155462220328122e+23, "r": 2459532.535693825, "msmp": 0.004172962141911791, "rsrp": 0.1347934239921372, "a": 166911911.0420896, "aRp": 9.14752200587885, "e": 0.0, "inc": -0.03824398831002676, "pomega": 1.3120602981689147, "f": 6.225374221244941, "P": 230279.75241666252, "RHill": 18632096.55999016, "spacing": "linear", "period_ratio": 4.0}}