{"Planet": {"m": 2.95039222072329e+25, "Rp": 12821751.0, "Rstar": 674829000.0, "RpRstar": 0.019, "rhostar": 1513.7779114988336, "impact": 0.3298341203948272, "q1": 0.25, "q2": 0.2, "a": 128151455737.91061, "Pp": 292.5359867963404, "rhoplan": 3341.5589663323294, "aRp": null, "e": null, "inc": null, "pomega": null, "f": null, "P": 25275109.25920381, "RHill": 2198192466.1975513}, "I": {"m": 2.8807032833340355e+23, "r": 3074579.172345172, "msmp": 0.00976379771848717, "rsrp": 0.23979401661638666, "a": 1027973170.642081, "aRp": 80.17416424964742, "e": 0.0, "inc": -0.16521193489475275, "pomega": 4.00970151466276, "f": 2.9728722560522676, "P": 4644082.234369133, "RHill": 152340117.50444332, "spacing": "linear", "period_ratio": NaN}}