{"Planet": {"m": 7.976634530444449e+29, "Rp": 294093261.0, "Rstar": 2678445000.0, "RpRstar": 0.1098, "rhostar": 26.68043204328498, "impact": 0.19583845924630794, "q1": 0.40106888999999996, "q2": 0.2976472445918206, "a": 54909898915.0634, "Pp": 66.73993932813548, "rhoplan": 7486.44892392835, "aRp": null, "e": null, "inc": null, "pomega": null, "f": null, "P": 5766330.757950906, "RHill": 27367821929.597878}, "I": {"m": 1.7808199298394953e+26, "r": 25816942.59567402, "msmp": 0.0002232545471454952, "rsrp": 0.08778488329820662, "a": 1596610932.2180254, "aRp": 5.42892729601861, "e": 0.0, "inc": 0.04470235237881265, "pomega": 2.980412832478526, "f": 5.158382656929415, "P": 54930.97829281843, "RHill": 67157128.46469297, "spacing": "linear", "period_ratio": NaN}, "II": {"m": 1.632418269019537e+26, "r": 15930430.54130141, "msmp": 0.0002046500015500372, "rsrp": 0.054167955046414376, "a": 4316768634.473042, "aRp": 14.678230367451505, "e": 0.0, "inc": 0.04470235237881265, "pomega": 2.8132633883631373, "f": 2.0673747035324372, "P": 244208.56037313727, "RHill": 176382545.10525447, "spacing": "linear", "period_ratio": 4.4457347741258895}, "III": {"m": 1.899541258495462e+26, "r": 53115300.79616385, "msmp": 0.00023813818362186163, "rsrp": 0.18060699730268165, "a": 13248533615.75522, "aRp": 45.04874940250746, "e": 0.0, "inc": 0.04470235237881265, "pomega": 5.977163580547278, "f": 4.668873570591492, "P": 1313007.3964250924, "RHill": 569382007.5893694, "spacing": "linear", "period_ratio": 5.376582190316708}}