{"Planet": {"m": 1.7929841523108332e+26, "Rp": 38228993.28, "Rstar": 737442000.0, "RpRstar": 0.051840000000000004, "rhostar": 1302.0461578503382, "impact": 0.2919766633036166, "q1": 0.37234403999999993, "q2": 0.25901343821697803, "a": 44136403609.25421, "Pp": 55.807373067728555, "rhoplan": 766.1419755557123, "aRp": null, "e": null, "inc": null, "pomega": null, "f": null, "P": 4821757.033051747, "RHill": 1329380005.9963367}, "I": {"m": 1.8141785870365211e+22, "r": 1463988.999970913, "msmp": 0.00010118207596527677, "rsrp": 0.038295253794632826, "a": 171159842.6080898, "aRp": 4.477225998457938, "e": 0.0, "inc": -0.015447708651014913, "pomega": 3.5622939800381115, "f": 1.8606372331791936, "P": 128608.48681414699, "RHill": 5530053.362781674, "spacing": "linear", "period_ratio": NaN}, "II": {"m": 4.958754804566491e+22, "r": 1889019.9768934466, "msmp": 0.0002765643409717565, "rsrp": 0.049413280727999505, "a": 350345737.23176306, "aRp": 9.16439872391437, "e": 0.0, "inc": -0.015447708651014913, "pomega": 5.465661146299435, "f": 0.9318895700117339, "P": 376594.51527312235, "RHill": 15826631.134068869, "spacing": "linear", "period_ratio": 2.928224447717371}, "III": {"m": 8.466166739503766e+22, "r": 1963376.283124362, "msmp": 0.00047218302117129165, "rsrp": 0.05135830464443666, "a": 626307706.9899223, "aRp": 16.383055195899793, "e": 0.0, "inc": -0.015447708651014913, "pomega": 0.7063006585928449, "f": 2.0070500921223724, "P": 900052.6312568189, "RHill": 33815628.204728246, "spacing": "linear", "period_ratio": 2.389978065941992}}