{"Planet": {"m": 1.7934429330607663e+25, "Rp": 9374418.36, "Rstar": 396548999.99999994, "RpRstar": 0.02364, "rhostar": 4110.744494263089, "impact": 0.0007970819978967425, "q1": 0.15888196000000002, "q2": 0.16821374811841444, "a": 159303404227.9885, "Pp": 546.1945807675324, "rhoplan": 5197.1584661231345, "aRp": null, "e": null, "inc": null, "pomega": null, "f": null, "P": 47191211.77831481, "RHill": 2823453256.941472}, "I": {"m": 3.028889167260845e+22, "r": 1281956.1444604048, "msmp": 0.0016888684392603523, "rsrp": 0.13675047296058643, "a": 37279727.41823871, "aRp": 3.9767509819391833, "e": 0.0, "inc": 0.004625585076292599, "pomega": 0.14766962168088837, "f": 0.10996673954959772, "P": 41302.457599371905, "RHill": 3078205.311862479, "spacing": "logarithmic", "period_ratio": NaN}, "II": {"m": 2.5179921992891364e+22, "r": 1116601.6127424624, "msmp": 0.0014039990639634257, "rsrp": 0.1191115618977413, "a": 103102716.3269389, "aRp": 10.998305427339483, "e": 0.0, "inc": 0.004625585076292599, "pomega": 4.484757829517022, "f": 4.671387096066911, "P": 189991.30495711075, "RHill": 8004827.209999031, "spacing": "logarithmic", "period_ratio": 4.6}, "III": {"m": 1.8976173096092048e+22, "r": 1340447.7430431545, "msmp": 0.0010580862511028718, "rsrp": 0.1429899639174152, "a": 274011101.1088158, "aRp": 29.22966424007727, "e": 0.0, "inc": 0.004625585076292599, "pomega": 0.9375450023314275, "f": 5.1822611489459, "P": 823295.6548141466, "RHill": 19359825.12441644, "spacing": "logarithmic", "period_ratio": 4.333333333333333}, "IV": {"m": 6.203748896799319e+21, "r": 947198.9828669059, "msmp": 0.00034591281286055396, "rsrp": 0.1010408269070366, "a": 690300932.5791397, "aRp": 73.63666801181036, "e": 0.0, "inc": 0.004625585076292599, "pomega": 3.6464970834646606, "f": 2.3727680487958915, "P": 3293182.6192565863, "RHill": 33598528.57473261, "spacing": "logarithmic", "period_ratio": 4.0}}