{"Planet": {"m": 3.2056181347032347e+25, "Rp": 13792252.5, "Rstar": 452205000.0, "RpRstar": 0.0305, "rhostar": 3336.756980609528, "impact": 0.46679382246804424, "q1": 0.3701505600000001, "q2": 0.22016765285996057, "a": 43376565668.16733, "Pp": 70.73445156988181, "rhoplan": 2916.8733929960385, "aRp": null, "e": null, "inc": null, "pomega": null, "f": null, "P": 6111456.615637789, "RHill": 877092879.6769665}, "I": {"m": 1.6557445207500124e+23, "r": 2480644.9648624687, "msmp": 0.005165133372641391, "rsrp": 0.17985785605813617, "a": 349828895.37884504, "aRp": 25.364159725095305, "e": 0.0, "inc": 0.1642693628414705, "pomega": 1.112863404241929, "f": 5.285944074806949, "P": 886514.6638893522, "RHill": 41928478.90828529, "spacing": "logarithmic", "period_ratio": NaN}}