{"Planet": {"m": 3.074571939238869e+26, "Rp": 49333478.4, "Rstar": 445248000.0, "RpRstar": 0.1108, "rhostar": 4517.4219223721375, "impact": 0.19924543557573549, "q1": 0.39050001, "q2": 0.361577852456393, "a": 129891080432.83942, "Pp": 322.40345826281595, "rhoplan": 611.3231421388443, "aRp": null, "e": null, "inc": null, "pomega": null, "f": null, "P": 27855658.793907296, "RHill": 5123169585.058605}, "I": {"m": 2.0156924832210172e+24, "r": 4643220.520061725, "msmp": 0.00655601014728579, "rsrp": 0.09411905810521005, "a": 574117459.799201, "aRp": 11.637481856523642, "e": 0.0, "inc": 0.02770114534368437, "pomega": 5.512161367594693, "f": 2.321240776549794, "P": 601404.7247974102, "RHill": 74502962.48693384, "spacing": "linear", "period_ratio": NaN}}