{"Planet": {"m": 7.656422668631491e+27, "Rp": 90980445.78, "Rstar": 9447606000.0, "RpRstar": 0.00963, "rhostar": 3.78849785222941, "impact": 0.4512970720277605, "q1": 0.40335201, "q2": 0.37537395685718783, "a": 131229723330.93382, "Pp": 115.64500859544464, "rhoplan": 2427.130399860988, "aRp": null, "e": null, "inc": null, "pomega": null, "f": null, "P": 9991728.742646417, "RHill": 7553706453.419392}, "I": {"m": 3.1165117909672525e+25, "r": 1663693.7838830107, "msmp": 0.0040704542132132555, "rsrp": 0.01828627865713026, "a": 1180806651.7920122, "aRp": 12.97868615248735, "e": 0.0, "inc": 0.03360094819571041, "pomega": 6.196468678277618, "f": 5.186659818527883, "P": 355918.1611241047, "RHill": 130723198.05640402, "spacing": "linear", "period_ratio": NaN}, "II": {"m": 1.320555843630192e+25, "r": 9560574.597364945, "msmp": 0.0017247687344123964, "rsrp": 0.10508383988888546, "a": 2454262635.8938475, "aRp": 26.97571565903848, "e": 0.0, "inc": 0.03360094819571041, "pomega": 3.6238753541858864, "f": 1.3095467726934953, "P": 1067754.4833723141, "RHill": 204075518.0949295, "spacing": "linear", "period_ratio": 3.0}}