{"Planet": {"m": 6.36076548545397e+22, "Rp": 1805758.92, "Rstar": 146097000.0, "RpRstar": 0.01236, "rhostar": 27400.968402478637, "impact": 0.38983996236808827, "q1": 0.11235904, "q2": 0.15244630071599044, "a": 81064637303.61395, "Pp": 343.4165205028124, "rhoplan": 2578.9413648170503, "aRp": null, "e": null, "inc": null, "pomega": null, "f": null, "P": 29671187.37144299, "RHill": 316010380.27491784}, "I": {"m": 3.286237713924315e+20, "r": 648905.6583287577, "msmp": 0.005166418603923384, "rsrp": 0.35935342815792803, "a": 120787354.34550893, "aRp": 66.89007763312554, "e": 0.0, "inc": -0.15226029668113347, "pomega": 1.0305454449219444, "f": 0.2871702855666638, "P": 4037713.802024235, "RHill": 14478078.080305746, "spacing": "linear", "period_ratio": NaN}}