{"Planet": {"m": 7.984801766460537e+25, "Rp": 24331411.8, "Rstar": 1210518000.0, "RpRstar": 0.0201, "rhostar": 371.9789347556998, "impact": 0.002839499472200524, "q1": 0.22127616000000003, "q2": 0.19313350340136054, "a": 30202218028.85743, "Pp": 28.10314299018407, "rhoplan": 1323.346588628064, "aRp": null, "e": null, "inc": null, "pomega": null, "f": null, "P": 2428111.554351904, "RHill": 642558830.240048}, "I": {"m": 2.575829061356488e+23, "r": 3212081.80165111, "msmp": 0.003225914852609157, "rsrp": 0.13201378646064055, "a": 293230573.1335042, "aRp": 12.051523172753345, "e": 0.0, "inc": 0.041141524621968545, "pomega": 1.1763299224962682, "f": 5.777338305251437, "P": 431478.7778923473, "RHill": 30041374.387518466, "spacing": "logarithmic", "period_ratio": NaN}}