{"Planet": {"m": 3.0122274528713695e+25, "Rp": 12879285.389999999, "Rstar": 480032999.99999994, "RpRstar": 0.02683, "rhostar": 3004.0147363246306, "impact": 0.27626513485212556, "q1": 0.3701505600000001, "q2": 0.22016765285996057, "a": 76158522293.958, "Pp": 158.5748658996898, "rhoplan": 3366.0754987858627, "aRp": null, "e": null, "inc": null, "pomega": null, "f": null, "P": 13700868.4137332, "RHill": 1471542110.24001}, "I": {"m": 3.2364784087481272e+22, "r": 1511814.9474610586, "msmp": 0.0010744468866927673, "rsrp": 0.11738344959999825, "a": 70773327.27306816, "aRp": 5.495128427546101, "e": 0.0, "inc": -0.12377367462638053, "pomega": 5.157754275560561, "f": 5.088632324986528, "P": 83388.1536361437, "RHill": 5026019.616525078, "spacing": "linear", "period_ratio": NaN}, "II": {"m": 4.638952385872312e+22, "r": 1532018.4257703384, "msmp": 0.0015400405375929653, "rsrp": 0.11895212967016476, "a": 144439271.01462215, "aRp": 11.214851340026263, "e": 0.0, "inc": -0.12377367462638053, "pomega": 0.3575489988784063, "f": 3.0218860028229453, "P": 243067.50262338683, "RHill": 11565264.967783097, "spacing": "linear", "period_ratio": 2.9148924880144103}, "III": {"m": 3.991656704122691e+22, "r": 1439288.8940750314, "msmp": 0.0013251511602544131, "rsrp": 0.11175223240200531, "a": 336917812.6977662, "aRp": 26.159666665928754, "e": 0.0, "inc": -0.12377367462638053, "pomega": 3.149447420700479, "f": 4.8448203538708485, "P": 866027.1787035919, "RHill": 25658939.024137486, "spacing": "linear", "period_ratio": 3.5629081195828554}, "IV": {"m": 3.3983023291855343e+22, "r": 1484936.100756731, "msmp": 0.0011281692310274058, "rsrp": 0.11529646682957237, "a": 689222846.9844184, "aRp": 53.5140596790843, "e": 0.0, "inc": -0.12377367462638053, "pomega": 3.9123024024902597, "f": 3.228623473176189, "P": 2534123.537478813, "RHill": 49748195.321593106, "spacing": "linear", "period_ratio": 2.926147815906072}}