{"Planet": {"m": 1.0036318820834469e+24, "Rp": 3885762.78, "Rstar": 403506000.0, "RpRstar": 0.00963, "rhostar": 4768.823465716958, "impact": 0.02167735030205631, "q1": 0.09235521000000001, "q2": 0.04886475814412636, "a": 52321419814.51166, "Pp": 92.99454117960485, "rhoplan": 4083.729689624238, "aRp": null, "e": null, "inc": null, "pomega": null, "f": null, "P": 8034728.357917859, "RHill": 331752321.12150097}, "I": {"m": 2.719056854620393e+21, "r": 756241.0066249586, "msmp": 0.0027092172968597636, "rsrp": 0.19461841842670558, "a": 14276045.638895292, "aRp": 3.673936482271646, "e": 0.0, "inc": -0.027107674050877023, "pomega": 0.11436540913158164, "f": 5.113139198371867, "P": 41353.68068310422, "RHill": 1379903.732363057, "spacing": "logarithmic", "period_ratio": NaN}, "II": {"m": 9.41211988137828e+20, "r": 634118.1401601445, "msmp": 0.0009378059873745333, "rsrp": 0.16319013178672337, "a": 32890008.512868695, "aRp": 8.46423479121098, "e": 0.0, "inc": -0.027107674050877023, "pomega": 0.7490305916749742, "f": 2.9540208149866225, "P": 144737.88239086478, "RHill": 2232173.2605339163, "spacing": "logarithmic", "period_ratio": 3.5}, "III": {"m": 4.6537703857925946e+21, "r": 1032102.6841806434, "msmp": 0.004636929604240748, "rsrp": 0.2656113465013537, "a": 56543976.37876837, "aRp": 14.551577021067759, "e": 0.0, "inc": -0.027107674050877023, "pomega": 5.655432319693597, "f": 1.1285729384633, "P": 325660.2353794457, "RHill": 6537666.49768453, "spacing": "logarithmic", "period_ratio": 2.25}, "IV": {"m": 6.797642136550982e+20, "r": 688933.6441342998, "msmp": 0.0006773043242149409, "rsrp": 0.17729688690216439, "a": 117461484.90382317, "aRp": 30.22868135656577, "e": 0.0, "inc": -0.027107674050877023, "pomega": 2.927628797494719, "f": 3.6207334473416117, "P": 976980.7061383371, "RHill": 7152365.252040473, "spacing": "logarithmic", "period_ratio": 3.0}}