{"Planet": {"m": 6.219043550952517e+29, "Rp": 237929400.0, "Rstar": 8348400000.0, "RpRstar": 0.0285, "rhostar": 1.794858572613748, "impact": 0.4525241234520425, "q1": 0.38775529000000003, "q2": 0.2586317648948129, "a": 303167654170.4153, "Pp": 664.7505346923286, "rhoplan": 11022.767842894575, "aRp": null, "e": null, "inc": null, "pomega": null, "f": null, "P": 57434446.19741719, "RHill": 109708627201.7372}, "I": {"m": 2.1207203256897924e+26, "r": 44451704.07392447, "msmp": 0.00034100425705573006, "rsrp": 0.18682728605176355, "a": 1957585963.8791053, "aRp": 8.22759173048436, "e": 0.0, "inc": -0.14178727386688608, "pomega": 1.4025472152840122, "f": 1.3246279255460114, "P": 84454.43008754568, "RHill": 94827366.79811336, "spacing": "linear", "period_ratio": NaN}, "II": {"m": 3.322461843580675e+26, "r": 64135449.34437821, "msmp": 0.0005342400027206438, "rsrp": 0.26955663883647085, "a": 14981326412.519068, "aRp": 62.96542761222055, "e": 0.0, "inc": -0.14178727386688608, "pomega": 5.328674007889078, "f": 0.3883396859522937, "P": 1787823.450263542, "RHill": 842859752.4255441, "spacing": "linear", "period_ratio": 21.169090223097587}, "III": {"m": 2.8983177784427162e+26, "r": 39600667.72632522, "msmp": 0.0004660391513094977, "rsrp": 0.16643873235642684, "a": 30788838386.951424, "aRp": 129.4032531791003, "e": 0.0, "inc": -0.14178727386688608, "pomega": 0.6472328099204895, "f": 0.23312948784514717, "P": 5267493.251802463, "RHill": 1655110599.600937, "spacing": "linear", "period_ratio": 2.946316232190592}, "IV": {"m": 5.584563524316454e+26, "r": 34341563.46829028, "msmp": 0.0008979778769134226, "rsrp": 0.14433509884987009, "a": 44096058667.63268, "aRp": 185.33253422079272, "e": 0.0, "inc": -0.14178727386688608, "pomega": 1.6595551951456433, "f": 5.38334318697945, "P": 9026511.963652106, "RHill": 2949723000.026628, "spacing": "linear", "period_ratio": 1.713625729005606}}