{"Planet": {"m": 2.1171499867808565e+25, "Rp": 10057039.2, "Rstar": 361764000.0, "RpRstar": 0.0278, "rhostar": 5414.209043056326, "impact": 0.1881774475789385, "q1": 0.28601104000000005, "q2": 0.22690725504861628, "a": 54239925160.32377, "Pp": 108.51449904408689, "rhoplan": 4968.8122634217125, "aRp": null, "e": null, "inc": null, "pomega": null, "f": null, "P": 9375652.717409108, "RHill": 1016005320.0820992}, "I": {"m": 4.410514679472571e+22, "r": 1269717.4938195366, "msmp": 0.0020832320369416975, "rsrp": 0.126251620240233, "a": 49773670.0177173, "aRp": 4.94913751730403, "e": 0.0, "inc": -0.14363750789740312, "pomega": 4.384845191869102, "f": 1.4917773696614, "P": 58633.90138844229, "RHill": 4407629.975028615, "spacing": "logarithmic", "period_ratio": NaN}, "II": {"m": 2.0514021764988725e+22, "r": 1355378.3703493462, "msmp": 0.0009689451334612555, "rsrp": 0.13476912472901034, "a": 92765497.26494163, "aRp": 9.223937127036518, "e": 0.0, "inc": -0.14363750789740312, "pomega": 6.202752491966167, "f": 1.0720186152663642, "P": 149269.3380718226, "RHill": 6364717.331632567, "spacing": "logarithmic", "period_ratio": 2.5457855359637733}, "III": {"m": 9.128739685419977e+22, "r": 1861110.4512899097, "msmp": 0.004311805843902585, "rsrp": 0.1850555033423664, "a": 194594377.6575225, "aRp": 19.349072205816054, "e": 0.0, "inc": -0.14363750789740312, "pomega": 2.0667463221635822, "f": 0.326758311804519, "P": 452754.0478374266, "RHill": 21960535.98225389, "spacing": "logarithmic", "period_ratio": 3.0331349605072875}, "IV": {"m": 4.923365223597292e+22, "r": 1665291.9258582331, "msmp": 0.0023254683203070125, "rsrp": 0.165584710643092, "a": 402567436.5618322, "aRp": 40.02842472383246, "e": 0.0, "inc": -0.14363750789740312, "pomega": 1.8763467674005647, "f": 5.938203935678277, "P": 1348511.8709280482, "RHill": 36980124.28444432, "spacing": "logarithmic", "period_ratio": 2.978464526974847}}