{"Planet": {"m": 4.754052117246043e+25, "Rp": 17579017.17, "Rstar": 994851000.0, "RpRstar": 0.01767, "rhostar": 607.4544581240255, "impact": 0.4533768151908735, "q1": 0.31292836, "q2": 0.2426707186271005, "a": 157368335480.289, "Pp": 351.07260577281147, "rhoplan": 2089.255519431429, "aRp": null, "e": null, "inc": null, "pomega": null, "f": null, "P": 30332673.13877091, "RHill": 2910311177.6219454}, "I": {"m": 7.356222517727535e+22, "r": 2084530.1715264719, "msmp": 0.001547358408428407, "rsrp": 0.11858058680799796, "a": 481072244.8252134, "aRp": 27.3662765200663, "e": 0.0, "inc": -0.03262346606638067, "pomega": 3.858889986137598, "f": 4.668873570591492, "P": 1176047.1784011286, "RHill": 38580411.5509766, "spacing": "linear", "period_ratio": NaN}, "II": {"m": 1.7107494227273323e+22, "r": 1095085.0709529188, "msmp": 0.00035985079265776873, "rsrp": 0.0622950111694395, "a": 1171010942.7174013, "aRp": 66.61413043704314, "e": 0.0, "inc": -0.03262346606638067, "pomega": 2.7962970914040564, "f": 5.118794630691561, "P": 4468979.277924289, "RHill": 57751245.696512505, "spacing": "linear", "period_ratio": 3.8}}