{"Planet": {"m": 3.0122274528713695e+25, "Rp": 12418036.290000001, "Rstar": 688743000.0, "RpRstar": 0.01803, "rhostar": 1540.1094031489026, "impact": 0.0761386042685005, "q1": 0.25, "q2": 0.2, "a": 168103749047.2542, "Pp": 422.5911246617024, "rhoplan": 3755.2631790709725, "aRp": null, "e": null, "inc": null, "pomega": null, "f": null, "P": 36511873.170771085, "RHill": 2828539902.929944}, "I": {"m": 5.019509551603914e+22, "r": 1681042.1714501255, "msmp": 0.0016663779977236204, "rsrp": 0.13537101456240996, "a": 63433816.53080246, "aRp": 5.108200286214694, "e": 0.0, "inc": 0.028120066256254267, "pomega": 1.8380155039004191, "f": 2.3928762525992466, "P": 70738.01027653117, "RHill": 5214407.059396831, "spacing": "logarithmic", "period_ratio": NaN}, "II": {"m": 2.8278927051289675e+22, "r": 1557714.9719465629, "msmp": 0.0009388045057597868, "rsrp": 0.1254397181300686, "a": 177100657.0148052, "aRp": 14.261567036764166, "e": 0.0, "inc": 0.028120066256254267, "pomega": 2.588302858313103, "f": 0.03518935665587127, "P": 330110.7146238122, "RHill": 12023700.29900777, "spacing": "logarithmic", "period_ratio": 4.666666666666667}, "III": {"m": 2.2623141641031726e+22, "r": 1408097.9037593037, "msmp": 0.0007510436046078289, "rsrp": 0.11339135036134636, "a": 351802052.0509291, "aRp": 28.329926232719128, "e": 0.0, "inc": 0.028120066256254267, "pomega": 0.24255520837796984, "f": 3.0463928762082846, "P": 924310.000946674, "RHill": 22172415.113294687, "spacing": "logarithmic", "period_ratio": 2.8}, "IV": {"m": 9.897624467951382e+21, "r": 922797.6461780032, "msmp": 0.0003285815770159252, "rsrp": 0.07431107661692968, "a": 731674770.7926449, "aRp": 58.92032795731545, "e": 0.0, "inc": 0.028120066256254267, "pomega": 0.7063006585928449, "f": 2.6348030796083615, "P": 2772930.002840022, "RHill": 35007309.31094907, "spacing": "logarithmic", "period_ratio": 3.0}}