{"Planet": {"m": 1.5498803519568556e+28, "Rp": 62926065.00000001, "Rstar": 466119000.0, "RpRstar": 0.135, "rhostar": 3281.1412208791235, "impact": 0.3460238500834498, "q1": 0.09235521000000001, "q2": 0.04886475814412636, "a": 169854473038.76617, "Pp": 525.2573974551431, "rhoplan": 14849.705463683571, "aRp": null, "e": null, "inc": null, "pomega": null, "f": null, "P": 45382239.14012436, "RHill": 26298721995.69049}, "I": {"m": 2.524229198962698e+24, "r": 5657063.684541184, "msmp": 0.00016286606871141016, "rsrp": 0.08990016592553791, "a": 485547801.10083234, "aRp": 7.716163422912783, "e": 0.0, "inc": -0.05859656264571421, "pomega": 3.363097086111126, "f": 6.1248332022281655, "P": 66090.7293599202, "RHill": 18385203.638752136, "spacing": "linear", "period_ratio": NaN}, "II": {"m": 5.758397860133653e+24, "r": 6204911.411212791, "msmp": 0.0003715382192479043, "rsrp": 0.09860637894984836, "a": 1010050361.6391615, "aRp": 16.0513828671658, "e": 0.0, "inc": -0.05859656264571421, "pomega": 4.7059480713539275, "f": 0.5561175114365371, "P": 198272.18807976058, "RHill": 50346634.17698672, "spacing": "linear", "period_ratio": 3.0}, "III": {"m": 2.8397578488330366e+24, "r": 5772325.866302928, "msmp": 0.00018322432730033652, "rsrp": 0.09173187400646977, "a": 2752902207.1531124, "aRp": 43.748202071003675, "e": 0.0, "inc": -0.05859656264571421, "pomega": 6.127346727703586, "f": 1.9574079639828394, "P": 892224.8463589227, "RHill": 108412180.0529517, "spacing": "linear", "period_ratio": 4.5}, "IV": {"m": 4.969576235457812e+24, "r": 7082602.176818022, "msmp": 0.0003206425727755888, "rsrp": 0.11255434734109022, "a": 5205465481.799658, "aRp": 82.72351817644497, "e": 0.0, "inc": -0.05859656264571421, "pomega": 3.87082923214584, "f": 4.548224347771362, "P": 2319784.600533199, "RHill": 247035602.3591936, "spacing": "linear", "period_ratio": 2.6}, "V": {"m": 5.679515697666073e+24, "r": 5102869.183240189, "msmp": 0.00036644865460067305, "rsrp": 0.08109309207941397, "a": 10827969811.0638, "aRp": 172.07447837495957, "e": 0.0, "inc": -0.05859656264571421, "pomega": 1.1788434479716876, "f": 1.4609866825875126, "P": 6959353.801599598, "RHill": 537251531.1261047, "spacing": "linear", "period_ratio": 3.0}}