{"Planet": {"m": 1.3678167018520665e+30, "Rp": 475316849.70000005, "Rstar": 3248919000.0, "RpRstar": 0.1463, "rhostar": 20.209403964717225, "impact": 0.048398574698316876, "q1": 0.37112463999999995, "q2": 0.2852921864740644, "a": 111260692135.68202, "Pp": 159.85140102865597, "rhoplan": 3040.812647741268, "aRp": null, "e": null, "inc": null, "pomega": null, "f": null, "P": 13811161.048875876, "RHill": 60028531310.79671}, "I": {"m": 6.004217602870303e+27, "r": 87692097.63195202, "msmp": 0.004389636122106423, "rsrp": 0.18449187670771522, "a": 19974677163.107304, "aRp": 42.023919782592344, "e": 0.0, "inc": -0.04756497861470696, "pomega": 0.22119024183690514, "f": 0.010054101901677506, "P": 1852386.4571750755, "RHill": 2267682199.0556374, "spacing": "linear", "period_ratio": NaN}}