{"Planet": {"m": 1.3135794053718304e+26, "Rp": 31866955.92, "Rstar": 862668000.0, "RpRstar": 0.03694, "rhostar": 702.4409810702841, "impact": 0.1106522525855026, "q1": 0.379456, "q2": 0.25681818181818183, "a": 52487410021.86522, "Pp": 77.87823877143563, "rhoplan": 969.0495465675103, "aRp": null, "e": null, "inc": null, "pomega": null, "f": null, "P": 6728679.829852039, "RHill": 1496546894.173871}, "I": {"m": 1.5727447812454835e+23, "r": 2420564.6458863663, "msmp": 0.0011972970760761067, "rsrp": 0.07595845213339618, "a": 226372663.88553995, "aRp": 7.103680202584594, "e": 0.0, "inc": 0.06320469268398307, "pomega": 3.2751236944714477, "f": 5.782365356202276, "P": 228415.1885769975, "RHill": 16666748.062206691, "spacing": "linear", "period_ratio": NaN}, "II": {"m": 1.2339997514387638e+23, "r": 2415282.5527053727, "msmp": 0.0009394177058443297, "rsrp": 0.07579269757578315, "a": 616966663.8003587, "aRp": 19.360702834284357, "e": 0.0, "inc": 0.06320469268398307, "pomega": 2.7711618366498625, "f": 0.4750563148542622, "P": 1027868.3485964887, "RHill": 41896157.5674216, "spacing": "linear", "period_ratio": 4.5}, "III": {"m": 1.0646272365354042e+23, "r": 1973113.6121836763, "msmp": 0.0008104780207284415, "rsrp": 0.061917229155400176, "a": 979331475.4746697, "aRp": 30.731880319325764, "e": 0.0, "inc": 0.06320469268398307, "pomega": 4.361595081221473, "f": 6.1977254410153275, "P": 2055736.6971929774, "RHill": 63309620.253867134, "spacing": "linear", "period_ratio": 2.0}}