{"Planet": {"m": 1.1841760979788653e+26, "Rp": 30004149.6, "Rstar": 556560000.0, "RpRstar": 0.05391, "rhostar": 2367.989548641547, "impact": 0.3778352908971724, "q1": 0.39050001, "q2": 0.361577852456393, "a": 106169405395.04124, "Pp": 235.47517277338974, "rhoplan": 1046.6071924965113, "aRp": null, "e": null, "inc": null, "pomega": null, "f": null, "P": 20345054.927620873, "RHill": 3022940575.122855}, "I": {"m": 1.4279619963241626e+22, "r": 1326989.0703980227, "msmp": 0.00012058696327019161, "rsrp": 0.04422685155516031, "a": 104291235.92514858, "aRp": 3.4758937452154477, "e": 0.0, "inc": -0.1198637461090615, "pomega": 1.773920604277225, "f": 2.4953024157225863, "P": 75268.69716707543, "RHill": 3572515.996702697, "spacing": "logarithmic", "period_ratio": NaN}, "II": {"m": 2.141942994486243e+22, "r": 1332718.0969876382, "msmp": 0.00018088044490528735, "rsrp": 0.04441779269716873, "a": 131812533.22004433, "aRp": 4.39314344773312, "e": 0.0, "inc": -0.1198637461090615, "pomega": 2.188652307721422, "f": 2.613438113067297, "P": 106946.02489246793, "RHill": 5168686.136056195, "spacing": "logarithmic", "period_ratio": 1.420856596668303}, "III": {"m": 5.592851152269636e+22, "r": 1810937.769263117, "msmp": 0.0004722989394749171, "rsrp": 0.06035624383312357, "a": 352835369.14952374, "aRp": 11.759552390364155, "e": 0.0, "inc": -0.1198637461090615, "pomega": 6.019893513629407, "f": 5.869710366473099, "P": 468300.3659149012, "RHill": 19051858.70708493, "spacing": "logarithmic", "period_ratio": 4.3788478008955245}, "IV": {"m": 7.972787812809907e+22, "r": 2107941.1642975607, "msmp": 0.0006732772115919032, "rsrp": 0.07025498780667193, "a": 821670174.2572504, "aRp": 27.385217885237125, "e": 0.0, "inc": -0.1198637461090615, "pomega": 2.828972922584508, "f": 4.661961375534089, "P": 1664060.0496457883, "RHill": 49933086.251703046, "spacing": "logarithmic", "period_ratio": 3.5534032658607373}}