{"Planet": {"m": 2.2068237141348315e+25, "Rp": 10277576.100000001, "Rstar": 549603000.0, "RpRstar": 0.0187, "rhostar": 2459.056279329773, "impact": 0.28183909881174796, "q1": 0.39050001, "q2": 0.361577852456393, "a": 210933494098.29544, "Pp": 659.4419956111998, "rhoplan": 4852.962431553498, "aRp": null, "e": null, "inc": null, "pomega": null, "f": null, "P": 56975788.42080766, "RHill": 3430516838.5521355}, "I": {"m": 1.568947966625198e+23, "r": 2091392.2445161648, "msmp": 0.0071095301204894485, "rsrp": 0.2034908060195404, "a": 1072955398.1918144, "aRp": 104.39770892981413, "e": 0.0, "inc": 0.1372489639807122, "pomega": 4.540055389976249, "f": 2.210017274262487, "P": 5733599.2714744, "RHill": 143050116.8954653, "spacing": "logarithmic", "period_ratio": NaN}}