{"Planet": {"m": 1.7201266916108724e+26, "Rp": 37521883.8, "Rstar": 619173000.0, "RpRstar": 0.060599999999999994, "rhostar": 1859.7913335281391, "impact": 0.41970916900626676, "q1": 0.37871715999999994, "q2": 0.34367890802729933, "a": 25429094165.74431, "Pp": 26.54269225640133, "rhoplan": 777.3523631329437, "aRp": null, "e": null, "inc": null, "pomega": null, "f": null, "P": 2293288.610953075, "RHill": 798878985.3844143}, "I": {"m": 7.972805371772055e+23, "r": 3462993.0771625238, "msmp": 0.004635010555126985, "rsrp": 0.0922926230362273, "a": 264833671.8987173, "aRp": 7.058112362117526, "e": 0.0, "inc": 0.11570944705941003, "pomega": 0.7798212787488615, "f": 2.6951276910184263, "P": 252146.20593662825, "RHill": 30616087.67834747, "spacing": "linear", "period_ratio": NaN}}