{"Planet": {"m": 5.49833384561971e+24, "Rp": 6228323.82, "Rstar": 598302000.0, "RpRstar": 0.01041, "rhostar": 2172.1109899464436, "impact": 0.23783873408085887, "q1": 0.37871715999999994, "q2": 0.34367890802729933, "a": 74019030681.69478, "Pp": 128.41381502173334, "rhoplan": 5432.86538157657, "aRp": null, "e": null, "inc": null, "pomega": null, "f": null, "P": 11094953.61787776, "RHill": 725219291.8705001}, "I": {"m": 6.667957547536662e+20, "r": 649210.9619177004, "msmp": 0.00012127232966853662, "rsrp": 0.10423526147323861, "a": 58486555.23304569, "aRp": 9.390416574879643, "e": 0.0, "inc": -0.039046920059119056, "pomega": 5.077949841715996, "f": 4.670130333329202, "P": 146696.30861501934, "RHill": 2007256.4623114406, "spacing": "logarithmic", "period_ratio": NaN}, "II": {"m": 5.754538705408355e+20, "r": 712050.0253364688, "msmp": 0.00010465968176873714, "rsrp": 0.11432450301475636, "a": 139631250.59688377, "aRp": 22.418752562047064, "e": 0.0, "inc": -0.039046920059119056, "pomega": 0.3939951182719873, "f": 4.43511570137749, "P": 541143.778796502, "RHill": 4562490.916406745, "spacing": "logarithmic", "period_ratio": 3.6888711372870744}, "III": {"m": 8.129427694941962e+20, "r": 634435.4816410713, "msmp": 0.00014785256630821597, "rsrp": 0.10186295702927521, "a": 343708662.49117875, "aRp": 55.18477722489046, "e": 0.0, "inc": -0.039046920059119056, "pomega": 1.0695050897909448, "f": 3.9763973021134538, "P": 2089849.7665317564, "RHill": 12601619.106121795, "spacing": "logarithmic", "period_ratio": 3.8619122096895575}}