{"Planet": {"m": 1.3411098085858813e+26, "Rp": 31743399.60000001, "Rstar": 473076000.00000006, "RpRstar": 0.0671, "rhostar": 2914.324514680094, "impact": 0.028679635622268385, "q1": 0.28601104000000005, "q2": 0.22690725504861628, "a": 46998882976.4674, "Pp": 79.77419014394374, "rhoplan": 1000.9569995061239, "aRp": null, "e": null, "inc": null, "pomega": null, "f": null, "P": 6892490.028436739, "RHill": 1531306556.0283353}, "I": {"m": 4.847275155948175e+23, "r": 3566480.8765374967, "msmp": 0.0036143760376037603, "rsrp": 0.11235346312867811, "a": 83756491.85359633, "aRp": 2.638548262284935, "e": 0.0, "inc": 0.12331984363776313, "pomega": 1.5577574133911587, "f": 5.437383984700967, "P": 50814.67101141656, "RHill": 8912287.169808337, "spacing": "logarithmic", "period_ratio": NaN}, "II": {"m": 5.0411661621861025e+23, "r": 3211997.1022726414, "msmp": 0.003758951079107911, "rsrp": 0.10118629834066797, "a": 651822691.7062123, "aRp": 20.53411732580187, "e": 0.0, "inc": 0.12331984363776313, "pomega": 0.40593436428022933, "f": 3.4573542914393527, "P": 1103124.003006806, "RHill": 70271293.58935566, "spacing": "logarithmic", "period_ratio": 21.708769948721432}}