{"Planet": {"m": 1.9894251417497542e+25, "Rp": 9788498.999999998, "Rstar": 486989999.99999994, "RpRstar": 0.0201, "rhostar": 2877.101682260257, "impact": 0.02046494708338764, "q1": 0.09235521000000001, "q2": 0.04886475814412636, "a": 144108309343.41367, "Pp": 412.75440790369487, "rhoplan": 5063.964942675711, "aRp": null, "e": null, "inc": null, "pomega": null, "f": null, "P": 35661980.842879236, "RHill": 2424877602.4217305}, "I": {"m": 1.0995281497505158e+22, "r": 1167614.7113423925, "msmp": 0.0005526863648578656, "rsrp": 0.11928434700176122, "a": 59930188.48556197, "aRp": 6.122510559132915, "e": 0.0, "inc": 0.08771156606932198, "pomega": 1.596088676891304, "f": 0.1709197323285176, "P": 79976.37025403012, "RHill": 3410081.8939948487, "spacing": "logarithmic", "period_ratio": NaN}, "II": {"m": 2.0853120081475286e+22, "r": 1273523.7765446547, "msmp": 0.00104819827817871, "rsrp": 0.13010409221522676, "a": 127124594.99253762, "aRp": 12.987138783233021, "e": 0.0, "inc": 0.08771156606932198, "pomega": 2.0705166103767114, "f": 4.913942304444881, "P": 247018.84388938482, "RHill": 8953722.797479497, "spacing": "logarithmic", "period_ratio": 3.088647848167843}, "III": {"m": 2.95735157519104e+22, "r": 1418978.5057615847, "msmp": 0.001486535739962534, "rsrp": 0.14496385051084798, "a": 220322849.12311703, "aRp": 22.508338522905, "e": 0.0, "inc": 0.08771156606932198, "pomega": 0.4781982216985364, "f": 0.03016230570503252, "P": 563481.8822126779, "RHill": 17434556.564444605, "spacing": "logarithmic", "period_ratio": 2.281129137115569}, "IV": {"m": 1.8957381892250263e+22, "r": 1110416.3231884046, "msmp": 0.0009529075256170094, "rsrp": 0.11344091910193839, "a": 1091365871.698727, "aRp": 111.49471146686811, "e": 0.0, "inc": 0.08771156606932198, "pomega": 0.39210997416542276, "f": 3.628902405136725, "P": 6213866.7481576465, "RHill": 74464087.07578284, "spacing": "logarithmic", "period_ratio": 11.027624745904989}}