{"Planet": {"m": 1.2343329055797821e+26, "Rp": 30738808.799999993, "Rstar": 973979999.9999999, "RpRstar": 0.03156, "rhostar": 621.6594706312342, "impact": 0.19414385160981895, "q1": 0.31292836, "q2": 0.2426707186271005, "a": 77031301551.38184, "Pp": 122.68948335126356, "rhoplan": 1014.5713558079062, "aRp": null, "e": null, "inc": null, "pomega": null, "f": null, "P": 10600371.361549173, "RHill": 1984603835.7817876}, "I": {"m": 1.9495518844860962e+23, "r": 2504711.3359544473, "msmp": 0.001579437666834594, "rsrp": 0.08148368247615528, "a": 55259672.846801095, "aRp": 1.797716795284569, "e": 0.0, "inc": -0.048367910363799255, "pomega": 0.8370039833146524, "f": 0.013824390114806571, "P": 28413.884928543077, "RHill": 4462059.818886485, "spacing": "linear", "period_ratio": NaN}, "II": {"m": 1.2923995638728055e+23, "r": 2047541.484992572, "msmp": 0.0010470429476768658, "rsrp": 0.06661095744844128, "a": 195544519.15147117, "aRp": 6.36148656324871, "e": 0.0, "inc": -0.048367910363799255, "pomega": 5.446809705233789, "f": 2.6681072921576683, "P": 189191.7007034704, "RHill": 13767657.755896611, "spacing": "linear", "period_ratio": 6.658424259099412}, "III": {"m": 1.7743112656558858e+23, "r": 2157313.7048023655, "msmp": 0.0014374657417258667, "rsrp": 0.07018208541647736, "a": 385456767.95103735, "aRp": 12.539743178045255, "e": 0.0, "inc": -0.048367910363799255, "pomega": 5.145815029552319, "f": 4.602893526861734, "P": 523494.89250063564, "RHill": 30162529.408692878, "spacing": "linear", "period_ratio": 2.7670076993553505}, "IV": {"m": 1.2266843318114765e+23, "r": 2087784.6610542317, "msmp": 0.000993803475761093, "rsrp": 0.06792015509248465, "a": 655574318.2802758, "aRp": 21.327251896640703, "e": 0.0, "inc": -0.048367910363799255, "pomega": 5.585053606381854, "f": 3.5333884370707884, "P": 1161389.9313739068, "RHill": 45360902.24170594, "spacing": "linear", "period_ratio": 2.2185315425450813}, "V": {"m": 1.840026497717216e+23, "r": 2905209.600131669, "msmp": 0.0014907052136416403, "rsrp": 0.09451275809138283, "a": 903351042.049022, "aRp": 29.38796515917761, "e": 0.0, "inc": -0.048367910363799255, "pomega": 3.3367050686192226, "f": 5.525985757709499, "P": 1878115.1519428724, "RHill": 71550617.86909458, "spacing": "linear", "period_ratio": 1.6171271174368547}}