{"Planet": {"m": 6.905705962264784e+25, "Rp": 21626738.91, "Rstar": 911367000.0, "RpRstar": 0.02373, "rhostar": 802.6891149484753, "impact": 0.21134725792646003, "q1": 0.29822521, "q2": 0.23274125618018676, "a": 103949799331.84074, "Pp": 186.99711887971813, "rhoplan": 1629.8452143218215, "aRp": null, "e": null, "inc": null, "pomega": null, "f": null, "P": 16156551.071207646, "RHill": 2165778166.6547394}, "I": {"m": 1.4789881571028205e+22, "r": 1057004.2106687105, "msmp": 0.0002141690024429847, "rsrp": 0.048874877302003294, "a": 68125771.32818033, "aRp": 3.15007138208339, "e": 0.0, "inc": 0.14828054801171944, "pomega": 1.9643201590402428, "f": 1.0412279281924768, "P": 52034.76681319265, "RHill": 2826115.3601214336, "spacing": "logarithmic", "period_ratio": NaN}, "II": {"m": 2.329406347436941e+22, "r": 1607063.2863329437, "msmp": 0.0003373161788477007, "rsrp": 0.0743090899196944, "a": 116981611.6492608, "aRp": 5.409119337690326, "e": 0.0, "inc": 0.14828054801171944, "pomega": 5.646006599160774, "f": 4.13412102569602, "P": 117078.22532968345, "RHill": 5646199.762226072, "spacing": "logarithmic", "period_ratio": 2.25}, "III": {"m": 5.546205589135572e+21, "r": 1111531.5041331572, "msmp": 8.03133759161192e-05, "rsrp": 0.051396167899321867, "a": 282337077.4772752, "aRp": 13.055000046573143, "e": 0.0, "inc": 0.14828054801171944, "pomega": 1.3981485457020282, "f": 2.8044660491991693, "P": 439043.34498631296, "RHill": 8446111.11402988, "spacing": "logarithmic", "period_ratio": 3.75}, "IV": {"m": 9.61342302116833e+21, "r": 1093495.51422698, "msmp": 0.00013920985158794, "rsrp": 0.050562200744993416, "a": 448190971.7012432, "aRp": 20.72392761416304, "e": 0.0, "inc": 0.14828054801171944, "pomega": 2.68130330090362, "f": 5.700675778251146, "P": 878086.6899726259, "RHill": 16105690.255915817, "spacing": "logarithmic", "period_ratio": 2.0}, "V": {"m": 1.8117604924509538e+22, "r": 1183303.2497342725, "msmp": 0.00026235702799265605, "rsrp": 0.05471482569140945, "a": 1129416830.4785066, "aRp": 52.22316851276523, "e": 0.0, "inc": 0.14828054801171944, "pomega": 5.775453161144872, "f": 6.018008369522843, "P": 3512346.7598905037, "RHill": 50131581.388086975, "spacing": "logarithmic", "period_ratio": 4.0}}