{"Planet": {"m": 5.729754449449248e+25, "Rp": 19449128.34, "Rstar": 786140999.9999999, "RpRstar": 0.024740000000000005, "rhostar": 1045.4415055330028, "impact": 0.06106515951460412, "q1": 0.37234403999999993, "q2": 0.25901343821697803, "a": 165450681052.1007, "Pp": 410.6912130556935, "rhoplan": 1859.289320717431, "aRp": null, "e": null, "inc": null, "pomega": null, "f": null, "P": 35483720.80801192, "RHill": 3438562441.0451655}, "I": {"m": 1.5954487798221846e+22, "r": 1196750.7902250534, "msmp": 0.0002784497649764976, "rsrp": 0.06153236120941004, "a": 72702240.46418822, "aRp": 3.738071917324199, "e": 0.0, "inc": 0.03035431112329373, "pomega": 4.083850516187632, "f": 3.9374376572444536, "P": 62975.298854161134, "RHill": 3291720.82492083, "spacing": "logarithmic", "period_ratio": NaN}, "II": {"m": 3.1908975596443696e+21, "r": 844285.9210858935, "msmp": 5.568995299529953e-05, "rsrp": 0.04340996194412965, "a": 183184565.98475504, "aRp": 9.418651714483726, "e": 0.0, "inc": 0.03035431112329373, "pomega": 3.9330389876624694, "f": 1.9643201590402428, "P": 251901.19541664454, "RHill": 4850361.173106872, "spacing": "logarithmic", "period_ratio": 4.0}}