{"Planet": {"m": 5.165304996849609e+25, "Rp": 18135507.599999998, "Rstar": 660915000.0, "RpRstar": 0.027439999999999996, "rhostar": 1611.4118417511302, "impact": 0.034557976242735045, "q1": 0.25, "q2": 0.2, "a": 204026535172.4223, "Pp": 587.6537293942339, "rhoplan": 2067.370020426316, "aRp": null, "e": null, "inc": null, "pomega": null, "f": null, "P": 50773282.21966181, "RHill": 4217944855.5601287}, "I": {"m": 6.297829948461632e+22, "r": 1619441.5195839577, "msmp": 0.0012192561624730321, "rsrp": 0.0892967296699188, "a": 56688896.09179154, "aRp": 3.1258510840794744, "e": 0.0, "inc": -0.016879021768962055, "pomega": 3.6175915404973376, "f": 2.9772709256342513, "P": 45646.914259522404, "RHill": 4199096.946859239, "spacing": "logarithmic", "period_ratio": NaN}, "II": {"m": 6.144224339962574e+22, "r": 1726968.1984119571, "msmp": 0.0011895182072907645, "rsrp": 0.0952257988307952, "a": 95420197.19737159, "aRp": 5.261512349252998, "e": 0.0, "inc": -0.016879021768962055, "pomega": 2.03532725372084, "f": 1.1826137361848166, "P": 99685.35017829301, "RHill": 7010089.931078518, "spacing": "logarithmic", "period_ratio": 2.183835463916329}, "III": {"m": 5.683407514465376e+22, "r": 1668064.819629004, "msmp": 0.0011003043417439561, "rsrp": 0.09197784018071842, "a": 254387504.2997083, "aRp": 14.027040759515788, "e": 0.0, "inc": -0.016879021768962055, "pomega": 6.1694482794168595, "f": 4.684583104812863, "P": 433944.1984795772, "RHill": 18209288.01993643, "spacing": "logarithmic", "period_ratio": 4.353139129304787}, "IV": {"m": 5.529801905966314e+22, "r": 1769541.8249166429, "msmp": 0.0010705663865616876, "rsrp": 0.09757332763691946, "a": 498330171.1048013, "aRp": 27.478148508222695, "e": 0.0, "inc": -0.016879021768962055, "pomega": 0.7251520996584901, "f": 4.710346740935912, "P": 1189795.84568246, "RHill": 35346626.021977186, "spacing": "logarithmic", "period_ratio": 2.7418176112301587}, "V": {"m": 5.990618731463502e+22, "r": 1905686.4028430325, "msmp": 0.0011597802521084938, "rsrp": 0.10508040055316857, "a": 674249298.7657654, "aRp": 37.17840788563125, "e": 0.0, "inc": -0.016879021768962055, "pomega": 6.14871169424465, "f": 1.5257099635795617, "P": 1872440.7292139058, "RHill": 49117771.577055566, "spacing": "logarithmic", "period_ratio": 1.5737495941077895}}