{"Planet": {"m": 3.7842154140521408e+25, "Rp": 15022945.8, "Rstar": 410463000.0, "RpRstar": 0.0366, "rhostar": 4393.141886740204, "impact": 0.41738655950501036, "q1": 0.09235521000000001, "q2": 0.04886475814412636, "a": 73621717525.10939, "Pp": 157.6241588973772, "rhoplan": 2664.5381326678407, "aRp": null, "e": null, "inc": null, "pomega": null, "f": null, "P": 13618727.328733392, "RHill": 1581474457.5788584}, "I": {"m": 7.86056810209402e+22, "r": 1942356.7496587262, "msmp": 0.0020771989017604356, "rsrp": 0.12929266839654885, "a": 194726972.97285905, "aRp": 12.961970013421672, "e": 0.0, "inc": -0.019462367396476415, "pomega": 0.2601498867059055, "f": 2.883013720306025, "P": 339373.29132925544, "RHill": 17227082.06843279, "spacing": "linear", "period_ratio": NaN}}