{"Planet": {"m": 1.368516773022207e+28, "Rp": 74008287.72, "Rstar": 640044000.0, "RpRstar": 0.11563, "rhostar": 1701.8279912481944, "impact": 0.34172965277976686, "q1": 0.25, "q2": 0.2, "a": 99971870628.77544, "Pp": 205.05907730097238, "rhoplan": 8059.7291290340745, "aRp": null, "e": null, "inc": null, "pomega": null, "f": null, "P": 17717104.27880401, "RHill": 13459931628.246178}, "I": {"m": 8.686445418025121e+24, "r": 7261692.310060284, "msmp": 0.0006347343042673958, "rsrp": 0.09811998809557493, "a": 256405464.44350958, "aRp": 3.464550692127668, "e": 0.0, "inc": 0.17362526322219815, "pomega": 1.354790231251044, "f": 4.911428778969462, "P": 26983.921943369754, "RHill": 15278621.836775688, "spacing": "linear", "period_ratio": NaN}, "II": {"m": 3.8811777399686733e+24, "r": 5722424.709974788, "msmp": 0.0002836046891407515, "rsrp": 0.07732140394363374, "a": 591001384.3821809, "aRp": 7.9856108361559714, "e": 0.0, "inc": 0.17362526322219815, "pomega": 5.3889986192991435, "f": 3.655922803997483, "P": 94443.72680179414, "RHill": 26922737.431505773, "spacing": "linear", "period_ratio": 3.5}, "III": {"m": 1.145871523228846e+25, "r": 7071500.300145153, "msmp": 0.0008373090822250755, "rsrp": 0.09555011361564242, "a": 1229559208.4701595, "aRp": 16.61380429610836, "e": 0.0, "inc": 0.17362526322219815, "pomega": 2.0265299145568725, "f": 4.3075542834999565, "P": 283331.1804053824, "RHill": 80353407.02277605, "spacing": "linear", "period_ratio": 3.0}, "IV": {"m": 1.3861349071316677e+25, "r": 11947645.51675657, "msmp": 0.0010128738897883971, "rsrp": 0.16143658885824808, "a": 3401052949.032262, "aRp": 45.95502819764821, "e": 0.0, "inc": 0.17362526322219815, "pomega": 5.211166691913222, "f": 0.20548070761553403, "P": 1303323.429864759, "RHill": 236823484.5947573, "spacing": "linear", "period_ratio": 4.6}, "V": {"m": 1.1273897244670898e+25, "r": 8677032.923235172, "msmp": 0.0008238040970278964, "rsrp": 0.1172440707730398, "a": 9609817073.894827, "aRp": 129.8478504225395, "e": 0.0, "inc": 0.17362526322219815, "pomega": 2.8138917697319923, "f": 1.8040829099822575, "P": 6190786.291857606, "RHill": 624620190.430672, "spacing": "linear", "period_ratio": 4.75}}