{"Planet": {"m": 1.9894251417497542e+25, "Rp": 9895358.52, "Rstar": 1127034000.0, "RpRstar": 0.00878, "rhostar": 185.6924620071218, "impact": 0.3174504723166014, "q1": 0.26163225000000007, "q2": 0.21691104594330396, "a": 153416467644.31317, "Pp": 506.89777437777633, "rhoplan": 4901.673633570511, "aRp": null, "e": null, "inc": null, "pomega": null, "f": null, "P": 43795967.70623987, "RHill": 2780840729.7718673}, "I": {"m": 1.412246366500208e+23, "r": 2396215.0803178623, "msmp": 0.00709876605489211, "rsrp": 0.24215545858947438, "a": 864623046.6206043, "aRp": 87.37662661469736, "e": 0.0, "inc": -0.049659583177556435, "pomega": 2.3853356761729883, "f": 0.07603414563143614, "P": 4368349.570308605, "RHill": 115216322.86555699, "spacing": "linear", "period_ratio": NaN}}