{"Planet": {"m": 4.468389530108618e+24, "Rp": 5881099.949999999, "Rstar": 368721000.0, "RpRstar": 0.01595, "rhostar": 5492.267429477789, "impact": 0.1448207435981128, "q1": 0.40538689000000006, "q2": 0.4132244385110727, "a": 107128021591.66953, "Pp": 290.63646166655883, "rhoplan": 5244.290432131374, "aRp": null, "e": null, "inc": null, "pomega": null, "f": null, "P": 25110990.28799068, "RHill": 1166635104.0182805}, "I": {"m": 9.891011535199023e+20, "r": 707829.5627256028, "msmp": 0.00022135517659219362, "rsrp": 0.12035666265552974, "a": 52646821.71055831, "aRp": 8.951866514453357, "e": 0.0, "inc": 0.1742885546671005, "pomega": 2.797553854141766, "f": 2.0020230411715336, "P": 138966.99590531617, "RHill": 2208148.6215400756, "spacing": "logarithmic", "period_ratio": NaN}, "II": {"m": 2.2825411235074664e+20, "r": 596954.2327713093, "msmp": 5.108196382896775e-05, "rsrp": 0.10150384075198542, "a": 78704857.34655112, "aRp": 13.382676372733833, "e": 0.0, "inc": 0.1742885546671005, "pomega": 0.4530629669443426, "f": 4.146688653073117, "P": 254034.50259554933, "RHill": 2024807.0591943252, "spacing": "logarithmic", "period_ratio": 1.8280203939116113}, "III": {"m": 7.608470411691557e+20, "r": 631183.0312944199, "msmp": 0.00017027321276322588, "rsrp": 0.10732397623924415, "a": 141237329.8441139, "aRp": 24.015461570945398, "e": 0.0, "inc": 0.1742885546671005, "pomega": 1.8725764791874355, "f": 5.654803938324743, "P": 610644.9504758513, "RHill": 5427808.586216948, "spacing": "logarithmic", "period_ratio": 2.403787454998051}, "IV": {"m": 1.3505034980752506e+21, "r": 791964.2642739371, "msmp": 0.0003022349526547258, "rsrp": 0.13466260920696257, "a": 246449796.37415504, "aRp": 41.90539158821048, "e": 0.0, "inc": 0.1742885546671005, "pomega": 2.6266341218132485, "f": 4.0618571682777125, "P": 1407435.722184578, "RHill": 11467522.68834385, "spacing": "logarithmic", "period_ratio": 2.304834783433187}, "V": {"m": 1.3505034980752506e+21, "r": 679389.2792087266, "msmp": 0.0003022349526547258, "rsrp": 0.11552078437448197, "a": 488022272.19027877, "aRp": 82.98146202910203, "e": 0.0, "inc": 0.1742885546671005, "pomega": 2.7491684887399432, "f": 3.148819039331624, "P": 3921889.3642386203, "RHill": 22708099.42266209, "spacing": "logarithmic", "period_ratio": 2.786549540003991}}