{"Planet": {"m": 1.6852469043771235e+25, "Rp": 9053770.23, "Rstar": 1259217000.0, "RpRstar": 0.00719, "rhostar": 418.43522183873546, "impact": 0.4595140510603959, "q1": 0.30503529, "q2": 0.14919427847184502, "a": 107363593653.09912, "Pp": 167.393460983058, "rhoplan": 5421.088820450006, "aRp": null, "e": null, "inc": null, "pomega": null, "f": null, "P": 14462795.028936211, "RHill": 1257085860.1126237}, "I": {"m": 2.263256857331206e+22, "r": 1614168.233189679, "msmp": 0.0013429823555544333, "rsrp": 0.1782868564348003, "a": 46053643.32739623, "aRp": 5.0866812562567345, "e": 0.0, "inc": 0.11776914154621201, "pomega": 1.4320811396201898, "f": 4.7072048340916375, "P": 58512.65410809742, "RHill": 3523008.387895313, "spacing": "linear", "period_ratio": NaN}, "II": {"m": 2.5501485716407975e+22, "r": 1269873.2523771245, "msmp": 0.0015132195555542921, "rsrp": 0.14025905452839446, "a": 98760925.1777614, "aRp": 10.908265028696382, "e": 0.0, "inc": 0.11776914154621201, "pomega": 3.652152515784354, "f": 4.4250615994758125, "P": 183736.15296016145, "RHill": 7861619.974451915, "spacing": "linear", "period_ratio": 3.1401097038039616}, "III": {"m": 7.012908572012192e+21, "r": 964144.6660581424, "msmp": 0.00041613537777743026, "rsrp": 0.10649095808323185, "a": 239009907.46468893, "aRp": 26.398936729443477, "e": 0.0, "inc": 0.11776914154621201, "pomega": 4.570217695681282, "f": 3.5176789028494175, "P": 692115.777044084, "RHill": 12372392.768853419, "spacing": "linear", "period_ratio": 3.766900339935559}, "IV": {"m": 9.563057143652983e+21, "r": 962942.0860284617, "msmp": 0.0005674573333328591, "rsrp": 0.10635813164748954, "a": 401000096.9880549, "aRp": 44.29095137176403, "e": 0.0, "inc": 0.11776914154621201, "pomega": 2.604640773903329, "f": 5.72455427026763, "P": 1503968.593202907, "RHill": 23018753.22434888, "spacing": "linear", "period_ratio": 2.173001458839902}, "V": {"m": 2.6139022859318147e+22, "r": 1383048.969072051, "msmp": 0.0015510500444431477, "rsrp": 0.1527594509179466, "a": 570841381.9233725, "aRp": 63.050129108851095, "e": 0.0, "inc": 0.11776914154621201, "pomega": 0.5617729437562307, "f": 5.623384869882, "P": 2553182.5376951694, "RHill": 45815978.618222795, "spacing": "linear", "period_ratio": 1.697630222621749}}