{"Planet": {"m": 7.273634222099207e+25, "Rp": 22177524.599999998, "Rstar": 688743000.0, "RpRstar": 0.0322, "rhostar": 1452.933399197078, "impact": 0.11982297221793392, "q1": 0.25, "q2": 0.2, "a": 179892522646.87546, "Pp": 481.63942994678996, "rhoplan": 1591.9287977349009, "aRp": null, "e": null, "inc": null, "pomega": null, "f": null, "P": 41613646.74740265, "RHill": 4140516720.21674}, "I": {"m": 3.033146488258839e+22, "r": 1494161.960203523, "msmp": 0.00041700563922273477, "rsrp": 0.06737280139026532, "a": 67558255.40538174, "aRp": 3.0462486965466717, "e": 0.0, "inc": -0.1505497029548064, "pomega": 0.1608656304268401, "f": 1.4138580799233993, "P": 50064.32719157833, "RHill": 3499601.954856083, "spacing": "logarithmic", "period_ratio": NaN}, "II": {"m": 3.6046088701047057e+22, "r": 1817097.586704884, "msmp": 0.0004955719190762934, "rsrp": 0.08193419326451268, "a": 186865165.09879133, "aRp": 8.425880185870309, "e": 0.0, "inc": -0.1505497029548064, "pomega": 3.3191103902912866, "f": 2.09753700923747, "P": 230295.9050812603, "RHill": 10253138.579023292, "spacing": "logarithmic", "period_ratio": 4.6}, "III": {"m": 2.2418908826260988e+22, "r": 1745306.353682996, "msmp": 0.0003082215594254997, "rsrp": 0.07869707666485899, "a": 521802023.24340004, "aRp": 23.528415937069916, "e": 0.0, "inc": -0.1505497029548064, "pomega": 1.5646696084485618, "f": 2.6907290214364425, "P": 1074714.2237125481, "RHill": 24439163.95436907, "spacing": "logarithmic", "period_ratio": 4.666666666666667}, "IV": {"m": 1.8902217245671008e+22, "r": 1098803.1977547577, "msmp": 0.0002598730795156171, "rsrp": 0.04954579997421163, "a": 1202848112.6714973, "aRp": 54.23725751031283, "e": 0.0, "inc": -0.1505497029548064, "pomega": 3.836896638227678, "f": 0.8043281521342005, "P": 3761499.7829939183, "RHill": 53221952.5970173, "spacing": "logarithmic", "period_ratio": 3.5}, "V": {"m": 1.5825112112654816e+22, "r": 1306281.2279411205, "msmp": 0.00021756815959447039, "rsrp": 0.0589011285750584, "a": 3030944582.572562, "aRp": 136.66739806355858, "e": 0.0, "inc": -0.1505497029548064, "pomega": 0.10368292586104928, "f": 3.728815042784645, "P": 15045999.131975673, "RHill": 126396783.883331, "spacing": "logarithmic", "period_ratio": 4.0}}