{"Planet": {"m": 6.625094334937938e+25, "Rp": 20981198.88, "Rstar": 716571000.0, "RpRstar": 0.029279999999999997, "rhostar": 1341.7541776489702, "impact": 0.4101100133774772, "q1": 0.37871715999999994, "q2": 0.34367890802729933, "a": 65463283414.47327, "Pp": 103.67722368178963, "rhoplan": 1712.4289287539466, "aRp": null, "e": null, "inc": null, "pomega": null, "f": null, "P": 8957712.126106624, "RHill": 1441589592.6311948}, "I": {"m": 2.1864959479584727e+22, "r": 1248785.0475855551, "msmp": 0.0003300324248105903, "rsrp": 0.0595192417138727, "a": 89688136.21951462, "aRp": 4.274690723465209, "e": 0.0, "inc": 0.06847611416715427, "pomega": 3.20537336252856, "f": 2.495930797091441, "P": 80243.86122820307, "RHill": 4297475.911398215, "spacing": "linear", "period_ratio": NaN}, "II": {"m": 3.6676706223819546e+22, "r": 1498157.6940923256, "msmp": 0.0005536027771016354, "rsrp": 0.07140477065495152, "a": 161255604.15826967, "aRp": 7.685719251819497, "e": 0.0, "inc": 0.06847611416715427, "pomega": 4.095161380827019, "f": 1.882630581089113, "P": 193434.09158608475, "RHill": 9180658.195407433, "spacing": "linear", "period_ratio": 2.410578063236307}, "III": {"m": 1.8338353111909773e+22, "r": 1480453.5105164633, "msmp": 0.0002768013885508177, "rsrp": 0.07056095883670797, "a": 332378422.64104426, "aRp": 15.841726897593007, "e": 0.0, "inc": 0.06847611416715427, "pomega": 3.929897080818195, "f": 0.6554017677156024, "P": 572492.9048006036, "RHill": 15019258.509178175, "spacing": "linear", "period_ratio": 2.9596277476549413}, "IV": {"m": 1.5517068017769808e+22, "r": 1233162.93128902, "msmp": 0.0002342165595429996, "rsrp": 0.05877466480070943, "a": 451933196.5837927, "aRp": 21.539912908150875, "e": 0.0, "inc": 0.06847611416715427, "pomega": 1.6080279228995462, "f": 4.878124566420155, "P": 907698.2222589033, "RHill": 19315517.917705525, "spacing": "linear", "period_ratio": 1.58551872808808}, "V": {"m": 1.1285140376559857e+22, "r": 1221626.82535192, "msmp": 0.00017033931603127237, "rsrp": 0.058224834164096156, "a": 613419877.3453093, "aRp": 29.236645668043412, "e": 0.0, "inc": 0.06847611416715427, "pomega": 3.1148864454134624, "f": 1.5382775909566584, "P": 1435425.823216463, "RHill": 23577028.018492673, "spacing": "linear", "period_ratio": 1.5813910262424593}}