{"Planet": {"m": 8.147979439640965e+27, "Rp": 57829923.36, "Rstar": 1224432000.0, "RpRstar": 0.04723, "rhostar": 271.5204761756356, "impact": 0.4481439319617103, "q1": 0.26163225000000007, "q2": 0.21691104594330396, "a": 34221318237.13399, "Pp": 38.923776569586344, "rhoplan": 10057.810873111404, "aRp": null, "e": null, "inc": null, "pomega": null, "f": null, "P": 3363014.2956122602, "RHill": 3735722043.386856}, "I": {"m": 2.2188469271421266e+25, "r": 19813109.66495037, "msmp": 0.002723186703622682, "rsrp": 0.3426099934736343, "a": 445133578.7996085, "aRp": 7.697288063630741, "e": 0.0, "inc": -0.10600444591820744, "pomega": 1.2152895673652686, "f": 4.434487320008635, "P": 79909.24925902195, "RHill": 43099848.5809949, "spacing": "linear", "period_ratio": NaN}, "II": {"m": 9.558109839996855e+24, "r": 6700760.979043679, "msmp": 0.0011730650415605402, "rsrp": 0.11587013417483594, "a": 1045044355.0316997, "aRp": 18.070996714385057, "e": 0.0, "inc": -0.10600444591820744, "pomega": 0.6811654038386511, "f": 2.2722270297791165, "P": 287673.29733247904, "RHill": 76419056.18932983, "spacing": "linear", "period_ratio": 3.6}}