{"Planet": {"m": 2.5254748560344486e+25, "Rp": 11098989.09, "Rstar": 744399000.0, "RpRstar": 0.01491, "rhostar": 1173.8162830151073, "impact": 0.2570053808918479, "q1": 0.37234403999999993, "q2": 0.25901343821697803, "a": 45084075638.747284, "Pp": 59.83320596600937, "rhoplan": 4409.650466069898, "aRp": null, "e": null, "inc": null, "pomega": null, "f": null, "P": 5169588.99546321, "RHill": 724538955.1246202}, "I": {"m": 3.989255907545589e+22, "r": 1671228.0094037103, "msmp": 0.0015796062661299266, "rsrp": 0.1505747952225179, "a": 45893567.77670224, "aRp": 4.134932236130546, "e": 0.0, "inc": 0.10083775466317871, "pomega": 1.8172789187282092, "f": 2.3218691579186492, "P": 47543.426360727506, "RHill": 3705905.598363575, "spacing": "logarithmic", "period_ratio": NaN}, "II": {"m": 4.751907772223426e+22, "r": 1544231.2879870667, "msmp": 0.0018815898170077081, "rsrp": 0.13913260707485448, "a": 78805656.34455451, "aRp": 7.100255321050551, "e": 0.0, "inc": 0.10083775466317871, "pomega": 2.4173831259845855, "f": 5.866568459628825, "P": 106962.94938852823, "RHill": 6745673.085943999, "spacing": "logarithmic", "period_ratio": 2.2497947156135822}, "III": {"m": 4.575911188067002e+22, "r": 1502365.4735726875, "msmp": 0.0018119013052666816, "rsrp": 0.13536056855180562, "a": 145553098.41555336, "aRp": 13.114086087956805, "e": 0.0, "inc": 0.10083775466317871, "pomega": 1.4389933346775932, "f": 6.100326328842827, "P": 268500.17361636955, "RHill": 12303420.928783389, "spacing": "logarithmic", "period_ratio": 2.5102166231512513}, "IV": {"m": 3.989255907545589e+22, "r": 1595016.2629805931, "msmp": 0.0015796062661299266, "rsrp": 0.14370824676435404, "a": 261473654.03249413, "aRp": 23.558330575176207, "e": 0.0, "inc": 0.10083775466317871, "pomega": 3.523962716537966, "f": 0.7791928973800067, "P": 646553.7718952831, "RHill": 21113997.565373626, "spacing": "logarithmic", "period_ratio": 2.408019939752713}}