{"Planet": {"m": 3.139009768312394e+26, "Rp": 49238167.5, "Rstar": 660915000.0, "RpRstar": 0.0745, "rhostar": 1397.6531280494496, "impact": 0.24738849232420712, "q1": 0.25, "q2": 0.2, "a": 41309270108.17398, "Pp": 57.48199103151897, "rhoplan": 627.7669008587518, "aRp": null, "e": null, "inc": null, "pomega": null, "f": null, "P": 4966444.0251232395, "RHill": 1634166789.6728828}, "I": {"m": 1.5840099164758283e+24, "r": 4620065.231304874, "msmp": 0.005046208942915872, "rsrp": 0.09383097434129477, "a": 150383856.13689208, "aRp": 3.054213098748894, "e": 0.0, "inc": -0.040897154089636095, "pomega": 2.0057933293846624, "f": 1.4459055297349963, "P": 79852.67757841446, "RHill": 17884736.317001723, "spacing": "logarithmic", "period_ratio": NaN}, "II": {"m": 7.310814999119203e+23, "r": 3770719.1866622097, "msmp": 0.0023290195121150165, "rsrp": 0.0765812250559936, "a": 371834455.6242229, "aRp": 7.55175252255728, "e": 0.0, "inc": -0.040897154089636095, "pomega": 0.330528600017648, "f": 2.3005041913775846, "P": 310885.14227301633, "RHill": 34174349.35600492, "spacing": "logarithmic", "period_ratio": 3.8932337862776176}}