{"Planet": {"m": 7.822890328148412e+24, "Rp": 6921101.880000001, "Rstar": 473076000.00000006, "RpRstar": 0.01463, "rhostar": 3228.1748470302578, "impact": 0.19038220846797016, "q1": 0.39904488999999993, "q2": 0.24908975779642237, "a": 15153925628.833715, "Pp": 13.87811881815321, "rhoplan": 5633.170624550209, "aRp": null, "e": null, "inc": null, "pomega": null, "f": null, "P": 1199069.4658884373, "RHill": 185066443.18091175}, "I": {"m": 1.0831007402685392e+21, "r": 625717.6680828246, "msmp": 0.0001384527578472261, "rsrp": 0.0904072326822654, "a": 32659023.756341193, "aRp": 4.718760729518576, "e": 0.0, "inc": 0.04309648888062806, "pomega": 2.8999800172651056, "f": 4.065627456490842, "P": 51317.81078140178, "RHill": 1171466.7975405273, "spacing": "logarithmic", "period_ratio": NaN}, "II": {"m": 3.326666559396226e+21, "r": 889192.4406867456, "msmp": 0.00042524775624505135, "rsrp": 0.1284755601208901, "a": 51847923.60876299, "aRp": 7.491281664064014, "e": 0.0, "inc": 0.04309648888062806, "pomega": 3.501969368628046, "f": 5.984075775604681, "P": 102635.62156280356, "RHill": 2703366.7045657444, "spacing": "logarithmic", "period_ratio": 2.0}, "III": {"m": 1.8567441261746394e+21, "r": 742096.8757774207, "msmp": 0.00023734758488095912, "rsrp": 0.10722235976931185, "a": 119513291.05905539, "aRp": 17.267957202655044, "e": 0.0, "inc": 0.04309648888062806, "pomega": 5.579398174062161, "f": 0.6076447836826343, "P": 359224.6754698125, "RHill": 5130630.357945606, "spacing": "logarithmic", "period_ratio": 3.5}, "IV": {"m": 6.343875764430014e+21, "r": 969720.8561392719, "msmp": 0.0008109375816766097, "rsrp": 0.14011076168976605, "a": 144807711.13791114, "aRp": 20.922638280526385, "e": 0.0, "inc": 0.04309648888062806, "pomega": 6.2084079242858605, "f": 0.021993347909919546, "P": 478966.2339597499, "RHill": 9362972.475180063, "spacing": "logarithmic", "period_ratio": 1.3333333333333333}}