{"Planet": {"m": 1.8679714954162246e+28, "Rp": 66580577.09999999, "Rstar": 480032999.99999994, "RpRstar": 0.1387, "rhostar": 3004.0147363246306, "impact": 0.4290625439457264, "q1": 0.3701505600000001, "q2": 0.22016765285996057, "a": 209032023040.87424, "Pp": 716.2847381939263, "rhoplan": 15109.113023966065, "aRp": null, "e": null, "inc": null, "pomega": null, "f": null, "P": 61887001.37995523, "RHill": 34442487037.450264}, "I": {"m": 1.2627372806042255e+26, "r": 28924167.949944515, "msmp": 0.006759938701970718, "rsrp": 0.4344235092240515, "a": 1303662804.2154284, "aRp": 19.580226861918092, "e": 0.0, "inc": -0.10523642424516264, "pomega": 5.242585760355965, "f": 4.746792860329492, "P": 263983.53069008497, "RHill": 170911955.11311188, "spacing": "logarithmic", "period_ratio": NaN}, "II": {"m": 3.88534547878223e+25, "r": 13946090.783236938, "msmp": 0.002079981139067912, "rsrp": 0.2094618489456881, "a": 3279926327.962052, "aRp": 49.26250974117875, "e": 0.0, "inc": -0.10523642424516264, "pomega": 2.233895766278971, "f": 1.273729034668769, "P": 1055934.1227603399, "RHill": 290297616.2201022, "spacing": "logarithmic", "period_ratio": 4.0}}