{"Planet": {"m": 3.8635261704263866e+25, "Rp": 15374970.0, "Rstar": 591345000.0, "RpRstar": 0.026, "rhostar": 2020.1200820527133, "impact": 0.3156821517030677, "q1": 0.37871715999999994, "q2": 0.34367890802729933, "a": 140699379865.08267, "Pp": 355.142341067589, "rhoplan": 2537.7709281716993, "aRp": null, "e": null, "inc": null, "pomega": null, "f": null, "P": 30684298.268239688, "RHill": 2736844926.244747}, "I": {"m": 2.9055945263340183e+23, "r": 2495958.8774705604, "msmp": 0.00752057679478162, "rsrp": 0.16233910553780334, "a": 947371170.4659669, "aRp": 61.61775733324793, "e": 0.0, "inc": -0.10331637006255062, "pomega": 1.51251395483361, "f": 2.874216381142057, "P": 3594498.9563916847, "RHill": 128695530.09479676, "spacing": "linear", "period_ratio": NaN}}