{"Planet": {"m": 1.024404189344273e+25, "Rp": 7485592.86, "Rstar": 549603000.0, "RpRstar": 0.01362, "rhostar": 2401.8689239965224, "impact": 0.22076333307545437, "q1": 0.39050001, "q2": 0.361577852456393, "a": 18928906310.997395, "Pp": 17.93732250243387, "rhoplan": 5830.477582629949, "aRp": null, "e": null, "inc": null, "pomega": null, "f": null, "P": 1549784.6642102862, "RHill": 240241014.55993187}, "I": {"m": 9.948573167729971e+22, "r": 2164455.7492530607, "msmp": 0.009711570170459876, "rsrp": 0.2891495422919729, "a": 93712721.46078598, "aRp": 12.519078076173379, "e": 0.0, "inc": 0.14873437900033684, "pomega": 6.153738745195489, "f": 0.9689640707741697, "P": 216940.42790577566, "RHill": 13862916.77838192, "spacing": "linear", "period_ratio": NaN}}