{"Planet": {"m": 3.34139487626958e+25, "Rp": 13945376.07, "Rstar": 758313000.0, "RpRstar": 0.01839, "rhostar": 1001.519995585368, "impact": 0.08690345729556115, "q1": 0.25, "q2": 0.2, "a": 92772451102.72078, "Pp": 185.96917973372345, "rhoplan": 2941.362162687903, "aRp": null, "e": null, "inc": null, "pomega": null, "f": null, "P": 16067737.128993707, "RHill": 1694038596.8085108}, "I": {"m": 3.580667335813093e+21, "r": 894900.0134652874, "msmp": 0.00010716085552302765, "rsrp": 0.06417180927737343, "a": 69565641.3597984, "aRp": 4.9884378169945185, "e": 0.0, "inc": 0.060691167208563684, "pomega": 4.531258050812281, "f": 4.105843864097552, "P": 77193.73010270993, "RHill": 2291042.255352399, "spacing": "logarithmic", "period_ratio": NaN}, "II": {"m": 1.0230478102323124e+21, "r": 580316.7665739562, "msmp": 3.0617387292293615e-05, "rsrp": 0.04161356163225767, "a": 109069374.42335398, "aRp": 7.821185594126038, "e": 0.0, "inc": 0.060691167208563684, "pomega": 4.275506833688359, "f": 5.3431267793727395, "P": 151551.65741410834, "RHill": 2365838.599800331, "spacing": "logarithmic", "period_ratio": 1.963263819645218}, "III": {"m": 4.5306403024573856e+21, "r": 863456.8263825941, "msmp": 0.0001355912865801575, "rsrp": 0.06191707000574234, "a": 272752233.9920581, "aRp": 19.558614455641433, "e": 0.0, "inc": 0.060691167208563684, "pomega": 5.850230544038599, "f": 3.7960518492521134, "P": 599288.7687455665, "RHill": 9715649.197311671, "spacing": "logarithmic", "period_ratio": 3.9543531160997856}, "IV": {"m": 4.0921912409292496e+21, "r": 808382.7621763982, "msmp": 0.00012246954916917446, "rsrp": 0.05796779937082028, "a": 391962097.96746695, "aRp": 28.10695789055669, "e": 0.0, "inc": 0.060691167208563684, "pomega": 3.0671294613804942, "f": 1.0355724958727832, "P": 1032411.0005685198, "RHill": 13496247.326731116, "spacing": "logarithmic", "period_ratio": 1.7227270965373944}}