{"Planet": {"m": 1.5835781983125134e+25, "Rp": 8852643.36, "Rstar": 333936000.0, "RpRstar": 0.02651, "rhostar": 6501.263295689001, "impact": 0.3085156184408018, "q1": 0.15374241, "q2": 0.16284111196123438, "a": 61211852291.77543, "Pp": 133.86748748203323, "rhoplan": 5449.190606936374, "aRp": null, "e": null, "inc": null, "pomega": null, "f": null, "P": 11566150.918447671, "RHill": 1060839248.5208253}, "I": {"m": 6.855128376238563e+22, "r": 1782383.4929071194, "msmp": 0.004328885295051106, "rsrp": 0.20133912780906602, "a": 36532927.5003244, "aRp": 4.1267818000435526, "e": 0.0, "inc": -0.15987069325948658, "pomega": 0.3255015490668093, "f": 3.5346451998084985, "P": 42583.954121190676, "RHill": 4128282.572234293, "spacing": "linear", "period_ratio": NaN}, "II": {"m": 7.83443242998693e+22, "r": 1788976.6871600295, "msmp": 0.004947297480058407, "rsrp": 0.20208389905814864, "a": 336494184.3594402, "aRp": 38.01058855255186, "e": 0.0, "inc": -0.15987069325948658, "pomega": 3.829984443170275, "f": 5.324275338307094, "P": 1190013.6699302848, "RHill": 39755127.70323396, "spacing": "linear", "period_ratio": 27.945119106215383}}