{"Planet": {"m": 5.668043035885603e+27, "Rp": 109923382.8, "Rstar": 7402248000.0, "RpRstar": 0.01485, "rhostar": 2.2588308792842784, "impact": 0.3354249252684661, "q1": 0.38775529000000003, "q2": 0.2586317648948129, "a": 147932561607.75632, "Pp": 258.34903202673195, "rhoplan": 1018.7656066994904, "aRp": null, "e": null, "inc": null, "pomega": null, "f": null, "P": 22321356.36710964, "RHill": 11680999335.90012}, "I": {"m": 1.5374262208280692e+25, "r": 9696480.314609837, "msmp": 0.0027124462730686626, "rsrp": 0.08821126195008108, "a": 198091000.2740061, "aRp": 1.8020824616944566, "e": 0.0, "inc": 0.1123580797588509, "pomega": 4.858644743985655, "f": 4.282419028745763, "P": 28442.603796282645, "RHill": 19154818.518505357, "spacing": "logarithmic", "period_ratio": NaN}, "II": {"m": 1.5997543108616386e+25, "r": 8872849.162585346, "msmp": 0.002822410311166039, "rsrp": 0.0807184871550855, "a": 601680615.7737145, "aRp": 5.473636276900629, "e": 0.0, "inc": 0.1123580797588509, "pomega": 2.9062638309536544, "f": 1.1719312529142842, "P": 150555.786467891, "RHill": 58956584.874075465, "spacing": "logarithmic", "period_ratio": 5.293319400229038}, "III": {"m": 1.495874160805689e+25, "r": 11447717.401436357, "msmp": 0.0026391369143370772, "rsrp": 0.10414269566526074, "a": 1328760876.0548723, "aRp": 12.088063906043404, "e": 0.0, "inc": 0.1123580797588509, "pomega": 6.269989298433635, "f": 2.137125035475325, "P": 494149.4985954205, "RHill": 127319147.2486291, "spacing": "logarithmic", "period_ratio": 3.28216875743137}}