{"Planet": {"m": 3.4114248629341594e+25, "Rp": 13844708.28, "Rstar": 361764000.0, "RpRstar": 0.03827, "rhostar": 5414.209043056326, "impact": 0.3242794581336782, "q1": 0.28601104000000005, "q2": 0.22690725504861628, "a": 161825269548.2788, "Pp": 559.2114287596737, "rhoplan": 3068.992120325246, "aRp": null, "e": null, "inc": null, "pomega": null, "f": null, "P": 48315867.44483581, "RHill": 3553731683.050049}, "I": {"m": 1.6815466183130582e+23, "r": 2496857.763417636, "msmp": 0.004929162112240583, "rsrp": 0.18034744488076973, "a": 504658784.9953538, "aRp": 36.45138451377712, "e": 0.0, "inc": 0.03901200998307158, "pomega": 3.701166262555032, "f": 5.44555294249608, "P": 1489148.9286807375, "RHill": 59550002.868190944, "spacing": "linear", "period_ratio": NaN}, "II": {"m": 4.723445557059153e+22, "r": 1814545.1551352472, "msmp": 0.0013845960989439842, "rsrp": 0.1310641667875755, "a": 1270163566.0560958, "aRp": 91.74361354301472, "e": 0.0, "inc": 0.03901200998307158, "pomega": 1.3246279255460114, "f": 4.709089978198202, "P": 5956595.71472295, "RHill": 98158278.711707, "spacing": "linear", "period_ratio": 4.0}, "III": {"m": 6.9906994244475465e+22, "r": 2156612.2702307235, "msmp": 0.0020492022264370965, "rsrp": 0.15577159349367842, "a": 2016704937.3701289, "aRp": 145.6661199776561, "e": 0.0, "inc": 0.03901200998307158, "pomega": 1.6865755940064018, "f": 5.911183536817519, "P": 11913191.4294459, "RHill": 177608419.52907562, "spacing": "linear", "period_ratio": 2.0}}