{"Planet": {"m": 6.909240416586818e+23, "Rp": 3510780.48, "Rstar": 528732000.0, "RpRstar": 0.00664, "rhostar": 2537.100117552999, "impact": 0.3535984501777302, "q1": 0.39050001, "q2": 0.361577852456393, "a": 90839688842.49185, "Pp": 194.45097479082443, "rhoplan": 3811.804957108265, "aRp": null, "e": null, "inc": null, "pomega": null, "f": null, "P": 16800564.22192723, "RHill": 478998684.5759671}, "I": {"m": 1.6240065122674415e+21, "r": 664098.9287675064, "msmp": 0.0023504848787266617, "rsrp": 0.1891599126036802, "a": 229232872.86826664, "aRp": 65.29399208356845, "e": 0.0, "inc": 0.1127420905953733, "pomega": 1.9643201590402428, "f": 4.865556939043058, "P": 3207505.41021137, "RHill": 21132731.387675628, "spacing": "logarithmic", "period_ratio": NaN}}