{"Planet": {"m": 1.3411098085858813e+26, "Rp": 31826327.04, "Rstar": 890496000.0, "RpRstar": 0.03574, "rhostar": 746.1812996775406, "impact": 0.1663605101299308, "q1": 0.379456, "q2": 0.25681818181818183, "a": 222267227537.43475, "Pp": 627.8397001993533, "rhoplan": 993.1530165246462, "aRp": null, "e": null, "inc": null, "pomega": null, "f": null, "P": 54245350.097224124, "RHill": 6058709979.127113}, "I": {"m": 1.1494599476046244e+24, "r": 3702310.1630632835, "msmp": 0.00857096070915073, "rsrp": 0.11632854015514081, "a": 1176090405.782715, "aRp": 36.95338152921573, "e": 0.0, "inc": 0.024384688119172715, "pomega": 3.680429677382822, "f": 2.6398301305592002, "P": 2667182.1009747107, "RHill": 166882241.20483154, "spacing": "linear", "period_ratio": NaN}}