{"Planet": {"m": 2.0306005478469095e+26, "Rp": 40630132.26, "Rstar": 1238346000.0, "RpRstar": 0.03281, "rhostar": 514.9422240682751, "impact": 0.12467423278937617, "q1": 0.379456, "q2": 0.25681818181818183, "a": 127098005683.26468, "Pp": 199.28473716109187, "rhoplan": 722.7551277573334, "aRp": null, "e": null, "inc": null, "pomega": null, "f": null, "P": 17218201.290718336, "RHill": 3237293738.138338}, "I": {"m": 1.2678532771279042e+24, "r": 3973090.7612131857, "msmp": 0.006243735521849617, "rsrp": 0.09778680354246984, "a": 678635372.850457, "aRp": 16.702760613914304, "e": 0.0, "inc": -0.09661363546143228, "pomega": 0.6711113019369735, "f": 2.306788005066133, "P": 951191.3702727213, "RHill": 86645146.58285213, "spacing": "logarithmic", "period_ratio": NaN}}