{"Planet": {"m": 4.375542498899137e+25, "Rp": 16281467.1, "Rstar": 605259000.0, "RpRstar": 0.0269, "rhostar": 1991.023938548494, "impact": 0.2152280905851941, "q1": 0.37871715999999994, "q2": 0.34367890802729933, "a": 103129177469.50363, "Pp": 216.78839373586567, "rhoplan": 2420.263711390026, "aRp": null, "e": null, "inc": null, "pomega": null, "f": null, "P": 18730517.218778793, "RHill": 2052841812.5069797}, "I": {"m": 2.7139479753674607e+23, "r": 2800511.4330348405, "msmp": 0.0062025405445159665, "rsrp": 0.17200608617357588, "a": 253659675.83904397, "aRp": 15.579657182063402, "e": 0.0, "inc": 0.08250996473824576, "pomega": 6.258678433794247, "f": 3.5861724720545953, "P": 468269.097400735, "RHill": 32314756.331607737, "spacing": "linear", "period_ratio": NaN}}