{"Planet": {"m": 6.905705962264784e+25, "Rp": 21635017.74, "Rstar": 1349658000.0, "RpRstar": 0.01603, "rhostar": 254.87077081357916, "impact": 0.3754517856051376, "q1": 0.379456, "q2": 0.25681818181818183, "a": 158022856582.51685, "Pp": 345.1417465931107, "rhoplan": 1627.9749063359143, "aRp": null, "e": null, "inc": null, "pomega": null, "f": null, "P": 29820246.905644767, "RHill": 3258783962.8231144}, "I": {"m": 6.429853513710911e+22, "r": 1942831.6947805309, "msmp": 0.0009310928598532723, "rsrp": 0.08980032825156958, "a": 71990511.132991, "aRp": 3.3274995194430104, "e": 0.0, "inc": 0.15547202367750265, "pomega": 0.48448203538708484, "f": 3.3134549579715933, "P": 56504.594247108296, "RHill": 4874153.1494179405, "spacing": "logarithmic", "period_ratio": NaN}, "II": {"m": 3.4622288150751036e+22, "r": 1272736.0942170906, "msmp": 0.0005013576937671463, "rsrp": 0.05882759651562415, "a": 200457365.13391024, "aRp": 9.265412561381623, "e": 0.0, "inc": 0.15547202367750265, "pomega": 5.148328555027738, "f": 4.874354278207026, "P": 262601.4685259876, "RHill": 11041569.929719118, "spacing": "logarithmic", "period_ratio": 4.647435700140907}, "III": {"m": 7.295410717479685e+22, "r": 1423365.2049634003, "msmp": 0.0010564322832950586, "rsrp": 0.06578987926281221, "a": 348706767.8339497, "aRp": 16.11770196006087, "e": 0.0, "inc": 0.15547202367750265, "pomega": 1.4503041993169803, "f": 2.399160066287795, "P": 602329.6604035819, "RHill": 24624486.316610448, "spacing": "logarithmic", "period_ratio": 2.2937025591841813}, "IV": {"m": 7.048108659260032e+22, "r": 1684604.6390019397, "msmp": 0.0010206210194545478, "rsrp": 0.07786472187112428, "a": 1071356521.9561913, "aRp": 49.5195582842259, "e": 0.0, "inc": 0.15547202367750265, "pomega": 2.073030135852131, "f": 5.890446951645309, "P": 3243788.126888087, "RHill": 74790844.24598879, "spacing": "logarithmic", "period_ratio": 5.385403276861106}}