{"Planet": {"m": 3.074571939238869e+26, "Rp": 48989106.9, "Rstar": 466119000.0, "RpRstar": 0.1051, "rhostar": 3515.5084509419185, "impact": 0.44043098386818635, "q1": 0.40411449000000005, "q2": 0.2892873997168476, "a": 165098843596.45795, "Pp": 488.934812432472, "rhoplan": 624.30596377941, "aRp": null, "e": null, "inc": null, "pomega": null, "f": null, "P": 42243967.79416558, "RHill": 6762533687.838444}, "I": {"m": 1.0010412767714932e+23, "r": 2253974.86124744, "msmp": 0.00032558720256170283, "rsrp": 0.046009715299534064, "a": 125441392.89242719, "aRp": 2.560597668140531, "e": 0.0, "inc": 0.10460804287630779, "pomega": 1.6513862373505304, "f": 2.2803959875742295, "P": 61613.416266439985, "RHill": 5983512.8071736805, "spacing": "logarithmic", "period_ratio": NaN}, "II": {"m": 3.786547438222604e+23, "r": 3015657.373973566, "msmp": 0.0012315689836029627, "rsrp": 0.06155771282234921, "a": 357513918.42042387, "aRp": 7.297824782766633, "e": 0.0, "inc": 0.10460804287630779, "pomega": 4.6531640363701205, "f": 5.023909043994479, "P": 296317.18602062995, "RHill": 26570850.147536803, "spacing": "logarithmic", "period_ratio": 4.809296480806081}, "III": {"m": 2.306747289951702e+23, "r": 2884971.243084281, "msmp": 0.0007502661624247936, "rsrp": 0.0588900558847355, "a": 958731255.4465716, "aRp": 19.57029462495818, "e": 0.0, "inc": 0.10460804287630779, "pomega": 4.35468288616407, "f": 5.2055112595935285, "P": 1301568.8575449625, "RHill": 60403428.19437309, "spacing": "logarithmic", "period_ratio": 4.392485211621663}, "IV": {"m": 3.6124533031319086e+23, "r": 3118557.120504647, "msmp": 0.0011749451222878838, "rsrp": 0.06365817459931378, "a": 2740898136.778522, "aRp": 55.94913461830271, "e": 0.0, "inc": 0.10460804287630779, "pomega": 3.5459560644478856, "f": 5.042760485060124, "P": 6290266.333026604, "RHill": 200535687.67319652, "spacing": "logarithmic", "period_ratio": 4.83283408062743}}