{"Planet": {"m": 8.501790225329677e+23, "Rp": 3710933.37, "Rstar": 285237000.0, "RpRstar": 0.01301, "rhostar": 8386.55457648736, "impact": 0.47120296790634997, "q1": 0.11235904, "q2": 0.15244630071599044, "a": 87403739334.51903, "Pp": 254.74940233939557, "rhoplan": 3971.662219613112, "aRp": null, "e": null, "inc": null, "pomega": null, "f": null, "P": 22010348.362123776, "RHill": 614558364.6971251}, "I": {"m": 1.4813809266544293e+20, "r": 715241.2780518391, "msmp": 0.00017424341078669525, "rsrp": 0.19273891680028712, "a": 41974382.46168178, "aRp": 11.311004072725181, "e": 0.0, "inc": 0.03747596663698197, "pomega": 4.146688653073117, "f": 6.001670453932617, "P": 226809.08889228062, "RHill": 1625533.8528594798, "spacing": "logarithmic", "period_ratio": NaN}, "II": {"m": 4.82310069143303e+19, "r": 622046.7178868676, "msmp": 5.673041281427292e-05, "rsrp": 0.16762540737476717, "a": 62463392.71637152, "aRp": 16.832259296633914, "e": 0.0, "inc": 0.03747596663698197, "pomega": 3.047021257577139, "f": 3.749551627956855, "P": 411763.5026933321, "RHill": 1664142.3225279262, "spacing": "logarithmic", "period_ratio": 1.815462972424763}, "III": {"m": 1.0851976555724317e+20, "r": 594796.6020184307, "msmp": 0.00012764342883211406, "rsrp": 0.16028221008409824, "a": 92521001.89279196, "aRp": 24.932002994381964, "e": 0.0, "inc": 0.03747596663698197, "pomega": 6.0896438455722945, "f": 3.7470381024814357, "P": 742257.4904609744, "RHill": 3229976.7491731, "spacing": "logarithmic", "period_ratio": 1.8026306013182118}, "IV": {"m": 8.957186998375634e+19, "r": 716710.5936378257, "msmp": 0.00010535648094079266, "rsrp": 0.1931348591251655, "a": 141325592.53138357, "aRp": 38.08357047687536, "e": 0.0, "inc": 0.03747596663698197, "pomega": 4.744279334854073, "f": 2.8333715921664924, "P": 1401296.8956428354, "RHill": 4628079.552351945, "spacing": "logarithmic", "period_ratio": 1.8878851525938374}, "V": {"m": 9.473947786743451e+19, "r": 597833.3156998219, "msmp": 0.00011143473945660752, "rsrp": 0.16110052541843992, "a": 243559831.88183787, "aRp": 65.63303826763072, "e": 0.0, "inc": 0.03747596663698197, "pomega": 5.700675778251146, "f": 1.6777782548424338, "P": 3170342.0140042314, "RHill": 8126535.708835315, "spacing": "logarithmic", "period_ratio": 2.2624341949675544}}