{"Planet": {"m": 2.889826346880522e+25, "Rp": 12219413.940000001, "Rstar": 737442000.0, "RpRstar": 0.01657, "rhostar": 1183.678325318489, "impact": 0.22742649111054436, "q1": 0.25, "q2": 0.2, "a": 84324158576.222, "Pp": 154.57354866147386, "rhoplan": 3781.220518021334, "aRp": null, "e": null, "inc": null, "pomega": null, "f": null, "P": 13355154.604351342, "RHill": 1426812405.55002}, "I": {"m": 2.2635887287312952e+23, "r": 2561810.628679005, "msmp": 0.007832957614130583, "rsrp": 0.2096508589739292, "a": 418110890.99213874, "aRp": 34.21693487471288, "e": 0.0, "inc": -0.06962814667672147, "pomega": 1.7990558590314187, "f": 5.0352199086338665, "P": 1218383.6870653883, "RHill": 57573989.04556398, "spacing": "linear", "period_ratio": NaN}}