{"Planet": {"m": 2.2536515144159742e+24, "Rp": 4908650.489999999, "Rstar": 605259000.0, "RpRstar": 0.00811, "rhostar": 2055.250517211349, "impact": 0.011161775461728363, "q1": 0.37871715999999994, "q2": 0.34367890802729933, "a": 86297873226.46745, "Pp": 163.333239290944, "rhoplan": 4548.956893471169, "aRp": null, "e": null, "inc": null, "pomega": null, "f": null, "P": 14111991.87473756, "RHill": 632406338.1525508}, "I": {"m": 1.118510351898279e+21, "r": 716539.711599736, "msmp": 0.0004963102523808509, "rsrp": 0.14597488924083818, "a": 99434339.86306718, "aRp": 20.256960658665104, "e": 0.0, "inc": -0.17261287101682093, "pomega": 1.0990390141271225, "f": 5.957683758112777, "P": 507844.171537928, "RHill": 5458588.9552474655, "spacing": "linear", "period_ratio": NaN}, "II": {"m": 3.16911266371179e+21, "r": 961190.7867597252, "msmp": 0.0014062123817457442, "rsrp": 0.19581569083353606, "a": 258921144.72132567, "aRp": 52.74792842733557, "e": 0.0, "inc": -0.17261287101682093, "pomega": 6.131117015916714, "f": 6.078332980932907, "P": 2132945.5204592976, "RHill": 20113025.58449308, "spacing": "linear", "period_ratio": 4.2}, "III": {"m": 7.177108091347287e+21, "r": 984672.3757138952, "msmp": 0.0031846574527771253, "rsrp": 0.20059940664341236, "a": 578109645.3681829, "aRp": 117.77364197062296, "e": 0.0, "inc": -0.17261287101682093, "pomega": 0.43483990724755217, "f": 5.008827891141963, "P": 7109818.401530992, "RHill": 58973563.68554872, "spacing": "linear", "period_ratio": 3.3333333333333335}}