{"Planet": {"m": 1.3414529657537431e+25, "Rp": 8317789.200000002, "Rstar": 389592000.00000006, "RpRstar": 0.02135, "rhostar": 4334.918829298375, "impact": 0.48505855922419705, "q1": 0.3701505600000001, "q2": 0.22016765285996057, "a": 109505653730.48882, "Pp": 311.2902579862091, "rhoplan": 5564.973639617277, "aRp": null, "e": null, "inc": null, "pomega": null, "f": null, "P": 26895478.290008467, "RHill": 1761792339.220963}, "I": {"m": 9.841069448391465e+21, "r": 1127943.9631880492, "msmp": 0.0007336127094744548, "rsrp": 0.1356062213247781, "a": 37862706.46747729, "aRp": 4.552015632648791, "e": 0.0, "inc": -0.053883702379302886, "pomega": 0.08483148479540396, "f": 3.765261162178226, "P": 48904.35325195804, "RHill": 2367700.969032799, "spacing": "linear", "period_ratio": NaN}, "II": {"m": 1.917091450985351e+21, "r": 644592.4176348511, "msmp": 0.000142911566780738, "rsrp": 0.07749564242802053, "a": 95389265.9656856, "aRp": 11.468103323138507, "e": 0.0, "inc": -0.053883702379302886, "pomega": 5.164666470617964, "f": 5.196713920429561, "P": 195617.41300783216, "RHill": 3457919.526993477, "spacing": "linear", "period_ratio": 4.0}, "III": {"m": 4.3454072889001273e+21, "r": 864687.0475603308, "msmp": 0.000323932884703006, "rsrp": 0.103956355080546, "a": 266397550.29384074, "aRp": 32.02744670348711, "e": 0.0, "inc": -0.053883702379302886, "pomega": 2.1145033061965504, "f": 5.584425225013, "P": 912881.2607032168, "RHill": 12685516.508454967, "spacing": "linear", "period_ratio": 4.666666666666667}, "IV": {"m": 1.1374742609179751e+22, "r": 1071273.6726974698, "msmp": 0.0008479419628990456, "rsrp": 0.12879307793679956, "a": 522991346.5983876, "aRp": 62.87624439897893, "e": 0.0, "inc": -0.053883702379302886, "pomega": 4.17182390782731, "f": 4.739880665272089, "P": 2510423.466933846, "RHill": 34322279.81216893, "spacing": "linear", "period_ratio": 2.75}, "V": {"m": 1.0735712125517975e+22, "r": 1199306.706882523, "msmp": 0.0008003047739721335, "rsrp": 0.14418575393597646, "a": 1317834704.0696054, "aRp": 158.43569395454324, "e": 0.0, "inc": -0.053883702379302886, "pomega": 4.991861594182882, "f": 0.3619476684603902, "P": 10041693.867735384, "RHill": 84834464.8179682, "spacing": "linear", "period_ratio": 4.0}}