{"Planet": {"m": 4.955414125630106e+25, "Rp": 17431459.2, "Rstar": 500904000.0, "RpRstar": 0.0348, "rhostar": 2832.794464352506, "impact": 0.37290290064365983, "q1": 0.39050001, "q2": 0.361577852456393, "a": 15259384437.37543, "Pp": 13.739723202936206, "rhoplan": 2233.5213796308853, "aRp": null, "e": null, "inc": null, "pomega": null, "f": null, "P": 1187112.0847336883, "RHill": 340147687.8752386}, "I": {"m": 1.9188576776168187e+23, "r": 2279714.9440227645, "msmp": 0.003872244839623421, "rsrp": 0.13078164701339315, "a": 43449263.68178871, "aRp": 2.492577539451701, "e": 0.0, "inc": 0.10918126283852916, "pomega": 3.636442981562983, "f": 0.32801507454222867, "P": 31229.960673021684, "RHill": 4730745.729607815, "spacing": "logarithmic", "period_ratio": NaN}, "II": {"m": 7.16681783206282e+22, "r": 2127776.858878985, "msmp": 0.0014462601208232063, "rsrp": 0.1220653322516445, "a": 83166185.72462747, "aRp": 4.771039806273216, "e": 0.0, "inc": 0.10918126283852916, "pomega": 2.8402837872238957, "f": 3.3134549579715933, "P": 82802.48685995708, "RHill": 6521114.652151115, "spacing": "logarithmic", "period_ratio": 2.6513797992543373}, "III": {"m": 9.478694552083078e+22, "r": 2095842.431917798, "msmp": 0.0019127956436694005, "rsrp": 0.12023333261267066, "a": 152325403.6418717, "aRp": 8.738534272671314, "e": 0.0, "inc": 0.10918126283852916, "pomega": 4.645623459943863, "f": 0.584394673035005, "P": 205201.52035135953, "RHill": 13110566.087736482, "spacing": "logarithmic", "period_ratio": 2.4782047995540832}}