{"Planet": {"m": 9.045306714817169e+24, "Rp": 7320085.83, "Rstar": 563517000.0, "RpRstar": 0.01299, "rhostar": 2254.837038657907, "impact": 0.42199402399508656, "q1": 0.39904488999999993, "q2": 0.24908975779642237, "a": 32857660639.950466, "Pp": 40.780696945044404, "rhoplan": 5505.365647143843, "aRp": null, "e": null, "inc": null, "pomega": null, "f": null, "P": 3523452.2160518365, "RHill": 398500657.38655776}, "I": {"m": 3.842323971892052e+22, "r": 1532422.0074980776, "msmp": 0.004247864769027588, "rsrp": 0.20934481413014766, "a": 50201387.06901693, "aRp": 6.858032574328016, "e": 0.0, "inc": 0.04749515846261196, "pomega": 5.520330325389806, "f": 6.273759586646764, "P": 90765.01306007247, "RHill": 5637227.036569431, "spacing": "logarithmic", "period_ratio": NaN}, "II": {"m": 1.2807746572973513e+22, "r": 1020287.4842529236, "msmp": 0.0014159549230091965, "rsrp": 0.13938190179020396, "a": 110043016.65504089, "aRp": 15.033022728237722, "e": 0.0, "inc": 0.04749515846261196, "pomega": 1.7890017571297412, "f": 2.2068753674182124, "P": 294986.29244523554, "RHill": 8567850.470257888, "spacing": "logarithmic", "period_ratio": 3.25}}