{"Planet": {"m": 3.0122274528713695e+25, "Rp": 12636138.24, "Rstar": 299151000.0, "RpRstar": 0.04224, "rhostar": 8156.4984112274615, "impact": 0.051408536681456174, "q1": 0.11235904, "q2": 0.15244630071599044, "a": 80935213513.1536, "Pp": 214.30411834692504, "rhoplan": 3564.1506091319425, "aRp": null, "e": null, "inc": null, "pomega": null, "f": null, "P": 18515875.825174324, "RHill": 1798753996.752662}, "I": {"m": 2.8591243423595606e+21, "r": 867917.762301201, "msmp": 9.491727922584779e-05, "rsrp": 0.06868536461193392, "a": 50750359.29874963, "aRp": 4.016287123078327, "e": 0.0, "inc": 0.15770626854454214, "pomega": 5.2161937428640615, "f": 3.4215365534146263, "P": 50660.70127635933, "RHill": 1605143.2493990809, "spacing": "logarithmic", "period_ratio": NaN}, "II": {"m": 1.7000198792408198e+21, "r": 664923.2331286601, "msmp": 5.64373011613149e-05, "rsrp": 0.05262076280740817, "a": 105563647.45623337, "aRp": 8.354106725587181, "e": 0.0, "inc": 0.15770626854454214, "pomega": 2.615951638542716, "f": 3.836896638227678, "P": 151982.103829078, "RHill": 2807562.16975928, "spacing": "logarithmic", "period_ratio": 3.0}, "III": {"m": 4.713691483349547e+21, "r": 815805.5183662465, "msmp": 0.00015648524412910047, "rsrp": 0.06456130052327178, "a": 291989627.4462025, "aRp": 23.107504990876272, "e": 0.0, "inc": 0.15770626854454214, "pomega": 5.537296622348887, "f": 2.386592438910698, "P": 699117.6776137587, "RHill": 10909833.842805717, "spacing": "logarithmic", "period_ratio": 4.6}, "IV": {"m": 9.272835704949927e+20, "r": 736948.078497861, "msmp": 3.078398245162631e-05, "rsrp": 0.05832067238430758, "a": 463485222.95756185, "aRp": 36.67934096276252, "e": 0.0, "inc": 0.15770626854454214, "pomega": 2.2031050792050837, "f": 2.6574248088871357, "P": 1398235.3552275174, "RHill": 10071722.274410246, "spacing": "logarithmic", "period_ratio": 2.0}, "V": {"m": 1.5454726174916548e+21, "r": 707381.3573321108, "msmp": 5.13066374193772e-05, "rsrp": 0.05598081818168766, "a": 853752920.4308608, "aRp": 67.56438590773607, "e": 0.0, "inc": 0.15770626854454214, "pomega": 5.434870459225547, "f": 3.5013409872591916, "P": 3495588.3880687933, "RHill": 21996300.03040364, "spacing": "logarithmic", "period_ratio": 2.5}}