{"Planet": {"m": 4.4626771583816345e+29, "Rp": 176897030.39999998, "Rstar": 8070120000.0, "RpRstar": 0.02192, "rhostar": 2.185710755120272, "impact": 0.4497608855115891, "q1": 0.37368768999999996, "q2": 0.2746605594634386, "a": 185461478982.92285, "Pp": 310.04482171847087, "rhoplan": 19246.210590368082, "aRp": null, "e": null, "inc": null, "pomega": null, "f": null, "P": 26787872.596475884, "RHill": 58206483847.07856}, "I": {"m": 2.0006517836380736e+25, "r": 10981681.165793145, "msmp": 4.483075321459281e-05, "rsrp": 0.062079511119894674, "a": 1396140003.2939334, "aRp": 7.89238801882077, "e": 0.0, "inc": 0.04735551815842201, "pomega": 2.4984443225668604, "f": 1.536392446850094, "P": 60056.91137398216, "RHill": 34388552.68368429, "spacing": "logarithmic", "period_ratio": NaN}, "II": {"m": 6.547587655542786e+25, "r": 18098429.27455393, "msmp": 0.00014671882870230372, "rsrp": 0.10231053191582537, "a": 2231982780.875103, "aRp": 12.617412377291684, "e": 0.0, "inc": 0.04735551815842201, "pomega": 3.9644580561052116, "f": 2.987953408904784, "P": 121390.21315188549, "RHill": 81622965.99198915, "spacing": "logarithmic", "period_ratio": 2.0212530144278134}, "III": {"m": 1.0912646092571312e+25, "r": 8779100.436872004, "msmp": 2.4453138117050628e-05, "rsrp": 0.049628308722993716, "a": 3882515239.7838907, "aRp": 21.94788251111247, "e": 0.0, "inc": 0.04735551815842201, "pomega": 1.4019188339151574, "f": 5.218707268339481, "P": 278511.87389567966, "RHill": 78135959.77972993, "spacing": "logarithmic", "period_ratio": 2.2943519635079714}, "IV": {"m": 1.7278356313237906e+25, "r": 7571665.574208696, "msmp": 3.8717468685330145e-05, "rsrp": 0.04280267202387529, "a": 10443326679.423088, "aRp": 59.03618989990173, "e": 0.0, "inc": 0.04735551815842201, "pomega": 1.7764341297526445, "f": 2.713350750715217, "P": 1228652.7569268234, "RHill": 244963153.26376292, "spacing": "logarithmic", "period_ratio": 4.4114914733834}, "V": {"m": 4.546935871904713e+25, "r": 11867875.34525542, "msmp": 0.00010188807548771093, "rsrp": 0.06708917226264201, "a": 22719507243.52677, "aRp": 128.43351407399757, "e": 0.0, "inc": 0.04735551815842201, "pomega": 1.1059512091845256, "f": 3.814903290317759, "P": 3942353.0103158867, "RHill": 735754526.5495452, "spacing": "logarithmic", "period_ratio": 3.2086795785790003}}