{"Planet": {"m": 1.6324562368791308e+28, "Rp": 64071326.339999996, "Rstar": 1092249000.0, "RpRstar": 0.05866, "rhostar": 579.2278806284737, "impact": 0.4545138552706419, "q1": 0.20052483999999998, "q2": 0.18646717284502012, "a": 168874245703.35522, "Pp": 346.5281656480559, "rhoplan": 14817.05165576733, "aRp": null, "e": null, "inc": null, "pomega": null, "f": null, "P": 29940033.51199203, "RHill": 20238073782.6547}, "I": {"m": 5.113152092012335e+25, "r": 16191071.920615066, "msmp": 0.0031321832564329376, "rsrp": 0.25270386685450763, "a": 330862360.667508, "aRp": 5.163969275612596, "e": 0.0, "inc": -0.024768698955695112, "pomega": 2.467653635492973, "f": 1.0789308103237674, "P": 36169.974025701275, "RHill": 33565207.296738066, "spacing": "logarithmic", "period_ratio": NaN}, "II": {"m": 4.836765492444101e+25, "r": 14337887.014260573, "msmp": 0.002962876053382509, "rsrp": 0.22378008749460476, "a": 558722070.6653669, "aRp": 8.720313790609863, "e": 0.0, "inc": -0.024768698955695112, "pomega": 3.556010166349563, "f": 2.9841831206916547, "P": 79379.3511255389, "RHill": 55640783.51531598, "spacing": "logarithmic", "period_ratio": 2.194620075456354}, "III": {"m": 5.113152092012335e+25, "r": 19771286.110226743, "msmp": 0.0031321832564329376, "rsrp": 0.3085824383486103, "a": 1097853811.4531355, "aRp": 17.134869436404045, "e": 0.0, "inc": -0.024768698955695112, "pomega": 3.0708997495936234, "f": 4.97740882269922, "P": 218622.02957117, "RHill": 111374683.6859744, "spacing": "logarithmic", "period_ratio": 2.754142311209095}, "IV": {"m": 1.0364497483808784e+25, "r": 7256157.879822813, "msmp": 0.0006349020114391088, "rsrp": 0.11325125129012295, "a": 5425111776.742456, "aRp": 84.67300564301783, "e": 0.0, "inc": -0.024768698955695112, "pomega": 4.9893480687074625, "f": 4.819685099116654, "P": 2404536.895197432, "RHill": 323298611.97661966, "spacing": "logarithmic", "period_ratio": 10.9986029308847}}