{"Planet": {"m": 6.355885290608586e+25, "Rp": 20553760.799999997, "Rstar": 556560000.0, "RpRstar": 0.03693, "rhostar": 2257.850499867521, "impact": 0.3958896151233823, "q1": 0.3948865600000001, "q2": 0.3804901336728198, "a": 15026872342.25421, "Pp": 12.840969475579437, "rhoplan": 1747.4853650095358, "aRp": null, "e": null, "inc": null, "pomega": null, "f": null, "P": 1109459.7626900633, "RHill": 353275571.79950225}, "I": {"m": 2.0020288644989804e+23, "r": 2467940.331247689, "msmp": 0.0031498819959151327, "rsrp": 0.12007244587801613, "a": 44568168.74741793, "aRp": 2.1683705080102875, "e": 0.0, "inc": -0.1659101364157026, "pomega": 3.1224270218397208, "f": 1.2379112966440429, "P": 28657.826745314884, "RHill": 4529835.8680778425, "spacing": "logarithmic", "period_ratio": NaN}, "II": {"m": 2.4469241677209762e+23, "r": 2515600.124701381, "msmp": 0.0038498557727851624, "rsrp": 0.12239123288334569, "a": 163236226.29378903, "aRp": 7.941915247636289, "e": 0.0, "inc": -0.1659101364157026, "pomega": 2.1603751461229543, "f": 0.5052186205592947, "P": 200807.26451270664, "RHill": 17738801.797483195, "spacing": "logarithmic", "period_ratio": 7.007065340205378}}