{"Planet": {"m": 1.8694057668743192e+25, "Rp": 9420334.56, "Rstar": 647001000.0, "RpRstar": 0.01456, "rhostar": 1647.5184959527598, "impact": 0.3520474465308787, "q1": 0.37871715999999994, "q2": 0.34367890802729933, "a": 68921811486.72577, "Pp": 117.80920780394861, "rhoplan": 5338.459940242181, "aRp": null, "e": null, "inc": null, "pomega": null, "f": null, "P": 10178715.55426116, "RHill": 1029610279.9594774}, "I": {"m": 1.1535219779364806e+23, "r": 2185721.7487931894, "msmp": 0.006170527546115312, "rsrp": 0.23202166917447456, "a": 440286809.27306867, "aRp": 46.73791641568499, "e": 0.0, "inc": -0.11113622709718868, "pomega": 2.000137897064969, "f": 4.084478897556487, "P": 1638298.1211257323, "RHill": 55993294.5443089, "spacing": "logarithmic", "period_ratio": NaN}}