{"Planet": {"m": 7.984801766460537e+25, "Rp": 23121589.499999996, "Rstar": 800054999.9999999, "RpRstar": 0.0289, "rhostar": 1140.1523359238972, "impact": 0.05773228070100023, "q1": 0.29822521, "q2": 0.23274125618018676, "a": 29044345151.625343, "Pp": 28.173645619378178, "rhoplan": 1542.1352699091092, "aRp": null, "e": null, "inc": null, "pomega": null, "f": null, "P": 2434202.9815142746, "RHill": 643633850.0476971}, "I": {"m": 1.3595996775810465e+23, "r": 2334922.6579115386, "msmp": 0.0017027344163908066, "rsrp": 0.10098452175666985, "a": 78077459.92831728, "aRp": 3.376820608648782, "e": 0.0, "inc": -0.07385226587846792, "pomega": 4.655049180476685, "f": 0.338697557812761, "P": 59328.58927248554, "RHill": 6464489.424184169, "spacing": "logarithmic", "period_ratio": NaN}, "II": {"m": 1.8269620667495308e+23, "r": 2522571.045311196, "msmp": 0.002288049372025146, "rsrp": 0.10910024353261683, "a": 171978844.95808643, "aRp": 7.438019992444138, "e": 0.0, "inc": -0.07385226587846792, "pomega": 1.1675325833323005, "f": 1.2115192791521394, "P": 193892.58594157186, "RHill": 15712902.17719342, "spacing": "logarithmic", "period_ratio": 3.268113877629183}}