{"Planet": {"m": 1.5510703857222145e+25, "Rp": 8846521.200000001, "Rstar": 473076000.00000006, "RpRstar": 0.0187, "rhostar": 3228.1748470302578, "impact": 0.4067161353128709, "q1": 0.09235521000000001, "q2": 0.04886475814412636, "a": 212540018423.54178, "Pp": 728.9584571996396, "rhoplan": 5348.417842071224, "aRp": null, "e": null, "inc": null, "pomega": null, "f": null, "P": 62982010.70204886, "RHill": 3260853807.7086897}, "I": {"m": 8.48308572335131e+22, "r": 1687290.0864103436, "msmp": 0.005469181670567057, "rsrp": 0.19072921979889038, "a": 27523065.588225827, "aRp": 3.111173868913107, "e": 0.0, "inc": -0.1670970790013173, "pomega": 3.1224270218397208, "f": 0.4813401285428106, "P": 28120.4378934445, "RHill": 3362253.8795758174, "spacing": "logarithmic", "period_ratio": NaN}, "II": {"m": 1.2974131106302004e+22, "r": 1212843.0009235102, "msmp": 0.0008364630790279028, "rsrp": 0.1370982981336788, "a": 594965894.5383698, "aRp": 67.2542213020831, "e": 0.0, "inc": -0.1670970790013173, "pomega": 3.4033134937178358, "f": 3.58931437889887, "P": 2832812.3075379403, "RHill": 38868750.37785041, "spacing": "logarithmic", "period_ratio": 100.73855600229938}}