{"Planet": {"m": 2.253075007679787e+25, "Rp": 10483920.72, "Rstar": 584388000.0, "RpRstar": 0.01794, "rhostar": 2093.129530744896, "impact": 0.14079689388232963, "q1": 0.39904488999999993, "q2": 0.24908975779642237, "a": 154237453838.01443, "Pp": 407.6157417059588, "rhoplan": 4667.83887370631, "aRp": null, "e": null, "inc": null, "pomega": null, "f": null, "P": 35218000.08339484, "RHill": 2506562001.042791}, "I": {"m": 2.414371691492706e+21, "r": 718303.6276030083, "msmp": 0.0001071589575696826, "rsrp": 0.06851479010449903, "a": 55688908.03237222, "aRp": 5.311839865989774, "e": 0.0, "inc": -0.06886012500367666, "pomega": 4.9070301093874775, "f": 2.055435457524195, "P": 67331.60495436325, "RHill": 1834021.5906051607, "spacing": "logarithmic", "period_ratio": NaN}, "II": {"m": 4.063210895438945e+21, "r": 851684.9498994951, "msmp": 0.0001803406846904415, "rsrp": 0.08123725585550737, "a": 69865259.49148086, "aRp": 6.664039280476441, "e": 0.0, "inc": -0.06886012500367666, "pomega": 2.8773582879863313, "f": 2.1377534168441796, "P": 94611.06673262015, "RHill": 2736856.93714542, "spacing": "logarithmic", "period_ratio": 1.4051509212760733}, "III": {"m": 6.477582586931652e+20, "r": 510818.1130158541, "msmp": 2.8749964226012408e-05, "rsrp": 0.048723958017097065, "a": 117301765.43954223, "aRp": 11.188730683146774, "e": 0.0, "inc": -0.06886012500367666, "pomega": 4.447054947385732, "f": 6.094042515154278, "P": 205844.73404011322, "RHill": 2491589.9270205707, "spacing": "logarithmic", "period_ratio": 2.175694040337268}, "IV": {"m": 1.5310649750929363e+21, "r": 750641.0038491698, "msmp": 6.795446089784754e-05, "rsrp": 0.07159926366260902, "a": 165003727.54676962, "aRp": 15.738742399300556, "e": 0.0, "inc": -0.06886012500367666, "pomega": 2.4286939906239726, "f": 2.164773815704938, "P": 343411.6773678054, "RHill": 4668664.448021698, "spacing": "logarithmic", "period_ratio": 1.6683044089963668}, "V": {"m": 8.833067163997703e+20, "r": 566541.9516242825, "msmp": 3.920449667183509e-05, "rsrp": 0.05403912970683762, "a": 198033935.9356789, "aRp": 18.889301171258655, "e": 0.0, "inc": -0.06886012500367666, "pomega": 0.18285897833675965, "f": 0.4323263817721328, "P": 451533.62516384624, "RHill": 4664565.13430972, "spacing": "logarithmic", "period_ratio": 1.3148464508393483}}