{"Planet": {"m": 1.9085853507824226e+25, "Rp": 9343946.7, "Rstar": 257409000.0, "RpRstar": 0.0363, "rhostar": 11411.16474771653, "impact": 0.4771982276016621, "q1": 0.11235904, "q2": 0.15244630071599044, "a": 19032686185.492847, "Pp": 25.88590942924542, "rhoplan": 5585.112422316146, "aRp": null, "e": null, "inc": null, "pomega": null, "f": null, "P": 2236542.5746868043, "RHill": 377514474.97601265}, "I": {"m": 1.411461130894952e+23, "r": 2392840.5213477714, "msmp": 0.007395326231107898, "rsrp": 0.25608456449647465, "a": 178238874.9805706, "aRp": 19.075330874968564, "e": 0.0, "inc": 0.023477026141937918, "pomega": 1.2630465513982367, "f": 0.911152984839524, "P": 417373.5238799991, "RHill": 24077670.09978767, "spacing": "linear", "period_ratio": NaN}}