{"Planet": {"m": 1.7566270013805612e+25, "Rp": 9263593.35, "Rstar": 688743000.0, "RpRstar": 0.01345, "rhostar": 1540.1094031489026, "impact": 0.11336063606991942, "q1": 0.25, "q2": 0.2, "a": 94914428277.75879, "Pp": 179.2891138153303, "rhoplan": 5275.36480871234, "aRp": null, "e": null, "inc": null, "pomega": null, "f": null, "P": 15490579.433644537, "RHill": 1334282358.651816}, "I": {"m": 3.07307584628547e+22, "r": 1332814.439207816, "msmp": 0.0017494185412556512, "rsrp": 0.14387661341026114, "a": 134364842.36061576, "aRp": 14.5046136292906, "e": 0.0, "inc": -0.13180299211730356, "pomega": 0.01068248327053235, "f": 0.9827884608889762, "P": 285552.62075322005, "RHill": 11225606.222189886, "spacing": "linear", "period_ratio": NaN}, "II": {"m": 6.14615169257094e+22, "r": 1806301.2039282366, "msmp": 0.0034988370825113023, "rsrp": 0.19498925910086895, "a": 327131764.64354897, "aRp": 35.31370088083033, "e": 0.0, "inc": -0.13180299211730356, "pomega": 5.071037646658592, "f": 0.09425720532822662, "P": 1083834.2408582268, "RHill": 34434216.44794117, "spacing": "linear", "period_ratio": 3.7955674789442635}, "III": {"m": 5.915671004099525e+22, "r": 1510861.7453041642, "msmp": 0.0033676306919171255, "rsrp": 0.16309672588382393, "a": 635525483.6914852, "aRp": 68.60463965546212, "e": 0.0, "inc": -0.13180299211730356, "pomega": 0.1068248327053235, "f": 0.2450687338533892, "P": 2934990.103026546, "RHill": 66049171.03176329, "spacing": "linear", "period_ratio": 2.707969532963356}}