{"Planet": {"m": 1.7934429330607663e+25, "Rp": 9241678.799999999, "Rstar": 570474000.0, "RpRstar": 0.0162, "rhostar": 2224.4824638853675, "impact": 0.32445666349980284, "q1": 0.39050001, "q2": 0.361577852456393, "a": 65526566529.04898, "Pp": 113.52056653582072, "rhoplan": 5424.332986211471, "aRp": null, "e": null, "inc": null, "pomega": null, "f": null, "P": 9808176.94869491, "RHill": 990674825.6037322}, "I": {"m": 4.445125534080748e+22, "r": 1609956.5454676035, "msmp": 0.0024785430593514935, "rsrp": 0.1742060701641788, "a": 128288186.8986417, "aRp": 13.881480808296619, "e": 0.0, "inc": -0.03154125370890842, "pomega": 5.993501496137504, "f": 5.66360127748871, "P": 263557.6845803493, "RHill": 12037743.129598526, "spacing": "linear", "period_ratio": NaN}, "II": {"m": 5.611060100397004e+22, "r": 1749961.0966233972, "msmp": 0.003128652714263358, "rsrp": 0.18935532542241107, "a": 256087637.18965104, "aRp": 27.71007765273676, "e": 0.0, "inc": -0.03154125370890842, "pomega": 6.238570229990892, "f": 1.9743742609419204, "P": 743083.8582767362, "RHill": 25969722.81926164, "spacing": "linear", "period_ratio": 2.8194353712733293}, "III": {"m": 2.769094595001121e+22, "r": 1158490.7740496395, "msmp": 0.0015440104304156842, "rsrp": 0.12535501385848202, "a": 437902423.5593058, "aRp": 47.38342816667745, "e": 0.0, "inc": -0.03154125370890842, "pomega": 1.632534796284885, "f": 1.863150758654613, "P": 1662892.7109083796, "RHill": 35092987.402990945, "spacing": "linear", "period_ratio": 2.2378264476969596}}