{"Planet": {"m": 7.194520864342917e+27, "Rp": 116559317.25000001, "Rstar": 3095865000.0, "RpRstar": 0.03765, "rhostar": 22.557469077631623, "impact": 0.3630710288625145, "q1": 0.39790864000000004, "q2": 0.399571972098922, "a": 89262768871.22227, "Pp": 141.59560449079774, "rhoplan": 1084.6066989241529, "aRp": null, "e": null, "inc": null, "pomega": null, "f": null, "P": 12233860.228004925, "RHill": 8473357961.410259}, "I": {"m": 1.911910916010613e+25, "r": 11151846.756341374, "msmp": 0.002657454126634505, "rsrp": 0.09567529237000032, "a": 240097573.20077434, "aRp": 2.059874567434242, "e": 0.0, "inc": 0.13707441360047476, "pomega": 3.7715449758667745, "f": 1.7029135095966277, "P": 33688.48109882873, "RHill": 23058759.745371394, "spacing": "logarithmic", "period_ratio": NaN}, "II": {"m": 1.2951654592329962e+25, "r": 11499005.870987117, "msmp": 0.0018002108599782134, "rsrp": 0.09865368245357593, "a": 604835502.3786072, "aRp": 5.189078974110129, "e": 0.0, "inc": 0.13707441360047476, "pomega": 4.35091259795094, "f": 3.0225143841918003, "P": 134753.9243953149, "RHill": 51015793.90054416, "spacing": "logarithmic", "period_ratio": 4.0}, "III": {"m": 2.2202836443994206e+25, "r": 8509368.10346921, "msmp": 0.00308607575996265, "rsrp": 0.0730046151970679, "a": 1144120766.2175806, "aRp": 9.815781296690638, "e": 0.0, "inc": 0.13707441360047476, "pomega": 0.1351019943037915, "f": 4.268594638630956, "P": 350360.2034278188, "RHill": 115496009.13590722, "spacing": "logarithmic", "period_ratio": 2.6}, "IV": {"m": 4.317218197443318e+24, "r": 5750776.156397799, "msmp": 0.0006000702866594041, "rsrp": 0.049337764599833384, "a": 3161922336.043306, "aRp": 27.127152171469206, "e": 0.0, "inc": 0.13707441360047476, "pomega": 1.3082900099557855, "f": 0.5347525448954724, "P": 1611656.9357679663, "RHill": 184917560.0725191, "spacing": "logarithmic", "period_ratio": 4.6}, "V": {"m": 6.475827296164981e+24, "r": 6419885.469400505, "msmp": 0.0009001054299891067, "rsrp": 0.055078269338442815, "a": 6938253675.934724, "aRp": 59.52551747582172, "e": 0.0, "inc": 0.13707441360047476, "pomega": 0.4027924574359551, "f": 1.4836084118662871, "P": 5237885.041245891, "RHill": 464487698.63620615, "spacing": "logarithmic", "period_ratio": 3.25}}