{"Planet": {"m": 4.65646057712719e+25, "Rp": 17093349.0, "Rstar": 695700000.0, "RpRstar": 0.02457, "rhostar": 1226.5084471475473, "impact": 0.40918558200336486, "q1": 0.37234403999999993, "q2": 0.25901343821697803, "a": 70665840487.72675, "Pp": 127.1332445665324, "rhoplan": 2225.7984807077783, "aRp": null, "e": null, "inc": null, "pomega": null, "f": null, "P": 10984312.3305484, "RHill": 1468405603.0922182}, "I": {"m": 1.0922806616148768e+23, "r": 1863894.567186644, "msmp": 0.0023457315777142495, "rsrp": 0.10904209392709668, "a": 129717503.15171644, "aRp": 7.588770530088425, "e": 0.0, "inc": 0.003403732414630406, "pomega": 1.6080279228995462, "f": 2.120158738516244, "P": 166317.5732664262, "RHill": 11950450.219612356, "spacing": "linear", "period_ratio": NaN}, "II": {"m": 2.002514546293941e+23, "r": 2423541.6914583617, "msmp": 0.0043005078924761245, "rsrp": 0.14178273031565444, "a": 319239321.9606683, "aRp": 18.676230267144742, "e": 0.0, "inc": 0.003403732414630406, "pomega": 2.142152086426164, "f": 3.0533050712656875, "P": 641492.7755430364, "RHill": 35995582.93300483, "spacing": "linear", "period_ratio": 3.857035446972408}, "III": {"m": 1.5170564744651066e+23, "r": 2042306.8626701154, "msmp": 0.0032579605246031247, "rsrp": 0.11947962114797489, "a": 597150814.143579, "aRp": 34.93468799727771, "e": 0.0, "inc": 0.003403732414630406, "pomega": 1.1423973285781066, "f": 2.395389778074666, "P": 1641983.4567756776, "RHill": 61379811.41877537, "spacing": "linear", "period_ratio": 2.5596289145824067}}