{"Planet": {"m": 6.094496224395082e+27, "Rp": 113987662.2, "Rstar": 848754000.0, "RpRstar": 0.1343, "rhostar": 892.8317777444227, "impact": 0.37306463142644, "q1": 0.37234403999999993, "q2": 0.25901343821697803, "a": 202413353187.82797, "Pp": 535.3553551624332, "rhoplan": 982.3712929135564, "aRp": null, "e": null, "inc": null, "pomega": null, "f": null, "P": 46254702.686034225, "RHill": 19458532994.394836}, "I": {"m": 8.97716776713907e+24, "r": 7263929.944003071, "msmp": 0.0014729958698153287, "rsrp": 0.06372558050412469, "a": 322642488.44786894, "aRp": 2.8305036020632497, "e": 0.0, "inc": -0.11008892481576393, "pomega": 2.3765383370090207, "f": 2.764878022961314, "P": 57051.99252281552, "RHill": 25453547.35642046, "spacing": "logarithmic", "period_ratio": NaN}, "II": {"m": 8.595160628111875e+24, "r": 8393230.280124327, "msmp": 0.001410315194504038, "rsrp": 0.0736327960248695, "a": 892382514.7199055, "aRp": 7.828764074081567, "e": 0.0, "inc": -0.11008892481576393, "pomega": 4.638082883517605, "f": 1.1958097449307683, "P": 262439.1656049514, "RHill": 69387732.50340149, "spacing": "logarithmic", "period_ratio": 4.6}, "III": {"m": 8.022149919571088e+24, "r": 6056554.872465346, "msmp": 0.001316294181537103, "rsrp": 0.05313342475467793, "a": 2491965241.516129, "aRp": 21.861710236181413, "e": 0.0, "inc": -0.11008892481576393, "pomega": 5.928778215145455, "f": 3.5861724720545953, "P": 1224716.10615644, "RHill": 189358970.02350536, "spacing": "logarithmic", "period_ratio": 4.666666666666667}, "IV": {"m": 1.0505196323247843e+25, "r": 7838868.211782717, "msmp": 0.0017237185710604903, "rsrp": 0.06876944452136256, "a": 6959938342.34015, "aRp": 61.05869888030873, "e": 0.0, "inc": -0.11008892481576393, "pomega": 2.3356935480334555, "f": 5.1985990645361255, "P": 5715341.828730053, "RHill": 578611544.1660134, "spacing": "logarithmic", "period_ratio": 4.666666666666667}, "V": {"m": 1.222422844887022e+25, "r": 7739354.870599057, "msmp": 0.002005781609961298, "rsrp": 0.06789642599231284, "a": 14478613851.786795, "aRp": 127.01913147743102, "e": 0.0, "inc": -0.11008892481576393, "pomega": 2.0541786947864855, "f": 3.9361808945067436, "P": 17146025.48619016, "RHill": 1266041035.145537, "spacing": "logarithmic", "period_ratio": 3.0}}