{"Planet": {"m": 5.165304996849609e+25, "Rp": 17706956.4, "Rstar": 584388000.0, "RpRstar": 0.030299999999999997, "rhostar": 2093.129530744896, "impact": 0.421068259616427, "q1": 0.39904488999999993, "q2": 0.24908975779642237, "a": 139436317391.44507, "Pp": 350.3696014916422, "rhoplan": 2221.138333371188, "aRp": null, "e": null, "inc": null, "pomega": null, "f": null, "P": 30271933.568877883, "RHill": 2987935938.8099194}, "I": {"m": 1.4297251695083823e+22, "r": 1000580.3183059128, "msmp": 0.0002767939493176863, "rsrp": 0.0565077529815295, "a": 77285271.32014471, "aRp": 4.364684114777892, "e": 0.0, "inc": -0.03709195580045954, "pomega": 4.720400842837589, "f": 1.4427636228907221, "P": 72696.58810300127, "RHill": 3492275.6440601293, "spacing": "logarithmic", "period_ratio": NaN}, "II": {"m": 4.679100554754707e+21, "r": 734627.6115079006, "msmp": 9.058711068578827e-05, "rsrp": 0.04148807931259721, "a": 178148354.07508805, "aRp": 10.060924647393838, "e": 0.0, "inc": -0.03709195580045954, "pomega": 5.613959149349178, "f": 4.140404839384568, "P": 254438.05836050445, "RHill": 5547494.307782734, "spacing": "logarithmic", "period_ratio": 3.5}, "III": {"m": 2.0276102403937054e+22, "r": 1278831.7357782717, "msmp": 0.0003925441463050823, "rsrp": 0.07222199608388213, "a": 478403080.4481246, "aRp": 27.017804169220444, "e": 0.0, "inc": -0.03709195580045954, "pomega": 5.8885618075387445, "f": 5.287200837544659, "P": 1119527.4567862197, "RHill": 24287513.276002266, "spacing": "logarithmic", "period_ratio": 4.4}, "IV": {"m": 2.1835802588855314e+22, "r": 1580662.2672093888, "msmp": 0.0004227398498670122, "rsrp": 0.08926786916408677, "a": 881234874.8855789, "aRp": 49.76772150890816, "e": 0.0, "inc": -0.03709195580045954, "pomega": 4.3088110462376665, "f": 2.4444035248453435, "P": 2798818.6419655494, "RHill": 45857353.510725826, "spacing": "logarithmic", "period_ratio": 2.5}}