{"Planet": {"m": 5.2735610556042505e+25, "Rp": 18433684.62, "Rstar": 598302000.0, "RpRstar": 0.03081, "rhostar": 2127.7821942332507, "impact": 0.29370939810470464, "q1": 0.25, "q2": 0.2, "a": 160269400630.72397, "Pp": 413.3753851492651, "rhoplan": 2009.9206419859966, "aRp": null, "e": null, "inc": null, "pomega": null, "f": null, "P": 35715633.27689651, "RHill": 3359328488.0358243}, "I": {"m": 2.9330066742114776e+23, "r": 2522690.3180642975, "msmp": 0.005561719383327421, "rsrp": 0.13685220128629375, "a": 1463737242.3048317, "aRp": 79.40557042604061, "e": 0.0, "inc": 0.03189035446938335, "pomega": 4.0712828888105355, "f": 1.495547657874529, "P": 5914463.22290254, "RHill": 179814921.9597879, "spacing": "linear", "period_ratio": NaN}}