{"Planet": {"m": 5.2735610556042505e+25, "Rp": 18054667.260000005, "Rstar": 772227000.0000001, "RpRstar": 0.023380000000000005, "rhostar": 968.9697256416925, "impact": 0.23269119966439267, "q1": 0.25, "q2": 0.2, "a": 55878471927.99014, "Pp": 86.00170025596954, "rhoplan": 2139.1778954279594, "aRp": null, "e": null, "inc": null, "pomega": null, "f": null, "P": 7430546.902115768, "RHill": 1179489759.1728103}, "I": {"m": 3.595710593062044e+21, "r": 770325.2066269325, "msmp": 6.818372927039229e-05, "rsrp": 0.04266626438104361, "a": 124384614.10954162, "aRp": 6.889332952987448, "e": 0.0, "inc": 0.13155862158497109, "pomega": 1.6243658384897721, "f": 0.2249605300500342, "P": 146912.99302052602, "RHill": 3523328.7036262327, "spacing": "linear", "period_ratio": NaN}, "II": {"m": 5.204317963642432e+21, "r": 936219.4721636334, "msmp": 9.868697657556778e-05, "rsrp": 0.051854706524435454, "a": 288038423.30121535, "aRp": 15.953682178312006, "e": 0.0, "inc": 0.13155862158497109, "pomega": 2.1943077400411157, "f": 3.024399528298365, "P": 517701.26499747817, "RHill": 9229183.649986807, "spacing": "linear", "period_ratio": 3.523863031809224}, "III": {"m": 3.5010866300867277e+21, "r": 961220.440105581, "msmp": 6.638942060538198e-05, "rsrp": 0.053239443644312316, "a": 371255698.68162394, "aRp": 20.56286573079851, "e": 0.0, "inc": 0.13155862158497109, "pomega": 5.901129434915841, "f": 3.0677578427493493, "P": 757565.6850823156, "RHill": 10423150.372322824, "spacing": "linear", "period_ratio": 1.463325930034198}}