{"Planet": {"m": 3.706532754861441e+25, "Rp": 14790373.29, "Rstar": 535689000.0, "RpRstar": 0.02761, "rhostar": 2532.1706337376945, "impact": 0.12334838200426024, "q1": 0.39904488999999993, "q2": 0.24908975779642237, "a": 181399819402.60922, "Pp": 538.5843404172236, "rhoplan": 2734.902369768894, "aRp": null, "e": null, "inc": null, "pomega": null, "f": null, "P": 46533687.012048125, "RHill": 3562972403.933903}, "I": {"m": 2.175462059066198e+22, "r": 1427636.2395571782, "msmp": 0.0005869264358214263, "rsrp": 0.09652469289077546, "a": 80998855.66166165, "aRp": 5.476457833314203, "e": 0.0, "inc": -0.12014302671744144, "pomega": 0.677395115625522, "f": 1.6601835765144983, "P": 92062.76158906432, "RHill": 4702184.750733941, "spacing": "logarithmic", "period_ratio": NaN}, "II": {"m": 1.2085900328145546e+22, "r": 1155751.3736628392, "msmp": 0.00032607024212301464, "rsrp": 0.07814213684817953, "a": 177703798.7245516, "aRp": 12.01482851313157, "e": 0.0, "inc": -0.12014302671744144, "pomega": 1.0827010985368966, "f": 5.214936980126351, "P": 299203.975164459, "RHill": 8480602.002657332, "spacing": "logarithmic", "period_ratio": 3.25}, "III": {"m": 4.592642124695307e+22, "r": 1737799.6914278117, "msmp": 0.0012390669200674556, "rsrp": 0.11749532329943052, "a": 447921703.03478837, "aRp": 30.284678706360655, "e": 0.0, "inc": -0.12014302671744144, "pomega": 0.9010988829378465, "f": 0.08797339163967818, "P": 1196815.900657836, "RHill": 33357483.125297226, "spacing": "logarithmic", "period_ratio": 4.0}, "IV": {"m": 8.862993573973403e+21, "r": 1012128.1570591343, "msmp": 0.00023911817755687748, "rsrp": 0.06843154917147695, "a": 1202336153.2945373, "aRp": 81.29180580637917, "e": 0.0, "inc": -0.12014302671744144, "pomega": 5.211795073282078, "f": 5.145815029552319, "P": 5265989.96289448, "RHill": 51743565.56939868, "spacing": "logarithmic", "period_ratio": 4.4}, "V": {"m": 6.526386177198595e+22, "r": 2069317.122514201, "msmp": 0.0017607793074642792, "rsrp": 0.13990972925026163, "a": 2903577892.0849714, "aRp": 196.31538941942225, "e": 0.0, "inc": -0.12014302671744144, "pomega": 0.3399543205504707, "f": 1.2479653985457204, "P": 19747462.360854298, "RHill": 243105455.38787478, "spacing": "logarithmic", "period_ratio": 3.75}}