{"Planet": {"m": 6.094496224395082e+27, "Rp": 111000326.39999999, "Rstar": 1001808000.0, "RpRstar": 0.1108, "rhostar": 585.4441892995179, "impact": 0.18356435248057834, "q1": 0.379456, "q2": 0.25681818181818183, "a": 75096318272.56407, "Pp": 116.51755318655054, "rhoplan": 1063.8402936717887, "aRp": null, "e": null, "inc": null, "pomega": null, "f": null, "P": 10067116.595317967, "RHill": 7040145467.0614805}, "I": {"m": 1.9475676769481292e+24, "r": 4642019.742076316, "msmp": 0.00031956171687372537, "rsrp": 0.041819874703326244, "a": 276769291.32417023, "aRp": 2.493409706984161, "e": 0.0, "inc": 0.06055152690437374, "pomega": 2.1666589598115027, "f": 4.176222577409294, "P": 45353.99753149474, "RHill": 13119855.910654455, "spacing": "logarithmic", "period_ratio": NaN}, "II": {"m": 9.737838384740646e+23, "r": 3703513.7637643344, "msmp": 0.00015978085843686268, "rsrp": 0.03336489075192787, "a": 511392105.34878486, "aRp": 4.6071225367926925, "e": 0.0, "inc": 0.06055152690437374, "pomega": 2.446288668951908, "f": 0.6830505479452156, "P": 113921.16985980594, "RHill": 19240743.547579683, "spacing": "logarithmic", "period_ratio": 2.511822023641836}, "III": {"m": 1.5375534291695751e+24, "r": 4724373.7403941, "msmp": 0.00025228556595294097, "rsrp": 0.04256180043443638, "a": 715319994.820321, "aRp": 6.444305327919477, "e": 0.0, "inc": 0.06055152690437374, "pomega": 0.5177862479363916, "f": 2.0987937719751795, "P": 188453.3540185236, "RHill": 31339405.068745147, "spacing": "logarithmic", "period_ratio": 1.6542434935529426}, "IV": {"m": 4.6126602875087286e+23, "r": 3424007.3586511402, "msmp": 7.568566978588235e-05, "rsrp": 0.03084682243466935, "a": 1563823712.7504506, "aRp": 14.088460488981505, "e": 0.0, "inc": 0.06055152690437374, "pomega": 1.9046239289990325, "f": 4.77758354740338, "P": 609218.8848460501, "RHill": 45865408.10352133, "spacing": "logarithmic", "period_ratio": 3.232730391129936}, "V": {"m": 2.0500712388927686e+24, "r": 3389434.6892727865, "msmp": 0.0003363807546039216, "rsrp": 0.03053535786064848, "a": 3163020838.0860214, "aRp": 28.495599433534835, "e": 0.0, "inc": 0.06055152690437374, "pomega": 3.189035446938334, "f": 0.9702208335118794, "P": 1752218.0431896471, "RHill": 152524173.97462595, "spacing": "logarithmic", "period_ratio": 2.87617158097854}}