{"Planet": {"m": 5.165304996849609e+25, "Rp": 18173075.4, "Rstar": 514818000.0, "RpRstar": 0.0353, "rhostar": 2609.2602319473776, "impact": 0.4418867351924963, "q1": 0.39050001, "q2": 0.361577852456393, "a": 134788002215.6684, "Pp": 360.7023823665848, "rhoplan": 2054.5753615729645, "aRp": null, "e": null, "inc": null, "pomega": null, "f": null, "P": 31164685.83647293, "RHill": 3046401101.4500427}, "I": {"m": 5.868787015862671e+22, "r": 2011760.4905340045, "msmp": 0.0011361937038455864, "rsrp": 0.11070005743408762, "a": 51091322.54553339, "aRp": 2.811374597913867, "e": 0.0, "inc": -0.05730488983195703, "pomega": 2.854736558707557, "f": 2.4412616180010693, "P": 39057.38452418161, "RHill": 3696501.21095982, "spacing": "linear", "period_ratio": NaN}, "II": {"m": 5.35398113727823e+22, "r": 1389322.835583703, "msmp": 0.001036527589473167, "rsrp": 0.07644951693667121, "a": 186188277.3994366, "aRp": 10.245281731425415, "e": 0.0, "inc": -0.05730488983195703, "pomega": 4.040492201736648, "f": 4.2711081641063755, "P": 271726.853338726, "RHill": 13064883.388246441, "spacing": "linear", "period_ratio": 6.957118523143598}, "III": {"m": 8.854661111652444e+22, "r": 1854167.1978661024, "msmp": 0.00171425716720562, "rsrp": 0.10202825647584682, "a": 339500552.5484017, "aRp": 18.681513451950007, "e": 0.0, "inc": -0.05730488983195703, "pomega": 4.188790204786391, "f": 2.871074474297783, "P": 668833.1987134689, "RHill": 28172500.27747053, "spacing": "linear", "period_ratio": 2.4614173773974515}, "IV": {"m": 3.19179644722356e+22, "r": 1406164.5539574863, "msmp": 0.0006179299091090035, "rsrp": 0.07737625707300408, "a": 578332082.00522, "aRp": 31.823566967934337, "e": 0.0, "inc": -0.05730488983195703, "pomega": 4.297500181598279, "f": 5.133247402175222, "P": 1487855.682656961, "RHill": 34154657.81703363, "spacing": "linear", "period_ratio": 2.2245541721297917}, "V": {"m": 4.1184470286755615e+22, "r": 1823727.8554660056, "msmp": 0.0007973289149793593, "rsrp": 0.10035328722985465, "a": 1078275852.8001454, "aRp": 59.33370269294901, "e": 0.0, "inc": -0.05730488983195703, "pomega": 4.914570685813736, "f": 1.3591889008330278, "P": 3787483.6952038635, "RHill": 69326929.55982977, "spacing": "linear", "period_ratio": 2.545598836871266}}