{"Planet": {"m": 4.28572103274945e+25, "Rp": 16274231.819999998, "Rstar": 681786000.0, "RpRstar": 0.02387, "rhostar": 1497.866348531995, "impact": 0.0011603611718939977, "q1": 0.25, "q2": 0.2, "a": 13845898196.818235, "Pp": 10.2845982116979, "rhoplan": 2373.7435351064178, "aRp": null, "e": null, "inc": null, "pomega": null, "f": null, "P": 888589.2854906985, "RHill": 267169397.99631077}, "I": {"m": 9.500760332187225e+22, "r": 1985295.9243295789, "msmp": 0.0022168405875200264, "rsrp": 0.12199014652659526, "a": 45744139.71186887, "aRp": 2.8108324999802585, "e": 0.0, "inc": 0.09668345561352729, "pomega": 2.725918378092314, "f": 0.003770288213129065, "P": 36306.752606613634, "RHill": 4135612.7693426106, "spacing": "logarithmic", "period_ratio": NaN}, "II": {"m": 1.3759721860409093e+23, "r": 2203690.8036781675, "msmp": 0.00321059671296004, "rsrp": 0.1354098201409403, "a": 108807765.00983685, "aRp": 6.685892533257331, "e": 0.0, "inc": 0.09668345561352729, "pomega": 3.3392185940946417, "f": 2.563167603558909, "P": 133124.7595575833, "RHill": 11129647.008721506, "spacing": "logarithmic", "period_ratio": 3.6666666666666665}}