{"Planet": {"m": 7.984801766460537e+25, "Rp": 23779165.139999997, "Rstar": 709614000.0, "RpRstar": 0.03351, "rhostar": 1394.8903660007293, "impact": 0.2900032042226931, "q1": 0.37871715999999994, "q2": 0.34367890802729933, "a": 233106771844.4377, "Pp": 693.3295174254383, "rhoplan": 1417.704508538568, "aRp": null, "e": null, "inc": null, "pomega": null, "f": null, "P": 59903670.30555787, "RHill": 5445496061.86428}, "I": {"m": 1.6704879296502897e+23, "r": 2531598.055989362, "msmp": 0.0020920844104947334, "rsrp": 0.10646286533124948, "a": 397930600.61858284, "aRp": 16.734422687918762, "e": 0.0, "inc": -0.0912723938261661, "pomega": 4.01095827740047, "f": 4.7788403101410895, "P": 682499.169908816, "RHill": 35287968.21541486, "spacing": "linear", "period_ratio": NaN}, "II": {"m": 1.7014228913104794e+23, "r": 2809128.796912181, "msmp": 0.002130826714392783, "rsrp": 0.11813403794344403, "a": 2221068486.6528616, "aRp": 93.40397249341201, "e": 0.0, "inc": -0.0912723938261661, "pomega": 4.489156499099007, "f": 1.403175596652867, "P": 8999650.658717556, "RHill": 198169848.0150189, "spacing": "linear", "period_ratio": 13.186317369323595}}