{"Planet": {"m": 2.6597432428946497e+25, "Rp": 11856815.100000001, "Rstar": 660915000.0, "RpRstar": 0.01794, "rhostar": 1529.1969518658684, "impact": 0.35855088583735106, "q1": 0.37871715999999994, "q2": 0.34367890802729933, "a": 32429707510.95682, "Pp": 38.22788395145724, "rhoplan": 3809.3156668675083, "aRp": null, "e": null, "inc": null, "pomega": null, "f": null, "P": 3302889.1734059053, "RHill": 546830712.5595155}, "I": {"m": 2.5360811244099945e+23, "r": 2956647.73994556, "msmp": 0.00953505993928169, "rsrp": 0.24936272641592933, "a": 255975737.40968093, "aRp": 21.588911967572212, "e": 0.0, "inc": 0.03887236967888161, "pomega": 3.886538766367211, "f": 1.0066669529054604, "P": 607847.521985522, "RHill": 37635659.181480676, "spacing": "linear", "period_ratio": NaN}}