{"Planet": {"m": 1.7016003392890785e+28, "Rp": 66795548.4, "Rstar": 584388000.0, "RpRstar": 0.1143, "rhostar": 2188.271782142391, "impact": 0.26278992052848915, "q1": 0.37871715999999994, "q2": 0.34367890802729933, "a": 109426887672.64648, "Pp": 237.13297871399118, "rhoplan": 13630.958473986613, "aRp": null, "e": null, "inc": null, "pomega": null, "f": null, "P": 20488289.36088884, "RHill": 15956522080.215595}, "I": {"m": 9.160672934311861e+25, "r": 18698486.377675075, "msmp": 0.005383563180375923, "rsrp": 0.2799361158875533, "a": 4854004902.620886, "aRp": 72.6695868046932, "e": 0.0, "inc": -0.007383481084044408, "pomega": 3.444158282693401, "f": 2.636059842346071, "P": 1988532.3031312453, "RHill": 589861064.8106018, "spacing": "linear", "period_ratio": NaN}}