{"Planet": {"m": 2.3485059574038207e+25, "Rp": 10857442.05, "Rstar": 452205000.0, "RpRstar": 0.02401, "rhostar": 3336.756980609528, "impact": 0.39531188067241674, "q1": 0.3701505600000001, "q2": 0.22016765285996057, "a": 45030210474.751945, "Pp": 74.81792343123419, "rhoplan": 4380.467844849838, "aRp": null, "e": null, "inc": null, "pomega": null, "f": null, "P": 6464268.584458634, "RHill": 820832150.0413553}, "I": {"m": 6.13942477210621e+22, "r": 1833298.6618460573, "msmp": 0.002614183180055927, "rsrp": 0.1688518026072317, "a": 73763381.0212048, "aRp": 6.793808401786938, "e": 0.0, "inc": 0.034124599336422784, "pomega": 3.5120234705297237, "f": 0.49327937455105264, "P": 100409.65473453257, "RHill": 7045509.453149332, "spacing": "logarithmic", "period_ratio": NaN}, "II": {"m": 1.9466468789605066e+22, "r": 1387521.0014733628, "msmp": 0.000828887349773831, "rsrp": 0.1277944653154619, "a": 200936031.2283191, "aRp": 18.506756039127936, "e": 0.0, "inc": 0.034124599336422784, "pomega": 4.832252726493752, "f": 2.2973622845333104, "P": 451843.44630539656, "RHill": 13087275.325447844, "spacing": "logarithmic", "period_ratio": 4.5}, "III": {"m": 1.7220337775419861e+22, "r": 1341816.1605672233, "msmp": 0.0007332465017230042, "rsrp": 0.12358492491951391, "a": 506310941.8585487, "aRp": 46.632617473518884, "e": 0.0, "inc": 0.034124599336422784, "pomega": 1.6350483217603045, "f": 4.641853171730734, "P": 1807373.7852215862, "RHill": 31656305.466166567, "spacing": "logarithmic", "period_ratio": 4.0}}