{"Planet": {"m": 1.7201266916108724e+26, "Rp": 37538580.6, "Rstar": 709614000.0, "RpRstar": 0.0529, "rhostar": 1301.897674934014, "impact": 0.43994475221059826, "q1": 0.37871715999999994, "q2": 0.34367890802729933, "a": 73774264881.10251, "Pp": 127.77192551918233, "rhoplan": 776.3155478470094, "aRp": null, "e": null, "inc": null, "pomega": null, "f": null, "P": 11039494.364857353, "RHill": 2277581651.513309}, "I": {"m": 7.1973727066112085e+22, "r": 1710595.727055544, "msmp": 0.0004184210815234184, "rsrp": 0.04556900393446267, "a": 76474530.27217968, "aRp": 2.0372248777083404, "e": 0.0, "inc": 0.08977126055612397, "pomega": 3.096663385716672, "f": 0.35943414298497084, "P": 39208.5856246385, "RHill": 3965953.206684847, "spacing": "logarithmic", "period_ratio": NaN}, "II": {"m": 1.3275154103305116e+23, "r": 2324418.093536616, "msmp": 0.000771754439254305, "rsrp": 0.06192077740778019, "a": 146460221.98473418, "aRp": 3.9015918994213163, "e": 0.0, "inc": 0.08977126055612397, "pomega": 1.4484190552104157, "f": 3.50762480094774, "P": 103898.38607337509, "RHill": 9314773.849027513, "spacing": "logarithmic", "period_ratio": 2.649888651124559}, "III": {"m": 1.1355854714875459e+23, "r": 2309675.7710606838, "msmp": 0.0006601754841813933, "rsrp": 0.06152805284973092, "a": 356918063.7933782, "aRp": 9.508033017992645, "e": 0.0, "inc": 0.08977126055612397, "pomega": 0.955768062028218, "f": 5.094916138675076, "P": 395281.3040227502, "RHill": 21548377.45586029, "spacing": "logarithmic", "period_ratio": 3.80449898176084}}