{"Planet": {"m": 3.2056181347032347e+25, "Rp": 13864605.299999999, "Rstar": 633087000.0, "RpRstar": 0.0219, "rhostar": 1758.5509989756426, "impact": 0.18585425132653066, "q1": 0.37871715999999994, "q2": 0.34367890802729933, "a": 155158178104.65585, "Pp": 397.92815197864365, "rhoplan": 2871.445947321638, "aRp": null, "e": null, "inc": null, "pomega": null, "f": null, "P": 34380992.33095481, "RHill": 2774343686.539479}, "I": {"m": 7.55650011167833e+22, "r": 1650088.4307943068, "msmp": 0.002357267707551787, "rsrp": 0.11901445407856702, "a": 265711192.431664, "aRp": 19.16471379330676, "e": 0.0, "inc": 0.09441430067044035, "pomega": 2.4619982031732794, "f": 2.668735673526523, "P": 587657.9477744813, "RHill": 24519168.173341125, "spacing": "logarithmic", "period_ratio": NaN}}