{"Planet": {"m": 1.2734082922525788e+26, "Rp": 31389984.0, "Rstar": 695700000.0, "RpRstar": 0.04512, "rhostar": 1480.2688155229018, "impact": 0.4107388067092389, "q1": 0.29822521, "q2": 0.23274125618018676, "a": 79289651659.05203, "Pp": 137.53941738036298, "rhoplan": 982.8919571054236, "aRp": null, "e": null, "inc": null, "pomega": null, "f": null, "P": 11883405.66166336, "RHill": 2164048117.3731823}, "I": {"m": 5.9080084914225015e+22, "r": 1830645.857918782, "msmp": 0.00046395241238547365, "rsrp": 0.05831942628319855, "a": 68758437.56271067, "aRp": 2.1904578722534764, "e": 0.0, "inc": 0.1109965867929987, "pomega": 0.8005578639210714, "f": 1.326513069652576, "P": 38849.143301687676, "RHill": 3690711.1785917436, "spacing": "logarithmic", "period_ratio": NaN}, "II": {"m": 3.0981020137947258e+22, "r": 1550177.3598848737, "msmp": 0.00024329211868994344, "rsrp": 0.0493844584274039, "a": 147100854.57004935, "aRp": 4.6862354109530395, "e": 0.0, "inc": 0.1109965867929987, "pomega": 2.8358851176419115, "f": 3.6992811184484675, "P": 121580.28008634728, "RHill": 6367233.709832335, "spacing": "logarithmic", "period_ratio": 3.129548549943587}, "III": {"m": 1.5130265648764952e+22, "r": 1171075.9666110093, "msmp": 0.00011881708122067015, "rsrp": 0.03730731326944956, "a": 203742893.79173106, "aRp": 6.490697599327577, "e": 0.0, "inc": 0.1109965867929987, "pomega": 1.6664673902030467, "f": 4.203871357638907, "P": 198194.26149148602, "RHill": 6944937.555265462, "spacing": "logarithmic", "period_ratio": 1.6301513810523127}, "IV": {"m": 1.8732709850851844e+22, "r": 1089694.999070338, "msmp": 0.00014710686246368685, "rsrp": 0.03471473572813347, "a": 429889662.2173569, "aRp": 13.695122056046824, "e": 0.0, "inc": 0.1109965867929987, "pomega": 2.9037503054782348, "f": 1.2825263738327368, "P": 607430.6899686062, "RHill": 15734787.939920073, "spacing": "logarithmic", "period_ratio": 3.0648248107561886}}