{"Planet": {"m": 1.2866141483495947e+26, "Rp": 31181274.0, "Rstar": 626130000.0, "RpRstar": 0.0498, "rhostar": 1759.8074624414928, "impact": 0.33609845198852983, "q1": 0.37871715999999994, "q2": 0.34367890802729933, "a": 106467350298.7385, "Pp": 229.87875773983436, "rhoplan": 1013.1602602319642, "aRp": null, "e": null, "inc": null, "pomega": null, "f": null, "P": 19861524.668721687, "RHill": 3058273823.659569}, "I": {"m": 2.116300980527294e+23, "r": 2798614.720765198, "msmp": 0.001644860647026135, "rsrp": 0.08975305886363713, "a": 201327749.9956023, "aRp": 6.45668775418228, "e": 0.0, "inc": 0.002635710741585584, "pomega": 6.091528989678859, "f": 4.875611040944736, "P": 193531.39252877847, "RHill": 16478066.77701756, "spacing": "linear", "period_ratio": NaN}, "II": {"m": 7.232927401802143e+22, "r": 2039687.5384455903, "msmp": 0.0005621675629076664, "rsrp": 0.06541386148768617, "a": 585367639.8486897, "aRp": 18.773050769147204, "e": 0.0, "inc": 0.002635710741585584, "pomega": 4.1724522891961655, "f": 0.1765751646482112, "P": 960005.8324452688, "RHill": 33497332.15570357, "spacing": "linear", "period_ratio": 4.960465689319701}, "III": {"m": 8.036586002002382e+22, "r": 1812925.4514064007, "msmp": 0.0006246306254529626, "rsrp": 0.058141481050658826, "a": 1024192227.4030087, "aRp": 32.84638810470056, "e": 0.0, "inc": 0.002635710741585584, "pomega": 0.435468288616407, "f": 3.6672336686368703, "P": 2221720.7137907846, "RHill": 60703744.59912899, "spacing": "linear", "period_ratio": 2.314278349884346}, "IV": {"m": 2.1698782205406433e+23, "r": 2469175.9393403297, "msmp": 0.0016865026887229993, "rsrp": 0.07918778236387422, "a": 1424532517.7670963, "aRp": 45.68551361201907, "e": 0.0, "inc": 0.002635710741585584, "pomega": 3.140650081536511, "f": 1.8719480978185807, "P": 3642465.8199821906, "RHill": 117569398.16107991, "spacing": "linear", "period_ratio": 1.6394796147744766}}