{"Planet": {"m": 7.350945751195064e+24, "Rp": 6758447.22, "Rstar": 438291000.0, "RpRstar": 0.01542, "rhostar": 3721.1191657687036, "impact": 0.3561024332855742, "q1": 0.09235521000000001, "q2": 0.04886475814412636, "a": 79972567687.13109, "Pp": 175.7311232720118, "rhoplan": 5684.782181119343, "aRp": null, "e": null, "inc": null, "pomega": null, "f": null, "P": 15183169.050701821, "RHill": 984763052.5566835}, "I": {"m": 8.840142061813696e+20, "r": 686568.2957744775, "msmp": 0.00012025856755066555, "rsrp": 0.10158669194644944, "a": 38320776.83826107, "aRp": 5.6700563888196, "e": 0.0, "inc": -0.13253610371430086, "pomega": 1.052538792831864, "f": 0.28528514146009926, "P": 67286.93438850618, "RHill": 1311492.7529100883, "spacing": "logarithmic", "period_ratio": NaN}, "II": {"m": 1.9337810760217458e+21, "r": 763064.956193364, "msmp": 0.00026306561651708087, "rsrp": 0.11290536588571065, "a": 96566902.5949367, "aRp": 14.288326808141694, "e": 0.0, "inc": -0.13253610371430086, "pomega": 1.2894385688901402, "f": 5.166551614724528, "P": 269147.73755402473, "RHill": 4290183.93894389, "spacing": "logarithmic", "period_ratio": 4.0}, "III": {"m": 2.044282851794417e+21, "r": 814843.6439884605, "msmp": 0.00027809793746091406, "rsrp": 0.12056669490251054, "a": 153291170.6621686, "aRp": 22.681418626536022, "e": 0.0, "inc": -0.13253610371430086, "pomega": 5.123193300273544, "f": 1.9253605141712424, "P": 538295.4751080495, "RHill": 6937600.890497497, "spacing": "logarithmic", "period_ratio": 2.0}, "IV": {"m": 1.685152080533236e+21, "r": 560446.4061338482, "msmp": 0.00022924289439345624, "rsrp": 0.0829253211411257, "a": 360062924.0307741, "aRp": 53.27598371490635, "e": 0.0, "inc": -0.13253610371430086, "pomega": 4.347770691106667, "f": 2.938311280765251, "P": 1937863.710388978, "RHill": 15279293.740335815, "spacing": "logarithmic", "period_ratio": 3.6}}