{"Planet": {"m": 7.822890328148412e+24, "Rp": 6895082.700000001, "Rstar": 765270000.0000001, "RpRstar": 0.00901, "rhostar": 1027.412794574229, "impact": 0.019480461936621674, "q1": 0.25, "q2": 0.2, "a": 66176749642.283424, "Pp": 109.1143097311863, "rhoplan": 5697.183318258129, "aRp": null, "e": null, "inc": null, "pomega": null, "f": null, "P": 9427476.360774497, "RHill": 731748004.1144695}, "I": {"m": 1.7471315053921627e+21, "r": 710121.0194869643, "msmp": 0.00022333580455622832, "rsrp": 0.10298948546142372, "a": 40196506.94556197, "aRp": 5.829735290276063, "e": 0.0, "inc": 0.1114155077055686, "pomega": 0.47442793348540735, "f": 4.604778670968298, "P": 70069.23346336666, "RHill": 1690962.647516582, "spacing": "linear", "period_ratio": NaN}, "II": {"m": 1.4802086365128043e+21, "r": 626265.489920032, "msmp": 0.00018921505663791564, "rsrp": 0.09082784314103033, "a": 49093282.71952984, "aRp": 7.120042623931085, "e": 0.0, "inc": 0.1114155077055686, "pomega": 1.6626971019899175, "f": 3.3209955343978512, "P": 94576.97333559883, "RHill": 1954190.4450464193, "spacing": "linear", "period_ratio": 1.3497646350740402}, "III": {"m": 1.067691475517433e+21, "r": 615172.9793711682, "msmp": 0.00013648299167325068, "rsrp": 0.08921908643259174, "a": 119873354.1336026, "aRp": 17.385339574477126, "e": 0.0, "inc": 0.1114155077055686, "pomega": 0.7810780414865712, "f": 0.0640948996231941, "P": 360867.4716160219, "RHill": 4279323.154523923, "spacing": "linear", "period_ratio": 3.8155954762425366}, "IV": {"m": 1.2860829136914536e+21, "r": 557541.3276905592, "msmp": 0.00016439996724277925, "rsrp": 0.08086071653506913, "a": 204770463.92479098, "aRp": 29.698043204730663, "e": 0.0, "inc": 0.1114155077055686, "pomega": 3.820558722637452, "f": 0.27837294640269594, "P": 805672.724061537, "RHill": 7777872.235676557, "spacing": "linear", "period_ratio": 2.232600019208178}, "V": {"m": 1.819928651450169e+21, "r": 619271.7716313817, "msmp": 0.00023264146307940442, "rsrp": 0.08981353793354525, "a": 299486215.1382013, "aRp": 43.43475316665908, "e": 0.0, "inc": 0.1114155077055686, "pomega": 3.9946203618102443, "f": 0.8401458901589266, "P": 1424977.9037149816, "RHill": 12771212.344832724, "spacing": "linear", "period_ratio": 1.7686808317543867}}