{"Planet": {"m": 2.2536515144159742e+24, "Rp": 4882144.319999999, "Rstar": 333936000.0, "RpRstar": 0.014619999999999998, "rhostar": 6501.263295689001, "impact": 0.12985031204521424, "q1": 0.15374241, "q2": 0.16284111196123438, "a": 55596628014.742294, "Pp": 115.87704623738726, "rhoplan": 4623.451560396899, "aRp": null, "e": null, "inc": null, "pomega": null, "f": null, "P": 10011776.79491026, "RHill": 503050508.18790275}, "I": {"m": 1.619995231678974e+22, "r": 1353302.352088196, "msmp": 0.007188312928224798, "rsrp": 0.2771942538741248, "a": 188888357.09794125, "aRp": 38.68962994890353, "e": 0.0, "inc": 0.06662588013663723, "pomega": 3.2883197032173994, "f": 4.0807086093433576, "P": 1325214.1697274533, "RHill": 25275927.208781518, "spacing": "logarithmic", "period_ratio": NaN}}