{"Planet": {"m": 7.052241916872284e+24, "Rp": 6661814.49, "Rstar": 410463000.0, "RpRstar": 0.01623, "rhostar": 3981.2848348583098, "impact": 0.16642984299916241, "q1": 0.40411449000000005, "q2": 0.2892873997168476, "a": 92514563066.91092, "Pp": 233.2438155817014, "rhoplan": 5694.570683074225, "aRp": null, "e": null, "inc": null, "pomega": null, "f": null, "P": 20152265.666259002, "RHill": 1173007484.215803}, "I": {"m": 2.0288021493071403e+21, "r": 606338.9598389792, "msmp": 0.00028768187098818747, "rsrp": 0.09101708862490092, "a": 33705499.36151355, "aRp": 5.05950734775167, "e": 0.0, "inc": -0.07587705028922243, "pomega": 4.306925902131102, "f": 1.6268793639651915, "P": 56663.33004918257, "RHill": 1542758.1371151041, "spacing": "logarithmic", "period_ratio": NaN}, "II": {"m": 8.353891203029406e+20, "r": 610847.5877198314, "msmp": 0.00011845724099513607, "rsrp": 0.09169387539037152, "a": 91865254.4236575, "aRp": 13.789824763441814, "e": 0.0, "inc": -0.07587705028922243, "pomega": 6.070164023137794, "f": 2.8164052952074115, "P": 254984.98522132158, "RHill": 3128225.618381088, "spacing": "logarithmic", "period_ratio": 4.5}, "III": {"m": 1.82989997780644e+21, "r": 692308.0535676018, "msmp": 0.0002594777659893455, "rsrp": 0.10392184510793873, "a": 231496815.22718024, "aRp": 34.7498141196634, "e": 0.0, "inc": -0.07587705028922243, "pomega": 2.2772540807299553, "f": 1.726163620244257, "P": 1019939.9408852863, "RHill": 10237753.12023534, "spacing": "logarithmic", "period_ratio": 4.0}, "IV": {"m": 3.500678218412321e+21, "r": 918696.8575987061, "msmp": 0.0004963922479796176, "rsrp": 0.13790489948012738, "a": 621652601.7290522, "aRp": 93.3158079772726, "e": 0.0, "inc": -0.07587705028922243, "pomega": 1.4402500974153027, "f": 5.490796401053628, "P": 4487735.73989526, "RHill": 34128379.5131802, "spacing": "logarithmic", "period_ratio": 4.4}}