{"Planet": {"m": 3.4793600604226265e+29, "Rp": 146547813.6, "Rstar": 932238000.0, "RpRstar": 0.1572, "rhostar": 685.524147933674, "impact": 0.23376413106688698, "q1": 0.31292836, "q2": 0.2426707186271005, "a": 17650463614.36894, "Pp": 12.763983759541457, "rhoplan": 26392.026238992617, "aRp": null, "e": null, "inc": null, "pomega": null, "f": null, "P": 1102808.1968243818, "RHill": 6496083015.487669}, "I": {"m": 1.6080581451662185e+27, "r": 73059812.62696296, "msmp": 0.004621706627772501, "rsrp": 0.49853908313076983, "a": 1691464723.813294, "aRp": 11.542067276623593, "e": 0.0, "inc": -0.07084999933838367, "pomega": 5.6629728961198555, "f": 5.917467350506067, "P": 90494.14018495438, "RHill": 195354454.2763142, "spacing": "linear", "period_ratio": NaN}, "II": {"m": 8.745579385991714e+26, "r": 93004256.20204106, "msmp": 0.002513559744928904, "rsrp": 0.6346342119841839, "a": 2689068659.0087733, "aRp": 18.34942871511236, "e": 0.0, "inc": -0.07084999933838367, "pomega": 3.538415488021627, "f": 4.724171131050718, "P": 181587.11485716395, "RHill": 253507732.242206, "spacing": "linear", "period_ratio": 2.006617384131517}}