{"Planet": {"m": 2.1393359287050146e+25, "Rp": 10111999.5, "Rstar": 660915000.0, "RpRstar": 0.0153, "rhostar": 1660.7407756822872, "impact": 0.04990298169720553, "q1": 0.25, "q2": 0.2, "a": 77177892679.37442, "Pp": 134.6749065897478, "rhoplan": 4939.4575475754655, "aRp": null, "e": null, "inc": null, "pomega": null, "f": null, "P": 11635911.92935421, "RHill": 1177433527.25009}, "I": {"m": 5.040299432835663e+22, "r": 1449232.2105560997, "msmp": 0.002356011211332604, "rsrp": 0.14331806588361676, "a": 34727228.356258325, "aRp": 3.4342593031435893, "e": 0.0, "inc": 0.07043107842581378, "pomega": 1.4949192765056742, "f": 5.720783982054501, "P": 33988.47654302217, "RHill": 3203972.8125345106, "spacing": "linear", "period_ratio": NaN}, "II": {"m": 2.2128143851473645e+22, "r": 1311246.9445061486, "msmp": 0.0010343463854630946, "rsrp": 0.12967237038591117, "a": 193304239.0236865, "aRp": 19.11632205121119, "e": 0.0, "inc": 0.07043107842581378, "pomega": 3.926755173973921, "f": 1.53199377726811, "P": 446657.97386232374, "RHill": 13554691.158790054, "spacing": "linear", "period_ratio": 13.141453200967979}, "III": {"m": 3.4421557102292345e+22, "r": 1603765.6301887338, "msmp": 0.0016089832662759254, "rsrp": 0.15860024816938864, "a": 336655686.80237436, "aRp": 33.292692192318086, "e": 0.0, "inc": 0.07043107842581378, "pomega": 2.7045534115512493, "f": 3.8136465275800493, "P": 1026283.4868418743, "RHill": 27352438.225848913, "spacing": "linear", "period_ratio": 2.2976943139902666}}