{"Planet": {"m": 3.0122274528713695e+25, "Rp": 12989484.27, "Rstar": 827883000.0, "RpRstar": 0.01569, "rhostar": 878.4149243619753, "impact": 0.08072691926544484, "q1": 0.25, "q2": 0.2, "a": 95249493429.44662, "Pp": 181.09503281687765, "rhoplan": 3281.129926552064, "aRp": null, "e": null, "inc": null, "pomega": null, "f": null, "P": 15646610.83537823, "RHill": 1607754648.7486422}, "I": {"m": 8.703974603672934e+21, "r": 945432.9596787249, "msmp": 0.00028895475988627533, "rsrp": 0.07278448782314319, "a": 60000939.30142145, "aRp": 4.619193345496961, "e": 0.0, "inc": 0.047460248386564485, "pomega": 6.246739187786005, "f": 2.1069627297702924, "P": 65118.960994917725, "RHill": 2750389.799217012, "spacing": "logarithmic", "period_ratio": NaN}, "II": {"m": 1.4616108296733786e+22, "r": 1094515.5639253752, "msmp": 0.0004852259175448772, "rsrp": 0.08426166437209714, "a": 114066464.76974297, "aRp": 8.78144677638868, "e": 0.0, "inc": 0.047460248386564485, "pomega": 2.254003970082326, "f": 3.636442981562983, "P": 170672.97477056907, "RHill": 6214872.549734204, "spacing": "logarithmic", "period_ratio": 2.62094130746173}, "III": {"m": 1.2481171129795145e+22, "r": 1150859.928449125, "msmp": 0.0004143502217237154, "rsrp": 0.08859935502651985, "a": 203223309.23020637, "aRp": 15.645217701180247, "e": 0.0, "inc": 0.047460248386564485, "pomega": 1.7802044179657734, "f": 3.2217112781187858, "P": 405885.4166665819, "RHill": 10504828.323776975, "spacing": "logarithmic", "period_ratio": 2.3781469632916536}, "IV": {"m": 6.897489308571006e+21, "r": 974085.9371853571, "msmp": 0.0002289830172683692, "rsrp": 0.07499034734081533, "a": 251182729.38306504, "aRp": 19.33739047386098, "e": 0.0, "inc": 0.047460248386564485, "pomega": 3.3806917644390615, "f": 4.437000845484055, "P": 557786.5924456456, "RHill": 10654926.255023925, "spacing": "logarithmic", "period_ratio": 1.3742464487307369}, "V": {"m": 6.076359628979213e+21, "r": 813255.0655332372, "msmp": 0.0002017231342602298, "rsrp": 0.06260872630728681, "a": 668783693.7796085, "aRp": 51.486547108279346, "e": 0.0, "inc": 0.047460248386564485, "pomega": 1.031802207659654, "f": 0.4694008825345686, "P": 2423359.4670499354, "RHill": 27195507.010143466, "spacing": "logarithmic", "period_ratio": 4.344599708688917}}