{"Planet": {"m": 2.073158501801028e+26, "Rp": 42562926.0, "Rstar": 660915000.0, "RpRstar": 0.0644, "rhostar": 1578.5258857970255, "impact": 0.3624155772981573, "q1": 0.25, "q2": 0.2, "a": 222876079638.87204, "Pp": 677.8698219378836, "rhoplan": 641.873534982997, "aRp": null, "e": null, "inc": null, "pomega": null, "f": null, "P": 58567952.61543314, "RHill": 7372953523.394308}, "I": {"m": 2.721676616023662e+23, "r": 2772515.1864074273, "msmp": 0.0013128164651468968, "rsrp": 0.06513920557076897, "a": 70505774.00069347, "aRp": 1.6565067448768318, "e": 0.0, "inc": -0.04529582367162002, "pomega": 5.191058488109867, "f": 1.882630581089113, "P": 31601.878015614642, "RHill": 5352856.545784996, "spacing": "logarithmic", "period_ratio": NaN}, "II": {"m": 6.634086751557675e+23, "r": 3824481.701379738, "msmp": 0.0031999901337955603, "rsrp": 0.08985476471659251, "a": 167756060.79635358, "aRp": 3.9413657979330083, "e": 0.0, "inc": -0.04529582367162002, "pomega": 0.6346651825433925, "f": 1.8449276989578225, "P": 115873.55272392035, "RHill": 17140389.281535488, "spacing": "logarithmic", "period_ratio": 3.6666666666666665}, "III": {"m": 6.634086751557675e+23, "r": 3606913.6665453827, "msmp": 0.0031999901337955603, "rsrp": 0.08474308525089141, "a": 440153513.51872367, "aRp": 10.341241894852898, "e": 0.0, "inc": -0.04529582367162002, "pomega": 0.7113277095436835, "f": 0.6126718346334731, "P": 492462.5990766615, "RHill": 44972458.995117895, "spacing": "logarithmic", "period_ratio": 4.25}}