{"Planet": {"m": 1.7570764792256447e+24, "Rp": 4541738.31, "Rstar": 326979000.0, "RpRstar": 0.01389, "rhostar": 6789.342555635676, "impact": 0.28587027882048566, "q1": 0.11235904, "q2": 0.15244630071599044, "a": 108457084589.94177, "Pp": 318.86864189919794, "rhoplan": 4477.501446144398, "aRp": null, "e": null, "inc": null, "pomega": null, "f": null, "P": 27550250.660090704, "RHill": 909192318.8502885}, "I": {"m": 1.5686305222504061e+21, "r": 528022.8704630755, "msmp": 0.000892750281957967, "rsrp": 0.11626008246676711, "a": 34044914.19242865, "aRp": 7.496009648435392, "e": 0.0, "inc": -0.06243667101093826, "pomega": 2.4569711522224407, "f": 6.074562692719779, "P": 115203.65768097424, "RHill": 2272942.71855195, "spacing": "linear", "period_ratio": NaN}, "II": {"m": 8.691061001657654e+20, "r": 747596.4491571991, "msmp": 0.0004946319129767113, "rsrp": 0.16460579587140484, "a": 104179609.01600288, "aRp": 22.938267664303822, "e": 0.0, "inc": -0.06243667101093826, "pomega": 2.5669378917720382, "f": 3.8218154853751622, "P": 616805.6984265973, "RHill": 5712633.328533719, "spacing": "linear", "period_ratio": 5.354046137447093}, "III": {"m": 1.844200749132235e+21, "r": 727898.6045359218, "msmp": 0.0010495847909505831, "rsrp": 0.16026872418722027, "a": 140838165.54510492, "aRp": 31.00974911632567, "e": 0.0, "inc": -0.06243667101093826, "pomega": 4.865556939043058, "f": 5.096801282781641, "P": 969246.8951280898, "RHill": 9923977.806470199, "spacing": "linear", "period_ratio": 1.5713974394214107}, "IV": {"m": 1.377851134409141e+21, "r": 689623.1740628442, "msmp": 0.0007841725449630794, "rsrp": 0.1518412394092438, "a": 287832638.9126313, "aRp": 63.374994168836494, "e": 0.0, "inc": -0.06243667101093826, "pomega": 3.569206175095515, "f": 2.3042744795907133, "P": 2832184.351545823, "RHill": 18403630.233579654, "spacing": "linear", "period_ratio": 2.922046349368536}, "V": {"m": 1.1870717465678748e+21, "r": 676062.9097012703, "msmp": 0.0006755948079681911, "rsrp": 0.14885554022624223, "a": 421779196.860536, "aRp": 92.86734903502972, "e": 0.0, "inc": -0.06243667101093826, "pomega": 2.833999973535347, "f": 3.9456066150395666, "P": 5024151.805328965, "RHill": 25660995.767479982, "spacing": "linear", "period_ratio": 1.7739494262041078}}