{"Planet": {"m": 2.1615218706291727e+25, "Rp": 9979816.5, "Rstar": 660915000.0, "RpRstar": 0.0151, "rhostar": 1677.1837536593396, "impact": 0.2818012312924617, "q1": 0.37871715999999994, "q2": 0.34367890802729933, "a": 104347513666.13368, "Pp": 210.6837631080203, "rhoplan": 5191.625501410772, "aRp": null, "e": null, "inc": null, "pomega": null, "f": null, "P": 18203077.132532954, "RHill": 1592182591.5795603}, "I": {"m": 5.559943842977544e+22, "r": 1929602.4730383854, "msmp": 0.0025722357559857414, "rsrp": 0.19335049627800124, "a": 264255030.5004119, "aRp": 26.478946832380323, "e": 0.0, "inc": 0.10460804287630779, "pomega": 6.112265574851069, "f": 5.529756045922628, "P": 709699.0893630214, "RHill": 25104588.222639885, "spacing": "linear", "period_ratio": NaN}}