{"Planet": {"m": 1.0458739689948044e+25, "Rp": 7728392.16, "Rstar": 737442000.0, "RpRstar": 0.01048, "rhostar": 1242.8622415844136, "impact": 0.4782671011552153, "q1": 0.37234403999999993, "q2": 0.25901343821697803, "a": 104693810178.43529, "Pp": 208.68732873047568, "rhoplan": 5409.078581135032, "aRp": null, "e": null, "inc": null, "pomega": null, "f": null, "P": 18030585.2023131, "RHill": 1242058264.3088052}, "I": {"m": 8.932263952105621e+20, "r": 669366.9660762234, "msmp": 8.540478314696438e-05, "rsrp": 0.08661141311393072, "a": 48499433.72224532, "aRp": 6.275488189285327, "e": 0.0, "inc": 0.14129853280222118, "pomega": 1.7890017571297412, "f": 2.931399085707848, "P": 80320.01607280465, "RHill": 1480892.8888795362, "spacing": "logarithmic", "period_ratio": NaN}, "II": {"m": 5.270035731742316e+21, "r": 880960.6495321869, "msmp": 0.0005038882205670897, "rsrp": 0.11399015879289787, "a": 128927421.40986834, "aRp": 16.682308394902716, "e": 0.0, "inc": 0.14129853280222118, "pomega": 2.1094762552457116, "f": 1.7802044179657734, "P": 348053.40298215346, "RHill": 7113493.632999802, "spacing": "logarithmic", "period_ratio": 4.333333333333333}, "III": {"m": 3.126292383236966e+21, "r": 798765.1572222013, "msmp": 0.00029891674101437517, "rsrp": 0.10335463582663244, "a": 181223620.43789974, "aRp": 23.44907151268314, "e": 0.0, "inc": 0.14129853280222118, "pomega": 1.7952855708182898, "f": 0.0018851441065645324, "P": 580089.0049702558, "RHill": 8401518.673812918, "spacing": "logarithmic", "period_ratio": 1.6666666666666667}, "IV": {"m": 4.3768093365317534e+21, "r": 863140.0113612488, "msmp": 0.00041848343742012533, "rsrp": 0.11168429260469215, "a": 441320907.91449505, "aRp": 57.103844988437416, "e": 0.0, "inc": 0.14129853280222118, "pomega": 0.08797339163967818, "f": 3.0149738077655424, "P": 2204338.218886972, "RHill": 22887947.195111528, "spacing": "logarithmic", "period_ratio": 3.8}}