{"Planet": {"m": 2.1609689315829795e+26, "Rp": 43357415.4, "Rstar": 653958000.0, "RpRstar": 0.0663, "rhostar": 1748.2557080761865, "impact": 0.11698679090372754, "q1": 0.37234403999999993, "q2": 0.25901343821697803, "a": 63068254999.44322, "Pp": 98.5110636436684, "rhoplan": 632.950515130203, "aRp": null, "e": null, "inc": null, "pomega": null, "f": null, "P": 8511355.89881295, "RHill": 2066357809.8732893}, "I": {"m": 4.1611306931947744e+23, "r": 3094320.499412862, "msmp": 0.001925585616886501, "rsrp": 0.07136773423567269, "a": 427669281.1390771, "aRp": 9.863809389779197, "e": 0.0, "inc": 0.0016233185362083402, "pomega": 3.325394203979835, "f": 2.874216381142057, "P": 462271.4758562664, "RHill": 36891126.433364265, "spacing": "linear", "period_ratio": NaN}, "II": {"m": 1.2791623982783937e+24, "r": 4751948.296104107, "msmp": 0.005919392822280725, "rsrp": 0.10959943650386751, "a": 788818886.645634, "aRp": 18.193401967535962, "e": 0.0, "inc": 0.0016233185362083402, "pomega": 4.898861151592365, "f": 6.075819455457488, "P": 1155678.689640666, "RHill": 98937880.54114188, "spacing": "linear", "period_ratio": 2.5}}