{"Planet": {"m": 5.165304996849609e+25, "Rp": 18026282.7, "Rstar": 626130000.0, "RpRstar": 0.02879, "rhostar": 1624.437657638301, "impact": 0.3476296420330881, "q1": 0.37871715999999994, "q2": 0.34367890802729933, "a": 18015909693.453636, "Pp": 16.65513836458596, "rhoplan": 2105.1780259559614, "aRp": null, "e": null, "inc": null, "pomega": null, "f": null, "P": 1439003.954700227, "RHill": 392090243.73573154}, "I": {"m": 3.377516078685171e+21, "r": 686025.9892899178, "msmp": 6.538851201904177e-05, "rsrp": 0.038056986052366626, "a": 44938221.95619778, "aRp": 2.4929278378729625, "e": 0.0, "inc": -0.12237727158448089, "pomega": 0.39210997416542276, "f": 1.1581068627994777, "P": 32235.81466841814, "RHill": 1255285.8064385238, "spacing": "logarithmic", "period_ratio": NaN}, "II": {"m": 5.364290242617624e+21, "r": 910715.6792636636, "msmp": 0.0001038523426184781, "rsrp": 0.05052154647855731, "a": 56239330.64903532, "aRp": 3.119851806664239, "e": 0.0, "inc": -0.12237727158448089, "pomega": 1.887029250671097, "f": 3.705564932137016, "P": 45130.140535785395, "RHill": 1832898.816185397, "spacing": "logarithmic", "period_ratio": 1.4}, "III": {"m": 1.7682290058998837e+22, "r": 1242581.7705197919, "msmp": 0.00034232809233498333, "rsrp": 0.06893167000647293, "a": 153302651.89368808, "aRp": 8.504396299836577, "e": 0.0, "inc": -0.12237727158448089, "pomega": 5.0352199086338665, "f": 2.4004168290255046, "P": 203085.63241103428, "RHill": 7435726.877367712, "spacing": "logarithmic", "period_ratio": 4.5}, "IV": {"m": 8.940483737696044e+21, "r": 1031922.5408073886, "msmp": 0.00017308723769746356, "rsrp": 0.05724544311109626, "a": 269676454.9977264, "aRp": 14.96018116911738, "e": 0.0, "inc": -0.12237727158448089, "pomega": 3.4209081720457717, "f": 2.3356935480334555, "P": 473866.4756257467, "RHill": 10420557.668328289, "spacing": "logarithmic", "period_ratio": 2.3333333333333335}}