{"Planet": {"m": 2.0306005478469095e+26, "Rp": 41553952.29, "Rstar": 716571000.0, "RpRstar": 0.05799, "rhostar": 1728.7986519707888, "impact": 0.2795103826101816, "q1": 0.37871715999999994, "q2": 0.34367890802729933, "a": 156554420600.94348, "Pp": 337.7842255862556, "rhoplan": 675.6143716282164, "aRp": null, "e": null, "inc": null, "pomega": null, "f": null, "P": 29184557.090652484, "RHill": 4602172013.514585}, "I": {"m": 3.8468028238918725e+23, "r": 2926662.6864610277, "msmp": 0.0018944163232747682, "rsrp": 0.07043042900074109, "a": 104268839.99181478, "aRp": 2.509240017992396, "e": 0.0, "inc": 0.16975024478092662, "pomega": 1.7525556377361604, "f": 3.0784403260198814, "P": 57409.74156473493, "RHill": 8945527.039489593, "spacing": "logarithmic", "period_ratio": NaN}, "II": {"m": 3.147384128638804e+23, "r": 2357823.583249285, "msmp": 0.0015499769917702647, "rsrp": 0.0567412593342342, "a": 189733762.22438154, "aRp": 4.565961882524497, "e": 0.0, "inc": 0.16975024478092662, "pomega": 6.132373778654424, "f": 1.2316274829554945, "P": 140943.60385260155, "RHill": 15224602.087038737, "spacing": "logarithmic", "period_ratio": 2.4550468267423615}, "III": {"m": 1.7485467381326695e+23, "r": 2462090.1215381306, "msmp": 0.0008610983287612584, "rsrp": 0.05925044396151543, "a": 549589391.3044617, "aRp": 13.225923432479874, "e": 0.0, "inc": 0.16975024478092662, "pomega": 5.913068680924083, "f": 3.91104563975255, "P": 695080.9144537887, "RHill": 36253407.95968524, "spacing": "logarithmic", "period_ratio": 4.93162439056619}, "IV": {"m": 1.0666135102609282e+24, "r": 4045771.286920665, "msmp": 0.005252699805443675, "rsrp": 0.09736188891698477, "a": 2137957805.3283038, "aRp": 51.45016749328091, "e": 0.0, "inc": 0.16975024478092662, "pomega": 0.8156390167735877, "f": 3.168927243134979, "P": 5321399.0474509755, "RHill": 257683279.23835927, "spacing": "logarithmic", "period_ratio": 7.6557979607779325}}