{"Planet": {"m": 5.49692731649152e+25, "Rp": 19098912.959999997, "Rstar": 640044000.0, "RpRstar": 0.029839999999999995, "rhostar": 1774.2462036417346, "impact": 0.000739983866368199, "q1": 0.37871715999999994, "q2": 0.34367890802729933, "a": 70684636155.52914, "Pp": 119.83362191338139, "rhoplan": 1883.6726700330994, "aRp": null, "e": null, "inc": null, "pomega": null, "f": null, "P": 10353624.933316153, "RHill": 1491925984.7398715}, "I": {"m": 7.728001418317357e+22, "r": 1842026.2562650256, "msmp": 0.0014058765876587662, "rsrp": 0.09644665432649974, "a": 138159862.8707111, "aRp": 7.233912378158254, "e": 0.0, "inc": -0.1585441103696819, "pomega": 0.7930172874948133, "f": 3.725673135940371, "P": 168339.01501364642, "RHill": 10731420.389628233, "spacing": "linear", "period_ratio": NaN}, "II": {"m": 2.3184004254952067e+22, "r": 1110701.8903432782, "msmp": 0.00042176297629762977, "rsrp": 0.05815524122600527, "a": 385695062.4207002, "aRp": 20.19460810301008, "e": 0.0, "inc": -0.1585441103696819, "pomega": 2.5455729252309736, "f": 3.806105951153791, "P": 785582.0700636833, "RHill": 20055176.050126612, "spacing": "linear", "period_ratio": 4.666666666666667}, "III": {"m": 9.273601701980827e+22, "r": 2122318.3710004403, "msmp": 0.001687051905190519, "rsrp": 0.11112246940154863, "a": 729585097.0329206, "aRp": 38.20034671925751, "e": 0.0, "inc": -0.1585441103696819, "pomega": 3.1343662678479625, "f": 1.4389933346775932, "P": 2042513.3821655768, "RHill": 60220591.58480041, "spacing": "linear", "period_ratio": 2.6}}