{"Planet": {"m": 4.197743428425663e+25, "Rp": 16029762.84, "Rstar": 633087000.0, "RpRstar": 0.02532, "rhostar": 1795.966977677252, "impact": 0.4044592575526941, "q1": 0.25, "q2": 0.2, "a": 178351891631.5813, "Pp": 485.27341194538616, "rhoplan": 2433.021742781786, "aRp": null, "e": null, "inc": null, "pomega": null, "f": null, "P": 41927622.79208136, "RHill": 3464576995.1273255}, "I": {"m": 4.488740028978438e+22, "r": 1690733.1999238078, "msmp": 0.001069322150225344, "rsrp": 0.10547462347383099, "a": 64673808.87326452, "aRp": 4.034607967616352, "e": 0.0, "inc": -0.06296032215165062, "pomega": 2.4701671609683924, "f": 1.4484190552104157, "P": 61706.319474587406, "RHill": 4585544.104976666, "spacing": "logarithmic", "period_ratio": NaN}, "II": {"m": 6.6937351309327614e+22, "r": 1825173.6917732244, "msmp": 0.001594603206476391, "rsrp": 0.11386155303675251, "a": 98646941.03917997, "aRp": 6.153986308083144, "e": 0.0, "inc": -0.06296032215165062, "pomega": 1.613054973850385, "f": 5.736493516275872, "P": 116211.3395987448, "RHill": 7990870.308181051, "spacing": "logarithmic", "period_ratio": 1.8832972147464453}, "III": {"m": 5.591237579955599e+22, "r": 1440585.9280831057, "msmp": 0.0013319626783508674, "rsrp": 0.08986944738123809, "a": 251167726.5314308, "aRp": 15.66883609186515, "e": 0.0, "inc": -0.06296032215165062, "pomega": 3.6785445332762574, "f": 5.385228331086014, "P": 472199.7725799239, "RHill": 19161114.59938183, "spacing": "logarithmic", "period_ratio": 4.06328482410011}, "IV": {"m": 2.3624947520939147e+22, "r": 1191141.3182278785, "msmp": 0.0005628011316975495, "rsrp": 0.07430810612216635, "a": 478512303.80209184, "aRp": 29.851489917744274, "e": 0.0, "inc": -0.06296032215165062, "pomega": 0.4398669581983909, "f": 2.7183778016660556, "P": 1242185.7666083921, "RHill": 27392878.941885073, "spacing": "logarithmic", "period_ratio": 2.6306360967129465}, "V": {"m": 2.441244577163714e+22, "r": 1405291.8027596732, "msmp": 0.0005815611694208016, "rsrp": 0.08766766026337999, "a": 926194366.3628387, "aRp": 57.77966746031027, "e": 0.0, "inc": -0.06296032215165062, "pomega": 5.654175556955888, "f": 5.4078500603647885, "P": 3344999.1842360464, "RHill": 53603545.62387689, "spacing": "logarithmic", "period_ratio": 2.6928332896367673}}