{"Planet": {"m": 5.849840414306613e+25, "Rp": 19708067.88, "Rstar": 598302000.0, "RpRstar": 0.03294, "rhostar": 2061.2890006634616, "impact": 0.170778390851145, "q1": 0.25, "q2": 0.2, "a": 120019641114.37021, "Pp": 272.1701239871341, "rhoplan": 1824.4134316442928, "aRp": null, "e": null, "inc": null, "pomega": null, "f": null, "P": 23515498.712488387, "RHill": 2631865101.81593}, "I": {"m": 1.1460898246277338e+23, "r": 2257435.7423924617, "msmp": 0.001959181351041319, "rsrp": 0.1145437369171707, "a": 351187370.0382211, "aRp": 17.819472318471696, "e": 0.0, "inc": -0.1372489639807122, "pomega": 3.784112603243871, "f": 3.0313117233557683, "P": 661132.2091732043, "RHill": 30468893.52979929, "spacing": "linear", "period_ratio": NaN}, "II": {"m": 2.7436695801694235e+23, "r": 2606450.1292476216, "msmp": 0.004690161416129218, "rsrp": 0.13225295067573217, "a": 835822162.0506287, "aRp": 42.41015238732924, "e": 0.0, "inc": -0.1372489639807122, "pomega": 0.08043281521342005, "f": 0.5680567574447791, "P": 2424151.433635082, "RHill": 97006922.57757463, "spacing": "linear", "period_ratio": 3.6666666666666665}, "III": {"m": 1.667039744913068e+23, "r": 2427708.5036643418, "msmp": 0.0028497183287873743, "rsrp": 0.1231834859939777, "a": 1986229396.2819476, "aRp": 100.78255303238522, "e": 0.0, "inc": -0.1372489639807122, "pomega": 2.1019356788194536, "f": 4.964841195322124, "P": 8888555.256661966, "RHill": 195249365.92339128, "spacing": "linear", "period_ratio": 3.6666666666666665}}