{"Planet": {"m": 5.165304996849609e+25, "Rp": 18591886.800000004, "Rstar": 473076000.00000006, "RpRstar": 0.0393, "rhostar": 3183.339085265948, "impact": 0.1007717914266455, "q1": 0.09235521000000001, "q2": 0.04886475814412636, "a": 123670039734.9743, "Pp": 325.8141489818004, "rhoplan": 1918.8320413920378, "aRp": null, "e": null, "inc": null, "pomega": null, "f": null, "P": 28150342.47202755, "RHill": 2846653797.130493}, "I": {"m": 5.4371054788490195e+22, "r": 1765952.3455754756, "msmp": 0.0010526204129601613, "rsrp": 0.09498510638390263, "a": 692606844.5499563, "aRp": 37.25317672168465, "e": 0.0, "inc": 0.06379816397679042, "pomega": 3.435360943529433, "f": 5.618986200300016, "P": 1949533.6532881455, "RHill": 48850643.62715556, "spacing": "linear", "period_ratio": NaN}, "II": {"m": 2.366740031969574e+23, "r": 2585567.060966209, "msmp": 0.004581994738767762, "rsrp": 0.1390696430534532, "a": 1442371424.9863164, "aRp": 77.58069100261068, "e": 0.0, "inc": 0.06379816397679042, "pomega": 1.5709534221371104, "f": 3.2763804572091573, "P": 5848600.959864437, "RHill": 166107109.2951032, "spacing": "linear", "period_ratio": 3.0}}