{"Planet": {"m": 6.760484982044161e+27, "Rp": 92620628.10000001, "Rstar": 633087000.0, "RpRstar": 0.1463, "rhostar": 1683.7190415724237, "impact": 0.17166318376576595, "q1": 0.25, "q2": 0.2, "a": 44350066894.10831, "Pp": 62.03141639100632, "rhoplan": 2031.2626251673942, "aRp": null, "e": null, "inc": null, "pomega": null, "f": null, "P": 5359514.376182945, "RHill": 4789207697.332079}, "I": {"m": 3.930838774265117e+25, "r": 22687746.968170837, "msmp": 0.0058144331134606765, "rsrp": 0.24495349938326358, "a": 492417640.9191492, "aRp": 5.316500773321242, "e": 0.0, "inc": 0.15644950580683245, "pomega": 1.0217481057579765, "f": 6.261191959269667, "P": 101912.99235429453, "RHill": 61394430.89141259, "spacing": "linear", "period_ratio": NaN}}