{"Planet": {"m": 2.889826346880522e+25, "Rp": 12451847.31, "Rstar": 438291000.0, "RpRstar": 0.02841, "rhostar": 3946.6415394516544, "impact": 0.4382337206726238, "q1": 0.06796448999999999, "q2": 0.10893747602608363, "a": 28311958914.42971, "Pp": 35.942779582508486, "rhoplan": 3573.4011872319643, "aRp": null, "e": null, "inc": null, "pomega": null, "f": null, "P": 3105456.1559287333, "RHill": 539533936.000528}, "I": {"m": 5.778020213856063e+22, "r": 1582045.296732924, "msmp": 0.00199943509411673, "rsrp": 0.12705305946551346, "a": 34758416.46780841, "aRp": 2.791426492990654, "e": 0.0, "inc": 0.03468316055318266, "pomega": 0.6271246061171345, "f": 3.7017946439238867, "P": 29288.516107362128, "RHill": 3036141.4516108315, "spacing": "logarithmic", "period_ratio": NaN}, "II": {"m": 1.7596697924016192e+23, "r": 2526580.08099259, "msmp": 0.006089188695719132, "rsrp": 0.2029080519613752, "a": 86664028.6787966, "aRp": 6.959933455752968, "e": 0.0, "inc": 0.03468316055318266, "pomega": 2.4777077373946503, "f": 6.200238966490748, "P": 115075.05817048739, "RHill": 10972820.28847626, "spacing": "logarithmic", "period_ratio": 3.9290163335233452}}