{"Planet": {"m": 1.9894251417497542e+25, "Rp": 9727555.68, "Rstar": 333936000.0, "RpRstar": 0.02913, "rhostar": 6373.787544793138, "impact": 0.18251966500213224, "q1": 0.15374241, "q2": 0.16284111196123438, "a": 132352629356.83916, "Pp": 429.85286125456616, "rhoplan": 5159.739984747571, "aRp": null, "e": null, "inc": null, "pomega": null, "f": null, "P": 37139287.21239451, "RHill": 2491395741.506394}, "I": {"m": 3.531804910100614e+22, "r": 1633471.8846334307, "msmp": 0.0017752891707170718, "rsrp": 0.16792213155786642, "a": 101371829.40776026, "aRp": 10.421099888040967, "e": 0.0, "inc": 0.017123392301294504, "pomega": 1.8015693845068381, "f": 2.2967339031644554, "P": 175834.4527864968, "RHill": 8510725.18369672, "spacing": "logarithmic", "period_ratio": NaN}, "II": {"m": 1.8365385532523195e+22, "r": 1180182.6248886972, "msmp": 0.0009231503687728774, "rsrp": 0.12132365660113058, "a": 196645527.55516422, "aRp": 20.21530732118762, "e": 0.0, "inc": 0.017123392301294504, "pomega": 0.10054101901677506, "f": 5.688108150874049, "P": 475268.4097644718, "RHill": 13276017.136888925, "spacing": "logarithmic", "period_ratio": 2.702931093609716}, "III": {"m": 9.465237159069646e+22, "r": 2138037.578299078, "msmp": 0.004757774977521753, "rsrp": 0.2197918622758352, "a": 1066702764.3481839, "aRp": 109.65784205597926, "e": 0.0, "inc": 0.017123392301294504, "pomega": 3.0740416564378976, "f": 4.611690866025701, "P": 5993046.51593301, "RHill": 124395394.46827334, "spacing": "logarithmic", "period_ratio": 12.609814565422045}}