{"Planet": {"m": 2.772398979089121e+25, "Rp": 12136277.790000001, "Rstar": 493947000.0, "RpRstar": 0.02457, "rhostar": 2442.12525200585, "impact": 0.12301755979468587, "q1": 0.28601104000000005, "q2": 0.22690725504861628, "a": 47563900061.778015, "Pp": 83.1621613194526, "rhoplan": 3702.6323842717748, "aRp": null, "e": null, "inc": null, "pomega": null, "f": null, "P": 7185210.738000704, "RHill": 930871534.0289881}, "I": {"m": 7.802719059687109e+22, "r": 2224604.6656382, "msmp": 0.00281442862969554, "rsrp": 0.18330205555044402, "a": 41228891.734827496, "aRp": 3.397161176452232, "e": 0.0, "inc": 0.02050966967790116, "pomega": 0.47568469622311704, "f": 4.745536097591783, "P": 38613.693549685966, "RHill": 4036063.488489417, "spacing": "logarithmic", "period_ratio": NaN}, "II": {"m": 7.422098617751153e+22, "r": 2082723.8385811818, "msmp": 0.002677139428246977, "rsrp": 0.17161141781850905, "a": 75940802.0557037, "aRp": 6.2573388125869265, "e": 0.0, "inc": 0.02050966967790116, "pomega": 0.5096172901412785, "f": 3.363097086111126, "P": 96534.23387421491, "RHill": 7311252.084501399, "spacing": "logarithmic", "period_ratio": 2.5}, "III": {"m": 1.8079470991957943e+22, "r": 1469913.688764979, "msmp": 0.0006521237068806742, "rsrp": 0.12111734043992897, "a": 157856820.8758127, "aRp": 13.007021065872676, "e": 0.0, "inc": 0.02050966967790116, "pomega": 4.009073133293906, "f": 2.2307538594346967, "P": 289602.70162264473, "RHill": 9491457.995815055, "spacing": "logarithmic", "period_ratio": 3.0}, "IV": {"m": 5.328686187103393e+22, "r": 1816945.0050237111, "msmp": 0.0019220488202798815, "rsrp": 0.14971188336845995, "a": 397942463.2892445, "aRp": 32.78949857403062, "e": 0.0, "inc": 0.02050966967790116, "pomega": 5.321761812831675, "f": 2.9364261366586866, "P": 1158410.806490579, "RHill": 34305835.74423233, "spacing": "logarithmic", "period_ratio": 4.0}}