{"Planet": {"m": 4.8536890110289e+25, "Rp": 17080826.4, "Rstar": 918324000.0, "RpRstar": 0.0186, "rhostar": 809.1022866778728, "impact": 0.18894132632494653, "q1": 0.21771556, "q2": 0.189562794684955, "a": 67503550212.19698, "Pp": 96.36276414409895, "rhoplan": 2325.180653695514, "aRp": null, "e": null, "inc": null, "pomega": null, "f": null, "P": 8325742.822050149, "RHill": 1237704294.0237248}, "I": {"m": 6.133036903504453e+21, "r": 927151.2617133881, "msmp": 0.00012635825842093564, "rsrp": 0.054280234457121365, "a": 64374570.239939176, "aRp": 3.768820590550536, "e": 0.0, "inc": 0.04714605770213706, "pomega": 3.3806917644390615, "f": 4.390500624188796, "P": 57014.472529296356, "RHill": 2239796.0185811166, "spacing": "logarithmic", "period_ratio": NaN}, "II": {"m": 5.42537879925394e+21, "r": 928255.6330863269, "msmp": 0.00011177845937236615, "rsrp": 0.05434489007430735, "a": 87535646.83830269, "aRp": 5.124789912875801, "e": 0.0, "inc": 0.04714605770213706, "pomega": 2.592701527895087, "f": 3.1431636070119304, "P": 90405.36005681813, "RHill": 2923684.9143529306, "spacing": "logarithmic", "period_ratio": 1.585656343840841}, "III": {"m": 1.8084595997513136e+21, "r": 625632.5781811902, "msmp": 3.725948645745539e-05, "rsrp": 0.036627769847317825, "a": 151912544.99394232, "aRp": 8.893746791662394, "e": 0.0, "inc": 0.04714605770213706, "pomega": 1.6564132883013691, "f": 3.9619445306297925, "P": 206691.8735709999, "RHill": 3518024.3645368414, "spacing": "logarithmic", "period_ratio": 2.286278971082}, "IV": {"m": 2.2016029910015987e+21, "r": 651326.6378782855, "msmp": 4.535937481777177e-05, "rsrp": 0.03813203311277056, "a": 179254482.72079632, "aRp": 10.494485367569588, "e": 0.0, "inc": 0.04714605770213706, "pomega": 1.4917773696614, "f": 5.74780438091526, "P": 264933.1001992974, "RHill": 4432532.823128865, "spacing": "logarithmic", "period_ratio": 1.2817780187583976}, "V": {"m": 3.5382905212525703e+21, "r": 866035.6427560983, "msmp": 7.28989952428475e-05, "rsrp": 0.0507022097453141, "a": 292912559.8444058, "aRp": 17.14861757768382, "e": 0.0, "inc": 0.04714605770213706, "pomega": 1.5187977685221583, "f": 2.387220820279553, "P": 553391.1321118174, "RHill": 8484080.036286673, "spacing": "logarithmic", "period_ratio": 2.088795743889781}}