{"Planet": {"m": 2.772398979089121e+25, "Rp": 12121876.8, "Rstar": 556560000.0, "RpRstar": 0.02178, "rhostar": 2340.4547864480405, "impact": 0.41579986514387823, "q1": 0.39904488999999993, "q2": 0.24908975779642237, "a": 214080822432.62128, "Pp": 678.209596878144, "rhoplan": 3715.844433399542, "aRp": null, "e": null, "inc": null, "pomega": null, "f": null, "P": 58597309.17027164, "RHill": 3771501727.7204604}, "I": {"m": 3.3668796361327755e+22, "r": 1521618.9569020285, "msmp": 0.0012144282484330493, "rsrp": 0.12552668056336197, "a": 37849015.3529887, "aRp": 3.1223725482005142, "e": 0.0, "inc": -0.16172092729000362, "pomega": 0.9130381289460885, "f": 4.5168052793286195, "P": 33991.276188236574, "RHill": 2799871.6366625424, "spacing": "logarithmic", "period_ratio": NaN}, "II": {"m": 1.4429484154854752e+22, "r": 1178523.618096204, "msmp": 0.0005204692493284498, "rsrp": 0.09722286717979216, "a": 120781722.81878188, "aRp": 9.963945749620379, "e": 0.0, "inc": -0.16172092729000362, "pomega": 4.050546303638325, "f": 3.092264716134688, "P": 193837.58146577986, "RHill": 6736368.353436406, "spacing": "logarithmic", "period_ratio": 5.702568517649879}, "III": {"m": 8.296953389041484e+22, "r": 2050308.6324818896, "msmp": 0.0029926981836385863, "rsrp": 0.16914118715361712, "a": 257500543.5186615, "aRp": 21.24262997943202, "e": 0.0, "inc": -0.16172092729000362, "pomega": 5.512161367594693, "f": 5.900501053546987, "P": 602653.219259991, "RHill": 25729146.02746678, "spacing": "logarithmic", "period_ratio": 3.109062828285358}, "IV": {"m": 1.3227027141950192e+22, "r": 1155602.5199435465, "msmp": 0.00047709681188441233, "rsrp": 0.09533198027087245, "a": 705703402.4803205, "aRp": 58.217338298663485, "e": 0.0, "inc": -0.16172092729000362, "pomega": 0.7546860239946678, "f": 4.521832330279459, "P": 2737656.043470702, "RHill": 38234078.83260875, "spacing": "logarithmic", "period_ratio": 4.542672230030266}}