{"Planet": {"m": 1.0898939925565238e+26, "Rp": 28927623.420000006, "Rstar": 772227000.0000001, "RpRstar": 0.03746, "rhostar": 1092.6679884895682, "impact": 0.48776930270161, "q1": 0.37234403999999993, "q2": 0.25901343821697803, "a": 39148235361.41122, "Pp": 47.491341117466995, "rhoplan": 1074.8735693782448, "aRp": null, "e": null, "inc": null, "pomega": null, "f": null, "P": 4103251.8725491483, "RHill": 1011259466.5524956}, "I": {"m": 3.720355355037333e+23, "r": 3097248.9158469676, "msmp": 0.0034135020290465444, "rsrp": 0.10706890334121222, "a": 153376243.3408946, "aRp": 5.3020685838593025, "e": 0.0, "inc": 0.17257796094077346, "pomega": 5.987217682448955, "f": 5.295369795339772, "P": 139695.38256012258, "RHill": 16012202.232164329, "spacing": "logarithmic", "period_ratio": NaN}}