{"Planet": {"m": 1.8694057668743192e+25, "Rp": 9474320.88, "Rstar": 403506000.0, "RpRstar": 0.02348, "rhostar": 4768.823465716958, "impact": 0.4603214753218695, "q1": 0.09235521000000001, "q2": 0.04886475814412636, "a": 14998751928.348644, "Pp": 14.273087597890953, "rhoplan": 5247.720552896972, "aRp": null, "e": null, "inc": null, "pomega": null, "f": null, "P": 1233194.7684577783, "RHill": 252095996.05805427}, "I": {"m": 1.2364883236179415e+23, "r": 1792787.150614826, "msmp": 0.006614338874568536, "rsrp": 0.18922592693681553, "a": 106293819.4984934, "aRp": 11.21914919758274, "e": 0.0, "inc": 0.08240523451010331, "pomega": 1.5143990989401743, "f": 3.3159684834470124, "P": 194292.34086534032, "RHill": 13834487.499330012, "spacing": "logarithmic", "period_ratio": NaN}}