{"Planet": {"m": 6.905705962264784e+25, "Rp": 21855415.5, "Rstar": 716571000.0, "RpRstar": 0.0305, "rhostar": 1251.4438003072128, "impact": 0.17522218967954073, "q1": 0.37234403999999993, "q2": 0.25901343821697803, "a": 69764392255.92155, "Pp": 118.1047569137529, "rhoplan": 1579.2186749262175, "aRp": null, "e": null, "inc": null, "pomega": null, "f": null, "P": 10204250.99734825, "RHill": 1594300600.5807803}, "I": {"m": 4.300004211703707e+22, "r": 1653263.1428832884, "msmp": 0.0006226740951903322, "rsrp": 0.07564546841414607, "a": 126455653.17006552, "aRp": 5.7860100243834545, "e": 0.0, "inc": 0.12974329763050155, "pomega": 1.439621716046448, "f": 6.230401272195779, "P": 131566.4538154932, "RHill": 7487176.946067738, "spacing": "linear", "period_ratio": NaN}, "II": {"m": 1.4553860408843317e+23, "r": 1969253.3154248577, "msmp": 0.002107512322182663, "rsrp": 0.09010367775551362, "a": 214010309.81379175, "aRp": 9.792095227555466, "e": 0.0, "inc": 0.12974329763050155, "pomega": 6.012352937203149, "f": 0.435468288616407, "P": 289446.1983940851, "RHill": 19024692.751850218, "spacing": "linear", "period_ratio": 2.2}, "III": {"m": 5.292312875943024e+22, "r": 1703936.1996848544, "msmp": 0.000766368117157332, "rsrp": 0.07796402679623521, "a": 539031507.4778215, "aRp": 24.663521381134185, "e": 0.0, "inc": 0.12974329763050155, "pomega": 0.8985853574624271, "f": 0.4951645186576172, "P": 1157784.7935763404, "RHill": 34202108.15370655, "spacing": "linear", "period_ratio": 4.0}, "IV": {"m": 4.630773766450147e+22, "r": 1621239.0985901474, "msmp": 0.0006705721025126656, "rsrp": 0.07418020026158494, "a": 911763244.2745852, "aRp": 41.71795518024287, "e": 0.0, "inc": 0.12974329763050155, "pomega": 4.718515698731025, "f": 4.186276679310971, "P": 2547126.5458679493, "RHill": 55333756.710044324, "spacing": "linear", "period_ratio": 2.2}}