{"Planet": {"m": 2.772398979089121e+25, "Rp": 12425202.0, "Rstar": 660915000.0, "RpRstar": 0.0188, "rhostar": 1677.1837536593396, "impact": 0.12409042309732754, "q1": 0.37871715999999994, "q2": 0.34367890802729933, "a": 33287724965.560097, "Pp": 37.96063131770284, "rhoplan": 3450.299118530762, "aRp": null, "e": null, "inc": null, "pomega": null, "f": null, "P": 3279798.5458495254, "RHill": 551857453.1412175}, "I": {"m": 2.2515334325094787e+23, "r": 2625406.9784526885, "msmp": 0.008121246074218458, "rsrp": 0.21129692526951985, "a": 112081383.41074562, "aRp": 9.02048782874883, "e": 0.0, "inc": 0.11040311550019136, "pomega": 2.306788005066133, "f": 2.6190935453869906, "P": 172620.74307781583, "RHill": 15620704.65484073, "spacing": "logarithmic", "period_ratio": NaN}}