{"Planet": {"m": 7.664262041331222e+23, "Rp": 3610891.71, "Rstar": 507861000.0, "RpRstar": 0.00711, "rhostar": 2862.923885596118, "impact": 0.3272423555447769, "q1": 0.40411449000000005, "q2": 0.2892873997168476, "a": 109894354582.1843, "Pp": 258.737710783958, "rhoplan": 3886.3180791779346, "aRp": null, "e": null, "inc": null, "pomega": null, "f": null, "P": 22354938.21173397, "RHill": 599856559.4167103}, "I": {"m": 5.089013556591431e+20, "r": 623078.1089947736, "msmp": 0.0006639926361008802, "rsrp": 0.17255519108180997, "a": 42006812.989268444, "aRp": 11.633362715623628, "e": 0.0, "inc": -0.1332343052352507, "pomega": 1.7425015358344829, "f": 1.2555059749719786, "P": 239098.74567518051, "RHill": 2540975.0619300404, "spacing": "linear", "period_ratio": NaN}, "II": {"m": 7.251844318142785e+20, "r": 616359.4668477993, "msmp": 0.0009461895064437537, "rsrp": 0.1706945309771694, "a": 60284856.05456548, "aRp": 16.69528218960781, "e": 0.0, "inc": -0.1332343052352507, "pomega": 5.28217378659382, "f": 6.055711251654133, "P": 411006.61447634577, "RHill": 4103557.46100663, "spacing": "linear", "period_ratio": 1.7189827295652351}, "III": {"m": 8.651323046205424e+20, "r": 672140.0989506008, "msmp": 0.0011287874813714952, "rsrp": 0.18614241382237431, "a": 114869693.61384335, "aRp": 31.812001809891814, "e": 0.0, "inc": -0.1332343052352507, "pomega": 5.067267358445463, "f": 1.7996842404002735, "P": 1080948.6246635434, "RHill": 8292823.825272891, "spacing": "linear", "period_ratio": 2.6300029892238004}, "IV": {"m": 6.615717623568859e+20, "r": 694870.9511085217, "msmp": 0.0008631904269311441, "rsrp": 0.1924374938146571, "a": 208281182.94805926, "aRp": 57.68137060749996, "e": 0.0, "inc": -0.1332343052352507, "pomega": 2.778702413076121, "f": 3.8274709176948556, "P": 2639547.7868573796, "RHill": 13750288.88298351, "spacing": "linear", "period_ratio": 2.4418808874278985}}