{"Planet": {"m": 3.075358646928502e+25, "Rp": 13027469.490000002, "Rstar": 772227000.0000001, "RpRstar": 0.01687, "rhostar": 1102.9761770602247, "impact": 0.3324036896416981, "q1": 0.37234403999999993, "q2": 0.25901343821697803, "a": 47365274027.96456, "Pp": 62.90792532856642, "rhoplan": 3320.679543599828, "aRp": null, "e": null, "inc": null, "pomega": null, "f": null, "P": 5435244.748388139, "RHill": 799996947.8347403}, "I": {"m": 1.5357977938108736e+22, "r": 1420859.7430525506, "msmp": 0.0004993881917950427, "rsrp": 0.10906644180922587, "a": 49708698.446353294, "aRp": 3.8156833515910455, "e": 0.0, "inc": -0.1731016120814858, "pomega": 4.386101954606812, "f": 3.0545618340033975, "P": 48592.505837971374, "RHill": 2734458.8781923125, "spacing": "linear", "period_ratio": NaN}, "II": {"m": 1.4022501595664506e+22, "r": 1196445.2949355787, "msmp": 0.0004559631316389523, "rsrp": 0.09184019166991567, "a": 85352147.74238446, "aRp": 6.5517058249801705, "e": 0.0, "inc": -0.1731016120814858, "pomega": 2.079942330909534, "f": 3.6634633804237415, "P": 109333.13813543558, "RHill": 4554953.470007483, "spacing": "linear", "period_ratio": 2.25}, "III": {"m": 6.009643540999072e+21, "r": 936698.4631144194, "msmp": 0.00019541277070240807, "rsrp": 0.07190179672525329, "a": 144363876.33304685, "aRp": 11.081497941243448, "e": 0.0, "inc": -0.1731016120814858, "pomega": 3.8777414272032433, "f": 0.0270203988607583, "P": 240532.9038979583, "RHill": 5808568.260798844, "spacing": "linear", "period_ratio": 2.2}, "IV": {"m": 2.1701490564718878e+22, "r": 1500373.4118294693, "msmp": 0.0007056572275364737, "rsrp": 0.11516998086091615, "a": 363836021.92053604, "aRp": 27.92837259759616, "e": 0.0, "inc": -0.1731016120814858, "pomega": 1.7098257046540308, "f": 4.988719687338608, "P": 962131.6155918333, "RHill": 22459316.794753585, "spacing": "linear", "period_ratio": 4.0}, "V": {"m": 4.6741671985548336e+21, "r": 931960.9120743163, "msmp": 0.00015198771054631736, "rsrp": 0.07153813814645259, "a": 577447148.1642945, "aRp": 44.32535026142628, "e": 0.0, "inc": -0.1731016120814858, "pomega": 4.431345413164361, "f": 0.7835915669619906, "P": 1924263.2311836665, "RHill": 21366889.97181917, "spacing": "linear", "period_ratio": 2.0}}