{"Planet": {"m": 3.4114248629341594e+25, "Rp": 14181983.639999999, "Rstar": 786140999.9999999, "RpRstar": 0.01804, "rhostar": 1055.2119868931245, "impact": 0.2662938579147085, "q1": 0.37234403999999993, "q2": 0.25901343821697803, "a": 132281579063.34077, "Pp": 292.2429461207475, "rhoplan": 2855.1981982309712, "aRp": null, "e": null, "inc": null, "pomega": null, "f": null, "P": 25249790.544832584, "RHill": 2305655054.8682623}, "I": {"m": 4.976985693615248e+22, "r": 1459836.2061109508, "msmp": 0.0014589169902849784, "rsrp": 0.10293596743360443, "a": 58110827.55334289, "aRp": 4.097510547779965, "e": 0.0, "inc": -0.0038924734792952775, "pomega": 2.169172485286922, "f": 0.7182399046010869, "P": 58287.86161407605, "RHill": 4569761.165897084, "spacing": "logarithmic", "period_ratio": NaN}, "II": {"m": 1.006581376236792e+22, "r": 1009127.9516665374, "msmp": 0.00029506186320370356, "rsrp": 0.07115562796309484, "a": 98161622.89013746, "aRp": 6.921572142649677, "e": 0.0, "inc": -0.0038924734792952775, "pomega": 4.890692193797252, "f": 0.09237206122166208, "P": 128043.52858478823, "RHill": 4531121.125175332, "spacing": "logarithmic", "period_ratio": 2.196744314151795}, "III": {"m": 4.0822466925158765e+22, "r": 1734970.6031813235, "msmp": 0.0011966397785483525, "rsrp": 0.12233624344960277, "a": 201845081.15883148, "aRp": 14.232499929666503, "e": 0.0, "inc": -0.0038924734792952775, "pomega": 1.805968054088822, "f": 0.2676904631321636, "P": 377378.0753850234, "RHill": 14858178.243498618, "spacing": "logarithmic", "period_ratio": 2.9472639465346355}, "IV": {"m": 2.6282958157294017e+22, "r": 1347569.09117636, "msmp": 0.0007704393094763371, "rsrp": 0.09501978886617585, "a": 409523992.80582774, "aRp": 28.876354902199548, "e": 0.0, "inc": -0.0038924734792952775, "pomega": 3.535273581177353, "f": 0.9765046472004278, "P": 1090839.5946607848, "RHill": 26030653.851387773, "spacing": "logarithmic", "period_ratio": 2.8905749056774055}, "V": {"m": 3.0197441287103743e+22, "r": 1506966.1855827926, "msmp": 0.0008851855896111101, "rsrp": 0.10625919644501809, "a": 1056485792.2201159, "aRp": 74.49492391461509, "e": 0.0, "inc": -0.0038924734792952775, "pomega": 4.608548959181427, "f": 2.370882904689327, "P": 4519729.693686815, "RHill": 70334437.92067736, "spacing": "logarithmic", "period_ratio": 4.143349504188379}}