{"Planet": {"m": 3.4114248629341594e+25, "Rp": 14026146.84, "Rstar": 737442000.0, "RpRstar": 0.01902, "rhostar": 1231.0254583312285, "impact": 0.378294675993912, "q1": 0.37234403999999993, "q2": 0.25901343821697803, "a": 29011018157.387863, "Pp": 30.58683310162683, "rhoplan": 2951.427077597857, "aRp": null, "e": null, "inc": null, "pomega": null, "f": null, "P": 2642702.379980558, "RHill": 512060653.56434876}, "I": {"m": 1.716519653576781e+23, "r": 2392522.8577784044, "msmp": 0.005031679496233741, "rsrp": 0.1705759168979586, "a": 207533566.92543185, "aRp": 14.796192375056574, "e": 0.0, "inc": 0.1573920778601147, "pomega": 1.2812696110950272, "f": 4.775698403296816, "P": 392691.7265281294, "RHill": 24657682.464309994, "spacing": "logarithmic", "period_ratio": NaN}}