{"Planet": {"m": 2.1171499867808565e+25, "Rp": 9972998.64, "Rstar": 1377486000.0, "RpRstar": 0.007240000000000001, "rhostar": 281.5058460944338, "impact": 0.2642232252893738, "q1": 0.22127616000000003, "q2": 0.19313350340136054, "a": 26096983224.148373, "Pp": 21.376097796551175, "rhoplan": 5095.4874631291, "aRp": null, "e": null, "inc": null, "pomega": null, "f": null, "P": 1846894.8496220214, "RHill": 343970523.4868695}, "I": {"m": 1.9777602194299616e+22, "r": 1394097.827472496, "msmp": 0.000934161600160016, "rsrp": 0.13978722727194676, "a": 43882751.31540459, "aRp": 4.400156151570936, "e": 0.0, "inc": 0.058875843254094146, "pomega": 2.3583152773122302, "f": 4.793921462993606, "P": 48566.76882637891, "RHill": 2974363.896096008, "spacing": "linear", "period_ratio": NaN}, "II": {"m": 4.104785361081052e+21, "r": 811681.2389458311, "msmp": 0.00019388259625962594, "rsrp": 0.08138788224539766, "a": 91257292.42037758, "aRp": 9.150436665493977, "e": 0.0, "inc": 0.058875843254094146, "pomega": 5.530384427291484, "f": 3.180866489143221, "P": 145700.30647913672, "RHill": 3662183.5137387393, "spacing": "linear", "period_ratio": 3.0}, "III": {"m": 1.3807005305454448e+22, "r": 1133558.5084157072, "msmp": 0.0006521505510551055, "rsrp": 0.11366275574020404, "a": 229989082.02690876, "aRp": 23.06117651560301, "e": 0.0, "inc": 0.058875843254094146, "pomega": 6.043772005645891, "f": 0.10996673954959772, "P": 582801.2259165469, "RHill": 13828744.630341364, "spacing": "linear", "period_ratio": 4.0}}