{"Planet": {"m": 4.111571834993245e+25, "Rp": 15709601.700000001, "Rstar": 813969000.0, "RpRstar": 0.0193, "rhostar": 933.0385141516565, "impact": 0.014220105196317556, "q1": 0.37234403999999993, "q2": 0.25901343821697803, "a": 42986487700.95878, "Pp": 54.64508210130467, "rhoplan": 2531.7670930185627, "aRp": null, "e": null, "inc": null, "pomega": null, "f": null, "P": 4721335.0935527235, "RHill": 802337170.064263}, "I": {"m": 1.1302475801187975e+23, "r": 2061056.3110780017, "msmp": 0.0027489428021161026, "rsrp": 0.13119723532379574, "a": 80452741.81137066, "aRp": 5.121246442000541, "e": 0.0, "inc": 0.040897154089636095, "pomega": 5.513418130332402, "f": 3.926126792605066, "P": 86434.7206953525, "RHill": 7814280.543276208, "spacing": "logarithmic", "period_ratio": NaN}, "II": {"m": 7.963107950836984e+22, "r": 2061554.3351799021, "msmp": 0.0019367551560363454, "rsrp": 0.1312289372161423, "a": 188926066.18753436, "aRp": 12.02615252731292, "e": 0.0, "inc": 0.040897154089636095, "pomega": 3.4938004108329332, "f": 5.147071792290029, "P": 311164.99450326903, "RHill": 16328377.679534731, "spacing": "logarithmic", "period_ratio": 3.6}, "III": {"m": 9.119042975958477e+22, "r": 2342251.1757526784, "msmp": 0.002217897033525491, "rsrp": 0.1490967893700754, "a": 515000328.506695, "aRp": 32.78251978257953, "e": 0.0, "inc": 0.040897154089636095, "pomega": 0.6843073106829253, "f": 0.057811085934645665, "P": 1400242.4752647106, "RHill": 46567281.03903793, "spacing": "logarithmic", "period_ratio": 4.5}}