{"Planet": {"m": 6.48909389917624e+25, "Rp": 20989964.7, "Rstar": 619173000.0, "RpRstar": 0.0339, "rhostar": 1919.7846023516274, "impact": 0.07930485776984286, "q1": 0.25, "q2": 0.2, "a": 85924835361.69199, "Pp": 162.27266689450317, "rhoplan": 1675.1755462071737, "aRp": null, "e": null, "inc": null, "pomega": null, "f": null, "P": 14020358.419685075, "RHill": 1929955352.415519}, "I": {"m": 4.7968273000724555e+22, "r": 1697340.1335237988, "msmp": 0.0007392137291589184, "rsrp": 0.08086436341285504, "a": 91639168.46577895, "aRp": 4.3658562449025435, "e": 0.0, "inc": -0.048333000287751754, "pomega": 4.83602301470688, "f": 3.0954066229789623, "P": 83723.27878941149, "RHill": 5745097.404395503, "spacing": "linear", "period_ratio": NaN}, "II": {"m": 7.774168382876044e+22, "r": 2209578.4567351183, "msmp": 0.001198036043809281, "rsrp": 0.10526832647484721, "a": 644912969.6331347, "aRp": 30.724823926604067, "e": 0.0, "inc": -0.048333000287751754, "pomega": 4.3358314450984246, "f": 3.532760055701934, "P": 1562703.7315514171, "RHill": 47491656.81618468, "spacing": "linear", "period_ratio": 18.665104307274845}}