{"Planet": {"m": 1.6848158012601173e+26, "Rp": 37011240.00000001, "Rstar": 389592000.00000006, "RpRstar": 0.095, "rhostar": 4656.023927764921, "impact": 0.37636709253881573, "q1": 0.28601104000000005, "q2": 0.22690725504861628, "a": 11991587639.982107, "Pp": 10.883776633919654, "rhoplan": 793.3465010606303, "aRp": null, "e": null, "inc": null, "pomega": null, "f": null, "P": 940358.3011706581, "RHill": 437900836.95528996}, "I": {"m": 7.383772847784109e+22, "r": 1733074.4750963964, "msmp": 0.0004382540122345478, "rsrp": 0.04682562581249361, "a": 81275304.03631496, "aRp": 2.195962740948829, "e": 0.0, "inc": 0.05573393640981991, "pomega": 5.630925446308258, "f": 0.3939951182719873, "P": 43405.3789761684, "RHill": 4280489.980367495, "spacing": "linear", "period_ratio": NaN}, "II": {"m": 6.479637397035031e+22, "r": 1978411.035777107, "msmp": 0.0003845902556343989, "rsrp": 0.05345432997589669, "a": 129014196.25926927, "aRp": 3.485811236242537, "e": 0.0, "inc": 0.05573393640981991, "pomega": 5.770426110194034, "f": 6.000413691194907, "P": 86810.7579523368, "RHill": 6505237.771698187, "spacing": "linear", "period_ratio": 2.0}, "III": {"m": 1.2055139343321001e+23, "r": 2043249.194782967, "msmp": 0.0007155167546686499, "rsrp": 0.055206180467959644, "a": 280189614.389147, "aRp": 7.570392518303816, "e": 0.0, "inc": 0.05573393640981991, "pomega": 4.460250956131683, "f": 2.3771667183778753, "P": 277794.4254474778, "RHill": 17376069.74875925, "spacing": "linear", "period_ratio": 3.2}, "IV": {"m": 5.575501946285959e+22, "r": 1751365.0081716126, "msmp": 0.00033092649903425033, "rsrp": 0.0473198144177718, "a": 393817992.40424806, "aRp": 10.640497113964514, "e": 0.0, "inc": 0.05573393640981991, "pomega": 1.5904332445716105, "f": 1.1423973285781066, "P": 462990.7090791297, "RHill": 18887116.128399234, "spacing": "linear", "period_ratio": 1.6666666666666667}}