{"Planet": {"m": 3.0122274528713695e+25, "Rp": 12766095.0, "Rstar": 869625000.0, "RpRstar": 0.01468, "rhostar": 801.2060697504531, "impact": 0.05615087659149909, "q1": 0.37234403999999993, "q2": 0.25901343821697803, "a": 188386778113.91916, "Pp": 489.9158429353739, "rhoplan": 3456.407486549131, "aRp": null, "e": null, "inc": null, "pomega": null, "f": null, "P": 42328728.82961631, "RHill": 3121497260.58395}, "I": {"m": 9.413624732135478e+22, "r": 2180345.0793787213, "msmp": 0.0031251374205364386, "rsrp": 0.17079185760240084, "a": 317304016.44560206, "aRp": 24.855213473313654, "e": 0.0, "inc": -0.15721752747987724, "pomega": 0.867166289019685, "f": 6.276273112122183, "P": 790804.1190913582, "RHill": 32165590.176009778, "spacing": "linear", "period_ratio": NaN}, "II": {"m": 8.11519373459955e+22, "r": 1879834.4615822807, "msmp": 0.002694083983221068, "rsrp": 0.14725211284909603, "a": 799441476.7827628, "aRp": 62.62224092667043, "e": 0.0, "inc": -0.15721752747987724, "pomega": 2.555627027132651, "f": 5.500222121586451, "P": 3163216.4763654326, "RHill": 77128810.75859092, "spacing": "linear", "period_ratio": 4.0}, "III": {"m": 4.219900741991765e+22, "r": 1416224.6683196055, "msmp": 0.001400923671274955, "rsrp": 0.11093640367861947, "a": 2013599907.4388437, "aRp": 157.7302932054668, "e": 0.0, "inc": -0.15721752747987724, "pomega": 0.08231795931998458, "f": 1.4320811396201898, "P": 12652865.90546173, "RHill": 156220343.66515577, "spacing": "linear", "period_ratio": 4.0}}