{"Planet": {"m": 2.5510125025983955e+26, "Rp": 45732535.2, "Rstar": 500904000.0, "RpRstar": 0.0913, "rhostar": 2832.794464352506, "impact": 0.4637864154216357, "q1": 0.40411449000000005, "q2": 0.2892873997168476, "a": 54383718588.982574, "Pp": 92.43700918375745, "rhoplan": 636.7194929354943, "aRp": null, "e": null, "inc": null, "pomega": null, "f": null, "P": 7986557.593476644, "RHill": 2093197879.8431115}, "I": {"m": 5.79614930541794e+23, "r": 3391281.7043535793, "msmp": 0.0022720975689120033, "rsrp": 0.0741546841766511, "a": 159327043.93360892, "aRp": 3.483888291712481, "e": 0.0, "inc": 0.08219577405381837, "pomega": 4.018498853826729, "f": 4.8800097105267195, "P": 96730.21225405633, "RHill": 14523058.028919876, "spacing": "logarithmic", "period_ratio": NaN}, "II": {"m": 5.487021342462317e+23, "r": 3446593.661995412, "msmp": 0.0021509190319033635, "rsrp": 0.07536415042207001, "a": 312802981.9305562, "aRp": 6.839834716413363, "e": 0.0, "inc": 0.08219577405381837, "pomega": 3.818045197162033, "f": 2.3765383370090207, "P": 266109.5589664732, "RHill": 27996591.060856543, "spacing": "logarithmic", "period_ratio": 2.7510490545348105}, "III": {"m": 6.568969212807e+23, "r": 2855113.3068444743, "msmp": 0.0025750439114336043, "rsrp": 0.06243068079122091, "a": 530000184.365883, "aRp": 11.589127566360741, "e": 0.0, "inc": 0.08219577405381837, "pomega": 0.8765920095525076, "f": 4.212668696802875, "P": 586781.346004443, "RHill": 50369056.465406306, "spacing": "logarithmic", "period_ratio": 2.205036708502346}}