{"Planet": {"m": 2.86089690658862e+24, "Rp": 5201053.199999999, "Rstar": 730485000.0, "RpRstar": 0.007119999999999999, "rhostar": 1254.3554424245772, "impact": 0.4697317419643824, "q1": 0.25, "q2": 0.2, "a": 181065713808.38608, "Pp": 479.2319063166787, "rhoplan": 4854.4464046802805, "aRp": null, "e": null, "inc": null, "pomega": null, "f": null, "P": 41405636.70576104, "RHill": 1403402224.340631}, "I": {"m": 1.3624951457901568e+21, "r": 633696.3471855038, "msmp": 0.0004762475511271807, "rsrp": 0.12184000486391947, "a": 53033322.83960925, "aRp": 10.196650716745074, "e": 0.0, "inc": 0.09588052386443499, "pomega": 1.8518398940152256, "f": 0.5184146293052464, "P": 175568.16488636736, "RHill": 2871569.548815631, "spacing": "logarithmic", "period_ratio": NaN}, "II": {"m": 3.951235922791456e+21, "r": 756723.9018385039, "msmp": 0.0013811178982688244, "rsrp": 0.14549435907298622, "a": 160530544.03468776, "aRp": 30.865007117152306, "e": 0.0, "inc": 0.09588052386443499, "pomega": 0.8640243821754107, "f": 2.29861904727102, "P": 924193.0956072181, "RHill": 12395408.497446686, "spacing": "logarithmic", "period_ratio": 5.264012961606005}, "III": {"m": 5.858729126897676e+21, "r": 987281.2464872723, "msmp": 0.0020478644698468775, "rsrp": 0.1898233316450738, "a": 437726209.37791955, "aRp": 84.16107133415201, "e": 0.0, "inc": 0.09588052386443499, "pomega": 0.3160758285339866, "f": 1.5263383449484165, "P": 4159924.954602156, "RHill": 38541552.39787774, "spacing": "logarithmic", "period_ratio": 4.501142644729433}}