{"Planet": {"m": 3.34139487626958e+25, "Rp": 13756702.23, "Rstar": 883539000.0, "RpRstar": 0.01557, "rhostar": 812.1236080766537, "impact": 0.196951792379512, "q1": 0.29822521, "q2": 0.23274125618018676, "a": 98797193115.73157, "Pp": 180.4609013303435, "rhoplan": 3064.0523594187894, "aRp": null, "e": null, "inc": null, "pomega": null, "f": null, "P": 15591821.874941677, "RHill": 1660418191.5141146}, "I": {"m": 5.570462530268069e+22, "r": 1645053.8647539925, "msmp": 0.0016671069228690139, "rsrp": 0.11958199263530854, "a": 291897578.5436469, "aRp": 21.218572130396897, "e": 0.0, "inc": -0.12003829648929897, "pomega": 1.055680699676138, "f": 3.873971138990114, "P": 662974.9779534274, "RHill": 23998157.11786884, "spacing": "linear", "period_ratio": NaN}, "II": {"m": 1.0634519375966317e+23, "r": 2030328.1429393014, "msmp": 0.0031826586709317547, "rsrp": 0.14758828889322417, "a": 729426029.6862512, "aRp": 53.02332037801556, "e": 0.0, "inc": -0.12003829648929897, "pomega": 4.393642531033071, "f": 3.2920899914305286, "P": 2616947.33635219, "RHill": 74393934.33798228, "spacing": "linear", "period_ratio": 3.9472791935988045}}