{"Planet": {"m": 3.8635261704263866e+25, "Rp": 15050704.230000002, "Rstar": 772227000.0000001, "RpRstar": 0.01949, "rhostar": 1102.9761770602247, "impact": 0.2128521517587343, "q1": 0.37234403999999993, "q2": 0.25901343821697803, "a": 127156489366.42572, "Pp": 276.70835369016686, "rhoplan": 2705.358260756859, "aRp": null, "e": null, "inc": null, "pomega": null, "f": null, "P": 23907601.758830417, "RHill": 2317374200.441018}, "I": {"m": 3.3951997723952865e+22, "r": 1518256.9323447503, "msmp": 0.0008787826515539263, "rsrp": 0.10087613902600423, "a": 64091475.9703933, "aRp": 4.258370571301386, "e": 0.0, "inc": 0.13026694877121395, "pomega": 5.041503722322415, "f": 2.127699314942502, "P": 63459.22231763158, "RHill": 4256510.213204644, "spacing": "logarithmic", "period_ratio": NaN}, "II": {"m": 3.18031371085128e+22, "r": 1298762.116595047, "msmp": 0.0008231634963922852, "rsrp": 0.08629244829662346, "a": 112748321.48331524, "aRp": 7.491232287893762, "e": 0.0, "inc": 0.13026694877121395, "pomega": 3.737612381948613, "f": 4.7354819956901055, "P": 148071.51874114037, "RHill": 7326530.602091818, "spacing": "logarithmic", "period_ratio": 2.3333333333333335}, "III": {"m": 8.595442461760226e+21, "r": 896091.3917940229, "msmp": 0.00022247662064656378, "rsrp": 0.059538170314175576, "a": 307254449.9161001, "aRp": 20.4146228123772, "e": 0.0, "inc": 0.13026694877121395, "pomega": 5.13827445312606, "f": 5.394654051618837, "P": 666321.8343351317, "RHill": 12908800.515741413, "spacing": "logarithmic", "period_ratio": 4.5}, "IV": {"m": 2.879473224689674e+22, "r": 1638636.9004389888, "msmp": 0.0007452966791659883, "rsrp": 0.10887443374063226, "a": 639226347.3764609, "aRp": 42.47152409668081, "e": 0.0, "inc": 0.13026694877121395, "pomega": 5.68685138813634, "f": 5.629040302201694, "P": 1998965.5030053952, "RHill": 40184383.610461205, "spacing": "logarithmic", "period_ratio": 3.0}, "V": {"m": 3.6100858339392936e+22, "r": 1574790.6406255537, "msmp": 0.0009344018067155676, "rsrp": 0.10463235583930902, "a": 1426487105.3732224, "aRp": 94.77876141701458, "e": 0.0, "inc": 0.13026694877121395, "pomega": 1.9919689392698559, "f": 3.6596930922106123, "P": 6663218.343351318, "RHill": 96695290.35471657, "spacing": "logarithmic", "period_ratio": 3.3333333333333335}}