{"Planet": {"m": 3.34139487626958e+25, "Rp": 13881302.1, "Rstar": 626130000.0, "RpRstar": 0.02217, "rhostar": 1740.4689188981797, "impact": 0.43403390010515774, "q1": 0.37871715999999994, "q2": 0.34367890802729933, "a": 125358231755.68494, "Pp": 295.3345702286073, "rhoplan": 2982.2810936183528, "aRp": null, "e": null, "inc": null, "pomega": null, "f": null, "P": 25516906.86775167, "RHill": 2305891668.5058126}, "I": {"m": 2.4504427314626447e+23, "r": 2211800.53082531, "msmp": 0.0073335921739318116, "rsrp": 0.1593366756873125, "a": 842913104.5986668, "aRp": 60.722913349653766, "e": 0.0, "inc": -0.15229520675718097, "pomega": 1.0072953342743152, "f": 3.4894017412509495, "P": 3244147.9762920165, "RHill": 113548474.99477582, "spacing": "logarithmic", "period_ratio": NaN}}