{"Planet": {"m": 3.6304447711526203e+25, "Rp": 14830932.600000001, "Rstar": 591345000.0, "RpRstar": 0.02508, "rhostar": 2180.811452215997, "impact": 0.47162120864604773, "q1": 0.39904488999999993, "q2": 0.24908975779642237, "a": 28988637207.84757, "Pp": 31.96583339369975, "rhoplan": 2656.842693022057, "aRp": null, "e": null, "inc": null, "pomega": null, "f": null, "P": 2761848.0052156583, "RHill": 538390622.7605233}, "I": {"m": 2.092447567673254e+23, "r": 2510254.391609886, "msmp": 0.005763612173086243, "rsrp": 0.16925802707847826, "a": 82546260.66297734, "aRp": 5.5658172610788705, "e": 0.0, "inc": 0.013667294772592847, "pomega": 2.84342569406817, "f": 3.92926869944934, "P": 95454.24273874948, "RHill": 10261761.174624713, "spacing": "linear", "period_ratio": NaN}, "II": {"m": 1.046223783836627e+23, "r": 2068998.2957040067, "msmp": 0.0028818060865431214, "rsrp": 0.13950560976212692, "a": 180854991.53479862, "aRp": 12.194444976089946, "e": 0.0, "inc": 0.013667294772592847, "pomega": 1.886400869302242, "f": 5.3255321010448045, "P": 310004.47463246784, "RHill": 17844799.23175315, "spacing": "linear", "period_ratio": 3.247676224103783}}