{"Planet": {"m": 4.375542498899137e+25, "Rp": 16683999.12, "Rstar": 862668000.0, "RpRstar": 0.01934, "rhostar": 850.3232928745545, "impact": 0.4577420620727233, "q1": 0.37234403999999993, "q2": 0.25901343821697803, "a": 90738642279.98453, "Pp": 160.89614865441357, "rhoplan": 2249.2763781482904, "aRp": null, "e": null, "inc": null, "pomega": null, "f": null, "P": 13901427.243741332, "RHill": 1682782203.0292149}, "I": {"m": 5.626896794636835e+22, "r": 1523174.7369744377, "msmp": 0.001285988376539031, "rsrp": 0.09129554167552832, "a": 47643218.08164841, "aRp": 2.8556233873529724, "e": 0.0, "inc": -0.016599741160582132, "pomega": 1.0135791479628635, "f": 0.6711113019369735, "P": 38210.57882020659, "RHill": 3592303.4708915222, "spacing": "logarithmic", "period_ratio": NaN}, "II": {"m": 2.9474221305240568e+22, "r": 1632272.7519926324, "msmp": 0.0006736129591394924, "rsrp": 0.09783462227805682, "a": 96685290.60676885, "aRp": 5.795090847905106, "e": 0.0, "inc": -0.016599741160582132, "pomega": 5.534154715504612, "f": 5.06035516338806, "P": 110498.26011395859, "RHill": 5876563.949558251, "spacing": "logarithmic", "period_ratio": 2.891823770424663}, "III": {"m": 3.2153695969353346e+22, "r": 1276475.704116007, "msmp": 0.0007348505008794462, "rsrp": 0.07650897695060578, "a": 187390254.00079978, "aRp": 11.23173482886157, "e": 0.0, "inc": -0.016599741160582132, "pomega": 0.7785645160111518, "f": 3.7803423150307425, "P": 298141.2314593811, "RHill": 11724821.683214467, "spacing": "logarithmic", "period_ratio": 2.6981531759133888}, "IV": {"m": 7.681160703789958e+22, "r": 1639398.608035295, "msmp": 0.001755476196545342, "rsrp": 0.09826172947168647, "a": 330715584.56364155, "aRp": 19.822320906694078, "e": 0.0, "inc": -0.016599741160582132, "pomega": 3.552239878136434, "f": 3.1852651587252048, "P": 698654.0519984693, "RHill": 27661722.76829207, "spacing": "logarithmic", "period_ratio": 2.343366090555825}, "V": {"m": 3.036737952661148e+22, "r": 1634341.7202800815, "msmp": 0.0006940254730528101, "rsrp": 0.09795863141235178, "a": 653519092.0247917, "aRp": 39.170410362907745, "e": 0.0, "inc": -0.016599741160582132, "pomega": 4.82031348048551, "f": 1.144910854053526, "P": 1941770.1445503589, "RHill": 40118344.035995305, "spacing": "logarithmic", "period_ratio": 2.779301342339618}}