{"Planet": {"m": 6.355885290608586e+25, "Rp": 20850129.0, "Rstar": 514818000.0, "RpRstar": 0.0405, "rhostar": 3339.8530968926434, "impact": 0.10592209397113705, "q1": 0.39050001, "q2": 0.361577852456393, "a": 163132712799.5187, "Pp": 424.501324539677, "rhoplan": 1674.0221586717723, "aRp": null, "e": null, "inc": null, "pomega": null, "f": null, "P": 36676914.44022809, "RHill": 3638873367.6531243}, "I": {"m": 5.413951914998524e+22, "r": 1638841.36419351, "msmp": 0.0008518013883916602, "rsrp": 0.07860101796940969, "a": 105431338.17372717, "aRp": 5.056627619605, "e": 0.0, "inc": -0.018100874430624248, "pomega": 5.0163684675682205, "f": 5.813156043276163, "P": 104389.94573471736, "RHill": 6929609.286811707, "spacing": "linear", "period_ratio": NaN}, "II": {"m": 2.8573635106936654e+22, "r": 1384213.3329837956, "msmp": 0.00044956184387337625, "rsrp": 0.06638871792993682, "a": 243009670.2236708, "aRp": 11.655067948196907, "e": 0.0, "inc": -0.018100874430624248, "pomega": 3.6785445332762574, "f": 3.426563604365465, "P": 365364.8100715107, "RHill": 12907623.401989272, "spacing": "linear", "period_ratio": 3.5}, "III": {"m": 9.775190957636227e+22, "r": 2283083.379534103, "msmp": 0.001537974729040498, "rsrp": 0.10949972441581071, "a": 505663725.5248074, "aRp": 24.252306809459423, "e": 0.0, "inc": -0.018100874430624248, "pomega": 3.576746751521773, "f": 1.702285128227773, "P": 1096094.4302145322, "RHill": 40470426.535511546, "spacing": "linear", "period_ratio": 3.0}, "IV": {"m": 1.2632554468329899e+23, "r": 2558706.078179181, "msmp": 0.0019875365729138754, "rsrp": 0.12271895671145157, "a": 1378484145.4273393, "aRp": 66.1139384522436, "e": 0.0, "inc": -0.018100874430624248, "pomega": 4.555136542828765, "f": 5.416647399528756, "P": 4932424.935965395, "RHill": 120171016.14778793, "spacing": "linear", "period_ratio": 4.5}, "V": {"m": 1.6542630851384384e+22, "r": 1269436.2317768333, "msmp": 0.00026027264645300737, "rsrp": 0.060883855048418804, "a": 2865714000.983587, "aRp": 137.44346622428986, "e": 0.0, "inc": -0.018100874430624248, "pomega": 4.081336990712213, "f": 1.0827010985368966, "P": 14797274.807896184, "RHill": 126863085.5196563, "spacing": "linear", "period_ratio": 3.0}}