{"Planet": {"m": 2.031120128815296e+25, "Rp": 9845894.25, "Rstar": 1064421000.0, "RpRstar": 0.00925, "rhostar": 531.3868060955159, "impact": 0.41487752723195215, "q1": 0.31292836, "q2": 0.2426707186271005, "a": 231997772577.11298, "Pp": 607.1101649773628, "rhoplan": 5080.208070519241, "aRp": null, "e": null, "inc": null, "pomega": null, "f": null, "P": 52454318.25404415, "RHill": 3157975143.9966927}, "I": {"m": 5.1390094295485276e+22, "r": 1167434.3721941435, "msmp": 0.002530135641236537, "rsrp": 0.11857067956972456, "a": 29314028.322866317, "aRp": 2.9772844983447104, "e": 0.0, "inc": 0.036707944963937145, "pomega": 3.192177353782608, "f": 6.195211915539908, "P": 27050.402899874527, "RHill": 2769595.5518881623, "spacing": "logarithmic", "period_ratio": NaN}, "II": {"m": 6.245872998989747e+22, "r": 1895156.907608294, "msmp": 0.003075087933195175, "rsrp": 0.1924819482606462, "a": 55437427.755941905, "aRp": 5.630512206236818, "e": 0.0, "inc": 0.036707944963937145, "pomega": 6.084616794621456, "f": 2.1044492042948733, "P": 70331.04753967377, "RHill": 5589614.188867596, "spacing": "logarithmic", "period_ratio": 2.6}, "III": {"m": 4.664639328359433e+22, "r": 1776899.9427577145, "msmp": 0.0022965846589685494, "rsrp": 0.18047115860072482, "a": 115284656.4454016, "aRp": 11.70890662830363, "e": 0.0, "inc": 0.036707944963937145, "pomega": 4.7072048340916375, "f": 4.305669139393392, "P": 210993.14261902132, "RHill": 10546100.635856709, "spacing": "logarithmic", "period_ratio": 3.0}}