{"Planet": {"m": 8.766445343868403e+25, "Rp": 24809775.119999997, "Rstar": 1085292000.0, "RpRstar": 0.02286, "rhostar": 482.7484057594803, "impact": 0.27982165844834783, "q1": 0.31292836, "q2": 0.2426707186271005, "a": 37668003994.530304, "Pp": 40.475309683058605, "rhoplan": 1370.4602292672737, "aRp": null, "e": null, "inc": null, "pomega": null, "f": null, "P": 3497066.7566162637, "RHill": 845389686.2974279}, "I": {"m": 5.479484559936356e+23, "r": 2846351.3485054537, "msmp": 0.0062505204162014456, "rsrp": 0.1147270112178854, "a": 204238370.95468906, "aRp": 8.2321734061203, "e": 0.0, "inc": -0.06980269705695893, "pomega": 5.760372008292356, "f": 0.1608656304268401, "P": 239011.1654106378, "RHill": 26085689.00183305, "spacing": "linear", "period_ratio": NaN}}