{"Planet": {"m": 1.0677937189237068e+25, "Rp": 7757333.28, "Rstar": 640044000.0, "RpRstar": 0.01212, "rhostar": 1593.200672657884, "impact": 0.4762414332610071, "q1": 0.25, "q2": 0.2, "a": 154804943961.94855, "Pp": 409.86882567408236, "rhoplan": 5460.864505335536, "aRp": null, "e": null, "inc": null, "pomega": null, "f": null, "P": 35412666.538240716, "RHill": 1961450419.439695}, "I": {"m": 6.3026397345439885e+22, "r": 1615296.916029624, "msmp": 0.005902488114368004, "rsrp": 0.20822837665028412, "a": 750647490.7121235, "aRp": 96.76617770793051, "e": 0.0, "inc": 0.10237379800926835, "pomega": 3.7684030690225003, "f": 0.6736248274123929, "P": 4826245.838363028, "RHill": 94060509.31156953, "spacing": "linear", "period_ratio": NaN}}