{"Planet": {"m": 3.4114248629341594e+25, "Rp": 14288286.6, "Rstar": 626130000.0, "RpRstar": 0.02282, "rhostar": 1798.484549528119, "impact": 0.4408404178141503, "q1": 0.37871715999999994, "q2": 0.34367890802729933, "a": 57474882936.97901, "Pp": 90.19489800666653, "rhoplan": 2791.944252673251, "aRp": null, "e": null, "inc": null, "pomega": null, "f": null, "P": 7792839.187775988, "RHill": 1052979689.3744102}, "I": {"m": 4.352311593703079e+22, "r": 1757887.4808281714, "msmp": 0.0012758046178861652, "rsrp": 0.12302997063539944, "a": 42479130.68084858, "aRp": 2.973003822645088, "e": 0.0, "inc": 0.1629427799516658, "pomega": 1.6520146187193852, "f": 3.016230570503252, "P": 36433.06186313529, "RHill": 3194453.6579013467, "spacing": "linear", "period_ratio": NaN}, "II": {"m": 5.651509084360712e+22, "r": 1811848.3748148622, "msmp": 0.001656641817255169, "rsrp": 0.12680655319545886, "a": 92256574.2169678, "aRp": 6.456797571303462, "e": 0.0, "inc": 0.1629427799516658, "pomega": 0.5121308156166979, "f": 2.568194654509748, "P": 116585.79796203294, "RHill": 7568906.008412978, "spacing": "linear", "period_ratio": 3.2}, "III": {"m": 2.7283147303810356e+22, "r": 1307673.1368360075, "msmp": 0.0007997581186749099, "rsrp": 0.09152064018900681, "a": 251390255.02693748, "aRp": 17.594149814081803, "e": 0.0, "inc": 0.1629427799516658, "pomega": 2.3689977605827623, "f": 0.3085352521077285, "P": 524636.0908291482, "RHill": 16179343.895554947, "spacing": "linear", "period_ratio": 4.5}, "IV": {"m": 2.078715985052216e+22, "r": 1278580.5910194975, "msmp": 0.000609339518990407, "rsrp": 0.08948452860817459, "a": 633423569.9162953, "aRp": 44.33166744543711, "e": 0.0, "inc": 0.1629427799516658, "pomega": 4.064999075121987, "f": 3.1186567336265916, "P": 2098544.3633165928, "RHill": 37234047.61718305, "spacing": "linear", "period_ratio": 4.0}}