{"Planet": {"m": 1.5339723216264015e+28, "Rp": 73701066.6, "Rstar": 653958000.0, "RpRstar": 0.1127, "rhostar": 1561.5487877962055, "impact": 0.2963187206913416, "q1": 0.37234403999999993, "q2": 0.25901343821697803, "a": 133316595590.73459, "Pp": 319.0284713682876, "rhoplan": 9147.609042825188, "aRp": null, "e": null, "inc": null, "pomega": null, "f": null, "P": 27564059.926220052, "RHill": 18779544687.929497}, "I": {"m": 7.994402361332623e+24, "r": 6810106.94993262, "msmp": 0.0005211568845555518, "rsrp": 0.09240174211987076, "a": 1084998373.546052, "aRp": 14.721610196426276, "e": 0.0, "inc": 0.08840976759027183, "pomega": 4.874982659575881, "f": 4.139776458015713, "P": 221870.07861025626, "RHill": 60540336.23630758, "spacing": "linear", "period_ratio": NaN}, "II": {"m": 1.5788944663631922e+25, "r": 7594032.841443724, "msmp": 0.0010292848469972142, "rsrp": 0.10303830313147361, "a": 3690497442.1703815, "aRp": 50.073867481456254, "e": 0.0, "inc": 0.08840976759027183, "pomega": 3.6546660412597736, "f": 5.186659818527883, "P": 1391464.7742113501, "RHill": 258358656.10225737, "spacing": "linear", "period_ratio": 6.271529639900834}, "III": {"m": 1.4789644368465343e+25, "r": 9370039.84491677, "msmp": 0.0009641402364277702, "rsrp": 0.12713574276707645, "a": 4970411493.741578, "aRp": 67.44015688019336, "e": 0.0, "inc": 0.08840976759027183, "pomega": 5.790534313997389, "f": 2.502842992148844, "P": 2174941.1118219187, "RHill": 340459399.7997043, "spacing": "linear", "period_ratio": 1.5630586933504118}, "IV": {"m": 1.9986005903331556e+24, "r": 4664841.134281903, "msmp": 0.00013028922113888795, "rsrp": 0.06329407903415475, "a": 7258215030.971053, "aRp": 98.48181804971401, "e": 0.0, "inc": 0.08840976759027183, "pomega": 1.6350483217603045, "f": 3.0822106142330106, "P": 3839588.659774867, "RHill": 255128460.32900727, "spacing": "linear", "period_ratio": 1.7653759170327583}}