{"Planet": {"m": 1.3982713717525024e+25, "Rp": 8564206.14, "Rstar": 292194000.0, "RpRstar": 0.029310000000000003, "rhostar": 7801.66461459461, "impact": 0.055776141241009825, "q1": 0.11235904, "q2": 0.15244630071599044, "a": 87404208649.87372, "Pp": 254.74940233939557, "rhoplan": 5314.244357615866, "aRp": null, "e": null, "inc": null, "pomega": null, "f": null, "P": 22010348.362123776, "RHill": 1562880694.1880293}, "I": {"m": 9.83476991191733e+21, "r": 937114.3323204785, "msmp": 0.0007033520181129841, "rsrp": 0.10942220644872035, "a": 60835923.19134163, "aRp": 7.103509910533473, "e": 0.0, "inc": -0.15672878641521237, "pomega": 4.1806212469912785, "f": 3.697395974341903, "P": 97559.3168679321, "RHill": 3751260.8447626475, "spacing": "logarithmic", "period_ratio": NaN}, "II": {"m": 5.900861947150401e+21, "r": 989075.4050996327, "msmp": 0.0004220112108677906, "rsrp": 0.11548944396376155, "a": 84601343.53581823, "aRp": 9.878480521467017, "e": 0.0, "inc": -0.15672878641521237, "pomega": 0.6095299277891988, "f": 5.07983498582256, "P": 160013.1019465496, "RHill": 4399920.584952238, "spacing": "logarithmic", "period_ratio": 1.6401621811596159}, "III": {"m": 1.1473898230570218e+22, "r": 1191862.8763680386, "msmp": 0.000820577354465148, "rsrp": 0.13916793417679674, "a": 222819433.50219893, "aRp": 26.01752338275675, "e": 0.0, "inc": -0.15672878641521237, "pomega": 2.504099754886554, "f": 4.129722356114035, "P": 683805.7668914694, "RHill": 14463913.74859331, "spacing": "logarithmic", "period_ratio": 4.273436103500363}, "IV": {"m": 3.606082301036356e+21, "r": 727352.8990666084, "msmp": 0.00025789573997476095, "rsrp": 0.08492940118167314, "a": 440755693.91535246, "aRp": 51.46486279174878, "e": 0.0, "inc": -0.15672878641521237, "pomega": 0.028277161598467986, "f": 1.584777812251917, "P": 1902927.2119280484, "RHill": 19452357.20708602, "spacing": "logarithmic", "period_ratio": 2.782847562954339}}