{"Planet": {"m": 3.0122274528713695e+25, "Rp": 13004093.97, "Rstar": 1120077000.0, "RpRstar": 0.01161, "rhostar": 445.91039234739617, "impact": 0.31644922294317157, "q1": 0.379456, "q2": 0.25681818181818183, "a": 36615993877.09711, "Pp": 38.49701811267234, "rhoplan": 3270.083600099886, "aRp": null, "e": null, "inc": null, "pomega": null, "f": null, "P": 3326142.3649348905, "RHill": 572663779.8151675}, "I": {"m": 2.9402877560541992e+22, "r": 1462232.9157221068, "msmp": 0.0009761174420116932, "rsrp": 0.11244404409068622, "a": 94502574.88592912, "aRp": 7.267140263977123, "e": 0.0, "inc": 0.04065278355730367, "pomega": 3.370637662537384, "f": 3.1067174876183494, "P": 128672.79367233421, "RHill": 6499858.684088936, "spacing": "linear", "period_ratio": NaN}, "II": {"m": 1.70726385835405e+22, "r": 1331577.4994348863, "msmp": 0.0005667778695551763, "rsrp": 0.1023967915417091, "a": 196546478.01875776, "aRp": 15.114200072083742, "e": 0.0, "inc": 0.04065278355730367, "pomega": 4.104587101359842, "f": 5.94637289347339, "P": 386018.3810170026, "RHill": 11277923.452046467, "spacing": "linear", "period_ratio": 3.0}}