{"Planet": {"m": 3.0122274528713695e+25, "Rp": 13086117.0, "Rstar": 521775000.0, "RpRstar": 0.02508, "rhostar": 2673.360259427604, "impact": 0.02456232890012877, "q1": 0.39050001, "q2": 0.361577852456393, "a": 20773410785.973206, "Pp": 21.13113950910585, "rhoplan": 3208.9781224414983, "aRp": null, "e": null, "inc": null, "pomega": null, "f": null, "P": 1825730.4535867455, "RHill": 383911698.37127197}, "I": {"m": 1.1251360750756526e+22, "r": 1048956.4168932282, "msmp": 0.0003735229469484883, "rsrp": 0.08015795800184487, "a": 71577586.23302199, "aRp": 5.469734546391568, "e": 0.0, "inc": -0.08460456930109526, "pomega": 5.493309926529047, "f": 3.539043869390482, "P": 84843.3101936228, "RHill": 3574174.2891880292, "spacing": "linear", "period_ratio": NaN}}