{"Planet": {"m": 3.7803447380696564e+29, "Rp": 157083494.4, "Rstar": 10226790000.0, "RpRstar": 0.01536, "rhostar": 0.48819347655857626, "impact": 0.4380404898684648, "q1": 0.38019556000000004, "q2": 0.27254297761920204, "a": 100193457476.87814, "Pp": 176.26028596317886, "rhoplan": 23283.653907034888, "aRp": null, "e": null, "inc": null, "pomega": null, "f": null, "P": 15228888.707218653, "RHill": 38696933284.684586}, "I": {"m": 1.8864471387320257e+27, "r": 81558249.50190002, "msmp": 0.004990145792087987, "rsrp": 0.5192031779877442, "a": 11112922094.66435, "aRp": 70.74532010579178, "e": 0.0, "inc": -0.11127586740137864, "pomega": 2.15597647654097, "f": 2.4450319062141985, "P": 1461749.0039535856, "RHill": 1316716454.9328394, "spacing": "logarithmic", "period_ratio": NaN}}