{"Planet": {"m": 4.375542498899137e+25, "Rp": 16609141.799999999, "Rstar": 1203561000.0, "RpRstar": 0.0138, "rhostar": 397.52627335348524, "impact": 0.028145464719906754, "q1": 0.31292836, "q2": 0.2426707186271005, "a": 178251808042.96506, "Pp": 393.17104214980276, "rhoplan": 2279.8260853111524, "aRp": null, "e": null, "inc": null, "pomega": null, "f": null, "P": 33969978.04174296, "RHill": 3052937444.17348}, "I": {"m": 9.399927156968323e+22, "r": 2091048.6356911215, "msmp": 0.0021482883915156336, "rsrp": 0.12589745219052326, "a": 94930100.6264565, "aRp": 5.715533154546041, "e": 0.0, "inc": 0.1198637461090615, "pomega": 3.002406180388445, "f": 5.077949841715996, "P": 107423.91368871843, "RHill": 8492998.555547329, "spacing": "logarithmic", "period_ratio": NaN}, "II": {"m": 1.0277253691618697e+23, "r": 2046455.2100029504, "msmp": 0.0023487953080570923, "rsrp": 0.12321257983377266, "a": 258766416.53453016, "aRp": 15.579758403563643, "e": 0.0, "inc": 0.1198637461090615, "pomega": 1.2957223825786885, "f": 0.03518935665587127, "P": 483407.61159923294, "RHill": 23849679.669020914, "spacing": "logarithmic", "period_ratio": 4.5}, "III": {"m": 4.3866326732518845e+22, "r": 1945477.3440526114, "msmp": 0.0010025345827072958, "rsrp": 0.11713292399325602, "a": 678639759.0574833, "aRp": 40.85941147528064, "e": 0.0, "inc": 0.1198637461090615, "pomega": 3.063359173167365, "f": 3.701166262555032, "P": 2054482.34929674, "RHill": 47093973.575369686, "spacing": "logarithmic", "period_ratio": 4.25}, "IV": {"m": 3.133309052322775e+22, "r": 1255399.3440127065, "msmp": 0.0007160961305052114, "rsrp": 0.07558484111519276, "a": 1304899377.771918, "aRp": 78.56512958254822, "e": 0.0, "inc": 0.1198637461090615, "pomega": 4.387358717344521, "f": 6.139914355080682, "P": 5478619.59812464, "RHill": 80945687.26922254, "spacing": "logarithmic", "period_ratio": 2.6666666666666665}}