{"Planet": {"m": 5.059271226627044e+25, "Rp": 17765395.199999996, "Rstar": 793097999.9999999, "RpRstar": 0.022399999999999996, "rhostar": 1037.201735821011, "impact": 0.15256871244722192, "q1": 0.37234403999999993, "q2": 0.25901343821697803, "a": 113597591076.63167, "Pp": 231.49716347539726, "rhoplan": 2154.14401234617, "aRp": null, "e": null, "inc": null, "pomega": null, "f": null, "P": 20001354.92427432, "RHill": 2251026227.154533}, "I": {"m": 4.393713774506934e+22, "r": 1798989.9667662573, "msmp": 0.0008684479597343451, "rsrp": 0.10126371783534868, "a": 93963267.25849628, "aRp": 5.289117759592329, "e": 0.0, "inc": 0.054442263596062745, "pomega": 0.8099835844538941, "f": 5.152098843240867, "P": 98442.28602104083, "RHill": 6215827.559170441, "spacing": "linear", "period_ratio": NaN}, "II": {"m": 1.9039426356196723e+23, "r": 2652891.7561256792, "msmp": 0.003763274492182164, "rsrp": 0.14932917203697668, "a": 173730844.16273603, "aRp": 9.779171372598347, "e": 0.0, "inc": 0.054442263596062745, "pomega": 1.3617024263084472, "f": 3.765261162178226, "P": 247134.15406862277, "RHill": 18736644.23348042, "spacing": "linear", "period_ratio": 2.510447126510257}, "III": {"m": 5.272456529408322e+22, "r": 1470742.2000035888, "msmp": 0.0010421375516812144, "rsrp": 0.08278691148979277, "a": 467286528.4679668, "aRp": 26.30318792277511, "e": 0.0, "inc": 0.054442263596062745, "pomega": 1.6985148400146437, "f": 3.3115698138650287, "P": 1091645.7719423578, "RHill": 32848675.099582072, "spacing": "linear", "period_ratio": 4.417219368389024}, "IV": {"m": 1.874651210456292e+23, "r": 2537936.6680783997, "msmp": 0.003705377961533206, "rsrp": 0.14285844134097284, "a": 669931638.5239022, "aRp": 37.70992038071308, "e": 0.0, "inc": 0.054442263596062745, "pomega": 0.013196008745951726, "f": 2.774303743494137, "P": 1871438.8133528342, "RHill": 71878814.93461467, "spacing": "linear", "period_ratio": 1.7143279087894931}}