{"Planet": {"m": 2.0306005478469095e+26, "Rp": 41035168.8, "Rstar": 1405314000.0, "RpRstar": 0.029199999999999997, "rhostar": 165.90860699668104, "impact": 0.07249946254458328, "q1": 0.3848961600000001, "q2": 0.36355577047066406, "a": 37478445557.32865, "Pp": 46.50224677867419, "rhoplan": 701.5638729988771, "aRp": null, "e": null, "inc": null, "pomega": null, "f": null, "P": 4017794.12167745, "RHill": 1227034488.8886368}, "I": {"m": 2.1293628399183925e+23, "r": 2575074.820079641, "msmp": 0.0010486369868146657, "rsrp": 0.06275287504311768, "a": 78229592.67483468, "aRp": 1.9064035792350558, "e": 0.0, "inc": 0.03593992329089232, "pomega": 6.005440742145746, "f": 4.187533442048681, "P": 37324.4804515356, "RHill": 5510686.5386539195, "spacing": "logarithmic", "period_ratio": NaN}, "II": {"m": 1.3050933534983695e+23, "r": 2234587.81526592, "msmp": 0.000642712991918666, "rsrp": 0.054455431294970574, "a": 146513763.43965763, "aRp": 3.5704437857620714, "e": 0.0, "inc": 0.03593992329089232, "pomega": 3.075298419175607, "f": 5.358836313594111, "P": 95684.78261979665, "RHill": 8766852.480765173, "spacing": "logarithmic", "period_ratio": 2.5635931555441114}, "III": {"m": 8.24269486420023e+22, "r": 1716709.3689629494, "msmp": 0.00040592399489599966, "rsrp": 0.04183507511154553, "a": 257340196.75699383, "aRp": 6.271210873074168, "e": 0.0, "inc": 0.03593992329089232, "pomega": 0.12630465513982367, "f": 0.8256931186752652, "P": 222760.44287172402, "RHill": 13211398.273948837, "spacing": "logarithmic", "period_ratio": 2.3280655165081194}, "IV": {"m": 5.563819033335153e+23, "r": 3559364.597087592, "msmp": 0.0027399869655479964, "rsrp": 0.08673936774661427, "a": 461620070.1489593, "aRp": 11.24937666026999, "e": 0.0, "inc": 0.03593992329089232, "pomega": 1.9794013118927591, "f": 4.586555611271508, "P": 534561.4225580588, "RHill": 44787872.17176334, "spacing": "logarithmic", "period_ratio": 2.3997143104347503}}