{"Planet": {"m": 1.369567551662184e+25, "Rp": 8409899.88, "Rstar": 653958000.0, "RpRstar": 0.012860000000000002, "rhostar": 1629.4422133525622, "impact": 0.10674928482801826, "q1": 0.25, "q2": 0.2, "a": 72197866510.4705, "Pp": 124.98551398834383, "rhoplan": 5496.957409239642, "aRp": null, "e": null, "inc": null, "pomega": null, "f": null, "P": 10798748.408592906, "RHill": 965500976.5657281}, "I": {"m": 4.730715449309885e+22, "r": 1629857.6642793342, "msmp": 0.0034541672979681967, "rsrp": 0.19380226727257235, "a": 80093093.47603789, "aRp": 9.52366789365843, "e": 0.0, "inc": -0.15641459573078495, "pomega": 1.5288518704238359, "f": 4.803347183526428, "P": 148706.21133858972, "RHill": 8394647.011889093, "spacing": "linear", "period_ratio": NaN}, "II": {"m": 3.833510795130424e+22, "r": 1564142.524692769, "msmp": 0.0027990666035259525, "rsrp": 0.18598824564041883, "a": 164493254.92105287, "aRp": 19.559478384783443, "e": 0.0, "inc": -0.15641459573078495, "pomega": 4.995631882396011, "f": 5.237558709405126, "P": 437824.9013526173, "RHill": 16073560.415524937, "spacing": "linear", "period_ratio": 2.9442273958263394}}