{"Planet": {"m": 3.074571939238869e+26, "Rp": 49814902.800000004, "Rstar": 542646000.0, "RpRstar": 0.0918, "rhostar": 2525.1455070495895, "impact": 0.30374041030973487, "q1": 0.39050001, "q2": 0.361577852456393, "a": 21340739178.627285, "Pp": 21.34398637722719, "rhoplan": 593.7699136953174, "aRp": null, "e": null, "inc": null, "pomega": null, "f": null, "P": 1844120.4229924292, "RHill": 838408451.3637478}, "I": {"m": 9.79479261498175e+22, "r": 1903646.4266648884, "msmp": 0.00031857418881558243, "rsrp": 0.038214396087607905, "a": 98505987.14156276, "aRp": 1.9774401154018262, "e": 0.0, "inc": 0.060726077284611185, "pomega": 2.0548070761553405, "f": 4.108357389572971, "P": 42875.525076214566, "RHill": 4664721.692467989, "spacing": "linear", "period_ratio": NaN}, "II": {"m": 2.5617149916106107e+22, "r": 1333199.1014875846, "msmp": 8.331940322869077e-05, "rsrp": 0.026763057369402005, "a": 195483824.8184588, "aRp": 3.9242036786320655, "e": 0.0, "inc": 0.060726077284611185, "pomega": 6.092157371047714, "f": 0.42227227987045524, "P": 119876.16113344887, "RHill": 5919964.827703767, "spacing": "linear", "period_ratio": 2.795911208559189}, "III": {"m": 7.534455857678268e+22, "r": 1936232.7369165318, "msmp": 0.00024505706831967877, "rsrp": 0.03886854391125163, "a": 265618291.9512645, "aRp": 5.33210499311191, "e": 0.0, "inc": 0.060726077284611185, "pomega": 2.6304044100263777, "f": 1.5301086331615454, "P": 189853.42638030168, "RHill": 11524974.48615469, "spacing": "linear", "period_ratio": 1.583746297722635}, "IV": {"m": 1.9589585229963504e+22, "r": 1208136.222735826, "msmp": 6.371483776311651e-05, "rsrp": 0.024252505873319216, "a": 383743786.2845923, "aRp": 7.703393256136038, "e": 0.0, "inc": 0.060726077284611185, "pomega": 1.0701334711597996, "f": 1.5338789213746746, "P": 329710.57467348594, "RHill": 10627092.60975219, "spacing": "linear", "period_ratio": 1.736658542116758}}