{"Planet": {"m": 4.8536890110289e+25, "Rp": 17619646.05, "Rstar": 1287045000.0, "RpRstar": 0.01369, "rhostar": 227.11001058869977, "impact": 0.4454519942887789, "q1": 0.379456, "q2": 0.25681818181818183, "a": 117604859061.89346, "Pp": 252.082632265287, "rhoplan": 2118.3211261384313, "aRp": null, "e": null, "inc": null, "pomega": null, "f": null, "P": 21779939.427720796, "RHill": 2349849974.03536}, "I": {"m": 7.591243023525016e+22, "r": 2184177.345629623, "msmp": 0.001564015124635231, "rsrp": 0.12396261192940497, "a": 106011586.59499332, "aRp": 6.016669477591084, "e": 0.0, "inc": 0.15236502690927597, "pomega": 5.608303717029484, "f": 6.240455374097457, "P": 120401.43927872281, "RHill": 8532177.837164281, "spacing": "logarithmic", "period_ratio": NaN}, "II": {"m": 7.346364216314532e+22, "r": 1941779.0725975079, "msmp": 0.001513563023840546, "rsrp": 0.11020533937442561, "a": 162197315.8603279, "aRp": 9.205480938723392, "e": 0.0, "inc": 0.15236502690927597, "pomega": 2.546829687968683, "f": 0.9683356894053148, "P": 227865.2557260129, "RHill": 12912294.255507482, "spacing": "logarithmic", "period_ratio": 1.8925459453895495}}