{"Planet": {"m": 1.4272115868717764e+26, "Rp": 33437846.52, "Rstar": 1085292000.0, "RpRstar": 0.03081, "rhostar": 453.04081155889685, "impact": 0.05416456340051912, "q1": 0.31292836, "q2": 0.2426707186271005, "a": 227851744758.8863, "Pp": 621.5787463406003, "rhoplan": 911.3492772473843, "aRp": null, "e": null, "inc": null, "pomega": null, "f": null, "P": 53704403.68382787, "RHill": 6144494326.45725}, "I": {"m": 3.141846974964247e+23, "r": 2882645.6942135775, "msmp": 0.002201388360257558, "rsrp": 0.08620907128362457, "a": 521545802.1087622, "aRp": 15.59746982500242, "e": 0.0, "inc": -0.09902243070870918, "pomega": 1.2467086358080108, "f": 5.4078500603647885, "P": 765938.6875446979, "RHill": 47041835.38585009, "spacing": "linear", "period_ratio": NaN}, "II": {"m": 7.098246869363669e+23, "r": 3643280.3298034626, "msmp": 0.004973507036137446, "rsrp": 0.10895678726273018, "a": 1085858315.79901, "aRp": 32.473930854055794, "e": 0.0, "inc": -0.09902243070870918, "pomega": 4.249114816196456, "f": 0.5479485536414241, "P": 2297816.0626340937, "RHill": 128514951.19393899, "spacing": "linear", "period_ratio": 3.0}}