{"Planet": {"m": 2.499284467823272e+25, "Rp": 11176420.5, "Rstar": 1043550000.0, "RpRstar": 0.01071, "rhostar": 455.30666918376386, "impact": 0.4972667838301926, "q1": 0.22127616000000003, "q2": 0.19313350340136054, "a": 182432053126.53598, "Pp": 471.1359828408861, "rhoplan": 4273.84611854973, "aRp": null, "e": null, "inc": null, "pomega": null, "f": null, "P": 40706148.91745256, "RHill": 2857734129.2482667}, "I": {"m": 2.686799331186346e+21, "r": 821865.1923417412, "msmp": 0.00010750274191582474, "rsrp": 0.07353563623896767, "a": 67708576.6709205, "aRp": 6.058162957533721, "e": 0.0, "inc": -0.04218882690339329, "pomega": 1.3598172822018828, "f": 2.845939219543589, "P": 85706.02345210349, "RHill": 2232251.4476246033, "spacing": "linear", "period_ratio": NaN}, "II": {"m": 3.1985706323646963e+21, "r": 802898.6356454288, "msmp": 0.00012797945466169608, "rsrp": 0.0718386209292527, "a": 107481399.3677317, "aRp": 9.616799883981791, "e": 0.0, "inc": -0.04218882690339329, "pomega": 3.256272253405802, "f": 5.945116130735681, "P": 171412.04690420697, "RHill": 3755545.0761524555, "spacing": "linear", "period_ratio": 2.0}, "III": {"m": 3.7529895419745796e+21, "r": 685105.3738342216, "msmp": 0.00015016256013639017, "rsrp": 0.061299176586477, "a": 288605746.3936655, "aRp": 25.82273514079624, "e": 0.0, "inc": -0.04218882690339329, "pomega": 0.40970465249335836, "f": 5.567458928053919, "P": 754213.0063785107, "RHill": 10636166.089508485, "spacing": "linear", "period_ratio": 4.4}, "IV": {"m": 3.5823991082484624e+21, "r": 854145.6106958884, "msmp": 0.0001433369892210997, "rsrp": 0.07642389714093957, "a": 600322778.6635734, "aRp": 53.71333144306564, "e": 0.0, "inc": -0.04218882690339329, "pomega": 6.057596395760697, "f": 5.50399240979958, "P": 2262639.019135532, "RHill": 21783642.29625613, "spacing": "linear", "period_ratio": 3.0}, "V": {"m": 1.2367806445143497e+21, "r": 582064.7459419379, "msmp": 4.9485389135855833e-05, "rsrp": 0.052079710667824096, "a": 1512671292.7539976, "aRp": 135.34488012096517, "e": 0.0, "inc": -0.04218882690339329, "pomega": 5.104341859207899, "f": 1.600487346473288, "P": 9050556.076542128, "RHill": 38506124.44103872, "spacing": "linear", "period_ratio": 4.0}}