{"Planet": {"m": 7.349065305298349e+25, "Rp": 22254190.740000002, "Rstar": 570474000.0, "RpRstar": 0.03901, "rhostar": 2198.913699932662, "impact": 0.019032831818563967, "q1": 0.39904488999999993, "q2": 0.24908975779642237, "a": 143073270422.96735, "Pp": 368.3744564942259, "rhoplan": 1591.8717629059552, "aRp": null, "e": null, "inc": null, "pomega": null, "f": null, "P": 31827553.04110112, "RHill": 3474780171.8784256}, "I": {"m": 3.2803663091952825e+22, "r": 1638866.659955108, "msmp": 0.00044636510534615666, "rsrp": 0.07364305802454482, "a": 98880604.3664537, "aRp": 4.443235232486989, "e": 0.0, "inc": -0.1411938025740787, "pomega": 2.53991749291128, "f": 4.755590199493461, "P": 88192.30960662907, "RHill": 5239631.84142683, "spacing": "logarithmic", "period_ratio": NaN}, "II": {"m": 4.781550891369391e+22, "r": 1758331.9395352358, "msmp": 0.0006506338823689735, "rsrp": 0.07901127298126301, "a": 195230027.81449592, "aRp": 8.77273094741597, "e": 0.0, "inc": -0.1411938025740787, "pomega": 4.502352507844958, "f": 3.7991937560963875, "P": 244646.8566199315, "RHill": 11729650.983730014, "spacing": "logarithmic", "period_ratio": 2.7740157584164495}, "III": {"m": 2.2795765877458728e+22, "r": 1334455.9275863047, "msmp": 0.00031018592066427814, "rsrp": 0.059964253168178994, "a": 568327090.8155951, "aRp": 25.537980574331822, "e": 0.0, "inc": -0.1411938025740787, "pomega": 1.495547657874529, "f": 5.358207932225256, "P": 1215321.3997078855, "RHill": 26674644.11206498, "spacing": "logarithmic", "period_ratio": 4.967655895926491}, "IV": {"m": 1.3899857242352888e+22, "r": 1228550.00207238, "msmp": 0.0001891377565026087, "rsrp": 0.05520533262367373, "a": 1283848041.2671862, "aRp": 57.69016974225799, "e": 0.0, "inc": -0.1411938025740787, "pomega": 0.338697557812761, "f": 3.818673578530888, "P": 4126580.4906416875, "RHill": 51097456.46977702, "spacing": "logarithmic", "period_ratio": 3.3954643534077094}}