{"Planet": {"m": 2.1166083985090717e+26, "Rp": 41299534.800000004, "Rstar": 473076000.00000006, "RpRstar": 0.0873, "rhostar": 3183.339085265948, "impact": 0.26399865300187264, "q1": 0.39050001, "q2": 0.361577852456393, "a": 123344619086.90671, "Pp": 324.5106043083841, "rhoplan": 717.3257588273357, "aRp": null, "e": null, "inc": null, "pomega": null, "f": null, "P": 28037716.212244384, "RHill": 4543304816.570082}, "I": {"m": 2.072006168370637e+24, "r": 4850524.486904057, "msmp": 0.009789275001602316, "rsrp": 0.11744743640318332, "a": 508311525.4702459, "aRp": 12.307923755844481, "e": 0.0, "inc": 0.052103288500880834, "pomega": 2.357686895943375, "f": 3.6232469728170313, "P": 602887.5391269422, "RHill": 75394508.62520993, "spacing": "logarithmic", "period_ratio": NaN}}