{"Planet": {"m": 5.056683132715824e+27, "Rp": 99407042.46, "Rstar": 744399000.0, "RpRstar": 0.13354, "rhostar": 1185.324285789765, "impact": 0.1582813704992715, "q1": 0.25, "q2": 0.2, "a": 202673625240.53412, "Pp": 566.8290146061642, "rhoplan": 1228.9258290381865, "aRp": null, "e": null, "inc": null, "pomega": null, "f": null, "P": 48974026.861972585, "RHill": 18993180082.185646}, "I": {"m": 9.707655329542626e+24, "r": 8139860.370570476, "msmp": 0.0019197673800709113, "rsrp": 0.08188414189916014, "a": 478143243.51182026, "aRp": 4.809953416572256, "e": 0.0, "inc": 0.08725773508070458, "pomega": 0.1922846988695823, "f": 4.139148076646858, "P": 112970.4083968953, "RHill": 41203471.47177606, "spacing": "logarithmic", "period_ratio": NaN}, "II": {"m": 3.312023583020426e+25, "r": 21684852.120447595, "msmp": 0.006549794590830169, "rsrp": 0.21814201070485803, "a": 8804129218.051102, "aRp": 88.5664536453115, "e": 0.0, "inc": 0.08725773508070458, "pomega": 4.1900469675241006, "f": 4.970496627641817, "P": 8905455.056455592, "RHill": 1142146684.0505302, "spacing": "logarithmic", "period_ratio": 78.8299801941792}}