{"Planet": {"m": 2.499284467823272e+25, "Rp": 10919707.2, "Rstar": 667872000.0, "RpRstar": 0.01635, "rhostar": 1513.7745418883703, "impact": 0.4632981264670437, "q1": 0.25, "q2": 0.2, "a": 35233670753.738495, "Pp": 42.83339229315487, "rhoplan": 4582.411653315607, "aRp": null, "e": null, "inc": null, "pomega": null, "f": null, "P": 3700805.094128581, "RHill": 577802653.0652723}, "I": {"m": 4.7136234706831745e+22, "r": 1623360.5088401046, "msmp": 0.0018859891826513292, "rsrp": 0.14866337339522295, "a": 86015847.73876065, "aRp": 7.877120344285482, "e": 0.0, "inc": 0.057025609223577106, "pomega": 4.3804465222871185, "f": 3.329164492192964, "P": 122610.51615366111, "RHill": 7368591.060126756, "spacing": "logarithmic", "period_ratio": NaN}, "II": {"m": 5.386998252209337e+22, "r": 1552484.4406039875, "msmp": 0.002155416208744374, "rsrp": 0.14217271692083353, "a": 228646977.0303282, "aRp": 20.93892929934314, "e": 0.0, "inc": 0.057025609223577106, "pomega": 2.455714389484731, "f": 5.324275338307094, "P": 531312.2366658648, "RHill": 20478686.320166405, "spacing": "logarithmic", "period_ratio": 4.333333333333333}}