{"Planet": {"m": 7.350945751195064e+24, "Rp": 6768465.299999999, "Rstar": 480032999.99999994, "RpRstar": 0.0141, "rhostar": 3132.7582250242585, "impact": 0.06859897660264136, "q1": 0.09235521000000001, "q2": 0.04886475814412636, "a": 201595882642.7834, "Pp": 668.7599644177204, "rhoplan": 5659.577198072367, "aRp": null, "e": null, "inc": null, "pomega": null, "f": null, "P": 57780860.925691046, "RHill": 2400376624.0495176}, "I": {"m": 7.479885367079557e+22, "r": 1803050.5942675944, "msmp": 0.010175405478762417, "rsrp": 0.26638987042861767, "a": 1156171988.8788795, "aRp": 170.81745087455494, "e": 0.0, "inc": 0.048193359983561807, "pomega": 0.3632044311980999, "f": 0.1822305969679048, "P": 11095341.334559279, "RHill": 173713111.72137874, "spacing": "linear", "period_ratio": NaN}}