{"Planet": {"m": 2.6051438331714897e+25, "Rp": 11865928.77, "Rstar": 883539000.0, "RpRstar": 0.01343, "rhostar": 798.3588011601003, "impact": 0.4656447136163342, "q1": 0.379456, "q2": 0.25681818181818183, "a": 87337104922.42693, "Pp": 151.27844413526995, "rhoplan": 3722.5272532296317, "aRp": null, "e": null, "inc": null, "pomega": null, "f": null, "P": 13070457.573287323, "RHill": 1358671010.1656392}, "I": {"m": 4.4809932295148405e+22, "r": 1587352.2264653407, "msmp": 0.001720055980195036, "rsrp": 0.13377395543436596, "a": 36890400.48226225, "aRp": 3.1089349344090365, "e": 0.0, "inc": 0.01656483108453463, "pomega": 4.793293081624751, "f": 5.9250079269323255, "P": 33733.23748470558, "RHill": 3064694.19376045, "spacing": "logarithmic", "period_ratio": NaN}, "II": {"m": 3.968879717570289e+22, "r": 1751192.6397747975, "msmp": 0.0015234781538870327, "rsrp": 0.14758159042739624, "a": 92951903.11515892, "aRp": 7.833512649272285, "e": 0.0, "inc": 0.01656483108453463, "pomega": 4.631799069829056, "f": 1.5627844643419975, "P": 134932.94993882233, "RHill": 7415889.979967639, "spacing": "logarithmic", "period_ratio": 4.0}, "III": {"m": 4.4809932295148405e+22, "r": 1827387.7398596588, "msmp": 0.001720055980195036, "rsrp": 0.15400292512118788, "a": 234239442.1322848, "aRp": 19.740506341526338, "e": 0.0, "inc": 0.01656483108453463, "pomega": 5.82446690791555, "f": 0.29910953157490583, "P": 539731.7997552893, "RHill": 19459595.14854466, "spacing": "logarithmic", "period_ratio": 4.0}, "IV": {"m": 4.993106741459394e+22, "r": 1920099.9510290388, "msmp": 0.0019166338065030406, "rsrp": 0.1618162377549009, "a": 590285015.2313628, "aRp": 49.74621259515304, "e": 0.0, "inc": 0.01656483108453463, "pomega": 0.14389933346775932, "f": 2.845939219543589, "P": 2158927.1990211573, "RHill": 50839474.752716385, "spacing": "logarithmic", "period_ratio": 4.0}}