{"Planet": {"m": 2.772398979089121e+25, "Rp": 11988024.12, "Rstar": 640044000.0, "RpRstar": 0.01873, "rhostar": 1267.318716886953, "impact": 0.27340030221090406, "q1": 0.3848961600000001, "q2": 0.36355577047066406, "a": 56873767039.77379, "Pp": 102.33517953600492, "rhoplan": 3841.7075110534474, "aRp": null, "e": null, "inc": null, "pomega": null, "f": null, "P": 8841759.511910824, "RHill": 1068945351.7896969}, "I": {"m": 1.9625822956981903e+23, "r": 2017864.1694377572, "msmp": 0.0070790038176359515, "rsrp": 0.1683233324557039, "a": 355026508.3627765, "aRp": 29.615097935153017, "e": 0.0, "inc": -0.09546160295186507, "pomega": 4.87623942231359, "f": 3.54658444581674, "P": 973662.7212795975, "RHill": 47265516.911712006, "spacing": "linear", "period_ratio": NaN}}