{"Planet": {"m": 1.518841261662891e+26, "Rp": 34301905.92, "Rstar": 1780992000.0, "RpRstar": 0.01926, "rhostar": 118.48149015150135, "impact": 0.48014450781743234, "q1": 0.3848961600000001, "q2": 0.36355577047066406, "a": 36479903639.27684, "Pp": 37.03987504790993, "rhoplan": 898.3985105307676, "aRp": null, "e": null, "inc": null, "pomega": null, "f": null, "P": 3200245.204139418, "RHill": 957067096.243142}, "I": {"m": 5.163802736441383e+23, "r": 2877011.8632579036, "msmp": 0.0033998304278274843, "rsrp": 0.08387323637257249, "a": 101165323.2725912, "aRp": 2.9492624552271876, "e": 0.0, "inc": 0.012166161502550732, "pomega": 1.286296662045866, "f": 1.290066950258995, "P": 63391.54138426544, "RHill": 10547357.685947016, "spacing": "logarithmic", "period_ratio": NaN}, "II": {"m": 5.163802736441383e+23, "r": 3104193.1678310283, "msmp": 0.0033998304278274843, "rsrp": 0.09049623000747324, "a": 254920640.6211144, "aRp": 7.43167569801073, "e": 0.0, "inc": 0.012166161502550732, "pomega": 4.309439427606521, "f": 1.6903458822195307, "P": 253566.16553706175, "RHill": 26577675.938590217, "spacing": "logarithmic", "period_ratio": 4.0}}