{"Planet": {"m": 2.3977266711981466e+25, "Rp": 10813265.100000001, "Rstar": 382635000.00000006, "RpRstar": 0.02826, "rhostar": 4999.3694746292385, "impact": 0.44656715218137044, "q1": 0.3701505600000001, "q2": 0.22016765285996057, "a": 108680699201.51639, "Pp": 294.44792673360314, "rhoplan": 4527.312926107299, "aRp": null, "e": null, "inc": null, "pomega": null, "f": null, "P": 25440300.869783312, "RHill": 2060278464.3149831}, "I": {"m": 8.50531929834418e+21, "r": 1077788.727337078, "msmp": 0.0003547243061734832, "rsrp": 0.09967282937852673, "a": 276494368.73655486, "aRp": 25.569924179196793, "e": 0.0, "inc": -0.051474907132025974, "pomega": 0.45620487378861685, "f": 3.8551196979244686, "P": 721987.3554387691, "RHill": 13570927.228290949, "spacing": "linear", "period_ratio": NaN}, "II": {"m": 2.551595789503254e+22, "r": 1182288.0103011383, "msmp": 0.0010641729185204495, "rsrp": 0.10933681911683994, "a": 696886816.2061986, "aRp": 64.44739953764737, "e": 0.0, "inc": -0.051474907132025974, "pomega": 5.838291298030357, "f": 4.406838539779022, "P": 2887949.4217550764, "RHill": 49331679.11031116, "spacing": "linear", "period_ratio": 4.0}, "III": {"m": 5.489797001658516e+22, "r": 1876134.1825374155, "msmp": 0.002289584158028846, "rsrp": 0.17350302292481623, "a": 1450174234.031017, "aRp": 134.11067060873378, "e": 0.0, "inc": -0.051474907132025974, "pomega": 2.8220607275271052, "f": 3.4806044020869815, "P": 8663848.26526523, "RHill": 132525251.40961263, "spacing": "linear", "period_ratio": 3.0}}