{"Planet": {"m": 8.499615381835377e+24, "Rp": 7145604.27, "Rstar": 466119000.0, "RpRstar": 0.01533, "rhostar": 3046.7739908163294, "impact": 0.4099987826622744, "q1": 0.40411449000000005, "q2": 0.2892873997168476, "a": 54167095998.57439, "Pp": 98.70872262775036, "rhoplan": 5561.523565268304, "aRp": null, "e": null, "inc": null, "pomega": null, "f": null, "P": 8528433.63503763, "RHill": 703647480.370299}, "I": {"m": 1.251364942136388e+22, "r": 842353.5249999658, "msmp": 0.0014722606681835204, "rsrp": 0.11788415551313002, "a": 25663240.57236888, "aRp": 3.591472407744864, "e": 0.0, "inc": -0.01632046055220221, "pomega": 3.9116740211214047, "f": 4.825340531436348, "P": 34270.87162044751, "RHill": 2024258.5402190753, "spacing": "linear", "period_ratio": NaN}, "II": {"m": 1.4301313624415855e+22, "r": 1085674.4947710475, "msmp": 0.0016825836207811653, "rsrp": 0.15193599501852173, "a": 158572662.14014694, "aRp": 22.191637844527172, "e": 0.0, "inc": -0.01632046055220221, "pomega": 3.0665010800116392, "f": 2.3419773617220043, "P": 526325.9513721415, "RHill": 13077160.4193461, "spacing": "linear", "period_ratio": 15.35782215291286}}