{"Planet": {"m": 3.555918727307215e+25, "Rp": 14143581.0, "Rstar": 695700000.0, "RpRstar": 0.02033, "rhostar": 1367.4864295782997, "impact": 0.3540733172873568, "q1": 0.39904488999999993, "q2": 0.24908975779642237, "a": 49320869679.62596, "Pp": 70.20475487239514, "rhoplan": 3000.440860028556, "aRp": null, "e": null, "inc": null, "pomega": null, "f": null, "P": 6065690.82097494, "RHill": 903403360.2655685}, "I": {"m": 1.5698231257603175e+22, "r": 1155999.5591516308, "msmp": 0.0004414676617058385, "rsrp": 0.08173315931457746, "a": 47049609.158179745, "aRp": 3.3265697815977258, "e": 0.0, "inc": 0.0843601987687628, "pomega": 3.605652294489096, "f": 3.8123897648423393, "P": 41613.982591585875, "RHill": 2483982.7025174475, "spacing": "linear", "period_ratio": NaN}, "II": {"m": 2.833339300152768e+22, "r": 1511112.7058854047, "msmp": 0.0007967952918593183, "rsrp": 0.1068408846306607, "a": 80938511.33397055, "aRp": 5.722632149097922, "e": 0.0, "inc": 0.0843601987687628, "pomega": 3.4655232492344656, "f": 5.0974296641504955, "P": 93877.37965122124, "RHill": 5202719.1237484235, "spacing": "linear", "period_ratio": 2.2559095237907547}, "III": {"m": 2.833339300152768e+22, "r": 1565475.9560539396, "msmp": 0.0007967952918593183, "rsrp": 0.11068455407820266, "a": 298557671.4566848, "aRp": 21.109057985858378, "e": 0.0, "inc": 0.0843601987687628, "pomega": 4.569589314312426, "f": 0.7817064228554261, "P": 665074.8002369232, "RHill": 19191256.192249183, "spacing": "linear", "period_ratio": 7.084505369747729}}