{"Planet": {"m": 4.154657631709454e+25, "Rp": 16411145.58, "Rstar": 1099206000.0, "RpRstar": 0.01493, "rhostar": 386.0146484994412, "impact": 0.1355309082367928, "q1": 0.26163225000000007, "q2": 0.21691104594330396, "a": 33377222094.1828, "Pp": 37.03987504790993, "rhoplan": 2244.036609380121, "aRp": null, "e": null, "inc": null, "pomega": null, "f": null, "P": 3200245.204139418, "RHill": 621267013.9289262}, "I": {"m": 1.0650637953079542e+22, "r": 1000726.2257526447, "msmp": 0.0002563541667498914, "rsrp": 0.06097845033878767, "a": 63688829.185453884, "aRp": 3.8808277505666906, "e": 0.0, "inc": 0.06700989097315962, "pomega": 0.5881649612481341, "f": 5.251383099519932, "P": 60638.52436638623, "RHill": 2805237.530227494, "spacing": "logarithmic", "period_ratio": NaN}, "II": {"m": 1.6931783412587996e+22, "r": 1122341.799710817, "msmp": 0.0004075373932946993, "rsrp": 0.06838899784537875, "a": 105200340.6909887, "aRp": 6.410298426649427, "e": 0.0, "inc": 0.06700989097315962, "pomega": 4.890692193797252, "f": 1.516284243046739, "P": 128720.17685039155, "RHill": 5407948.524594604, "spacing": "logarithmic", "period_ratio": 2.122745864867138}, "III": {"m": 9.285171548838578e+21, "r": 1115622.6066175662, "msmp": 0.00022348824793580281, "rsrp": 0.0679795692006509, "a": 191615426.52483678, "aRp": 11.675932407689773, "e": 0.0, "inc": 0.06700989097315962, "pomega": 3.8928225800557597, "f": 4.781982216985364, "P": 316451.0688089508, "RHill": 8062596.931402575, "spacing": "logarithmic", "period_ratio": 2.4584418430123387}}