{"Planet": {"m": 8.675533091766844e+25, "Rp": 24798922.2, "Rstar": 542646000.0, "RpRstar": 0.0457, "rhostar": 2406.3151302472556, "impact": 0.07203931371165362, "q1": 0.39904488999999993, "q2": 0.24908975779642237, "a": 135819009754.03264, "Pp": 351.07260577281147, "rhoplan": 1358.029309129247, "aRp": null, "e": null, "inc": null, "pomega": null, "f": null, "P": 30332673.13877091, "RHill": 3556492430.055166}, "I": {"m": 9.928909891508546e+21, "r": 959166.7802847689, "msmp": 0.00011444725974166552, "rsrp": 0.0386777607731988, "a": 92042944.66942434, "aRp": 3.7115703629016723, "e": 0.0, "inc": -0.05398843260744536, "pomega": 4.776955166034525, "f": 0.2947108619929219, "P": 72910.45813976624, "RHill": 3098502.7477940195, "spacing": "logarithmic", "period_ratio": NaN}, "II": {"m": 1.3149096883349157e+22, "r": 1253788.7998581298, "msmp": 0.00015156528992815165, "rsrp": 0.05055819723722226, "a": 231936556.2432836, "aRp": 9.352686958439008, "e": 0.0, "inc": -0.05398843260744536, "pomega": 2.3834505320664237, "f": 1.5156558616778841, "P": 291641.83255906496, "RHill": 8574234.779267365, "spacing": "logarithmic", "period_ratio": 4.0}, "III": {"m": 1.1539003387428846e+22, "r": 1331705.6567486401, "msmp": 0.00013300627483490854, "rsrp": 0.05370014253073628, "a": 427228146.8331738, "aRp": 17.227690114418515, "e": 0.0, "inc": -0.05398843260744536, "pomega": 0.37263015173092257, "f": 2.6436004187723294, "P": 729104.5813976624, "RHill": 15120871.260690082, "spacing": "logarithmic", "period_ratio": 2.5}, "IV": {"m": 1.3954143631309315e+22, "r": 1075579.7591309145, "msmp": 0.00016084479747477325, "rsrp": 0.04337203651257531, "a": 984863214.234947, "aRp": 39.71395233599898, "e": 0.0, "inc": -0.05398843260744536, "pomega": 2.781844319920395, "f": 0.830720169626104, "P": 2551866.0348918187, "RHill": 37136802.173170954, "spacing": "logarithmic", "period_ratio": 3.5}, "V": {"m": 5.098629403747632e+21, "r": 925060.3923850432, "msmp": 5.877021446193635e-05, "rsrp": 0.03730244342574869, "a": 2048528345.4240441, "aRp": 82.60553942235619, "e": 0.0, "inc": -0.05398843260744536, "pomega": 2.4651401100175536, "f": 2.113874924827696, "P": 7655598.104675456, "RHill": 55223083.30967536, "spacing": "logarithmic", "period_ratio": 3.0}}