{"Planet": {"m": 1.3135794053718304e+26, "Rp": 31934021.4, "Rstar": 820926000.0, "RpRstar": 0.0389, "rhostar": 969.5801429719589, "impact": 0.04493897126804314, "q1": 0.37234403999999993, "q2": 0.25901343821697803, "a": 137425750490.8696, "Pp": 302.52451176564415, "rhoplan": 962.9569801803967, "aRp": null, "e": null, "inc": null, "pomega": null, "f": null, "P": 26138117.816551656, "RHill": 3698154276.918373}, "I": {"m": 3.4772197164271e+23, "r": 2440643.5949459504, "msmp": 0.002647133246918419, "rsrp": 0.07642769334857245, "a": 308470002.61196923, "aRp": 9.659604055127527, "e": 0.0, "inc": -0.018799075951574096, "pomega": 1.7362177221459343, "f": 6.214063356605553, "P": 363073.1963718315, "RHill": 29586785.724024214, "spacing": "linear", "period_ratio": NaN}}