{"Planet": {"m": 9.82526377954942e+25, "Rp": 26716271.400000002, "Rstar": 1266174000.0, "RpRstar": 0.0211, "rhostar": 177.72589883264473, "impact": 0.2910362618880995, "q1": 0.379456, "q2": 0.25681818181818183, "a": 189972858752.47318, "Pp": 599.5518290193874, "rhoplan": 1230.065023113124, "aRp": null, "e": null, "inc": null, "pomega": null, "f": null, "P": 51801278.02727507, "RHill": 5296545554.643206}, "I": {"m": 2.5330941007847755e+23, "r": 3088071.7257037684, "msmp": 0.002578143607764739, "rsrp": 0.11558767611949654, "a": 109013940.70694907, "aRp": 4.080432447880772, "e": 0.0, "inc": -0.1585092002936344, "pomega": 4.136634551171439, "f": 3.9977622686545184, "P": 88200.0516492415, "RHill": 10364395.78680632, "spacing": "logarithmic", "period_ratio": NaN}, "II": {"m": 6.649372014560037e+23, "r": 3447052.206907406, "msmp": 0.006767626970382442, "rsrp": 0.12902444938133867, "a": 206411841.0985333, "aRp": 7.726072175570626, "e": 0.0, "inc": -0.1585092002936344, "pomega": 3.0847241397084297, "f": 1.9580363453516942, "P": 229320.1342880279, "RHill": 27071126.410309173, "spacing": "logarithmic", "period_ratio": 2.6}}