{"Planet": {"m": 8.493094188864344e+27, "Rp": 86808054.6, "Rstar": 619173000.0, "RpRstar": 0.1402, "rhostar": 1839.793577253643, "impact": 0.3067776001769035, "q1": 0.37871715999999994, "q2": 0.34367890802729933, "a": 39453287812.43302, "Pp": 51.45592338859659, "rhoplan": 3099.540106362446, "aRp": null, "e": null, "inc": null, "pomega": null, "f": null, "P": 4445791.780774745, "RHill": 4563522365.96057}, "I": {"m": 7.512687404608638e+23, "r": 3183455.1222200557, "msmp": 8.845642397865834e-05, "rsrp": 0.0366723472480635, "a": 182619109.25092775, "aRp": 2.1037115748349895, "e": 0.0, "inc": 0.15163191531227863, "pomega": 1.6947445518015147, "f": 3.015602189134397, "P": 20594.163638265287, "RHill": 5641772.825041287, "spacing": "logarithmic", "period_ratio": NaN}, "II": {"m": 2.173313142047499e+24, "r": 4154939.5164873875, "msmp": 0.0002558917979382617, "rsrp": 0.04786352528728812, "a": 249833368.23664263, "aRp": 2.877997547437754, "e": 0.0, "inc": 0.15163191531227863, "pomega": 3.109231013093769, "f": 4.504237651951523, "P": 32950.66182122446, "RHill": 10997538.22450348, "spacing": "logarithmic", "period_ratio": 1.6}, "III": {"m": 1.2342272164714193e+24, "r": 4512403.371626032, "msmp": 0.00014532126796493874, "rsrp": 0.05198139034930097, "a": 650330266.3908932, "aRp": 7.491588993527489, "e": 0.0, "inc": 0.15163191531227863, "pomega": 5.257038531839626, "f": 5.893588858489583, "P": 138392.77964914273, "RHill": 23706636.53051688, "spacing": "logarithmic", "period_ratio": 4.2}, "IV": {"m": 1.985495956932283e+24, "r": 4282299.453582864, "msmp": 0.00023377769194359707, "rsrp": 0.04933066952502429, "a": 1291969090.9764724, "aRp": 14.883055459884392, "e": 0.0, "inc": 0.15163191531227863, "pomega": 5.102456715101335, "f": 5.248241192675659, "P": 387499.7830175996, "RHill": 55183942.90546235, "spacing": "logarithmic", "period_ratio": 2.8}, "V": {"m": 8.585928462409872e+23, "r": 3534160.8503720425, "msmp": 0.00010109305597560954, "rsrp": 0.04071236092845286, "a": 2687285169.474406, "aRp": 30.95663394205825, "e": 0.0, "inc": 0.15163191531227863, "pomega": 1.313945442275479, "f": 2.1522061883278414, "P": 1162499.349052799, "RHill": 86798811.54911147, "spacing": "logarithmic", "period_ratio": 3.0}}