{"Planet": {"m": 5.059271226627044e+25, "Rp": 17531640.0, "Rstar": 695700000.0, "RpRstar": 0.0252, "rhostar": 1296.9974383629235, "impact": 0.26381518009748706, "q1": 0.25, "q2": 0.2, "a": 37155780378.48744, "Pp": 47.13570102991669, "rhoplan": 2241.4637557657397, "aRp": null, "e": null, "inc": null, "pomega": null, "f": null, "P": 4072524.568984802, "RHill": 779083566.7663913}, "I": {"m": 6.178100393488928e+22, "r": 1835446.1281883887, "msmp": 0.0012211443341826513, "rsrp": 0.10469335031910242, "a": 84240008.36754544, "aRp": 4.805027274547358, "e": 0.0, "inc": 0.08547732120228255, "pomega": 1.704798653703192, "f": 2.3564301332056656, "P": 83549.83968562362, "RHill": 6243100.353980255, "spacing": "linear", "period_ratio": NaN}, "II": {"m": 3.312894413899861e+22, "r": 1380795.019098252, "msmp": 0.0006548165270254799, "rsrp": 0.07876017412508197, "a": 161142716.32806078, "aRp": 9.191536919994979, "e": 0.0, "inc": 0.08547732120228255, "pomega": 3.3580700351602872, "f": 2.4456602875830535, "P": 221109.24437196093, "RHill": 9702347.067246826, "spacing": "linear", "period_ratio": 2.6464352918442176}, "III": {"m": 1.969829110967485e+22, "r": 1338773.7617842858, "msmp": 0.0003893503674205557, "rsrp": 0.07636329298253249, "a": 314760614.1166909, "aRp": 17.953860227376953, "e": 0.0, "inc": 0.08547732120228255, "pomega": 2.0698882290078564, "f": 5.109997291527592, "P": 603697.0745911646, "RHill": 15936275.486551411, "spacing": "linear", "period_ratio": 2.730311327804981}}