{"Planet": {"m": 5.554530467409718e+25, "Rp": 18591538.95, "Rstar": 660915000.0, "RpRstar": 0.02813, "rhostar": 1611.4118417511302, "impact": 0.19288809388759665, "q1": 0.25, "q2": 0.2, "a": 36019607851.05175, "Pp": 43.59127299204246, "rhoplan": 2063.539191354672, "aRp": null, "e": null, "inc": null, "pomega": null, "f": null, "P": 3766285.9865124687, "RHill": 762904806.6162534}, "I": {"m": 1.9984810992478205e+23, "r": 2723012.6723488932, "msmp": 0.0035979298537897582, "rsrp": 0.14646515706269134, "a": 88984718.58719999, "aRp": 4.786301920810057, "e": 0.0, "inc": -0.06844120409110677, "pomega": 3.4359893248982876, "f": 1.9775161677861945, "P": 86466.24487066318, "RHill": 9454224.490582066, "spacing": "logarithmic", "period_ratio": NaN}, "II": {"m": 1.1798261911222074e+23, "r": 1925624.83838976, "msmp": 0.0021240790703096167, "rsrp": 0.10357533303555595, "a": 205028723.49328274, "aRp": 11.028066264158447, "e": 0.0, "inc": -0.06844120409110677, "pomega": 3.370637662537384, "f": 4.575873128000975, "P": 302631.85704732116, "RHill": 18273897.42319273, "spacing": "logarithmic", "period_ratio": 3.5}, "III": {"m": 1.7095440728505452e+23, "r": 2188761.294014387, "msmp": 0.0030777472243261788, "rsrp": 0.11772889269149969, "a": 426612173.2403328, "aRp": 22.94657663293295, "e": 0.0, "inc": -0.06844120409110677, "pomega": 3.189663828307189, "f": 5.701304159620001, "P": 907895.5711419635, "RHill": 43026611.1459355, "spacing": "logarithmic", "period_ratio": 3.0}}