{"Planet": {"m": 3.4829225597060045e+25, "Rp": 14042843.639999999, "Rstar": 619173000.0, "RpRstar": 0.02268, "rhostar": 1719.8070396066664, "impact": 0.10801161263874359, "q1": 0.37871715999999994, "q2": 0.34367890802729933, "a": 63066869169.31595, "Pp": 107.80988139981939, "rhoplan": 3002.54847994397, "aRp": null, "e": null, "inc": null, "pomega": null, "f": null, "P": 9314773.752944395, "RHill": 1194191583.0318022}, "I": {"m": 9.608526968006333e+22, "r": 1577859.9786513748, "msmp": 0.002758754121945621, "rsrp": 0.11236043205358762, "a": 98874180.45724794, "aRp": 7.040894493449473, "e": 0.0, "inc": 0.16109254592114877, "pomega": 0.060952992778919884, "f": 3.0137170450278323, "P": 127947.32528380964, "RHill": 9614945.130830653, "spacing": "logarithmic", "period_ratio": NaN}, "II": {"m": 3.202842322668775e+22, "r": 1676432.7081839861, "msmp": 0.0009195847073152062, "rsrp": 0.11937986003125406, "a": 196300991.2556291, "aRp": 13.978720855117995, "e": 0.0, "inc": 0.16109254592114877, "pomega": 1.4741826913334644, "f": 5.909298392710954, "P": 358252.51079466695, "RHill": 13235671.747423733, "spacing": "logarithmic", "period_ratio": 2.8}}