{"Planet": {"m": 4.904551568329502e+25, "Rp": 17268665.4, "Rstar": 1370529000.0, "RpRstar": 0.012599999999999998, "rhostar": 254.46713424503747, "impact": 0.11794495965734819, "q1": 0.379456, "q2": 0.25681818181818183, "a": 248438013746.20868, "Pp": 665.4170997826851, "rhoplan": 2273.706336052107, "aRp": null, "e": null, "inc": null, "pomega": null, "f": null, "P": 57492037.42122399, "RHill": 4503834254.408916}, "I": {"m": 2.1888576621192995e+23, "r": 2635388.513325207, "msmp": 0.004462910893329291, "rsrp": 0.15261101262204127, "a": 1014363564.990559, "aRp": 58.740125046985916, "e": 0.0, "inc": -0.16350134116842568, "pomega": 0.30099467568147037, "f": 1.0211197243891217, "P": 3539980.447462634, "RHill": 115795752.2432745, "spacing": "logarithmic", "period_ratio": NaN}}