{"Planet": {"m": 3.075358646928502e+25, "Rp": 12879911.52, "Rstar": 793097999.9999999, "RpRstar": 0.01624, "rhostar": 1094.2954093524424, "impact": 0.1786020564517916, "q1": 0.25, "q2": 0.2, "a": 246131442602.4602, "Pp": 718.8017305311262, "rhoplan": 3436.1215812164623, "aRp": null, "e": null, "inc": null, "pomega": null, "f": null, "P": 62104469.5178893, "RHill": 4058423388.1982284}, "I": {"m": 2.0657490013693666e+23, "r": 2271871.7186817005, "msmp": 0.006717099494826473, "rsrp": 0.17638876751241073, "a": 168730303.78121534, "aRp": 13.100268858152479, "e": 0.0, "inc": 0.07866985637302173, "pomega": 4.428831887688942, "f": 4.81779995501009, "P": 302945.8665922891, "RHill": 22073943.70168927, "spacing": "logarithmic", "period_ratio": NaN}, "II": {"m": 7.945188466805257e+22, "r": 1939739.084614203, "msmp": 0.00258349980570249, "rsrp": 0.15060189517623357, "a": 1836790949.1463685, "aRp": 142.60897260778455, "e": 0.0, "inc": 0.07866985637302173, "pomega": 4.367878894910022, "f": 5.373289085077772, "P": 10903312.034352027, "RHill": 174751987.4051885, "spacing": "logarithmic", "period_ratio": 35.990958242800296}}