{"Planet": {"m": 8.859623976938862e+24, "Rp": 7223035.68, "Rstar": 584388000.0, "RpRstar": 0.01236, "rhostar": 2093.129530744896, "impact": 0.48041665314537774, "q1": 0.37871715999999994, "q2": 0.34367890802729933, "a": 54426028110.30786, "Pp": 85.44326506093873, "rhoplan": 5612.642751858847, "aRp": null, "e": null, "inc": null, "pomega": null, "f": null, "P": 7382298.101265106, "RHill": 648000178.9846878}, "I": {"m": 2.8065854439700468e+22, "r": 1414505.4654209027, "msmp": 0.0031678381060815243, "rsrp": 0.1958325457726249, "a": 311044009.53011954, "aRp": 43.06278181504422, "e": 0.0, "inc": -0.0179612341264343, "pomega": 5.375802610553191, "f": 2.0095636175977916, "P": 1415191.866673604, "RHill": 31673963.813971747, "spacing": "linear", "period_ratio": NaN}}