{"Planet": {"m": 3.8635261704263866e+25, "Rp": 15370447.950000001, "Rstar": 716571000.0, "RpRstar": 0.02145, "rhostar": 1728.7986519707888, "impact": 0.06655888091453732, "q1": 0.37871715999999994, "q2": 0.34367890802729933, "a": 23386477314.843006, "Pp": 19.503024890816178, "rhoplan": 2540.011455642308, "aRp": null, "e": null, "inc": null, "pomega": null, "f": null, "P": 1685061.3505665178, "RHill": 395411024.99599975}, "I": {"m": 2.761742468107381e+21, "r": 694261.4259291061, "msmp": 7.148243201372154e-05, "rsrp": 0.04516858768121368, "a": 48443714.08527245, "aRp": 3.1517438036197536, "e": 0.0, "inc": 0.16643378755641494, "pomega": 5.397167577094256, "f": 2.378423481115585, "P": 41718.213665407515, "RHill": 1394002.1833743197, "spacing": "logarithmic", "period_ratio": NaN}, "II": {"m": 1.4361060834158383e+22, "r": 1049005.213431934, "msmp": 0.00037170864647135204, "rsrp": 0.0682481874857742, "a": 122082724.38262047, "aRp": 7.9426913763187015, "e": 0.0, "inc": 0.16643378755641494, "pomega": 0.15269667263172712, "f": 4.797691751206735, "P": 166872.85466163006, "RHill": 6086225.163674793, "spacing": "logarithmic", "period_ratio": 4.0}, "III": {"m": 1.2335783024212973e+22, "r": 1209207.3470736435, "msmp": 0.0003192881963279563, "rsrp": 0.07867092429623324, "a": 214765483.08906254, "aRp": 13.972623555780137, "e": 0.0, "inc": 0.16643378755641494, "pomega": 3.2801507454222865, "f": 4.328919250041022, "P": 389369.9942104702, "RHill": 10177747.826104593, "spacing": "logarithmic", "period_ratio": 2.3333333333333335}, "IV": {"m": 5.707601100755259e+21, "r": 793614.9230698937, "msmp": 0.00014773035949502465, "rsrp": 0.05163251752008267, "a": 340899463.1177922, "aRp": 22.178889270289105, "e": 0.0, "inc": 0.16643378755641494, "pomega": 1.1675325833323005, "f": 1.3277698323902856, "P": 778739.9884209404, "RHill": 12495179.054781673, "spacing": "logarithmic", "period_ratio": 2.0}}