{"Planet": {"m": 4.375542498899137e+25, "Rp": 16493099.04, "Rstar": 612216000.0, "RpRstar": 0.02694, "rhostar": 1654.9819500229219, "impact": 0.4062832678223113, "q1": 0.39904488999999993, "q2": 0.24908975779642237, "a": 180093559312.96613, "Pp": 539.3946252108329, "rhoplan": 2328.286909729259, "aRp": null, "e": null, "inc": null, "pomega": null, "f": null, "P": 46603695.61821596, "RHill": 3769378648.701934}, "I": {"m": 6.94732307519164e+21, "r": 1015569.3240236816, "msmp": 0.00015877626778712696, "rsrp": 0.061575409300621144, "a": 94573168.91519892, "aRp": 5.734105439240661, "e": 0.0, "inc": 0.09699764629795468, "pomega": 0.00754057642625813, "f": 0.6761383528878123, "P": 106924.81077571034, "RHill": 3550771.4524032506, "spacing": "logarithmic", "period_ratio": NaN}, "II": {"m": 1.0549638743809526e+22, "r": 1096790.4848543804, "msmp": 0.00024110470293600757, "rsrp": 0.06649996354198698, "a": 150235972.00434357, "aRp": 9.109020181106217, "e": 0.0, "inc": 0.09699764629795468, "pomega": 1.8895427761465164, "f": 2.29861904727102, "P": 214076.7984193836, "RHill": 6483388.90528462, "spacing": "logarithmic", "period_ratio": 2.002124641290593}, "III": {"m": 1.1064255267897789e+22, "r": 939600.9155693597, "msmp": 0.00025286590795727605, "rsrp": 0.05696933688996751, "a": 320225527.94537854, "aRp": 19.415728188422893, "e": 0.0, "inc": 0.09699764629795468, "pomega": 2.4205250328288597, "f": 5.994758258875213, "P": 666177.678271221, "RHill": 14040383.132875212, "spacing": "logarithmic", "period_ratio": 3.1118630472329687}, "IV": {"m": 1.0420984612787465e+22, "r": 1254782.6922499067, "msmp": 0.00023816440168069055, "rsrp": 0.07607925528166275, "a": 446609456.84832215, "aRp": 27.078565148076756, "e": 0.0, "inc": 0.09699764629795468, "pomega": 5.158382656929415, "f": 3.3040292374387703, "P": 1097238.9480475031, "RHill": 19194631.521922685, "spacing": "logarithmic", "period_ratio": 1.6470665166910383}, "V": {"m": 3.2163532755516863e+21, "r": 747407.3926256127, "msmp": 7.350753138292917e-05, "rsrp": 0.04531637085383153, "a": 1043969137.2077026, "aRp": 63.297330275881414, "e": 0.0, "inc": 0.09699764629795468, "pomega": 4.551994635984491, "f": 5.119423012060415, "P": 3921719.9881703947, "RHill": 30322000.75790666, "spacing": "logarithmic", "period_ratio": 3.574171328085786}}