{"Planet": {"m": 4.5632067332925656e+23, "Rp": 3130650.0, "Rstar": 208710000.0, "RpRstar": 0.015, "rhostar": 15142.079594414165, "impact": 0.48399577949104355, "q1": 0.11235904, "q2": 0.15244630071599044, "a": 141567141868.93082, "Pp": 624.3884117029802, "rhoplan": 3550.4057150124, "aRp": null, "e": null, "inc": null, "pomega": null, "f": null, "P": 53947158.77113749, "RHill": 907912770.1068475}, "I": {"m": 3.720298768283091e+21, "r": 782621.7337405637, "msmp": 0.008152816617183423, "rsrp": 0.2499869783401414, "a": 408215427.5128695, "aRp": 130.3931859239677, "e": 0.0, "inc": 0.08711809477651464, "pomega": 2.751053632846508, "f": 5.88667666343218, "P": 9352180.300515467, "RHill": 56966327.217317514, "spacing": "logarithmic", "period_ratio": NaN}}