{"Planet": {"m": 1.7934429330607663e+25, "Rp": 9243070.2, "Rstar": 633087000.0, "RpRstar": 0.014599999999999998, "rhostar": 1833.3829563788615, "impact": 0.08203528979402508, "q1": 0.25, "q2": 0.2, "a": 205599074984.89645, "Pp": 594.4659815731208, "rhoplan": 5421.883708861559, "aRp": null, "e": null, "inc": null, "pomega": null, "f": null, "P": 51361860.80791763, "RHill": 2987440494.2506866}, "I": {"m": 1.918825573245523e+22, "r": 1054892.9307527621, "msmp": 0.0010699116977035746, "rsrp": 0.11412797998145273, "a": 151219423.16311696, "aRp": 16.360302355284176, "e": 0.0, "inc": 0.16444391322170795, "pomega": 1.665839008834192, "f": 4.11087091504839, "P": 337530.00585331325, "RHill": 10723827.121549433, "spacing": "logarithmic", "period_ratio": NaN}, "II": {"m": 4.4908683629150544e+21, "r": 943203.1436446287, "msmp": 0.0002504048654199856, "rsrp": 0.1020443557428168, "a": 1370432527.7923403, "aRp": 148.26594390599138, "e": 0.0, "inc": 0.16444391322170795, "pomega": 1.307033247218076, "f": 1.3208576373328824, "P": 9212242.145048814, "RHill": 59891450.00042888, "spacing": "logarithmic", "period_ratio": 27.29310575443284}}