{"Planet": {"m": 3.944499146148222e+25, "Rp": 15438974.4, "Rstar": 507861000.0, "RpRstar": 0.0304, "rhostar": 2790.444799884824, "impact": 0.2852279559009977, "q1": 0.39050001, "q2": 0.361577852456393, "a": 171799087996.88373, "Pp": 512.2602216165856, "rhoplan": 2558.8681919253877, "aRp": null, "e": null, "inc": null, "pomega": null, "f": null, "P": 44259283.147672996, "RHill": 3518132399.288513}, "I": {"m": 2.4998492516400136e+22, "r": 1285700.3795095263, "msmp": 0.0006337558100579386, "rsrp": 0.08327628158445073, "a": 70453827.80176595, "aRp": 4.563374870403694, "e": 0.0, "inc": 0.08278924534662571, "pomega": 5.195457157691852, "f": 2.117645213040825, "P": 72393.63586384876, "RHill": 4196025.897461914, "spacing": "logarithmic", "period_ratio": NaN}, "II": {"m": 8.151682342304389e+22, "r": 1921077.552947764, "msmp": 0.0020665950327976254, "rsrp": 0.12443038657721746, "a": 177617219.12197998, "aRp": 11.504470084617795, "e": 0.0, "inc": 0.08278924534662571, "pomega": 0.40090731332939056, "f": 1.9699755913599364, "P": 289574.54345539503, "RHill": 15686634.408695603, "spacing": "logarithmic", "period_ratio": 4.0}, "III": {"m": 9.23857332127831e+22, "r": 2093562.6119621424, "msmp": 0.0023421410371706423, "rsrp": 0.1356024407918017, "a": 447608366.31683743, "aRp": 28.992104962414952, "e": 0.0, "inc": 0.08278924534662571, "pomega": 3.2751236944714477, "f": 3.6307875492432893, "P": 1158298.1738215801, "RHill": 41215647.307811804, "spacing": "logarithmic", "period_ratio": 4.0}, "IV": {"m": 1.9564037621530545e+22, "r": 1454390.8379583973, "msmp": 0.0004959828078714304, "rsrp": 0.09420255518775893, "a": 1188993225.954332, "aRp": 77.01244882913544, "e": 0.0, "inc": 0.08278924534662571, "pomega": 3.3197387716601416, "f": 2.4821064069766345, "P": 5019292.08656018, "RHill": 65257109.97445921, "spacing": "logarithmic", "period_ratio": 4.333333333333333}, "V": {"m": 5.760522188561772e+22, "r": 1665910.8777350865, "msmp": 0.0014603938231769896, "rsrp": 0.10790294967618357, "a": 2997037549.808764, "aRp": 194.1215440974346, "e": 0.0, "inc": 0.08278924534662571, "pomega": 2.54117425564899, "f": 6.1342589227609885, "P": 20077168.34624072, "RHill": 235762699.2647461, "spacing": "logarithmic", "period_ratio": 4.0}}