{"Planet": {"m": 1.9480876045945105e+26, "Rp": 40854982.5, "Rstar": 563517000.0, "RpRstar": 0.0725, "rhostar": 2148.7270603681236, "impact": 0.16449112657204734, "q1": 0.39904488999999993, "q2": 0.24908975779642237, "a": 86459415721.50891, "Pp": 178.30354623201373, "rhoplan": 682.000647966685, "aRp": null, "e": null, "inc": null, "pomega": null, "f": null, "P": 15405426.394445986, "RHill": 2964679356.5453677}, "I": {"m": 3.2104504117870224e+22, "r": 1410830.665874608, "msmp": 0.00016480010468806764, "rsrp": 0.03453264643730072, "a": 90667256.03597486, "aRp": 2.2192459888087055, "e": 0.0, "inc": 0.055349925573297515, "pomega": 0.41221817796877774, "f": 5.832635865710663, "P": 47567.75890621811, "RHill": 3446639.6665738234, "spacing": "logarithmic", "period_ratio": NaN}, "II": {"m": 4.5324005813463835e+22, "r": 1688115.690140509, "msmp": 0.00023265897132433074, "rsrp": 0.04131970170689729, "a": 180526293.0642469, "aRp": 4.418709347488936, "e": 0.0, "inc": 0.055349925573297515, "pomega": 3.3882323408653194, "f": 2.9364261366586866, "P": 133638.91662766624, "RHill": 7698509.452853342, "spacing": "logarithmic", "period_ratio": 2.8094431964125355}, "III": {"m": 4.28060054904936e+22, "r": 1570909.7962480187, "msmp": 0.00021973347291742335, "rsrp": 0.038450874290498566, "a": 337717918.14094514, "aRp": 8.266260257018716, "e": 0.0, "inc": 0.055349925573297515, "pomega": 2.974757400158832, "f": 4.894462482010381, "P": 341944.9630727445, "RHill": 14130117.017779952, "spacing": "logarithmic", "period_ratio": 2.5587229506315396}, "IV": {"m": 3.7770004844553175e+22, "r": 1681618.5585587106, "msmp": 0.00019388247610360883, "rsrp": 0.04116067259504298, "a": 1426599896.9099216, "aRp": 34.91862704652784, "e": 0.0, "inc": 0.055349925573297515, "pomega": 4.328290868672166, "f": 5.269606159216723, "P": 2968820.5705356854, "RHill": 57249885.51965799, "spacing": "logarithmic", "period_ratio": 8.682159093257667}}