{"Planet": {"m": 5.110980336993698e+26, "Rp": 54324221.49, "Rstar": 535689000.0, "RpRstar": 0.10141, "rhostar": 2501.2905040579667, "impact": 0.3958694484291363, "q1": 0.39904488999999993, "q2": 0.24908975779642237, "a": 194196796238.44348, "Pp": 600.1530174325244, "rhoplan": 761.0883374893053, "aRp": null, "e": null, "inc": null, "pomega": null, "f": null, "P": 51853220.706170104, "RHill": 9184159192.669535}, "I": {"m": 9.876007147490726e+23, "r": 3094452.510505018, "msmp": 0.0019323117085791488, "rsrp": 0.05696266647971466, "a": 115251949.46132326, "aRp": 2.121557314586438, "e": 0.0, "inc": 0.009931916635511295, "pomega": 3.8394101637030977, "f": 0.6472328099204895, "P": 42051.1745095399, "RHill": 9953296.091479886, "spacing": "logarithmic", "period_ratio": NaN}, "II": {"m": 6.172504467181703e+23, "r": 3914055.927487454, "msmp": 0.0012076948178619679, "rsrp": 0.07204992211822038, "a": 290346685.7829461, "aRp": 5.3447003531637005, "e": 0.0, "inc": 0.009931916635511295, "pomega": 3.0784403260198814, "f": 3.322252297135561, "P": 168204.6980381596, "RHill": 21438555.626565717, "spacing": "logarithmic", "period_ratio": 4.0}, "III": {"m": 1.1110508040927068e+24, "r": 3636910.496235791, "msmp": 0.0021738506721515425, "rsrp": 0.06694823039305356, "a": 604139648.9120286, "aRp": 11.120999663533853, "e": 0.0, "inc": 0.009931916635511295, "pomega": 4.006559607818486, "f": 6.04754229385902, "P": 504614.0941144788, "RHill": 54263377.66334473, "spacing": "logarithmic", "period_ratio": 3.0}}