{"Planet": {"m": 3.706532754861441e+25, "Rp": 14836219.92, "Rstar": 1280088000.0, "RpRstar": 0.01159, "rhostar": 319.0927483590364, "impact": 0.422603827588263, "q1": 0.25877569000000006, "q2": 0.04885000982897582, "a": 167525498303.678, "Pp": 364.5182355664295, "rhoplan": 2709.62659379688, "aRp": null, "e": null, "inc": null, "pomega": null, "f": null, "P": 31494375.552939508, "RHill": 2746553775.617307}, "I": {"m": 2.9587635061662773e+22, "r": 1636478.0708221465, "msmp": 0.0007982564034502598, "rsrp": 0.11030289923217494, "a": 51814485.29774395, "aRp": 3.49243173646242, "e": 0.0, "inc": 0.03196017462147832, "pomega": 2.0007662784338236, "f": 3.172697531348108, "P": 47097.36370095316, "RHill": 3332664.335134091, "spacing": "logarithmic", "period_ratio": NaN}, "II": {"m": 4.745186755172331e+22, "r": 1892614.941976336, "msmp": 0.001280222533835322, "rsrp": 0.12756719381228585, "a": 75251713.65316053, "aRp": 5.072162185444372, "e": 0.0, "inc": 0.03196017462147832, "pomega": 5.8156695687515825, "f": 0.06032461141006504, "P": 82411.8868789143, "RHill": 5665494.188561991, "spacing": "logarithmic", "period_ratio": 1.7498195313477056}, "III": {"m": 2.3446805143204473e+22, "r": 1443759.7433431833, "msmp": 0.0006325805461303948, "rsrp": 0.09731318025266798, "a": 248231549.50507188, "aRp": 16.731455238840372, "e": 0.0, "inc": 0.03196017462147832, "pomega": 2.8811285761994605, "f": 4.638082883517605, "P": 493902.50972965325, "RHill": 14774807.706741147, "spacing": "logarithmic", "period_ratio": 5.993097942962181}, "IV": {"m": 2.9587635061662773e+22, "r": 1548292.262375508, "msmp": 0.0007982564034502598, "rsrp": 0.10435894525183798, "a": 418489448.41929847, "aRp": 28.20728262831645, "e": 0.0, "inc": 0.03196017462147832, "pomega": 3.8526061724490495, "f": 0.47442793348540735, "P": 1081051.9983019407, "RHill": 26916891.123449214, "spacing": "logarithmic", "period_ratio": 2.188796325197203}}