{"Planet": {"m": 4.421394484999973e+25, "Rp": 16487533.440000001, "Rstar": 640044000.0, "RpRstar": 0.02576, "rhostar": 1466.4688009691888, "impact": 0.06975792049172114, "q1": 0.37871715999999994, "q2": 0.34367890802729933, "a": 207110417782.03882, "Pp": 661.0963441838071, "rhoplan": 2355.068739093028, "aRp": null, "e": null, "inc": null, "pomega": null, "f": null, "P": 57118724.13748094, "RHill": 4331958676.417359}, "I": {"m": 3.4238509001707205e+22, "r": 1738646.3847615581, "msmp": 0.0007743825871648594, "rsrp": 0.1054521824679652, "a": 81689048.4147115, "aRp": 4.954594858714749, "e": 0.0, "inc": -0.042014276523155814, "pomega": 1.326513069652576, "f": 5.057213256543785, "P": 85364.05550875676, "RHill": 5201260.5744948005, "spacing": "logarithmic", "period_ratio": NaN}, "II": {"m": 1.0984854971381054e+23, "r": 1642461.5742866502, "msmp": 0.0024844774671539224, "rsrp": 0.09961839230008258, "a": 146970888.3955539, "aRp": 8.914061580551001, "e": 0.0, "inc": -0.042014276523155814, "pomega": 2.9483653826669287, "f": 6.144941406031521, "P": 205828.50736821623, "RHill": 13801806.10409591, "spacing": "logarithmic", "period_ratio": 2.4111847327485756}, "III": {"m": 2.4252277209542596e+22, "r": 1407018.3515584832, "msmp": 0.0005485209992417753, "rsrp": 0.08533831677605277, "a": 300107123.66274387, "aRp": 18.202063077225446, "e": 0.0, "inc": -0.042014276523155814, "pomega": 2.886784008519154, "f": 5.789277551259679, "P": 601163.7064384142, "RHill": 17033359.22948062, "spacing": "logarithmic", "period_ratio": 2.9207018703340464}, "IV": {"m": 2.56788817512804e+22, "r": 1430325.6538871732, "msmp": 0.0005807869403736445, "rsrp": 0.08675194862180508, "a": 747764869.7061826, "aRp": 45.35334969462737, "e": 0.0, "inc": -0.042014276523155814, "pomega": 5.463147620824015, "f": 1.1423973285781066, "P": 2364388.733385916, "RHill": 43257716.209195755, "spacing": "logarithmic", "period_ratio": 3.933019754957769}, "V": {"m": 7.70366452538412e+22, "r": 1734406.577652444, "msmp": 0.0017423608211209335, "rsrp": 0.10519503017016739, "a": 1505312432.8068771, "aRp": 91.30003819460802, "e": 0.0, "inc": -0.042014276523155814, "pomega": 1.2234585251603816, "f": 5.407221678995934, "P": 6749309.241827498, "RHill": 125593046.73240435, "spacing": "logarithmic", "period_ratio": 2.854568348480569}}