{"Planet": {"m": 1.719246752738717e+28, "Rp": 62078702.39999999, "Rstar": 459162000.0, "RpRstar": 0.1352, "rhostar": 3677.7376667176036, "impact": 0.05939929362242646, "q1": 0.40411449000000005, "q2": 0.2892873997168476, "a": 119770190566.48431, "Pp": 300.40955105666774, "rhoplan": 17156.224156070828, "aRp": null, "e": null, "inc": null, "pomega": null, "f": null, "P": 25955385.211296093, "RHill": 18759964057.934734}, "I": {"m": 3.2379253448352595e+24, "r": 4833015.102637583, "msmp": 0.0001883339514631815, "rsrp": 0.0778530303596936, "a": 943185891.7519913, "aRp": 15.193389283085134, "e": 0.0, "inc": -0.07231622253237831, "pomega": 1.7129676114983052, "f": 3.6678620500057253, "P": 169888.0970294727, "RHill": 37485768.36106524, "spacing": "linear", "period_ratio": NaN}, "II": {"m": 1.7988474137973669e+24, "r": 4489511.779441344, "msmp": 0.00010462997303510086, "rsrp": 0.0723196781806661, "a": 2376613216.090981, "aRp": 38.283873924706604, "e": 0.0, "inc": -0.07231622253237831, "pomega": 3.652152515784354, "f": 1.1863840243979458, "P": 679552.3881178908, "RHill": 77649165.74716593, "spacing": "linear", "period_ratio": 4.0}, "III": {"m": 1.5829857241416827e+25, "r": 5217851.25031073, "msmp": 0.0009207437627088875, "rsrp": 0.08405219581894371, "a": 6479650792.369227, "aRp": 104.37799989146082, "e": 0.0, "inc": -0.07231622253237831, "pomega": 0.6422057589696507, "f": 2.386592438910698, "P": 3057985.7465305086, "RHill": 437076487.916561, "spacing": "linear", "period_ratio": 4.5}, "IV": {"m": 5.756311724151572e+24, "r": 7297392.653812416, "msmp": 0.0003348159137123226, "rsrp": 0.11755066345929964, "a": 13475586279.572617, "aRp": 217.07261522226372, "e": 0.0, "inc": -0.07231622253237831, "pomega": 0.7886186179128294, "f": 4.927766694559688, "P": 9173957.239591526, "RHill": 648797669.7313865, "spacing": "linear", "period_ratio": 3.0}}