{"Planet": {"m": 1.6852469043771235e+25, "Rp": 9199936.799999999, "Rstar": 556560000.0, "RpRstar": 0.01653, "rhostar": 2505.6633596090787, "impact": 0.12445113076603653, "q1": 0.37871715999999994, "q2": 0.34367890802729933, "a": 117178394758.77747, "Pp": 265.4354392847362, "rhoplan": 5166.785082219993, "aRp": null, "e": null, "inc": null, "pomega": null, "f": null, "P": 22933621.95420121, "RHill": 1709408547.2132483}, "I": {"m": 1.9470208541107746e+22, "r": 1149143.4073285407, "msmp": 0.0011553326987598913, "rsrp": 0.12490775016286425, "a": 32470734.204931065, "aRp": 3.5294518767706173, "e": 0.0, "inc": 0.08153248260891602, "pomega": 4.2629392063112626, "f": 5.280288642487255, "P": 34644.36998784422, "RHill": 2362403.3265245063, "spacing": "logarithmic", "period_ratio": NaN}, "II": {"m": 1.124335986176644e+22, "r": 1200069.3736806728, "msmp": 0.0006671639528050074, "rsrp": 0.13044321931436234, "a": 63954519.31492476, "aRp": 6.951625941052635, "e": 0.0, "inc": 0.08153248260891602, "pomega": 5.505877553906144, "f": 5.495195070635612, "P": 95787.15440465882, "RHill": 3874732.0815177313, "spacing": "logarithmic", "period_ratio": 2.764869282895546}, "III": {"m": 1.3162957886946084e+22, "r": 1205581.1982215443, "msmp": 0.000781069993527814, "rsrp": 0.1310423347931634, "a": 104113087.1726282, "aRp": 11.316717650998234, "e": 0.0, "inc": 0.08153248260891602, "pomega": 3.6100509640710796, "f": 4.3898722428199415, "P": 198945.29979645452, "RHill": 6648059.3935698895, "spacing": "logarithmic", "period_ratio": 2.076951769085839}, "IV": {"m": 9.872218415209564e+21, "r": 925429.7306459346, "msmp": 0.0005858024951458606, "rsrp": 0.100590879129293, "a": 255090471.7223556, "aRp": 27.72741566250277, "e": 0.0, "inc": 0.08153248260891602, "pomega": 5.23944385351169, "f": 1.6413321354488528, "P": 763061.2940459097, "RHill": 14799176.771578256, "spacing": "logarithmic", "period_ratio": 3.83553315824307}, "V": {"m": 2.056712169835325e+22, "r": 983315.453909116, "msmp": 0.0012204218648872091, "rsrp": 0.10688284879403911, "a": 741294709.2914966, "aRp": 80.57606540204675, "e": 0.0, "inc": 0.08153248260891602, "pomega": 2.1264425522047925, "f": 2.5267214841653285, "P": 3778911.652458923, "RHill": 54927159.713778615, "spacing": "logarithmic", "period_ratio": 4.9523042014388485}}