{"Planet": {"m": 4.111571834993245e+25, "Rp": 15937513.02, "Rstar": 619173000.0, "RpRstar": 0.02574, "rhostar": 1839.793577253643, "impact": 0.11619717924609108, "q1": 0.37871715999999994, "q2": 0.34367890802729933, "a": 34800744451.659195, "Pp": 42.726204646416925, "rhoplan": 2424.697783098692, "aRp": null, "e": null, "inc": null, "pomega": null, "f": null, "P": 3691544.0814504223, "RHill": 680956700.6620765}, "I": {"m": 1.4732044926450752e+22, "r": 1120082.153300078, "msmp": 0.0003583068840258985, "rsrp": 0.07027960710648429, "a": 111919419.72535059, "aRp": 7.022389226280336, "e": 0.0, "inc": -0.10879725200200675, "pomega": 2.4532008640093115, "f": 6.125461583597021, "P": 141988.59068009254, "RHill": 5511672.645118892, "spacing": "linear", "period_ratio": NaN}, "II": {"m": 2.809366706904563e+22, "r": 1135601.4471604761, "msmp": 0.0006832828951191556, "rsrp": 0.0712533659257507, "a": 266154261.37158334, "aRp": 16.69986158051047, "e": 0.0, "inc": -0.10879725200200675, "pomega": 3.940579564088728, "f": 1.4220270377185122, "P": 520624.8324936726, "RHill": 16253985.030402899, "spacing": "linear", "period_ratio": 3.6666666666666665}, "III": {"m": 1.062077657488311e+22, "r": 1104043.1774510702, "msmp": 0.0002583142652279736, "rsrp": 0.06927324081653174, "a": 670571760.1655035, "aRp": 42.075056461067824, "e": 0.0, "inc": -0.10879725200200675, "pomega": 6.00732588625231, "f": 3.7099636017189996, "P": 2082499.3299746905, "RHill": 29611083.928614967, "spacing": "linear", "period_ratio": 4.0}}