{"Planet": {"m": 6.48909389917624e+25, "Rp": 20721424.499999996, "Rstar": 800054999.9999999, "RpRstar": 0.0259, "rhostar": 1028.9179616874196, "impact": 0.09781412809363521, "q1": 0.37234403999999993, "q2": 0.25901343821697803, "a": 66454674818.65717, "Pp": 102.64333188828057, "rhoplan": 1741.1517588847692, "aRp": null, "e": null, "inc": null, "pomega": null, "f": null, "P": 8868383.875147441, "RHill": 1422121958.031602}, "I": {"m": 1.6228425443790767e+22, "r": 1346108.6810436219, "msmp": 0.000250087696309201, "rsrp": 0.06496216903638175, "a": 72479191.43106404, "aRp": 3.4977900014096064, "e": 0.0, "inc": 0.14444043964649542, "pomega": 4.511149847008926, "f": 5.112510817003012, "P": 58904.80027827408, "RHill": 3166190.417767191, "spacing": "linear", "period_ratio": NaN}, "II": {"m": 1.119201754744191e+22, "r": 1024917.8315011059, "msmp": 0.0001724742733166904, "rsrp": 0.049461745812943804, "a": 184669365.52466816, "aRp": 8.912001466147666, "e": 0.0, "inc": 0.14444043964649542, "pomega": 3.62827402376787, "f": 0.05152727224609722, "P": 239574.07155607466, "RHill": 7127368.50190301, "spacing": "linear", "period_ratio": 4.067140036538533}, "III": {"m": 3.1897250010209425e+22, "r": 1644880.867671816, "msmp": 0.0004915516789525674, "rsrp": 0.07938068484007053, "a": 326818129.0227655, "aRp": 15.771991400628156, "e": 0.0, "inc": 0.14444043964649542, "pomega": 3.3750363321193677, "f": 1.8933130643596454, "P": 563945.9388041589, "RHill": 17883620.65533961, "spacing": "linear", "period_ratio": 2.3539523085333625}, "IV": {"m": 3.973166229341876e+22, "r": 1603045.4143382646, "msmp": 0.0006122836702742505, "rsrp": 0.07736173805706577, "a": 460521925.5374177, "aRp": 22.224433727392526, "e": 0.0, "inc": 0.14444043964649542, "pomega": 3.1349946492168175, "f": 2.563167603558909, "P": 943251.5554112892, "RHill": 27114032.9354161, "spacing": "linear", "period_ratio": 1.6725921591197972}, "V": {"m": 1.7907228075907049e+22, "r": 1208494.0875645843, "msmp": 0.0002759588373067045, "rsrp": 0.05832099465770727, "a": 659299676.9470705, "aRp": 31.817295039106533, "e": 0.0, "inc": 0.14444043964649542, "pomega": 0.5611445623873759, "f": 0.9532545365527986, "P": 1616029.767279731, "RHill": 29761664.287738882, "spacing": "linear", "period_ratio": 1.7132542830264277}}