{"Planet": {"m": 3.075358646928502e+25, "Rp": 13302410.13, "Rstar": 744399000.0, "RpRstar": 0.01787, "rhostar": 1139.2922746911336, "impact": 0.23545839870593954, "q1": 0.29822521, "q2": 0.23274125618018676, "a": 54381169103.18375, "Pp": 80.4566839683135, "rhoplan": 3119.005641890438, "aRp": null, "e": null, "inc": null, "pomega": null, "f": null, "P": 6951457.494862286, "RHill": 942597630.0439204}, "I": {"m": 1.00413279294056e+22, "r": 1130479.5763171818, "msmp": 0.00032650916794482894, "rsrp": 0.08498306436723747, "a": 47732898.659813166, "aRp": 3.5882895049344836, "e": 0.0, "inc": -0.01604117994382226, "pomega": 2.205618604680503, "f": 0.23564301332056656, "P": 45728.28828317353, "RHill": 2278990.510983278, "spacing": "logarithmic", "period_ratio": NaN}, "II": {"m": 4.5129563727665645e+21, "r": 842282.453180294, "msmp": 0.00014674569345835017, "rsrp": 0.06331803372087837, "a": 75766714.45486735, "aRp": 5.69571331167996, "e": 0.0, "inc": -0.01604117994382226, "pomega": 1.9052523103678873, "f": 0.8376323646835072, "P": 91456.57656634707, "RHill": 2770935.978307625, "spacing": "logarithmic", "period_ratio": 2.0}, "III": {"m": 6.092491103234859e+21, "r": 1012085.9440907283, "msmp": 0.0001981066861687726, "rsrp": 0.07608290033159038, "a": 169072011.2968485, "aRp": 12.70987810814464, "e": 0.0, "inc": -0.01604117994382226, "pomega": 1.6205955502766431, "f": 3.48814497851324, "P": 304855.2552211569, "RHill": 6833832.743205787, "spacing": "logarithmic", "period_ratio": 3.3333333333333335}, "IV": {"m": 7.672025833703154e+21, "r": 1002213.5927215099, "msmp": 0.0002494676788791951, "rsrp": 0.07534075276038041, "a": 250184743.66560507, "aRp": 18.807474827541274, "e": 0.0, "inc": -0.01604117994382226, "pomega": 5.09931480825706, "f": 2.278510843467665, "P": 548739.4593980825, "RHill": 10920063.570961583, "spacing": "logarithmic", "period_ratio": 1.8}}