{"Planet": {"m": 6.905705962264784e+25, "Rp": 21508956.900000002, "Rstar": 598302000.0, "RpRstar": 0.03595, "rhostar": 1972.6314092370762, "impact": 0.32982572842924085, "q1": 0.37871715999999994, "q2": 0.34367890802729933, "a": 128490411401.71333, "Pp": 308.18600392054213, "rhoplan": 1656.7669610143391, "aRp": null, "e": null, "inc": null, "pomega": null, "f": null, "P": 26627270.73873484, "RHill": 3021813728.600124}, "I": {"m": 1.4401334796408119e+22, "r": 1031545.0694378845, "msmp": 0.00020854254257424363, "rsrp": 0.04795886077757143, "a": 57080465.16378228, "aRp": 2.653799783465198, "e": 0.0, "inc": -0.028992818157441563, "pomega": 5.9979001657194875, "f": 0.9733627403561536, "P": 39907.90603375858, "RHill": 2346993.9682391677, "spacing": "logarithmic", "period_ratio": NaN}, "II": {"m": 1.0698134420188895e+22, "r": 1079911.843614633, "msmp": 0.0001549173173408668, "rsrp": 0.05020754138080182, "a": 128716879.49375847, "aRp": 5.984338528929706, "e": 0.0, "inc": -0.028992818157441563, "pomega": 1.6677241529407563, "f": 4.237803951557069, "P": 135142.69700706526, "RHill": 4793231.523972329, "spacing": "logarithmic", "period_ratio": 3.3863640175143845}, "III": {"m": 2.2630668965784201e+21, "r": 876802.0401270863, "msmp": 3.2770970975952595e-05, "rsrp": 0.04076450774454275, "a": 182003040.1895043, "aRp": 8.461732525462649, "e": 0.0, "inc": -0.028992818157441563, "pomega": 3.1902922096760435, "f": 2.3645990910007786, "P": 227239.49371559333, "RHill": 4038325.5564395096, "spacing": "logarithmic", "period_ratio": 1.6814781615888075}, "IV": {"m": 1.254973460829851e+22, "r": 1041869.9807272115, "msmp": 0.0001817299299575553, "rsrp": 0.04843888922977996, "a": 1170030155.318749, "aRp": 54.397345290080004, "e": 0.0, "inc": -0.028992818157441563, "pomega": 3.0671294613804942, "f": 5.288457600282368, "P": 3703642.7567886366, "RHill": 45951404.47317147, "spacing": "logarithmic", "period_ratio": 16.298411408291614}}