{"Planet": {"m": 4.560872403498204e+25, "Rp": 17109906.66, "Rstar": 535689000.0, "RpRstar": 0.03194, "rhostar": 2470.410374378239, "impact": 0.4012343844468518, "q1": 0.37871715999999994, "q2": 0.34367890802729933, "a": 110430897656.5265, "Pp": 258.99715476567235, "rhoplan": 2173.784021569083, "aRp": null, "e": null, "inc": null, "pomega": null, "f": null, "P": 22377354.171754092, "RHill": 2343513857.3461747}, "I": {"m": 2.9823183192838436e+22, "r": 1634821.6666324076, "msmp": 0.000653892074901371, "rsrp": 0.09554825161345488, "a": 75744601.64845662, "aRp": 4.426944176471423, "e": 0.0, "inc": -0.17146083850725372, "pomega": 1.7927720453428704, "f": 2.9571627218308967, "P": 75047.91476782173, "RHill": 4558409.0306325685, "spacing": "logarithmic", "period_ratio": NaN}, "II": {"m": 2.7692955821921417e+22, "r": 1329818.948400318, "msmp": 0.0006071854981227019, "rsrp": 0.07772216265265809, "a": 133248640.14363936, "aRp": 7.787806373903349, "e": 0.0, "inc": -0.17146083850725372, "pomega": 0.15709534221371105, "f": 5.957683758112777, "P": 175111.80112491737, "RHill": 7823411.320518187, "spacing": "logarithmic", "period_ratio": 2.3333333333333335}, "III": {"m": 1.3846477910960709e+23, "r": 2137484.0574807236, "msmp": 0.00303592749061351, "rsrp": 0.12492669305308318, "a": 336036978.0015708, "aRp": 19.639907141467177, "e": 0.0, "inc": -0.17146083850725372, "pomega": 0.1866292665498887, "f": 2.8553649400764116, "P": 700447.2044996695, "RHill": 33737309.898944676, "spacing": "logarithmic", "period_ratio": 4.0}, "IV": {"m": 1.618972801896944e+23, "r": 2213447.0369830276, "msmp": 0.0035496998351788717, "rsrp": 0.12936640047006706, "a": 602469913.350539, "aRp": 35.21175920608669, "e": 0.0, "inc": -0.17146083850725372, "pomega": 0.0, "f": 4.05494497322031, "P": 1681073.2907992068, "RHill": 63722404.56155657, "spacing": "logarithmic", "period_ratio": 2.4}}