{"Planet": {"m": 6.625094334937938e+25, "Rp": 21467910.6, "Rstar": 772227000.0000001, "RpRstar": 0.0278, "rhostar": 1092.6679884895682, "impact": 0.12241118067051504, "q1": 0.37234403999999993, "q2": 0.25901343821697803, "a": 126168205120.1619, "Pp": 274.77387475328777, "rhoplan": 1598.579072172459, "aRp": null, "e": null, "inc": null, "pomega": null, "f": null, "P": 23740462.778684065, "RHill": 2760808416.1593623}, "I": {"m": 7.077246782812146e+21, "r": 1108919.6934691719, "msmp": 0.00010682484542883786, "rsrp": 0.05165475644700942, "a": 118889970.34169427, "aRp": 5.538031742208497, "e": 0.0, "inc": -0.16203511797443104, "pomega": 2.745398200526814, "f": 5.202997734118109, "P": 122482.94098481197, "RHill": 3911369.91967873, "spacing": "logarithmic", "period_ratio": NaN}, "II": {"m": 1.2799276096575156e+22, "r": 1171829.7411780534, "msmp": 0.0001931938693925791, "rsrp": 0.054585178921792855, "a": 228009541.74518996, "aRp": 10.620947049462277, "e": 0.0, "inc": -0.16203511797443104, "pomega": 0.5931920121989729, "f": 0.5655432319693597, "P": 325288.38655767986, "RHill": 9139246.346177077, "spacing": "logarithmic", "period_ratio": 2.655785237864398}, "III": {"m": 1.2347536940225438e+22, "r": 1149636.0094065513, "msmp": 0.00018637526223754677, "rsrp": 0.053551369335707553, "a": 342208136.4860482, "aRp": 15.940449113200993, "e": 0.0, "inc": -0.16203511797443104, "pomega": 1.947353862081162, "f": 5.954541851268503, "P": 598103.0307148886, "RHill": 13553329.671198998, "spacing": "logarithmic", "period_ratio": 1.8386854724333463}, "IV": {"m": 7.980725095511571e+21, "r": 846749.2567230903, "msmp": 0.00012046205973890231, "rsrp": 0.039442555565844875, "a": 611087924.635725, "aRp": 28.46517930979855, "e": 0.0, "inc": -0.16203511797443104, "pomega": 1.0066669529054604, "f": 3.213542320323673, "P": 1427283.9093187733, "RHill": 20925702.433582682, "spacing": "logarithmic", "period_ratio": 2.386351240542617}}