{"Planet": {"m": 7.503089287612524e+25, "Rp": 22735476.0, "Rstar": 660915000.0, "RpRstar": 0.0344, "rhostar": 1594.9688637740778, "impact": 0.13739109472114241, "q1": 0.37871715999999994, "q2": 0.34367890802729933, "a": 186166113181.57822, "Pp": 514.8336700286222, "rhoplan": 1524.1908553685614, "aRp": null, "e": null, "inc": null, "pomega": null, "f": null, "P": 44481629.09047296, "RHill": 4373687035.147987}, "I": {"m": 8.64378526935642e+22, "r": 2000317.3879705356, "msmp": 0.001152030175574102, "rsrp": 0.08798220842046744, "a": 78110030.1429127, "aRp": 3.435601266624578, "e": 0.0, "inc": 0.03468316055318266, "pomega": 4.034208388048099, "f": 5.3091941854545786, "P": 61258.61042083899, "RHill": 5677463.342277766, "spacing": "logarithmic", "period_ratio": NaN}, "II": {"m": 5.593037527230626e+22, "r": 1532125.317422011, "msmp": 0.0007454312900773603, "rsrp": 0.06738919024268553, "a": 162453411.70586675, "aRp": 7.1453710362548275, "e": 0.0, "inc": 0.03468316055318266, "pomega": 4.205756501745472, "f": 0.3814274908948904, "P": 183775.83126251696, "RHill": 10213100.944831831, "spacing": "logarithmic", "period_ratio": 3.0}, "III": {"m": 6.101495484251593e+22, "r": 1669896.1246449107, "msmp": 0.000813197770993484, "rsrp": 0.07344891853792332, "a": 453673236.42210287, "aRp": 19.954419974409284, "e": 0.0, "inc": 0.03468316055318266, "pomega": 3.612564489546499, "f": 5.380201280135176, "P": 857620.5458917458, "RHill": 29360816.893291846, "spacing": "logarithmic", "period_ratio": 4.666666666666667}, "IV": {"m": 8.135327312335454e+22, "r": 2172578.4751110612, "msmp": 0.0010842636946579783, "rsrp": 0.09555896147109746, "a": 1095140588.127273, "aRp": 48.16879963838334, "e": 0.0, "inc": 0.03468316055318266, "pomega": 2.5857893328376838, "f": 5.23944385351169, "P": 3216077.047094047, "RHill": 78008350.64464791, "spacing": "logarithmic", "period_ratio": 3.75}, "V": {"m": 9.91493016190883e+22, "r": 1989285.4342597153, "msmp": 0.0013214463778644105, "rsrp": 0.08749697759834521, "a": 2759799280.6095514, "aRp": 121.38735430960634, "e": 0.0, "inc": 0.03468316055318266, "pomega": 3.2713534062583185, "f": 0.4128465593376326, "P": 12864308.188376188, "RHill": 209984349.46981403, "spacing": "logarithmic", "period_ratio": 4.0}}