{"Planet": {"m": 3.075358646928502e+25, "Rp": 13064550.3, "Rstar": 619173000.0, "RpRstar": 0.0211, "rhostar": 1819.795820979147, "impact": 0.04089939751881433, "q1": 0.25, "q2": 0.2, "a": 53855567169.55961, "Pp": 82.70501181042316, "rhoplan": 3292.4846969037135, "aRp": null, "e": null, "inc": null, "pomega": null, "f": null, "P": 7145713.020420561, "RHill": 960077609.8984538}, "I": {"m": 1.7203573342381213e+23, "r": 2485907.278873848, "msmp": 0.005594005551047904, "rsrp": 0.19027882489562978, "a": 363974654.88674414, "aRp": 27.859715530104708, "e": 0.0, "inc": 0.14992132158595153, "pomega": 2.9533924336177675, "f": 0.09551396806593632, "P": 960338.8488565102, "RHill": 44799347.545456834, "spacing": "linear", "period_ratio": NaN}}