{"Planet": {"m": 1.3979136798646146e+26, "Rp": 33266286.900000002, "Rstar": 1120077000.0, "RpRstar": 0.0297, "rhostar": 381.7263207216345, "impact": 0.3222143668085069, "q1": 0.31292836, "q2": 0.2426707186271005, "a": 32531741386.592854, "Pp": 34.843240973703615, "rhoplan": 906.5228582810568, "aRp": null, "e": null, "inc": null, "pomega": null, "f": null, "P": 3010456.020127992, "RHill": 893783281.1698214}, "I": {"m": 9.748956987960796e+23, "r": 4560054.448804254, "msmp": 0.0069739334612599, "rsrp": 0.13707734988614714, "a": 309567707.791318, "aRp": 9.305748751638344, "e": 0.0, "inc": 0.03150634363286092, "pomega": 4.495440312787555, "f": 5.9344336474651485, "P": 353070.3043743508, "RHill": 41008558.130174465, "spacing": "linear", "period_ratio": NaN}}