{"Planet": {"m": 1.68395392583944e+28, "Rp": 67434201.0, "Rstar": 626130000.0, "RpRstar": 0.1077, "rhostar": 1837.1616366147452, "impact": 0.17367443802043814, "q1": 0.25, "q2": 0.2, "a": 183451371801.45813, "Pp": 506.6438246227151, "rhoplan": 13109.947337479918, "aRp": null, "e": null, "inc": null, "pomega": null, "f": null, "P": 43774026.44740258, "RHill": 26374289872.997658}, "I": {"m": 2.0603354335708017e+25, "r": 7598032.979986932, "msmp": 0.0012235105735115277, "rsrp": 0.11267328547404205, "a": 6192558258.710615, "aRp": 91.83112080931477, "e": 0.0, "inc": 0.08868904819865173, "pomega": 2.9653316796260096, "f": 1.8405290293758385, "P": 2886366.904509853, "RHill": 459232122.31886154, "spacing": "logarithmic", "period_ratio": NaN}}