{"Planet": {"m": 3.706532754861441e+25, "Rp": 14375944.8, "Rstar": 584388000.0, "RpRstar": 0.0246, "rhostar": 2021.7728421967743, "impact": 0.330071915577584, "q1": 0.39904488999999993, "q2": 0.24908975779642237, "a": 50626972039.21598, "Pp": 77.99540436258647, "rhoplan": 2978.3109861627254, "aRp": null, "e": null, "inc": null, "pomega": null, "f": null, "P": 6738802.936927471, "RHill": 982552738.7442943}, "I": {"m": 7.063192101442157e+22, "r": 1604850.0099097416, "msmp": 0.0019056062818217818, "rsrp": 0.11163440262442727, "a": 79953064.93100287, "aRp": 5.561586806524387, "e": 0.0, "inc": -0.06250649116303324, "pomega": 0.18411574107446935, "f": 4.809002615846122, "P": 90226.13563282919, "RHill": 6872885.209208073, "spacing": "linear", "period_ratio": NaN}, "II": {"m": 1.4387983910345133e+23, "r": 2434754.7819273816, "msmp": 0.003881790574081407, "rsrp": 0.16936311427179251, "a": 246928819.06633693, "aRp": 17.176528047487835, "e": 0.0, "inc": -0.06250649116303324, "pomega": 2.5229511959521993, "f": 0.2790013277715508, "P": 489225.9284786464, "RHill": 26907626.75939784, "spacing": "linear", "period_ratio": 5.422219682216328}, "III": {"m": 6.016793271598874e+22, "r": 1709628.259224659, "msmp": 0.0016232942400704066, "rsrp": 0.1189228452814217, "a": 463826801.69155324, "aRp": 32.26409172714361, "e": 0.0, "inc": -0.06250649116303324, "pomega": 4.369135657647731, "f": 3.9556607169412437, "P": 1260882.559502983, "RHill": 37796173.844512284, "spacing": "linear", "period_ratio": 2.577301173353525}}