{"Planet": {"m": 5.49833384561971e+24, "Rp": 6224427.8999999985, "Rstar": 800054999.9999999, "RpRstar": 0.00778, "rhostar": 945.4921810100611, "impact": 0.34656307931167574, "q1": 0.25, "q2": 0.2, "a": 90082941929.39839, "Pp": 168.9948522228412, "rhoplan": 5443.073191826102, "aRp": null, "e": null, "inc": null, "pomega": null, "f": null, "P": 14601155.23205348, "RHill": 870917767.2771361}, "I": {"m": 7.823927561230822e+20, "r": 577502.3668074828, "msmp": 0.00014229633523369655, "rsrp": 0.09277999136394253, "a": 50901299.176785424, "aRp": 8.17766708757048, "e": 0.0, "inc": -0.10890198223014923, "pomega": 2.898723254527396, "f": 3.837525019596533, "P": 119103.31720932816, "RHill": 1842551.7203651948, "spacing": "logarithmic", "period_ratio": NaN}, "II": {"m": 3.2860495757169457e+21, "r": 755879.1274327537, "msmp": 0.0005976446079815256, "rsrp": 0.12143752640025822, "a": 135314029.25962874, "aRp": 21.739191365623945, "e": 0.0, "inc": -0.10890198223014923, "pomega": 2.4173831259845855, "f": 0.2105077585663728, "P": 516114.3745737553, "RHill": 7902844.013207706, "spacing": "logarithmic", "period_ratio": 4.333333333333333}, "III": {"m": 2.8166139220430957e+21, "r": 770100.9627699022, "msmp": 0.0005122668068413076, "rsrp": 0.12372236856818639, "a": 177306495.56307852, "aRp": 28.4855891033903, "e": 0.0, "inc": -0.10890198223014923, "pomega": 2.4085857868206175, "f": 0.999754757848057, "P": 774171.561860633, "RHill": 9836704.682707878, "spacing": "logarithmic", "period_ratio": 1.5}, "IV": {"m": 3.8598042635405387e+21, "r": 806335.0445284625, "msmp": 0.0007019952538195697, "rsrp": 0.12954363958950552, "a": 501050117.7700546, "aRp": 80.49737675812017, "e": 0.0, "inc": -0.10890198223014923, "pomega": 4.784495742460783, "f": 3.9669715815806312, "P": 3677314.9188380064, "RHill": 30875841.93401019, "spacing": "logarithmic", "period_ratio": 4.75}}