{"Planet": {"m": 3.136601413637787e+29, "Rp": 137452231.79999998, "Rstar": 1036593000.0, "RpRstar": 0.1326, "rhostar": 498.629934874995, "impact": 0.47066894983114904, "q1": 0.26163225000000007, "q2": 0.21691104594330396, "a": 152566169299.2977, "Pp": 326.46788361124516, "rhoplan": 28834.69334207622, "aRp": null, "e": null, "inc": null, "pomega": null, "f": null, "P": 28206825.144011583, "RHill": 54242580757.77563}, "I": {"m": 3.437122346342856e+26, "r": 94538233.74235837, "msmp": 0.001095811004674811, "rsrp": 0.6877897325080639, "a": 14063911256.020687, "aRp": 102.31853693350281, "e": 0.0, "inc": -0.0913073039022136, "pomega": 0.18034545286134027, "f": 5.001915696084559, "P": 2289120.7047963617, "RHill": 1005335268.0395474, "spacing": "linear", "period_ratio": NaN}}