{"Planet": {"m": 1.0031184694896603e+26, "Rp": 27232480.800000004, "Rstar": 389592000.00000006, "RpRstar": 0.0699, "rhostar": 4656.023927764921, "impact": 0.12181781777715806, "q1": 0.28601104000000005, "q2": 0.22690725504861628, "a": 29810962536.826927, "Pp": 42.662020851667236, "rhoplan": 1185.77420643172, "aRp": null, "e": null, "inc": null, "pomega": null, "f": null, "P": 3685998.6015840494, "RHill": 915816270.1061654}, "I": {"m": 1.0325731005831106e+23, "r": 2008728.8733990984, "msmp": 0.0010293630632764994, "rsrp": 0.0737622432620644, "a": 96509051.34837756, "aRp": 3.543894956069428, "e": 0.0, "inc": -0.028085156180206794, "pomega": 2.0585773643684693, "f": 4.387987098713377, "P": 72766.17637794303, "RHill": 6756428.033666796, "spacing": "logarithmic", "period_ratio": NaN}, "II": {"m": 1.7854909864249616e+23, "r": 2165806.9125481993, "msmp": 0.0017799402969156132, "rsrp": 0.07953028328393053, "a": 243248336.53222594, "aRp": 8.932287084628218, "e": 0.0, "inc": -0.028085156180206794, "pomega": 1.7934004267117252, "f": 1.871319716449726, "P": 291064.70551177213, "RHill": 20439861.05358745, "spacing": "logarithmic", "period_ratio": 4.0}, "III": {"m": 1.8500268052114053e+23, "r": 2212948.1603800687, "msmp": 0.0018442754883703939, "rsrp": 0.08126135024687388, "a": 679303256.0553051, "aRp": 24.94459689678015, "e": 0.0, "inc": -0.028085156180206794, "pomega": 3.0168589518721065, "f": 3.374407950750513, "P": 1358301.9590549367, "RHill": 57760623.966275916, "spacing": "logarithmic", "period_ratio": 4.666666666666667}}