{"Planet": {"m": 1.948586072520746e+25, "Rp": 9568657.799999999, "Rstar": 800054999.9999999, "RpRstar": 0.01196, "rhostar": 1140.1523359238972, "impact": 0.08194886964693926, "q1": 0.29822521, "q2": 0.23274125618018676, "a": 115686853245.65776, "Pp": 223.9659699289746, "rhoplan": 5309.796962442854, "aRp": null, "e": null, "inc": null, "pomega": null, "f": null, "P": 19350659.801863406, "RHill": 1602063701.9094367}, "I": {"m": 1.3494654773541625e+22, "r": 1092071.7118852402, "msmp": 0.0006925357295654155, "rsrp": 0.11413008331066456, "a": 33758161.28865106, "aRp": 3.527993371092345, "e": 0.0, "inc": -0.10960018375109906, "pomega": 0.04524345855754878, "f": 3.9889649294905505, "P": 34161.35236414836, "RHill": 2070868.0470116946, "spacing": "logarithmic", "period_ratio": NaN}, "II": {"m": 3.576896445998987e+21, "r": 733540.7089309774, "msmp": 0.00018356368735468855, "rsrp": 0.0766607735654396, "a": 69386646.39156684, "aRp": 7.251450291342517, "e": 0.0, "inc": -0.10960018375109906, "pomega": 4.658819468689814, "f": 5.971508148227584, "P": 100691.12639412025, "RHill": 2734204.982471005, "spacing": "logarithmic", "period_ratio": 2.9475158161417965}, "III": {"m": 9.917758327542644e+21, "r": 1101066.8108146263, "msmp": 0.0005089720422107272, "rsrp": 0.11507014189750066, "a": 96936509.06743982, "aRp": 10.13062762756965, "e": 0.0, "inc": -0.10960018375109906, "pomega": 2.7711618366498625, "f": 0.1621223931645498, "P": 166240.8608457745, "RHill": 5366341.004036509, "spacing": "logarithmic", "period_ratio": 1.6509981246518457}, "IV": {"m": 5.527930871089341e+21, "r": 871223.280384747, "msmp": 0.00028368933500270033, "rsrp": 0.09104968519040853, "a": 135914053.0896722, "aRp": 14.204087546079057, "e": 0.0, "inc": -0.10960018375109906, "pomega": 5.957055376743923, "f": 1.7764341297526445, "P": 276027.37890574516, "RHill": 6192104.569848535, "spacing": "logarithmic", "period_ratio": 1.660406337535885}, "V": {"m": 4.3898274564533005e+21, "r": 785153.6799911506, "msmp": 0.00022528270720802675, "rsrp": 0.08205473499022514, "a": 773317717.8711312, "aRp": 80.81778385586443, "e": 0.0, "inc": -0.10960018375109906, "pomega": 2.2307538594346967, "f": 5.690621676349468, "P": 3746323.1536381575, "RHill": 32625724.245614234, "spacing": "logarithmic", "period_ratio": 13.57228825810577}}