{"Planet": {"m": 3.34139487626958e+25, "Rp": 14206472.28, "Rstar": 542646000.0, "RpRstar": 0.02618, "rhostar": 2406.3151302472556, "impact": 0.4368115484615406, "q1": 0.40411449000000005, "q2": 0.2892873997168476, "a": 17503931457.092777, "Pp": 16.243017063698414, "rhoplan": 2782.149403570127, "aRp": null, "e": null, "inc": null, "pomega": null, "f": null, "P": 1403396.674303543, "RHill": 333483340.733743}, "I": {"m": 9.034319057530032e+22, "r": 2163426.827041276, "msmp": 0.0027037567818432107, "rsrp": 0.1522845914454757, "a": 46653219.10998502, "aRp": 3.283941163610606, "e": 0.0, "inc": -0.07172275123957095, "pomega": 5.589452275963839, "f": 3.5139086146362883, "P": 42339.83956054187, "RHill": 4506406.916733987, "spacing": "linear", "period_ratio": NaN}, "II": {"m": 9.831464856723862e+22, "r": 2400641.507257415, "msmp": 0.0029423235567117303, "rsrp": 0.16898223992152225, "a": 91823491.96908611, "aRp": 6.463497070863683, "e": 0.0, "inc": -0.07172275123957095, "pomega": 1.7676367905886765, "f": 2.0855977632292277, "P": 116897.66408359876, "RHill": 9123122.98176944, "spacing": "linear", "period_ratio": 2.760937814052092}}