{"Planet": {"m": 4.955414125630106e+25, "Rp": 17746472.16, "Rstar": 1036593000.0, "RpRstar": 0.01712, "rhostar": 443.2266087777734, "impact": 0.3728533583572875, "q1": 0.26163225000000007, "q2": 0.21691104594330396, "a": 18541596432.72865, "Pp": 15.62820581790495, "rhoplan": 2116.68020743881, "aRp": null, "e": null, "inc": null, "pomega": null, "f": null, "P": 1350276.9826669877, "RHill": 370641126.8478812}, "I": {"m": 5.913774509918318e+22, "r": 1585246.1438885971, "msmp": 0.0011933966284132411, "rsrp": 0.08932739586753997, "a": 82026392.94890907, "aRp": 4.6221238908426, "e": 0.0, "inc": -0.1041891219637379, "pomega": 3.7244163732026614, "f": 1.0098088597497346, "P": 81116.36155291944, "RHill": 6032650.029795365, "spacing": "linear", "period_ratio": NaN}, "II": {"m": 2.4002967128492e+23, "r": 2603267.4800982126, "msmp": 0.004843786315324333, "rsrp": 0.14669211190976295, "a": 178339327.50751543, "aRp": 10.049283367400015, "e": 0.0, "inc": -0.1041891219637379, "pomega": 2.9980075108064614, "f": 4.075053177023665, "P": 259572.35696934222, "RHill": 20921927.767601945, "spacing": "linear", "period_ratio": 3.2}, "III": {"m": 6.60951268755577e+22, "r": 1936711.7215700792, "msmp": 0.001333796231755976, "rsrp": 0.10913220972083497, "a": 328120908.073039, "aRp": 18.489359750757302, "e": 0.0, "inc": -0.1041891219637379, "pomega": 1.9643201590402428, "f": 5.6711418539149685, "P": 648930.8924233555, "RHill": 25043209.228309635, "spacing": "linear", "period_ratio": 2.5}}