{"Planet": {"m": 3.34139487626958e+25, "Rp": 13652973.360000003, "Rstar": 772227000.0000001, "RpRstar": 0.01768, "rhostar": 1113.284365630881, "impact": 0.14793825634431101, "q1": 0.37234403999999993, "q2": 0.25901343821697803, "a": 30620841918.70054, "Pp": 32.547732918121945, "rhoplan": 3134.4219830515467, "aRp": null, "e": null, "inc": null, "pomega": null, "f": null, "P": 2812124.124125736, "RHill": 530040947.13606215}, "I": {"m": 2.963861529335022e+23, "r": 3212992.611672754, "msmp": 0.008870132501801025, "rsrp": 0.23533281190499247, "a": 182591588.30718058, "aRp": 13.373759949032856, "e": 0.0, "inc": -0.10576007538587501, "pomega": 0.01193924600824204, "f": 6.04754229385902, "P": 326826.01794378716, "RHill": 26206984.427931927, "spacing": "linear", "period_ratio": NaN}}