{"Planet": {"m": 2.2068237141348315e+25, "Rp": 10378730.880000003, "Rstar": 389592000.00000006, "RpRstar": 0.026640000000000004, "rhostar": 4415.195103915012, "impact": 0.36547867922161015, "q1": 0.3701505600000001, "q2": 0.22016765285996057, "a": 64214477569.773056, "Pp": 138.5077303473502, "rhoplan": 4712.444845678172, "aRp": null, "e": null, "inc": null, "pomega": null, "f": null, "P": 11967067.902011055, "RHill": 1212157025.1248453}, "I": {"m": 1.3070531333697663e+22, "r": 1090535.4051436358, "msmp": 0.0005922779989167311, "rsrp": 0.10507406134261721, "a": 33541902.79469916, "aRp": 3.231792324371277, "e": 0.0, "inc": 0.03915165028726153, "pomega": 0.03204744981159705, "f": 4.149202178548536, "P": 31794.072191155326, "RHill": 1953090.9961473793, "spacing": "logarithmic", "period_ratio": NaN}, "II": {"m": 4.6522230170788294e+21, "r": 897574.680232162, "msmp": 0.00021081081317375177, "rsrp": 0.08648212296956309, "a": 73584792.42737421, "aRp": 7.089960543169435, "e": 0.0, "inc": 0.03915165028726153, "pomega": 2.5304917723784572, "f": 1.677149873473579, "P": 103330.73462125481, "RHill": 3036537.2427129084, "spacing": "logarithmic", "period_ratio": 3.25}, "III": {"m": 1.1519790328004722e+22, "r": 940091.8003178346, "msmp": 0.000522007727858814, "rsrp": 0.09057868550473816, "a": 96433354.82121453, "aRp": 9.291439958910901, "e": 0.0, "inc": 0.03915165028726153, "pomega": 0.47631307759197183, "f": 0.4442656277803748, "P": 154996.1019318822, "RHill": 5383679.135475299, "spacing": "logarithmic", "period_ratio": 1.5}}