{"Planet": {"m": 6.097615488180532e+25, "Rp": 20240278.38, "Rstar": 876582000.0, "RpRstar": 0.02309, "rhostar": 690.6622694040396, "impact": 0.39043626310620305, "q1": 0.3848961600000001, "q2": 0.36355577047066406, "a": 58020157422.57974, "Pp": 89.11664547870294, "rhoplan": 1755.585483338755, "aRp": null, "e": null, "inc": null, "pomega": null, "f": null, "P": 7699678.169359934, "RHill": 1267694192.4316337}, "I": {"m": 2.188414939559123e+23, "r": 2501530.7340810327, "msmp": 0.003588968415278223, "rsrp": 0.12359171584086844, "a": 297449790.9836328, "aRp": 14.695933790987356, "e": 0.0, "inc": -0.08292888565081567, "pomega": 0.9765046472004278, "f": 3.44667180816882, "P": 504358.74100553663, "RHill": 31576437.34946366, "spacing": "logarithmic", "period_ratio": NaN}}