{"Planet": {"m": 3.706532754861441e+25, "Rp": 15180034.86, "Rstar": 1099206000.0, "RpRstar": 0.01381, "rhostar": 443.2020038326917, "impact": 0.11696119222693047, "q1": 0.31292836, "q2": 0.2426707186271005, "a": 38058014312.30903, "Pp": 42.088688157242395, "rhoplan": 2529.6528519793696, "aRp": null, "e": null, "inc": null, "pomega": null, "f": null, "P": 3636462.656785743, "RHill": 651257077.2099366}, "I": {"m": 3.120254165759761e+23, "r": 3102473.125640686, "msmp": 0.008418256014781673, "rsrp": 0.20437852444040344, "a": 203382613.80055937, "aRp": 13.398033382418687, "e": 0.0, "inc": -0.09060910238126377, "pomega": 4.268594638630956, "f": 5.0704092652897375, "P": 364874.46592302696, "RHill": 28686712.613674495, "spacing": "logarithmic", "period_ratio": NaN}}