{"Planet": {"m": 1.368516773022207e+28, "Rp": 61710398.81999999, "Rstar": 827883000.0, "RpRstar": 0.07454, "rhostar": 1012.2686271218953, "impact": 0.14861771722580996, "q1": 0.31292836, "q2": 0.2426707186271005, "a": 22279291705.577065, "Pp": 19.02996815216886, "rhoplan": 13902.2935930117, "aRp": null, "e": null, "inc": null, "pomega": null, "f": null, "P": 1644189.2483473895, "RHill": 2757489767.614085}, "I": {"m": 2.7625502600849576e+24, "r": 5190254.447806034, "msmp": 0.00020186455252456959, "rsrp": 0.08410664243064173, "a": 291187613.40000105, "aRp": 4.718614997925257, "e": 0.0, "inc": 0.005533247053527368, "pomega": 4.156742754974794, "f": 1.3642159517838666, "P": 32663.856554485123, "RHill": 11843657.319099326, "spacing": "linear", "period_ratio": NaN}, "II": {"m": 1.3812751300424788e+24, "r": 4357579.476852169, "msmp": 0.00010093227626228479, "rsrp": 0.07061337408566386, "a": 519621832.92376125, "aRp": 8.420328548506394, "e": 0.0, "inc": 0.005533247053527368, "pomega": 3.6873418724402254, "f": 2.0541786947864855, "P": 77868.37539848652, "RHill": 16774786.24623051, "spacing": "linear", "period_ratio": 2.383930852396371}, "III": {"m": 1.6703792270281156e+24, "r": 5862102.502447573, "msmp": 0.00012205763641020499, "rsrp": 0.09499375493498996, "a": 651798020.3475783, "aRp": 10.562207226188502, "e": 0.0, "inc": 0.005533247053527368, "pomega": 4.936564033723656, "f": 0.07352062015601676, "P": 109394.37640788859, "RHill": 22417866.096996102, "spacing": "linear", "period_ratio": 1.4048627038649482}, "IV": {"m": 1.0279256781711478e+24, "r": 4293793.941327734, "msmp": 7.51123916370492e-05, "rsrp": 0.06957974706746085, "a": 934583352.6672044, "aRp": 15.144665575622746, "e": 0.0, "inc": 0.005533247053527368, "pomega": 0.7615982190520711, "f": 3.7313285682600643, "P": 187829.02133209503, "RHill": 27341026.727632947, "spacing": "linear", "period_ratio": 1.7169897347534073}}