{"Planet": {"m": 1.3414529657537431e+25, "Rp": 8309579.94, "Rstar": 354807000.0, "RpRstar": 0.02342, "rhostar": 5738.977505831573, "impact": 0.18870829366355613, "q1": 0.28601104000000005, "q2": 0.22690725504861628, "a": 103667406012.6974, "Pp": 286.7306132716891, "rhoplan": 5581.4833056189, "aRp": null, "e": null, "inc": null, "pomega": null, "f": null, "P": 24773524.986673936, "RHill": 1667863124.1231365}, "I": {"m": 5.472351970383952e+22, "r": 1897680.5634413466, "msmp": 0.004079421425938043, "rsrp": 0.22837262258064836, "a": 203208536.85597324, "aRp": 24.454730362215304, "e": 0.0, "inc": 0.16109254592114877, "pomega": 2.80195252372375, "f": 5.991616352030939, "P": 607041.2054945256, "RHill": 22513052.70787665, "spacing": "linear", "period_ratio": NaN}}