{"Planet": {"m": 7.426077296455437e+25, "Rp": 22760799.48, "Rstar": 619173000.0, "RpRstar": 0.03676, "rhostar": 1719.8070396066664, "impact": 0.061011443570526125, "q1": 0.37871715999999994, "q2": 0.34367890802729933, "a": 136353410282.08282, "Pp": 342.72884712651376, "rhoplan": 1503.51691339881, "aRp": null, "e": null, "inc": null, "pomega": null, "f": null, "P": 29611772.39173079, "RHill": 3323104159.7972584}, "I": {"m": 1.350333290825987e+23, "r": 2019891.069411364, "msmp": 0.0018183668670813844, "rsrp": 0.08874429350279413, "a": 298885774.72301006, "aRp": 13.131602648037127, "e": 0.0, "inc": 0.034613340401087656, "pomega": 4.447683328754587, "f": 0.031419068442742205, "P": 460745.0174329501, "RHill": 25294455.234016508, "spacing": "linear", "period_ratio": NaN}, "II": {"m": 4.050999872477961e+23, "r": 3056972.221251089, "msmp": 0.0054551006012441535, "rsrp": 0.13430864868948308, "a": 531534993.8993331, "aRp": 23.35308978783434, "e": 0.0, "inc": 0.034613340401087656, "pomega": 4.587812374009217, "f": 2.734087335887427, "P": 1090721.127915913, "RHill": 64877239.85956017, "spacing": "linear", "period_ratio": 2.3672988022591914}}