{"Planet": {"m": 7.662301445974538e+24, "Rp": 6878246.76, "Rstar": 459162000.0, "RpRstar": 0.01498, "rhostar": 3334.482151157294, "impact": 0.3784842331411259, "q1": 0.40411449000000005, "q2": 0.2892873997168476, "a": 179003103390.09814, "Pp": 579.7562812814542, "rhoplan": 5621.307819610215, "aRp": null, "e": null, "inc": null, "pomega": null, "f": null, "P": 50090942.70271765, "RHill": 2212763228.5232353}, "I": {"m": 3.5086210071602733e+22, "r": 1621876.5726793169, "msmp": 0.004579069398272708, "rsrp": 0.23579796265979222, "a": 82871773.1797413, "aRp": 12.04838617620943, "e": 0.0, "inc": -0.10876234192595927, "pomega": 5.367005271389224, "f": 3.3323063990372384, "P": 209129.48795019055, "RHill": 9541689.685431665, "spacing": "linear", "period_ratio": NaN}, "II": {"m": 2.753601296758697e+22, "r": 1611313.6334786084, "msmp": 0.0035937000340874443, "rsrp": 0.234262260384303, "a": 306155666.1961507, "aRp": 44.5107128137041, "e": 0.0, "inc": -0.10876234192595927, "pomega": 2.1151316875654054, "f": 3.5955981925874183, "P": 1485702.5844013817, "RHill": 32514905.13522221, "spacing": "linear", "period_ratio": 7.104223316203209}, "III": {"m": 1.24356187595554e+22, "r": 1086883.7982336346, "msmp": 0.0016229613057169093, "rsrp": 0.15801756409123574, "a": 736030591.6693143, "aRp": 107.00845976472561, "e": 0.0, "inc": -0.10876234192595927, "pomega": 5.396539195725402, "f": 1.7167378997114342, "P": 5543563.820482599, "RHill": 59973330.74126855, "spacing": "linear", "period_ratio": 3.731274266253099}}