{"Planet": {"m": 3.4829225597060045e+25, "Rp": 14342551.200000001, "Rstar": 556560000.0, "RpRstar": 0.02577, "rhostar": 2505.6633596090787, "impact": 0.07338333736806513, "q1": 0.37871715999999994, "q2": 0.34367890802729933, "a": 131493439949.21693, "Pp": 315.53065820235884, "rhoplan": 2818.227071334442, "aRp": null, "e": null, "inc": null, "pomega": null, "f": null, "P": 27261848.868683804, "RHill": 2443407151.040162}, "I": {"m": 1.9085802336714033e+22, "r": 1168195.9781329823, "msmp": 0.0005479823914983937, "rsrp": 0.08144966413876091, "a": 49488418.7610597, "aRp": 3.4504613629031144, "e": 0.0, "inc": 0.15124790447575623, "pomega": 3.1789813450366564, "f": 6.073934311350923, "P": 45356.70566369377, "RHill": 2807924.074896228, "spacing": "linear", "period_ratio": NaN}, "II": {"m": 1.5562269597628365e+22, "r": 1344078.67201615, "msmp": 0.0004468164115294595, "rsrp": 0.09371266333817585, "a": 108578668.99467596, "aRp": 7.570387407414376, "e": 0.0, "inc": 0.15124790447575623, "pomega": 5.141416359970335, "f": 5.584425225013, "P": 147409.29340700476, "RHill": 5755465.665409751, "spacing": "linear", "period_ratio": 3.25}, "III": {"m": 2.4077473717085377e+22, "r": 1475564.6447921821, "msmp": 0.0006913008631210499, "rsrp": 0.10288020758762792, "a": 308987358.1283752, "aRp": 21.543402831176586, "e": 0.0, "inc": 0.15124790447575623, "pomega": 0.495792900026472, "f": 1.9109077426875811, "P": 707564.6083536228, "RHill": 18943315.504556894, "spacing": "linear", "period_ratio": 4.8}, "IV": {"m": 1.3506875499828388e+22, "r": 1237460.0445182328, "msmp": 0.0003878029232142477, "rsrp": 0.08627893512544914, "a": 778520632.0037647, "aRp": 54.280484772037255, "e": 0.0, "inc": 0.15124790447575623, "pomega": 0.8376323646835072, "f": 1.5244532008418519, "P": 2830258.4334144914, "RHill": 39364076.556589395, "spacing": "linear", "period_ratio": 4.0}}