{"Planet": {"m": 3.34139487626958e+25, "Rp": 13611787.920000002, "Rstar": 514818000.0, "RpRstar": 0.026440000000000005, "rhostar": 3026.7418690589584, "impact": 0.4215394747677783, "q1": 0.37871715999999994, "q2": 0.34367890802729933, "a": 15001981731.100796, "Pp": 12.435677097658226, "rhoplan": 3162.9597932829042, "aRp": null, "e": null, "inc": null, "pomega": null, "f": null, "P": 1074442.5012376707, "RHill": 279088812.07531285}, "I": {"m": 8.295896314806665e+22, "r": 1836470.6718003838, "msmp": 0.002482764420848223, "rsrp": 0.13491766714217096, "a": 55469296.3459574, "aRp": 4.07509260884498, "e": 0.0, "inc": 0.04519109344347755, "pomega": 5.157125894191706, "f": 4.533143194918845, "P": 54897.63471400955, "RHill": 5207837.320016392, "spacing": "linear", "period_ratio": NaN}, "II": {"m": 5.227551102480914e+22, "r": 1762703.6967885147, "msmp": 0.0015644816898495659, "rsrp": 0.1294983221269961, "a": 121667774.47452798, "aRp": 8.938412439982239, "e": 0.0, "inc": 0.04519109344347755, "pomega": 3.0206292400852357, "f": 1.9762594050484847, "P": 178417.31282053105, "RHill": 9793215.41280548, "spacing": "linear", "period_ratio": 3.25}}