{"Planet": {"m": 4.6516977271973616e+29, "Rp": 184785572.70000002, "Rstar": 1481841000.0, "RpRstar": 0.1247, "rhostar": 173.6038858952785, "impact": 0.04365596316607678, "q1": 0.3848961600000001, "q2": 0.36355577047066406, "a": 35705378005.19227, "Pp": 35.69150220288482, "rhoplan": 17600.244292006944, "aRp": null, "e": null, "inc": null, "pomega": null, "f": null, "P": 3083745.7903292486, "RHill": 14395035991.251822}, "I": {"m": 1.4153431276349842e+27, "r": 102677054.91824043, "msmp": 0.003042637786543636, "rsrp": 0.5556551489273297, "a": 1845303062.9826975, "aRp": 9.986185804551706, "e": 0.0, "inc": -0.13693477329628478, "pomega": 5.942602605260261, "f": 5.048415917379818, "P": 89251.00603319085, "RHill": 185400415.258139, "spacing": "logarithmic", "period_ratio": NaN}, "II": {"m": 5.661372510539934e+26, "r": 100800993.15603296, "msmp": 0.0012170551146174536, "rsrp": 0.5455025069499538, "a": 3090538759.0404997, "aRp": 16.725000301067872, "e": 0.0, "inc": -0.13693477329628478, "pomega": 2.70078312333812, "f": 1.939813285654904, "P": 193623.66475938598, "RHill": 228786568.705599, "spacing": "logarithmic", "period_ratio": 2.1694283724642927}, "III": {"m": 1.574569229493919e+27, "r": 86629393.81933191, "msmp": 0.003384934537529793, "rsrp": 0.4688103760133645, "a": 6688331575.9033, "aRp": 36.19509617648467, "e": 0.0, "inc": -0.13693477329628478, "pomega": 0.19542660571385653, "f": 3.6295307865055797, "P": 615763.8208690158, "RHill": 696296376.3509039, "spacing": "logarithmic", "period_ratio": 3.180209514339163}}