{"Planet": {"m": 1.8305620683984736e+26, "Rp": 39151978.47, "Rstar": 841797000.0, "RpRstar": 0.046509999999999996, "rhostar": 962.8985891042453, "impact": 0.10021048728987303, "q1": 0.37234403999999993, "q2": 0.25901343821697803, "a": 48790642779.16882, "Pp": 61.8451877629578, "rhoplan": 728.1732321731072, "aRp": null, "e": null, "inc": null, "pomega": null, "f": null, "P": 5343424.222719554, "RHill": 1433487292.8850787}, "I": {"m": 9.351778063703875e+22, "r": 1967672.3334228788, "msmp": 0.000510869214715324, "rsrp": 0.05025728993314086, "a": 78960646.58489016, "aRp": 2.016772834236036, "e": 0.0, "inc": 0.017437582985721928, "pomega": 2.401673591763214, "f": 4.687096630288282, "P": 39874.010188412954, "RHill": 4376633.584373543, "spacing": "logarithmic", "period_ratio": NaN}, "II": {"m": 2.530481123119872e+22, "r": 1095323.4801409803, "msmp": 0.0001382351992759112, "rsrp": 0.027976197447601946, "a": 110998612.9283923, "aRp": 2.8350703404029614, "e": 0.0, "inc": 0.017437582985721928, "pomega": 1.7462718240476118, "f": 5.286572456175803, "P": 66470.82810819447, "RHill": 3979391.620920678, "spacing": "logarithmic", "period_ratio": 1.6670213954931057}, "III": {"m": 6.491234185394456e+22, "r": 1840711.4269381824, "msmp": 0.00035460333727298975, "rsrp": 0.04701451877709368, "a": 206429175.47405893, "aRp": 5.272509424580783, "e": 0.0, "inc": 0.017437582985721928, "pomega": 5.155869131453996, "f": 1.6696092970473209, "P": 168563.8361802614, "RHill": 10130827.77817422, "spacing": "logarithmic", "period_ratio": 2.53590696817994}, "IV": {"m": 4.290815817464131e+22, "r": 1580270.5571064914, "msmp": 0.0002343988161635016, "rsrp": 0.04036247001712482, "a": 545619097.154682, "aRp": 13.935926573232049, "e": 0.0, "inc": 0.017437582985721928, "pomega": 5.38208642424174, "f": 5.993501496137504, "P": 724382.9636880814, "RHill": 23325678.335537054, "spacing": "logarithmic", "period_ratio": 4.297380625067346}}