{"Planet": {"m": 1.9889162267786414e+26, "Rp": 40230243.9, "Rstar": 535689000.0, "RpRstar": 0.0751, "rhostar": 2501.2905040579667, "impact": 0.04453975069301508, "q1": 0.39050001, "q2": 0.361577852456393, "a": 89995984941.81757, "Pp": 189.35452482738756, "rhoplan": 729.2389970697863, "aRp": null, "e": null, "inc": null, "pomega": null, "f": null, "P": 16360230.945086285, "RHill": 3107357608.8621383}, "I": {"m": 4.805169215622631e+23, "r": 3196835.473620446, "msmp": 0.0024159736598888073, "rsrp": 0.0794634872601517, "a": 744516040.9735587, "aRp": 18.506376516736918, "e": 0.0, "inc": 0.11710585010130972, "pomega": 0.4926509931821978, "f": 5.167808377462238, "P": 1106511.3184193065, "RHill": 69267743.39279789, "spacing": "linear", "period_ratio": NaN}, "II": {"m": 1.0237099633282998e+24, "r": 4281797.267615881, "msmp": 0.005147074318893547, "rsrp": 0.10643229701164901, "a": 1260519953.0108376, "aRp": 31.33264506534194, "e": 0.0, "inc": 0.11710585010130972, "pomega": 3.0030345617573, "f": 6.033717903744213, "P": 2434324.9005224747, "RHill": 150902390.41030106, "spacing": "linear", "period_ratio": 2.2}}