{"Planet": {"m": 3.011456894776474e+26, "Rp": 49436442.0, "Rstar": 528732000.0, "RpRstar": 0.0935, "rhostar": 2440.7545434687077, "impact": 0.36860632742335164, "q1": 0.39050001, "q2": 0.361577852456393, "a": 170776518638.66858, "Pp": 510.97832530315014, "rhoplan": 595.0403580436075, "aRp": null, "e": null, "inc": null, "pomega": null, "f": null, "P": 44148527.306192175, "RHill": 6916294124.619254}, "I": {"m": 4.462493926494242e+23, "r": 2998756.491223262, "msmp": 0.0014818388847719075, "rsrp": 0.06065882514812175, "a": 137104249.9988148, "aRp": 2.7733438017002676, "e": 0.0, "inc": -0.005498336977479895, "pomega": 5.265835871003594, "f": 0.6981317007977318, "P": 71095.73002181646, "RHill": 10837875.592043549, "spacing": "logarithmic", "period_ratio": NaN}, "II": {"m": 1.4166647385696014e+23, "r": 1912972.162805674, "msmp": 0.0004704250427847328, "rsrp": 0.038695587413140976, "a": 287578297.94577944, "aRp": 5.8171317819712725, "e": 0.0, "inc": -0.005498336977479895, "pomega": 1.6708660597850307, "f": 2.29861904727102, "P": 216083.05779436228, "RHill": 15507644.446176652, "spacing": "logarithmic", "period_ratio": 3.039325395886011}, "III": {"m": 3.470828609495522e+23, "r": 3094993.922585355, "msmp": 0.001152541354822595, "rsrp": 0.06260551523075539, "a": 584207659.2478645, "aRp": 11.817348409658294, "e": 0.0, "inc": -0.005498336977479895, "pomega": 2.9936088412244777, "f": 4.108357389572971, "P": 625445.4300654082, "RHill": 42469681.177676685, "spacing": "logarithmic", "period_ratio": 2.8944676942725422}, "IV": {"m": 3.8958280310664006e+23, "r": 3507332.3542063204, "msmp": 0.0012936688676580142, "rsrp": 0.07094629411652077, "a": 1109122603.4074452, "aRp": 22.43532419682317, "e": 0.0, "inc": -0.005498336977479895, "pomega": 4.296871800229424, "f": 4.152972466761665, "P": 1635977.3252390018, "RHill": 83794114.03980596, "spacing": "logarithmic", "period_ratio": 2.615699542433164}, "V": {"m": 5.3833260065644825e+23, "r": 3586200.999613484, "msmp": 0.0017876151625819837, "rsrp": 0.07254164851939555, "a": 1585621478.7602365, "aRp": 32.07394008574153, "e": 0.0, "inc": -0.005498336977479895, "pomega": 4.406210158410167, "f": 3.027541435142639, "P": 2795761.5770565164, "RHill": 133429065.73041101, "spacing": "logarithmic", "period_ratio": 1.7089244049565788}}