{"Planet": {"m": 2.1609689315829795e+26, "Rp": 42231494.52, "Rstar": 1099206000.0, "RpRstar": 0.03842, "rhostar": 457.49884266600435, "impact": 0.2107732105506548, "q1": 0.22127616000000003, "q2": 0.19313350340136054, "a": 222059967239.31302, "Pp": 583.8379150090753, "rhoplan": 684.9368958842272, "aRp": null, "e": null, "inc": null, "pomega": null, "f": null, "P": 50443595.85678411, "RHill": 6767174895.699302}, "I": {"m": 5.7621994781895965e+23, "r": 3151939.977080234, "msmp": 0.0026664888115576005, "rsrp": 0.07463481965071203, "a": 98734209.09038329, "aRp": 2.3379283686876087, "e": 0.0, "inc": -0.0449816329871926, "pomega": 2.2225849016395838, "f": 0.41787361028847136, "P": 51259.689638308286, "RHill": 9493080.317194218, "spacing": "logarithmic", "period_ratio": NaN}, "II": {"m": 2.8810997390947983e+23, "r": 2678885.777264036, "msmp": 0.0013332444057788002, "rsrp": 0.0634333643104998, "a": 173617255.51879582, "aRp": 4.11108480749063, "e": 0.0, "inc": -0.0449816329871926, "pomega": 1.67337958526045, "f": 4.103958719990987, "P": 119605.94248938601, "RHill": 13249181.775594382, "spacing": "logarithmic", "period_ratio": 2.3333333333333335}, "III": {"m": 1.898906646221571e+23, "r": 2876371.0584143125, "msmp": 0.0008787292674451181, "rsrp": 0.06810962034630623, "a": 305383113.4467689, "aRp": 7.231169934138737, "e": 0.0, "inc": -0.0449816329871926, "pomega": 6.250509475999134, "f": 5.936947172940568, "P": 279080.53247523407, "RHill": 20281012.40882055, "spacing": "logarithmic", "period_ratio": 2.3333333333333335}, "IV": {"m": 3.797813292443142e+23, "r": 3587909.0033822353, "msmp": 0.0017574585348902362, "rsrp": 0.08495813477979265, "a": 769742361.1662614, "aRp": 18.226737412802823, "e": 0.0, "inc": -0.0449816329871926, "pomega": 3.4246784602589004, "f": 2.729060284936588, "P": 1116322.1299009363, "RHill": 64407038.72757827, "spacing": "logarithmic", "period_ratio": 4.0}, "V": {"m": 4.845485924841248e+23, "r": 3674906.8464107723, "msmp": 0.0022422746824461623, "rsrp": 0.08701815761387295, "a": 1874726117.3087285, "aRp": 44.39165932005781, "e": 0.0, "inc": -0.0449816329871926, "pomega": 0.7106993281748287, "f": 4.214553840909439, "P": 4242024.093623558, "RHill": 170135006.71684313, "spacing": "logarithmic", "period_ratio": 3.8}}