{"Planet": {"m": 2.499284467823272e+25, "Rp": 11209535.82, "Rstar": 827883000.0, "RpRstar": 0.01354, "rhostar": 794.7563601370252, "impact": 0.20675319700881356, "q1": 0.37871715999999994, "q2": 0.34367890802729933, "a": 198245852259.3804, "Pp": 571.6784189215731, "rhoplan": 4236.080392873462, "aRp": null, "e": null, "inc": null, "pomega": null, "f": null, "P": 49393015.394823916, "RHill": 3251065726.1705246}, "I": {"m": 6.101204595731296e+22, "r": 1813065.3822087755, "msmp": 0.0024411805355814826, "rsrp": 0.16174312757660428, "a": 1562113375.537712, "aRp": 139.3557592947423, "e": 0.0, "inc": 0.12098086854258125, "pomega": 1.8612656145480484, "f": 5.505877553906144, "P": 9486555.205076687, "RHill": 145838469.8355396, "spacing": "linear", "period_ratio": NaN}}