{"Planet": {"m": 3.4829225597060045e+25, "Rp": 14099195.34, "Rstar": 563517000.0, "RpRstar": 0.02502, "rhostar": 2254.837038657907, "impact": 0.2507623510260609, "q1": 0.39904488999999993, "q2": 0.24908975779642237, "a": 74441044653.07628, "Pp": 139.06410974365997, "rhoplan": 2966.690399913996, "aRp": null, "e": null, "inc": null, "pomega": null, "f": null, "P": 12015139.081852222, "RHill": 1415071448.0084932}, "I": {"m": 2.417735435399741e+22, "r": 1463150.8189912578, "msmp": 0.0006941685880043866, "rsrp": 0.10377548389873276, "a": 51940053.61879317, "aRp": 3.683901979245375, "e": 0.0, "inc": 0.12443696607128288, "pomega": 2.2609161651397294, "f": 5.607046954291774, "P": 48764.97470722791, "RHill": 3188724.2252423596, "spacing": "logarithmic", "period_ratio": NaN}, "II": {"m": 1.4506412612398443e+22, "r": 1277452.0835678896, "msmp": 0.0004165011528026319, "rsrp": 0.09060460918246202, "a": 108029671.61425121, "aRp": 7.662116100183857, "e": 0.0, "inc": 0.12443696607128288, "pomega": 5.463147620824015, "f": 3.181494870512076, "P": 146294.92412168375, "RHill": 5593814.241530934, "spacing": "logarithmic", "period_ratio": 3.0}, "III": {"m": 4.170593626064551e+22, "r": 1660823.0232495216, "msmp": 0.0011974408143075664, "rsrp": 0.11779558926584258, "a": 294531009.92731136, "aRp": 20.88991625583871, "e": 0.0, "inc": 0.12443696607128288, "pomega": 0.5680567574447791, "f": 5.1822611489459, "P": 658327.1585475769, "RHill": 21685792.300793942, "spacing": "logarithmic", "period_ratio": 4.5}, "IV": {"m": 4.110150240179557e+22, "r": 1353279.0465152438, "msmp": 0.0011800865996074565, "rsrp": 0.09598271489124881, "a": 814642515.3505613, "aRp": 57.77936227604329, "e": 0.0, "inc": 0.12443696607128288, "pomega": 4.318236766770489, "f": 1.31017515406235, "P": 3028304.929318853, "RHill": 59689500.749303564, "spacing": "logarithmic", "period_ratio": 4.6}}