{"Planet": {"m": 5.060565770276237e+24, "Rp": 6031510.289999999, "Rstar": 396548999.99999994, "RpRstar": 0.01521, "rhostar": 4719.743678598361, "impact": 0.358249031456795, "q1": 0.28601104000000005, "q2": 0.22690725504861628, "a": 45072925568.27507, "Pp": 76.71621977687407, "rhoplan": 5505.94976966057, "aRp": null, "e": null, "inc": null, "pomega": null, "f": null, "P": 6628281.38872192, "RHill": 500390613.2878815}, "I": {"m": 3.45973308412974e+22, "r": 1664941.0477984203, "msmp": 0.006836652740392872, "rsrp": 0.2760404886581766, "a": 215211885.86104015, "aRp": 35.681259836007044, "e": 0.0, "inc": 0.16399008223309056, "pomega": 0.6359219452811022, "f": 1.040599546823622, "P": 1075715.2881149452, "RHill": 28320897.264178585, "spacing": "linear", "period_ratio": NaN}}