{"Planet": {"m": 5.849840414306613e+25, "Rp": 19284804.0, "Rstar": 584388000.0, "RpRstar": 0.033, "rhostar": 2140.7006564436433, "impact": 0.22052222509878083, "q1": 0.37871715999999994, "q2": 0.34367890802729933, "a": 14629982585.841743, "Pp": 11.774640867785942, "rhoplan": 1947.1962358369608, "aRp": null, "e": null, "inc": null, "pomega": null, "f": null, "P": 1017328.9709767054, "RHill": 324341054.1251838}, "I": {"m": 1.8936757691761008e+23, "r": 2837771.2186656, "msmp": 0.0032371409048097257, "rsrp": 0.14715063832982694, "a": 60012107.94539538, "aRp": 3.1118858115122863, "e": 0.0, "inc": -0.12967347747840657, "pomega": 6.112265574851069, "f": 4.002789319605357, "P": 46672.5488579273, "RHill": 6155344.032549856, "spacing": "linear", "period_ratio": NaN}, "II": {"m": 6.998366973042114e+22, "r": 1935734.5636038831, "msmp": 0.0011963346822122904, "rsrp": 0.1003761595712294, "a": 151118427.47964916, "aRp": 7.836140179576062, "e": 0.0, "inc": -0.12967347747840657, "pomega": 5.220592412446045, "f": 3.119285114995446, "P": 186690.1954317092, "RHill": 11123152.851934763, "spacing": "linear", "period_ratio": 4.0}}