{"Planet": {"m": 6.763945109870982e+25, "Rp": 21448152.72, "Rstar": 1238346000.0, "RpRstar": 0.01732, "rhostar": 514.9422240682751, "impact": 0.06813430900750783, "q1": 0.379456, "q2": 0.25681818181818183, "a": 295940713310.4526, "Pp": 708.0765102721999, "rhoplan": 1636.5971300120966, "aRp": null, "e": null, "inc": null, "pomega": null, "f": null, "P": 61177810.48751807, "RHill": 5225244449.996899}, "I": {"m": 7.275129368417933e+22, "r": 1961230.7366636237, "msmp": 0.0010755748679570083, "rsrp": 0.09144054326108994, "a": 71807344.07718869, "aRp": 3.347950054935486, "e": 0.0, "inc": -0.00954790579898887, "pomega": 6.171333423523424, "f": 3.7043081693993063, "P": 56871.78146835487, "RHill": 5101234.962787633, "spacing": "logarithmic", "period_ratio": NaN}, "II": {"m": 8.416326132091332e+22, "r": 2047905.0590932113, "msmp": 0.0012442924943032053, "rsrp": 0.09548165223495347, "a": 165540891.42615482, "aRp": 7.718188768387082, "e": 0.0, "inc": -0.00954790579898887, "pomega": 0.834490457839233, "f": 5.170950284306512, "P": 199051.23513924205, "RHill": 12345415.135924125, "spacing": "logarithmic", "period_ratio": 3.5}, "III": {"m": 6.561881391122054e+22, "r": 1484576.9162106842, "msmp": 0.0009701263514906344, "rsrp": 0.06921700603270808, "a": 417098829.7464207, "aRp": 19.44684165538806, "e": 0.0, "inc": -0.00954790579898887, "pomega": 4.902631439805494, "f": 1.7707786974329507, "P": 796204.9405569682, "RHill": 28629119.210124798, "spacing": "logarithmic", "period_ratio": 4.0}, "IV": {"m": 2.4250431228059763e+22, "r": 1439802.7891591147, "msmp": 0.00035852495598566925, "rsrp": 0.06712945436165818, "a": 1050809085.9386561, "aRp": 48.99298786504799, "e": 0.0, "inc": -0.00954790579898887, "pomega": 0.5014483323461656, "f": 5.030821239051882, "P": 3184819.762227873, "RHill": 51759475.26017341, "spacing": "logarithmic", "period_ratio": 4.0}, "V": {"m": 1.0413420468519778e+23, "r": 2027019.6184952976, "msmp": 0.0015395483404090499, "rsrp": 0.09450788815976399, "a": 2186630816.3116856, "aRp": 101.94961052625727, "e": 0.0, "inc": -0.00954790579898887, "pomega": 6.231029653564635, "f": 5.4430394170206595, "P": 9554459.286683619, "RHill": 175065065.01806742, "spacing": "logarithmic", "period_ratio": 3.0}}