{"Planet": {"m": 3.34139487626958e+25, "Rp": 14042356.65, "Rstar": 507861000.0, "RpRstar": 0.02765, "rhostar": 2754.205257029177, "impact": 0.2942159825337264, "q1": 0.39050001, "q2": 0.361577852456393, "a": 78301277582.36198, "Pp": 158.65434984165648, "rhoplan": 2880.8403790918187, "aRp": null, "e": null, "inc": null, "pomega": null, "f": null, "P": 13707735.82631912, "RHill": 1523811323.4327912}, "I": {"m": 2.8347637583099327e+22, "r": 1614099.1585070593, "msmp": 0.0008483773583428536, "rsrp": 0.1149450337103537, "a": 72350133.80123153, "aRp": 5.152278609960496, "e": 0.0, "inc": 0.0028800812739180337, "pomega": 5.0257941881010435, "f": 6.196468678277618, "P": 81844.21142524705, "RHill": 4748924.628951486, "spacing": "linear", "period_ratio": NaN}, "II": {"m": 9.860047854991078e+22, "r": 2090620.5053221846, "msmp": 0.0029508777681490584, "rsrp": 0.14887960457279686, "a": 245875385.44972163, "aRp": 17.509552817811507, "e": 0.0, "inc": 0.0028800812739180337, "pomega": 4.918340974026865, "f": 3.5283613861199496, "P": 512207.4071416313, "RHill": 24452599.9256743, "spacing": "linear", "period_ratio": 6.258321733717959}, "III": {"m": 1.0106549051365847e+23, "r": 1728244.524444587, "msmp": 0.0030246497123527826, "rsrp": 0.12307368111495637, "a": 494690321.49808323, "aRp": 35.22844019903762, "e": 0.0, "inc": 0.0028800812739180337, "pomega": 6.281928544441877, "f": 2.069259847639002, "P": 1461697.225725505, "RHill": 49604151.35202918, "spacing": "linear", "period_ratio": 2.853721374086511}, "IV": {"m": 1.2325059818738848e+22, "r": 1217574.2305289942, "msmp": 0.0003688597210186323, "rsrp": 0.08670725725578222, "a": 701310463.7677435, "aRp": 49.94250475526439, "e": 0.0, "inc": 0.0028800812739180337, "pomega": 6.173218567629989, "f": 3.7526935348011294, "P": 2470577.6109012375, "RHill": 34873080.44852757, "spacing": "linear", "period_ratio": 1.6902116029364291}}