{"Planet": {"m": 3.340540113835316e+26, "Rp": 49749437.43, "Rstar": 535689000.0, "RpRstar": 0.09287, "rhostar": 2593.9308930971506, "impact": 0.46076134458966367, "q1": 0.39050001, "q2": 0.361577852456393, "a": 16501473276.18221, "Pp": 14.59860376749971, "rhoplan": 647.6845831768835, "aRp": null, "e": null, "inc": null, "pomega": null, "f": null, "P": 1261319.365511975, "RHill": 669102727.8182286}, "I": {"m": 6.788872099774115e+23, "r": 3704144.3552109962, "msmp": 0.002032267797550776, "rsrp": 0.07445600486282718, "a": 180932903.46067193, "aRp": 3.63688340627477, "e": 0.0, "inc": 0.12736941245927216, "pomega": 5.0634970702323345, "f": 1.4333379023578996, "P": 102306.71407479225, "RHill": 15890495.734168021, "spacing": "linear", "period_ratio": NaN}, "II": {"m": 2.404392202003332e+24, "r": 5621602.67404928, "msmp": 0.007197615116325663, "rsrp": 0.11299831645250585, "a": 417805265.7450108, "aRp": 8.398190760104255, "e": 0.0, "inc": 0.12736941245927216, "pomega": 3.6213618287104667, "f": 3.096663385716672, "P": 358073.4992617729, "RHill": 55932345.395537935, "spacing": "linear", "period_ratio": 3.5}}