{"Planet": {"m": 7.05043788242228e+25, "Rp": 21918724.2, "Rstar": 1231389000.0, "RpRstar": 0.0178, "rhostar": 274.5713679212628, "impact": 0.12778325836008964, "q1": 0.26163225000000007, "q2": 0.21691104594330396, "a": 99714427964.30603, "Pp": 191.26182933203796, "rhoplan": 1598.385993516168, "aRp": null, "e": null, "inc": null, "pomega": null, "f": null, "P": 16525022.05428808, "RHill": 2213840826.2975903}, "I": {"m": 3.256191469941234e+22, "r": 1574221.727506821, "msmp": 0.0004618424450003838, "rsrp": 0.07182086480684953, "a": 67683065.23576085, "aRp": 3.0879108025712947, "e": 0.0, "inc": 0.12981311778259655, "pomega": 5.837662916661502, "f": 5.255153387733062, "P": 50990.43592337781, "RHill": 3627473.221913662, "spacing": "linear", "period_ratio": NaN}, "II": {"m": 3.7053213278641616e+22, "r": 1598362.5350999222, "msmp": 0.0005255448512073331, "rsrp": 0.07292224312489512, "a": 288547950.3057307, "aRp": 13.16445006893835, "e": 0.0, "inc": 0.12981311778259655, "pomega": 0.5410363585840208, "f": 3.963829674736357, "P": 448829.98285483615, "RHill": 16145351.48105504, "spacing": "linear", "period_ratio": 8.802238590964057}, "III": {"m": 3.9860274890659905e+22, "r": 1593771.3787332687, "msmp": 0.0005653588550866762, "rsrp": 0.07271278036945548, "a": 594702512.4162135, "aRp": 27.13216823158957, "e": 0.0, "inc": 0.12981311778259655, "pomega": 0.8740784840770882, "f": 0.037074500762435805, "P": 1327993.3175561365, "RHill": 34095789.77289931, "spacing": "linear", "period_ratio": 2.9587892259542867}, "IV": {"m": 1.7965194316917145e+22, "r": 1261502.341280521, "msmp": 0.00025480962482779784, "rsrp": 0.05755363906082275, "a": 620718454.8438598, "aRp": 28.31909600121068, "e": 0.0, "inc": 0.12981311778259655, "pomega": 4.472190202139926, "f": 1.7795760365969187, "P": 1416301.201965567, "RHill": 27285139.739078023, "spacing": "linear", "period_ratio": 1.0664972355221942}}