{"Planet": {"m": 1.9085853507824226e+25, "Rp": 9572275.44, "Rstar": 584388000.0, "RpRstar": 0.01638, "rhostar": 1902.8450279499052, "impact": 0.4373476705750736, "q1": 0.39050001, "q2": 0.361577852456393, "a": 96778463175.04266, "Pp": 212.486230384175, "rhoplan": 5194.902683180206, "aRp": null, "e": null, "inc": null, "pomega": null, "f": null, "P": 18358810.30519272, "RHill": 1536185044.2244}, "I": {"m": 1.1256736948280597e+23, "r": 2610416.1137490054, "msmp": 0.005897947893011916, "rsrp": 0.27270591304140385, "a": 422416197.89107484, "aRp": 44.12913110773115, "e": 0.0, "inc": -0.12328493356171566, "pomega": 2.8892975339945735, "f": 5.784878881677695, "P": 1523895.1863826802, "RHill": 52917638.53449215, "spacing": "linear", "period_ratio": NaN}}