{"Planet": {"m": 3.340540113835316e+26, "Rp": 50441032.8, "Rstar": 1189647000.0, "RpRstar": 0.0424, "rhostar": 296.0412701629795, "impact": 0.12138098460543834, "q1": 0.3848961600000001, "q2": 0.36355577047066406, "a": 149238550819.4587, "Pp": 355.142341067589, "rhoplan": 621.4070425130031, "aRp": null, "e": null, "inc": null, "pomega": null, "f": null, "P": 30684298.268239688, "RHill": 5617560592.441162}, "I": {"m": 6.149061868581068e+23, "r": 3418006.4757469078, "msmp": 0.0018407388203823282, "rsrp": 0.06776242051385807, "a": 884932469.9195393, "aRp": 17.543900685545427, "e": 0.0, "inc": -0.03377549857594786, "pomega": 5.884791519325615, "f": 1.3415942225050923, "P": 1106711.729313425, "RHill": 75196986.3975667, "spacing": "linear", "period_ratio": NaN}, "II": {"m": 1.0476179479804782e+24, "r": 4549269.695501078, "msmp": 0.003136073545836559, "rsrp": 0.09018986017869718, "a": 2709137821.1973157, "aRp": 53.70900774254797, "e": 0.0, "inc": -0.03377549857594786, "pomega": 1.1317148453075743, "f": 5.6629728961198555, "P": 5924277.399285582, "RHill": 274949390.1708621, "spacing": "linear", "period_ratio": 5.353044738182045}}