{"Planet": {"m": 1.3979136798646146e+26, "Rp": 32110033.5, "Rstar": 1182690000.0, "RpRstar": 0.02715, "rhostar": 347.2081391028101, "impact": 0.4461292663400138, "q1": 0.379456, "q2": 0.25681818181818183, "a": 143058909979.57202, "Pp": 310.5112753182565, "rhoplan": 1008.0207441570194, "aRp": null, "e": null, "inc": null, "pomega": null, "f": null, "P": 26828174.18749736, "RHill": 3841824467.873139}, "I": {"m": 8.115370854203724e+23, "r": 3052476.4288406475, "msmp": 0.005805344758475847, "rsrp": 0.09506300978604235, "a": 403404963.2151445, "aRp": 12.563205927989596, "e": 0.0, "inc": -0.02448941834731516, "pomega": 4.973010153117237, "f": 1.7965423335559993, "P": 525522.9845327948, "RHill": 50270147.278742075, "spacing": "linear", "period_ratio": NaN}, "II": {"m": 4.118247896163084e+23, "r": 3371930.0750696, "msmp": 0.0029459958475847583, "rsrp": 0.10501172709986739, "a": 838320224.3264332, "aRp": 26.107734341866482, "e": 0.0, "inc": -0.02448941834731516, "pomega": 4.717258935993315, "f": 2.3558017518368106, "P": 1576568.9535983843, "RHill": 83325942.64910069, "spacing": "linear", "period_ratio": 3.0}}