{"Planet": {"m": 2.3002956501314457e+25, "Rp": 10646436.24, "Rstar": 612216000.0, "RpRstar": 0.01739, "rhostar": 1861.8546937757872, "impact": 0.0775691251801286, "q1": 0.37871715999999994, "q2": 0.34367890802729933, "a": 109056267138.0685, "Pp": 239.6415971203286, "rhoplan": 4550.742650223117, "aRp": null, "e": null, "inc": null, "pomega": null, "f": null, "P": 20705033.99119639, "RHill": 1771285725.7250032}, "I": {"m": 4.842612099811782e+22, "r": 1771458.5764319752, "msmp": 0.002105212910147033, "rsrp": 0.16638981688317284, "a": 59005317.01573031, "aRp": 5.542259934271706, "e": 0.0, "inc": 0.025222529944312483, "pomega": 4.17182390782731, "f": 2.278510843467665, "P": 72604.78418179814, "RHill": 5243437.205483859, "spacing": "logarithmic", "period_ratio": NaN}, "II": {"m": 6.124480008585487e+22, "r": 1751398.7079450656, "msmp": 0.0026624751510683055, "rsrp": 0.16450563066022414, "a": 148711637.47435665, "aRp": 13.968208151722012, "e": 0.0, "inc": 0.025222529944312483, "pomega": 1.955522819876275, "f": 0.5133875783544076, "P": 290419.13672719256, "RHill": 14291124.143628845, "spacing": "logarithmic", "period_ratio": 4.0}, "III": {"m": 1.7091572116982765e+22, "r": 1248444.1456364926, "msmp": 0.0007430163212283649, "rsrp": 0.11726404192850289, "a": 291713159.0403676, "aRp": 27.400075712130278, "e": 0.0, "inc": 0.025222529944312483, "pomega": 4.100188431777858, "f": 0.9853019863643956, "P": 798652.6259997796, "RHill": 18319560.62447946, "spacing": "logarithmic", "period_ratio": 2.75}, "IV": {"m": 8.973075361415951e+22, "r": 2167366.2581300414, "msmp": 0.0039008356864489147, "rsrp": 0.20357669076032914, "a": 711106258.1249893, "aRp": 66.79289126377084, "e": 0.0, "inc": 0.025222529944312483, "pomega": 2.1346115099999055, "f": 6.282556925810732, "P": 3034879.978799162, "RHill": 77615173.88630465, "spacing": "logarithmic", "period_ratio": 3.8}}