{"Planet": {"m": 2.6597432428946497e+25, "Rp": 11838726.9, "Rstar": 633087000.0, "RpRstar": 0.0187, "rhostar": 1739.843009624838, "impact": 0.3824067010759036, "q1": 0.37871715999999994, "q2": 0.34367890802729933, "a": 53921981169.94035, "Pp": 81.9623632352173, "rhoplan": 3826.8029342001196, "aRp": null, "e": null, "inc": null, "pomega": null, "f": null, "P": 7081548.183522775, "RHill": 909234083.4655058}, "I": {"m": 1.7277159827089626e+22, "r": 985795.5523807993, "msmp": 0.0006495799875888231, "rsrp": 0.08326871298811693, "a": 182698806.55715013, "aRp": 15.432301809170893, "e": 0.0, "inc": 0.07709890295088465, "pomega": 6.184529432269376, "f": 3.9173294534410985, "P": 368145.6780629086, "RHill": 10970830.47842854, "spacing": "linear", "period_ratio": NaN}, "II": {"m": 2.256608630477012e+22, "r": 1426113.1779120818, "msmp": 0.0008484310041976463, "rsrp": 0.12046170081954351, "a": 290035487.31464744, "aRp": 24.498874732438285, "e": 0.0, "inc": 0.07709890295088465, "pomega": 0.7729090836914583, "f": 3.8639170370884366, "P": 736291.3561258172, "RHill": 19037776.817896836, "spacing": "linear", "period_ratio": 2.0}}