{"Planet": {"m": 3.139812964064963e+25, "Rp": 13164174.540000001, "Rstar": 459162000.0, "RpRstar": 0.02867, "rhostar": 2893.1536311511813, "impact": 0.21238508170934378, "q1": 0.3701505600000001, "q2": 0.22016765285996057, "a": 49650510289.19806, "Pp": 90.92097117788312, "rhoplan": 3285.7481606819006, "aRp": null, "e": null, "inc": null, "pomega": null, "f": null, "P": 7855571.909769101, "RHill": 1029750275.6763656}, "I": {"m": 8.395876255691747e+22, "r": 1750661.3903435967, "msmp": 0.002674005219986739, "rsrp": 0.13298679571773564, "a": 184911073.5642525, "aRp": 14.046537669520484, "e": 0.0, "inc": -0.042747388120153135, "pomega": 0.338697557812761, "f": 4.946618135625333, "P": 344658.99678060145, "RHill": 17795488.684087116, "spacing": "linear", "period_ratio": NaN}, "II": {"m": 1.0891947574951453e+23, "r": 2189513.290588261, "msmp": 0.0034689797448476606, "rsrp": 0.16632362963095906, "a": 332661164.19830704, "aRp": 25.27018790183156, "e": 0.0, "inc": -0.042747388120153135, "pomega": 4.1699387637207455, "f": 1.2636749327670915, "P": 831335.4422623506, "RHill": 34916358.145259894, "spacing": "linear", "period_ratio": 2.4120520573311808}}