{"Planet": {"m": 5.966334278245953e+29, "Rp": 231464607.75, "Rstar": 17469027000.0, "RpRstar": 0.01325, "rhostar": 0.13267754326120132, "impact": 0.2769152505403556, "q1": 0.4024633600000001, "q2": 0.3510403530895334, "a": 156129136404.5054, "Pp": 291.07371594167273, "rhoplan": 11485.904202931048, "aRp": null, "e": null, "inc": null, "pomega": null, "f": null, "P": 25148769.057360522, "RHill": 63452490639.87515}, "I": {"m": 1.1694424781095002e+26, "r": 31639777.446586948, "msmp": 0.000196006865115393, "rsrp": 0.13669380279839757, "a": 3455594556.035655, "aRp": 14.929256743078273, "e": 0.0, "inc": 0.16901713318392933, "pomega": 0.8212944490932813, "f": 5.891075333014164, "P": 202238.96267076975, "RHill": 139178704.7539646, "spacing": "linear", "period_ratio": NaN}, "II": {"m": 7.566980740708531e+25, "r": 13370213.720043385, "msmp": 0.0001268279715452543, "rsrp": 0.05776353391566571, "a": 8340657349.72506, "aRp": 36.03426645136879, "e": 0.0, "inc": 0.16901713318392933, "pomega": 5.125078444380109, "f": 5.415390636791047, "P": 758396.1100153866, "RHill": 290557134.5175033, "spacing": "linear", "period_ratio": 3.75}, "III": {"m": 8.025585634084803e+25, "r": 17652687.59610789, "msmp": 0.00013451451527526968, "rsrp": 0.07626516972812614, "a": 13240002169.86941, "aRp": 57.200979011744444, "e": 0.0, "inc": 0.16901713318392933, "pomega": 2.4733090678126666, "f": 5.581283318168726, "P": 1516792.2200307732, "RHill": 470367552.49292, "spacing": "linear", "period_ratio": 2.0}, "IV": {"m": 5.044653827139022e+25, "r": 13235094.066720333, "msmp": 8.455198103016956e-05, "rsrp": 0.05717977446044484, "a": 33362159305.828568, "aRp": 144.13503485536037, "e": 0.0, "inc": 0.16901713318392933, "pomega": 2.4865050765586183, "f": 1.3811822487429475, "P": 6067168.880123093, "RHill": 1015285840.4233365, "spacing": "linear", "period_ratio": 4.0}, "V": {"m": 6.420468507267844e+25, "r": 26895092.167436086, "msmp": 0.00010761161222021576, "rsrp": 0.1161952681616228, "a": 52959533813.1025, "aRp": 228.80186447468878, "e": 0.0, "inc": 0.16901713318392933, "pomega": 4.7423941907475085, "f": 0.32235964222253505, "P": 12134337.760246186, "RHill": 1746586562.5520096, "spacing": "linear", "period_ratio": 2.0}}