{"Planet": {"m": 6.099175718706198e+24, "Rp": 6426041.76, "Rstar": 640044000.0, "RpRstar": 0.01004, "rhostar": 1701.8279912481944, "impact": 0.1590474305746985, "q1": 0.25, "q2": 0.2, "a": 54787408826.17743, "Pp": 83.49622002501873, "rhoplan": 5487.214100090218, "aRp": null, "e": null, "inc": null, "pomega": null, "f": null, "P": 7214073.410161618, "RHill": 563446652.7904832}, "I": {"m": 6.54183161214683e+21, "r": 1060721.8104480407, "msmp": 0.0010725763470107942, "rsrp": 0.16506612469447143, "a": 37440506.93082152, "aRp": 5.826371556418508, "e": 0.0, "inc": -0.07416645656289535, "pomega": 0.5140159597232625, "f": 0.14327095209890447, "P": 71305.20486199186, "RHill": 2657321.1278953883, "spacing": "linear", "period_ratio": NaN}, "II": {"m": 2.2623834325341117e+22, "r": 1578992.5388577217, "msmp": 0.0037093265334123297, "rsrp": 0.24571775251857714, "a": 89105286.79364492, "aRp": 13.86627882630581, "e": 0.0, "inc": -0.07416645656289535, "pomega": 2.286679801262778, "f": 3.1217986404708657, "P": 261452.4178273035, "RHill": 9563746.943064447, "spacing": "linear", "period_ratio": 3.6666666666666665}, "III": {"m": 3.270915806073415e+21, "r": 831228.1494435075, "msmp": 0.0005362881735053971, "rsrp": 0.12935305752564974, "a": 231709920.1704853, "aRp": 36.05795430910572, "e": 0.0, "inc": -0.07416645656289535, "pomega": 1.4213986563496575, "f": 1.157478481430623, "P": 1098100.1548746747, "RHill": 13052797.96550637, "spacing": "linear", "period_ratio": 4.2}}