{"Planet": {"m": 1.583173103073626e+26, "Rp": 35984386.800000004, "Rstar": 466119000.0, "RpRstar": 0.0772, "rhostar": 3234.2677748665647, "impact": 0.18229310163309753, "q1": 0.40411449000000005, "q2": 0.2892873997168476, "a": 23136579387.692974, "Pp": 26.742957558319638, "rhoplan": 811.1430929658038, "aRp": null, "e": null, "inc": null, "pomega": null, "f": null, "P": 2310591.533038817, "RHill": 780997901.7333847}, "I": {"m": 1.1103862118775163e+24, "r": 3226605.6666037813, "msmp": 0.00701367531902718, "rsrp": 0.08966682368487049, "a": 68746337.68283656, "aRp": 1.9104490529441662, "e": 0.0, "inc": 0.08348744686757556, "pomega": 3.90978887701484, "f": 0.2544944543862119, "P": 34719.18095546076, "RHill": 9124120.968297662, "spacing": "logarithmic", "period_ratio": NaN}}