{"Planet": {"m": 2.252498648419825e+26, "Rp": 43744015.89, "Rstar": 883539000.0, "RpRstar": 0.04951, "rhostar": 681.3579423693959, "impact": 0.16361989127566545, "q1": 0.25, "q2": 0.2, "a": 141813700351.57016, "Pp": 338.8013636237125, "rhoplan": 642.4213679344119, "aRp": null, "e": null, "inc": null, "pomega": null, "f": null, "P": 29272437.81708876, "RHill": 4773668414.471573}, "I": {"m": 2.804156564627867e+22, "r": 1557169.9143667, "msmp": 0.00012449093217414543, "rsrp": 0.03559732417532047, "a": 152149126.4666792, "aRp": 3.4781700621469662, "e": 0.0, "inc": 0.085721691734615, "pomega": 2.4733090678126666, "f": 1.1480527608978002, "P": 96166.07721210914, "RHill": 5267545.367023837, "spacing": "linear", "period_ratio": NaN}, "II": {"m": 1.4254462536858326e+23, "r": 2252964.203342393, "msmp": 0.0006328289052185726, "rsrp": 0.05150336926101535, "a": 272782927.5787474, "aRp": 6.235891287729399, "e": 0.0, "inc": 0.085721691734615, "pomega": 4.903888202543204, "f": 5.263950726897029, "P": 230798.58530906195, "RHill": 16238236.80159918, "spacing": "linear", "period_ratio": 2.4}, "III": {"m": 1.4254462536858326e+23, "r": 2433770.6977182664, "msmp": 0.0006328289052185726, "rsrp": 0.055636654481799254, "a": 628824154.5815039, "aRp": 14.37508975313935, "e": 0.0, "inc": 0.085721691734615, "pomega": 0.021993347909919546, "f": 0.33932593918161585, "P": 807795.0485817168, "RHill": 37432678.13456596, "spacing": "linear", "period_ratio": 3.5}, "IV": {"m": 1.2385024827106414e+23, "r": 2144329.1862922558, "msmp": 0.0005498349504358091, "rsrp": 0.04901994347488464, "a": 1671341793.0787187, "aRp": 38.20732411220598, "e": 0.0, "inc": 0.085721691734615, "pomega": 3.141906844274221, "f": 3.943093089564147, "P": 3500445.2105207727, "RHill": 94937028.81081814, "spacing": "linear", "period_ratio": 4.333333333333333}}