{"Planet": {"m": 2.889087100220278e+26, "Rp": 47794590.0, "Rstar": 1043550000.0, "RpRstar": 0.0458, "rhostar": 446.95241837305264, "impact": 0.3895923895253054, "q1": 0.26163225000000007, "q2": 0.21691104594330396, "a": 22329870138.35737, "Pp": 20.361896776465397, "rhoplan": 631.73625946178, "aRp": null, "e": null, "inc": null, "pomega": null, "f": null, "P": 1759267.8814866103, "RHill": 795797850.0773845}, "I": {"m": 1.907774672420596e+23, "r": 2616774.8976881807, "msmp": 0.0006603382335808215, "rsrp": 0.054750441371882896, "a": 135269628.08815017, "aRp": 2.830228862474815, "e": 0.0, "inc": -0.14548774192792016, "pomega": 2.292963614951326, "f": 3.031940104724623, "P": 71162.92484982303, "RHill": 8167366.146229975, "spacing": "linear", "period_ratio": NaN}, "II": {"m": 1.828284061069738e+23, "r": 2271602.796600149, "msmp": 0.000632824140514954, "rsrp": 0.047528450324610984, "a": 249166501.61243075, "aRp": 5.213278356659838, "e": 0.0, "inc": -0.14548774192792016, "pomega": 4.608548959181427, "f": 4.2440877652456175, "P": 177907.31212455756, "RHill": 14832359.699471008, "spacing": "linear", "period_ratio": 2.5}, "III": {"m": 5.6438334059109295e+23, "r": 3581210.087577119, "msmp": 0.001953500607676597, "rsrp": 0.07492919360909088, "a": 607019989.6111583, "aRp": 12.700600415468744, "e": 0.0, "inc": -0.14548774192792016, "pomega": 2.2219565202707288, "f": 1.5753520917190942, "P": 676047.7860733187, "RHill": 52613891.507441856, "spacing": "linear", "period_ratio": 3.8}}