{"Planet": {"m": 3.272802470448566e+25, "Rp": 13564480.32, "Rstar": 250452000.0, "RpRstar": 0.05416, "rhostar": 10575.766000249354, "impact": 0.38106387638082095, "q1": 0.11235904, "q2": 0.15244630071599044, "a": 31775023289.077408, "Pp": 60.43588574549008, "rhoplan": 3130.5576483394293, "aRp": null, "e": null, "inc": null, "pomega": null, "f": null, "P": 5221660.528410343, "RHill": 795232411.6672992}, "I": {"m": 7.840909524201776e+22, "r": 2006739.1097640488, "msmp": 0.002395778417732345, "rsrp": 0.1479407292003096, "a": 63556200.85640973, "aRp": 4.685487343197364, "e": 0.0, "inc": 0.1389246476309918, "pomega": 0.15709534221371105, "f": 5.667371565701839, "P": 68035.31316792408, "RHill": 5896573.641034398, "spacing": "linear", "period_ratio": NaN}, "II": {"m": 9.40909142904213e+22, "r": 2240173.9764713976, "msmp": 0.002874934101278814, "rsrp": 0.16515000380577777, "a": 160177104.60183015, "aRp": 11.808569205976786, "e": 0.0, "inc": 0.1389246476309918, "pomega": 4.143546746228842, "f": 1.2165463301029782, "P": 272141.2526716963, "RHill": 15791958.190501895, "spacing": "linear", "period_ratio": 4.0}, "III": {"m": 9.40909142904213e+22, "r": 1859955.19710846, "msmp": 0.002874934101278814, "rsrp": 0.13711953228064838, "a": 403621011.59811753, "aRp": 29.755729823501085, "e": 0.0, "inc": 0.1389246476309918, "pomega": 2.8999800172651056, "f": 2.407329024082908, "P": 1088565.0106867852, "RHill": 39793241.086546175, "spacing": "linear", "period_ratio": 4.0}}