{"Planet": {"m": 5.384085978300952e+25, "Rp": 18992610.0, "Rstar": 904410000.0, "RpRstar": 0.021, "rhostar": 750.7703206371438, "impact": 0.07279183186628568, "q1": 0.29822521, "q2": 0.23274125618018676, "a": 106599321288.36584, "Pp": 203.11594231367232, "rhoplan": 1876.1580711300755, "aRp": null, "e": null, "inc": null, "pomega": null, "f": null, "P": 17549217.41590129, "RHill": 2106302578.7642336}, "I": {"m": 8.664709639393848e+22, "r": 2198063.909438239, "msmp": 0.001609318587094361, "rsrp": 0.11573258806652897, "a": 52469401.86935067, "aRp": 2.7626219813575212, "e": 0.0, "inc": 0.17041353622582897, "pomega": 3.127454072790559, "f": 0.8250647373064104, "P": 39804.39297600231, "RHill": 4263304.680451535, "spacing": "logarithmic", "period_ratio": NaN}, "II": {"m": 7.410606928428949e+22, "r": 2295120.85243954, "msmp": 0.0013763908968570191, "rsrp": 0.12084283584191641, "a": 143003758.88806367, "aRp": 7.529442182410088, "e": 0.0, "inc": 0.17041353622582897, "pomega": 4.9151990671825905, "f": 5.111882435634157, "P": 179119.7683920104, "RHill": 11029461.239109287, "spacing": "logarithmic", "period_ratio": 4.5}}