{"Planet": {"m": 1.3414529657537431e+25, "Rp": 8400577.5, "Rstar": 521775000.0, "RpRstar": 0.0161, "rhostar": 2673.360259427604, "impact": 0.43305475637146484, "q1": 0.39050001, "q2": 0.361577852456393, "a": 164065049894.89755, "Pp": 469.0159331616353, "rhoplan": 5402.060109353917, "aRp": null, "e": null, "inc": null, "pomega": null, "f": null, "P": 40522976.62516529, "RHill": 2315450534.8648095}, "I": {"m": 1.180503507129409e+22, "r": 1381442.8171994912, "msmp": 0.0008800185599247612, "rsrp": 0.16444617256367092, "a": 376950236.1600666, "aRp": 44.87194316820083, "e": 0.0, "inc": 0.006790009791237062, "pomega": 5.950143181686519, "f": 2.6021272484279097, "P": 1536117.021636583, "RHill": 25046144.319601808, "spacing": "linear", "period_ratio": NaN}, "II": {"m": 1.8393891855272186e+22, "r": 1236925.2233005103, "msmp": 0.0013711917096502092, "rsrp": 0.14724287982588224, "a": 712859502.2703707, "aRp": 84.85839244627773, "e": 0.0, "inc": 0.006790009791237062, "pomega": 3.4730638256607236, "f": 5.03836181547814, "P": 3993904.256255116, "RHill": 54911450.73614358, "spacing": "linear", "period_ratio": 2.6}}