{"Planet": {"m": 6.097615488180532e+25, "Rp": 20132514.45, "Rstar": 1078335000.0, "RpRstar": 0.01867, "rhostar": 424.00816440520384, "impact": 0.44206937038538785, "q1": 0.26163225000000007, "q2": 0.21691104594330396, "a": 90394742762.15689, "Pp": 162.1101142716353, "rhoplan": 1783.9281836712087, "aRp": null, "e": null, "inc": null, "pomega": null, "f": null, "P": 14006313.87306929, "RHill": 1889070308.9895997}, "I": {"m": 1.1164111361384898e+23, "r": 1838429.614906102, "msmp": 0.001830897894927146, "rsrp": 0.09131644333209964, "a": 62141302.066492215, "aRp": 3.086614055130715, "e": 0.0, "inc": -0.08994581093636143, "pomega": 1.596088676891304, "f": 3.2411911005532863, "P": 48202.58195827749, "RHill": 5271019.697284845, "spacing": "logarithmic", "period_ratio": NaN}, "II": {"m": 7.498283750183886e+22, "r": 1969267.546804659, "msmp": 0.0012297075413689785, "rsrp": 0.09781528043580563, "a": 111063192.49758613, "aRp": 5.516608110398557, "e": 0.0, "inc": -0.08994581093636143, "pomega": 0.9061259338886852, "f": 4.127837212007472, "P": 115208.72099823058, "RHill": 8250184.869397723, "spacing": "logarithmic", "period_ratio": 2.390094395730737}, "III": {"m": 1.2997025166985395e+23, "r": 2097611.1636776375, "msmp": 0.002131493071706228, "rsrp": 0.10419022268118315, "a": 246038476.38309562, "aRp": 12.220951187897725, "e": 0.0, "inc": -0.08994581093636143, "pomega": 5.091774231830802, "f": 2.967845205101429, "P": 379698.7587492088, "RHill": 21954518.622767057, "spacing": "logarithmic", "period_ratio": 3.2957466714263792}, "IV": {"m": 1.1830625472512349e+23, "r": 2291063.501574937, "msmp": 0.001940205231937721, "rsrp": 0.11379917333549644, "a": 587507193.6520675, "aRp": 29.182007796947964, "e": 0.0, "inc": -0.08994581093636143, "pomega": 6.12797510907244, "f": 3.532131674333079, "P": 1401186.2606279112, "RHill": 50806817.76847897, "spacing": "logarithmic", "period_ratio": 3.6902576801769196}}