{"Planet": {"m": 1.2994317062603303e+28, "Rp": 60731131.5, "Rstar": 549603000.0, "RpRstar": 0.1105, "rhostar": 2430.462601663148, "impact": 0.26807095794867297, "q1": 0.39904488999999993, "q2": 0.24908975779642237, "a": 166835447571.36798, "Pp": 464.8044107050548, "rhoplan": 13849.392770181867, "aRp": null, "e": null, "inc": null, "pomega": null, "f": null, "P": 40159101.08491673, "RHill": 22830957221.05476}, "I": {"m": 7.650174054443965e+25, "r": 20786411.46960548, "msmp": 0.005887322910151706, "rsrp": 0.34226945812141635, "a": 939291267.7218795, "aRp": 15.466388399529153, "e": 0.0, "inc": -0.11375448280075053, "pomega": 1.234141008430914, "f": 3.2437046260287055, "P": 193653.80593566055, "RHill": 117597787.84804112, "spacing": "linear", "period_ratio": NaN}, "II": {"m": 2.5500580181479884e+25, "r": 10503651.779342916, "msmp": 0.0019624409700505687, "rsrp": 0.17295333579192274, "a": 1681544952.6168952, "aRp": 27.688352103515395, "e": 0.0, "inc": -0.11375448280075053, "pomega": 1.8857724879333873, "f": 5.843318348981196, "P": 464769.1342455853, "RHill": 145971116.84898195, "spacing": "linear", "period_ratio": 2.4}, "III": {"m": 2.5500580181479884e+25, "r": 9025906.259316823, "msmp": 0.0019624409700505687, "rsrp": 0.14862074913451634, "a": 2844397373.758744, "aRp": 46.83590283113272, "e": 0.0, "inc": -0.11375448280075053, "pomega": 1.7318190525639505, "f": 1.2228301437915268, "P": 1022492.0953402878, "RHill": 246915707.3462249, "spacing": "linear", "period_ratio": 2.2}}