{"Planet": {"m": 4.28572103274945e+25, "Rp": 16340045.04, "Rstar": 612216000.0, "RpRstar": 0.02669, "rhostar": 1882.5419681510737, "impact": 0.29671816434376685, "q1": 0.37871715999999994, "q2": 0.34367890802729933, "a": 175200235241.53583, "Pp": 485.27341194538616, "rhoplan": 2345.17654089146, "aRp": null, "e": null, "inc": null, "pomega": null, "f": null, "P": 41927622.79208136, "RHill": 3488615708.2552614}, "I": {"m": 4.263735144775201e+23, "r": 2905682.375733122, "msmp": 0.009948699675489272, "rsrp": 0.17782584862037334, "a": 325284823.07821554, "aRp": 19.90721704144186, "e": 0.0, "inc": -0.13766788489328208, "pomega": 5.656060701062452, "f": 3.286434559110835, "P": 685821.5085793565, "RHill": 48507864.54038683, "spacing": "linear", "period_ratio": NaN}}