{"Planet": {"m": 2.2997072113559565e+26, "Rp": 43672150.08, "Rstar": 723528000.0, "RpRstar": 0.06036, "rhostar": 1341.0193694607103, "impact": 0.031193529091223526, "q1": 0.25, "q2": 0.2, "a": 167345205491.51157, "Pp": 417.7484635187774, "rhoplan": 659.128691255857, "aRp": null, "e": null, "inc": null, "pomega": null, "f": null, "P": 36093467.24802236, "RHill": 5527140132.156677}, "I": {"m": 1.8319063022552818e+23, "r": 2060875.3021369667, "msmp": 0.000796582405451149, "rsrp": 0.04718969179126266, "a": 114965985.11559874, "aRp": 2.632478247693335, "e": 0.0, "inc": -0.12911491626164673, "pomega": 4.655049180476685, "f": 2.9226017465438803, "P": 62491.633021922826, "RHill": 7389343.405397469, "spacing": "logarithmic", "period_ratio": NaN}, "II": {"m": 1.421778025630965e+23, "r": 2115752.733484989, "msmp": 0.0006182430609471605, "rsrp": 0.048446269066425345, "a": 214875088.21302086, "aRp": 4.920185697736567, "e": 0.0, "inc": -0.12911491626164673, "pomega": 1.4741826913334644, "f": 0.6755099715189574, "P": 159692.90698433734, "RHill": 12692058.54218382, "spacing": "logarithmic", "period_ratio": 2.5554286111920796}, "III": {"m": 1.9139319575801443e+23, "r": 2168026.4407348637, "msmp": 0.0008322502743519463, "rsrp": 0.04964322655888033, "a": 374955893.2103566, "aRp": 8.585698036929731, "e": 0.0, "inc": -0.12911491626164673, "pomega": 2.4871334579274733, "f": 4.841678447026574, "P": 368069.95073286566, "RHill": 24454441.456958648, "spacing": "logarithmic", "period_ratio": 2.3048609840195713}, "IV": {"m": 5.194958170574678e+22, "r": 1598501.5393086649, "msmp": 0.00022589650303838545, "rsrp": 0.03660230916912678, "a": 540747461.3429693, "aRp": 12.381974790625407, "e": 0.0, "inc": -0.12911491626164673, "pomega": 4.356568030270634, "f": 5.137646071757206, "P": 637651.5498042336, "RHill": 22834450.954685073, "spacing": "logarithmic", "period_ratio": 1.7324194722622774}, "V": {"m": 1.7225387618221297e+23, "r": 2886820.0895982254, "msmp": 0.0007490252469167516, "rsrp": 0.06610208300507438, "a": 1700323675.3854175, "aRp": 38.933821034016226, "e": 0.0, "inc": -0.12911491626164673, "pomega": 1.5508452183337553, "f": 1.1235458875124613, "P": 3554475.6882895287, "RHill": 107067255.22167444, "spacing": "logarithmic", "period_ratio": 5.574322981541869}}