{"Planet": {"m": 3.375546149979954e+26, "Rp": 50622610.5, "Rstar": 438291000.0, "RpRstar": 0.1155, "rhostar": 3721.1191657687036, "impact": 0.03485890982668882, "q1": 0.3701505600000001, "q2": 0.22016765285996057, "a": 68884808451.27959, "Pp": 140.4648557949679, "rhoplan": 621.1862436083602, "aRp": null, "e": null, "inc": null, "pomega": null, "f": null, "P": 12136163.540685225, "RHill": 3037487072.193201}, "I": {"m": 1.332773945369482e+24, "r": 4160405.705506103, "msmp": 0.003948320912091208, "rsrp": 0.08218473256147277, "a": 263007066.40064174, "aRp": 5.1954465366941465, "e": 0.0, "inc": 0.004869955608625048, "pomega": 2.1943077400411157, "f": 4.806489090370703, "P": 178197.01646444714, "RHill": 28822466.755646393, "spacing": "logarithmic", "period_ratio": NaN}, "II": {"m": 3.088134751465873e+23, "r": 2765694.245413832, "msmp": 0.0009148548454845484, "rsrp": 0.05463357614506727, "a": 662068111.1848309, "aRp": 13.078505921476154, "e": 0.0, "inc": 0.004869955608625048, "pomega": 3.0287981978803487, "f": 1.0500252673564445, "P": 712788.0658577885, "RHill": 44563536.61917417, "spacing": "logarithmic", "period_ratio": 4.0}}