{"Planet": {"m": 5.059271226627044e+25, "Rp": 18172797.12, "Rstar": 667872000.0, "RpRstar": 0.02721, "rhostar": 1561.5779484743189, "impact": 0.18654313244057596, "q1": 0.25, "q2": 0.2, "a": 140389275362.45395, "Pp": 335.42276283714693, "rhoplan": 2012.4913327157556, "aRp": null, "e": null, "inc": null, "pomega": null, "f": null, "P": 28980526.709129494, "RHill": 2882341974.6299276}, "I": {"m": 3.0438879324462137e+21, "r": 826727.688911574, "msmp": 6.016455327451455e-05, "rsrp": 0.04549259442299733, "a": 105005448.53108719, "aRp": 5.778166555082699, "e": 0.0, "inc": -0.0727351434449482, "pomega": 2.995493985331042, "f": 6.12797510907244, "P": 116342.31806448293, "RHill": 2852889.703516932, "spacing": "logarithmic", "period_ratio": NaN}, "II": {"m": 7.827140397718834e+21, "r": 1114478.29117029, "msmp": 0.0001547088512773231, "rsrp": 0.061326733788479665, "a": 293244611.30566204, "aRp": 16.136459861918166, "e": 0.0, "inc": -0.0727351434449482, "pomega": 3.0583321222165263, "f": 3.8469507401293557, "P": 542930.8176342536, "RHill": 10915107.294416154, "spacing": "logarithmic", "period_ratio": 4.666666666666667}, "III": {"m": 1.1088448896768349e+22, "r": 1230676.0016172037, "msmp": 0.00021917087264287441, "rsrp": 0.06772078032295799, "a": 465506804.9968806, "aRp": 25.615583661833153, "e": 0.0, "inc": -0.0727351434449482, "pomega": 2.083084237753808, "f": 5.5649454025785, "P": 1085861.6352685073, "RHill": 19460166.9346878, "spacing": "logarithmic", "period_ratio": 2.0}, "IV": {"m": 1.3045233996198054e+22, "r": 1139346.4075354328, "msmp": 0.0002578480854622051, "rsrp": 0.06269515914429759, "a": 1299978448.5251448, "aRp": 71.53430701619723, "e": 0.0, "inc": -0.0727351434449482, "pomega": 3.7099636017189996, "f": 5.080463367191415, "P": 5067354.297919701, "RHill": 57369848.71079707, "spacing": "logarithmic", "period_ratio": 4.666666666666667}}