{"Planet": {"m": 2.0306005478469095e+26, "Rp": 41158725.12, "Rstar": 890496000.0, "RpRstar": 0.04622, "rhostar": 631.9012808080073, "impact": 0.3036698914199666, "q1": 0.26163225000000007, "q2": 0.21691104594330396, "a": 24980197534.38129, "Pp": 25.704940022702313, "rhoplan": 695.2646477104885, "aRp": null, "e": null, "inc": null, "pomega": null, "f": null, "P": 2220906.81796148, "RHill": 826454651.6445696}, "I": {"m": 5.20335012067413e+22, "r": 1773371.9102941158, "msmp": 0.0002562468589005039, "rsrp": 0.04308617201149392, "a": 85469228.06392556, "aRp": 2.076576177098208, "e": 0.0, "inc": -0.14793144725124455, "pomega": 4.070026126072825, "f": 3.6798012960139674, "P": 42640.64772703696, "RHill": 3764051.4128955887, "spacing": "logarithmic", "period_ratio": NaN}, "II": {"m": 7.681135892423715e+22, "r": 1884784.6638557212, "msmp": 0.00037826917266264864, "rsrp": 0.04579307688371183, "a": 135679459.3176729, "aRp": 3.2964932446788313, "e": 0.0, "inc": -0.14793144725124455, "pomega": 3.6219902100793218, "f": 5.166551614724528, "P": 85281.29545407392, "RHill": 6803629.713984638, "spacing": "logarithmic", "period_ratio": 2.0}, "III": {"m": 1.0902257395698173e+23, "r": 2101335.9193438315, "msmp": 0.0005368981805534366, "rsrp": 0.05105444624966634, "a": 249936910.27684796, "aRp": 6.072513411145422, "e": 0.0, "inc": -0.14793144725124455, "pomega": 0.8112403471916038, "f": 0.8539702802737332, "P": 213203.2386351848, "RHill": 14084906.097359896, "spacing": "logarithmic", "period_ratio": 2.5}, "IV": {"m": 4.831682254911687e+22, "r": 1941054.187262357, "msmp": 0.00023794351183618198, "rsrp": 0.04716021163442579, "a": 519837938.67294353, "aRp": 12.630078729536304, "e": 0.0, "inc": -0.14793144725124455, "pomega": 1.4063175034971411, "f": 0.1633791559022595, "P": 639609.7159055544, "RHill": 22334976.98779159, "spacing": "logarithmic", "period_ratio": 3.0}, "V": {"m": 8.920028778298503e+22, "r": 1881941.0568117395, "msmp": 0.00043928032954372077, "rsrp": 0.04572398808089563, "a": 754957448.542766, "aRp": 18.342585839130237, "e": 0.0, "inc": -0.14793144725124455, "pomega": 1.0588226065204125, "f": 0.6390638521253765, "P": 1119317.00283472, "RHill": 39792018.96340835, "spacing": "logarithmic", "period_ratio": 1.75}}