{"Planet": {"m": 1.6506520289271766e+25, "Rp": 8984965.5, "Rstar": 243494999.99999997, "RpRstar": 0.0369, "rhostar": 10850.783487381543, "impact": 0.37799064519440695, "q1": 0.11235904, "q2": 0.15244630071599044, "a": 151548921333.19305, "Pp": 648.3016857469717, "rhoplan": 5432.724464353313, "aRp": null, "e": null, "inc": null, "pomega": null, "f": null, "P": 56013265.64853835, "RHill": 3078867443.0086884}, "I": {"m": 6.0412659904877905e+22, "r": 1799503.8532211415, "msmp": 0.003659927037689613, "rsrp": 0.20027943938361717, "a": 651146836.990444, "aRp": 72.47071087701383, "e": 0.0, "inc": -0.07297951397728064, "pomega": 1.3252563069148664, "f": 3.0897511906592685, "P": 3139600.229555581, "RHill": 69576513.05826236, "spacing": "logarithmic", "period_ratio": NaN}}